ISO-10303-21;
HEADER;
/* Generated by software containing ST-Developer
 * from STEP Tools, Inc. (www.steptools.com) 
 */

FILE_DESCRIPTION(
/* description */ (''),
/* implementation_level */ '2;1');

FILE_NAME(
/* name */ 'SG90 servo motor v1.step',
/* time_stamp */ '2025-09-03T17:19:45-04:00',
/* author */ (''),
/* organization */ (''),
/* preprocessor_version */ 'ST-DEVELOPER v20',
/* originating_system */ 'Autodesk Translation Framework v13.14.0.145',

/* authorisation */ '');

FILE_SCHEMA (('AUTOMOTIVE_DESIGN { 1 0 10303 214 3 1 1 }'));
ENDSEC;

DATA;
#10=MECHANICAL_DESIGN_GEOMETRIC_PRESENTATION_REPRESENTATION('',(#63,#64,
#65,#66,#67,#68,#69,#70,#71),#4416);
#11=ITEM_DEFINED_TRANSFORMATION($,$,#2615,#2813);
#12=ITEM_DEFINED_TRANSFORMATION($,$,#2627,#2814);
#13=ITEM_DEFINED_TRANSFORMATION($,$,#2643,#2815);
#14=(
REPRESENTATION_RELATIONSHIP($,$,#4433,#4432)
REPRESENTATION_RELATIONSHIP_WITH_TRANSFORMATION(#11)
SHAPE_REPRESENTATION_RELATIONSHIP()
);
#15=(
REPRESENTATION_RELATIONSHIP($,$,#4434,#4432)
REPRESENTATION_RELATIONSHIP_WITH_TRANSFORMATION(#12)
SHAPE_REPRESENTATION_RELATIONSHIP()
);
#16=(
REPRESENTATION_RELATIONSHIP($,$,#4435,#4432)
REPRESENTATION_RELATIONSHIP_WITH_TRANSFORMATION(#13)
SHAPE_REPRESENTATION_RELATIONSHIP()
);
#17=CONTEXT_DEPENDENT_SHAPE_REPRESENTATION(#14,#4429);
#18=CONTEXT_DEPENDENT_SHAPE_REPRESENTATION(#15,#4430);
#19=CONTEXT_DEPENDENT_SHAPE_REPRESENTATION(#16,#4431);
#20=NEXT_ASSEMBLY_USAGE_OCCURRENCE('Component1:1','Component1:1',
'Component1:1',#4437,#4438,'Component1:1');
#21=NEXT_ASSEMBLY_USAGE_OCCURRENCE('Component2:1','Component2:1',
'Component2:1',#4437,#4439,'Component2:1');
#22=NEXT_ASSEMBLY_USAGE_OCCURRENCE('Component3:1','Component3:1',
'Component3:1',#4437,#4440,'Component3:1');
#23=(
BOUNDED_CURVE()
B_SPLINE_CURVE(2,(#4194,#4195,#4196),.UNSPECIFIED.,.F.,.F.)
B_SPLINE_CURVE_WITH_KNOTS((3,3),(-0.920151184510637,0.),.UNSPECIFIED.)
CURVE()
GEOMETRIC_REPRESENTATION_ITEM()
RATIONAL_B_SPLINE_CURVE((0.857864376269052,0.828427124746186,1.))
REPRESENTATION_ITEM('')
);
#24=(
BOUNDED_CURVE()
B_SPLINE_CURVE(2,(#4393,#4394,#4395),.UNSPECIFIED.,.F.,.F.)
B_SPLINE_CURVE_WITH_KNOTS((3,3),(-0.920151184510631,0.),.UNSPECIFIED.)
CURVE()
GEOMETRIC_REPRESENTATION_ITEM()
RATIONAL_B_SPLINE_CURVE((0.857864376269052,0.828427124746188,1.))
REPRESENTATION_ITEM('')
);
#25=(
BOUNDED_SURFACE()
B_SPLINE_SURFACE(2,2,((#4166,#4167,#4168,#4169,#4170,#4171,#4172,#4173,
#4174),(#4175,#4176,#4177,#4178,#4179,#4180,#4181,#4182,#4183),(#4184,#4185,
#4186,#4187,#4188,#4189,#4190,#4191,#4192)),.UNSPECIFIED.,.F.,.T.,.F.)
B_SPLINE_SURFACE_WITH_KNOTS((3,3),(3,2,2,2,3),(0.,1.5707963267949),(-3.14159265358979,
-1.5707963267949,0.,1.5707963267949,3.14159265358979),.UNSPECIFIED.)
GEOMETRIC_REPRESENTATION_ITEM()
RATIONAL_B_SPLINE_SURFACE(((1.,0.707106781186548,1.,0.707106781186548,1.,
0.707106781186548,1.,0.707106781186548,1.),(0.707106781186549,0.500000000000001,
0.707106781186549,0.500000000000001,0.707106781186549,0.500000000000001,
0.707106781186549,0.500000000000001,0.707106781186549),(1.,0.707106781186548,
1.,0.707106781186548,1.,0.707106781186548,1.,0.707106781186548,1.)))
REPRESENTATION_ITEM('')
SURFACE()
);
#26=(
BOUNDED_SURFACE()
B_SPLINE_SURFACE(2,2,((#4365,#4366,#4367,#4368,#4369,#4370,#4371,#4372,
#4373),(#4374,#4375,#4376,#4377,#4378,#4379,#4380,#4381,#4382),(#4383,#4384,
#4385,#4386,#4387,#4388,#4389,#4390,#4391)),.UNSPECIFIED.,.F.,.T.,.F.)
B_SPLINE_SURFACE_WITH_KNOTS((3,3),(3,2,2,2,3),(0.,1.5707963267949),(-3.14159265358979,
-1.5707963267949,0.,1.5707963267949,3.14159265358979),.UNSPECIFIED.)
GEOMETRIC_REPRESENTATION_ITEM()
RATIONAL_B_SPLINE_SURFACE(((1.,0.707106781186548,1.,0.707106781186548,1.,
0.707106781186548,1.,0.707106781186548,1.),(0.70710678118655,0.500000000000002,
0.70710678118655,0.500000000000002,0.70710678118655,0.500000000000002,0.70710678118655,
0.500000000000002,0.70710678118655),(1.,0.707106781186548,1.,0.707106781186548,
1.,0.707106781186548,1.,0.707106781186548,1.)))
REPRESENTATION_ITEM('')
SURFACE()
);
#27=B_SPLINE_CURVE_WITH_KNOTS('',3,(#4009,#4010,#4011,#4012,#4013,#4014),
 .UNSPECIFIED.,.F.,.F.,(4,2,4),(0.157766032430489,0.174473599550079,0.195245731026051),
 .UNSPECIFIED.);
#28=B_SPLINE_CURVE_WITH_KNOTS('',3,(#4025,#4026,#4027,#4028,#4029,#4030),
 .UNSPECIFIED.,.F.,.F.,(4,2,4),(0.126889876970172,0.15052715459529,0.17416443222041),
 .UNSPECIFIED.);
#29=B_SPLINE_CURVE_WITH_KNOTS('',3,(#4038,#4039,#4040,#4041,#4042,#4043),
 .UNSPECIFIED.,.F.,.F.,(4,2,4),(0.157766032430488,0.174473599550079,0.195245731026051),
 .UNSPECIFIED.);
#30=B_SPLINE_CURVE_WITH_KNOTS('',3,(#4052,#4053,#4054,#4055,#4056,#4057),
 .UNSPECIFIED.,.F.,.F.,(4,2,4),(0.157766032430488,0.174473599550079,0.195245731026051),
 .UNSPECIFIED.);
#31=B_SPLINE_CURVE_WITH_KNOTS('',3,(#4068,#4069,#4070,#4071,#4072,#4073),
 .UNSPECIFIED.,.F.,.F.,(4,2,4),(0.278001853352967,0.298773984828939,0.31548155194853),
 .UNSPECIFIED.);
#32=B_SPLINE_CURVE_WITH_KNOTS('',3,(#4080,#4081,#4082,#4083,#4084,#4085),
 .UNSPECIFIED.,.F.,.F.,(4,2,4),(0.126889876970171,0.15052715459529,0.174164432220409),
 .UNSPECIFIED.);
#33=B_SPLINE_CURVE_WITH_KNOTS('',3,(#4091,#4092,#4093,#4094,#4095,#4096),
 .UNSPECIFIED.,.F.,.F.,(4,2,4),(0.278001768644848,0.299119190972814,0.315475591906203),
 .UNSPECIFIED.);
#34=B_SPLINE_CURVE_WITH_KNOTS('',3,(#4101,#4102,#4103,#4104,#4105,#4106),
 .UNSPECIFIED.,.F.,.F.,(4,2,4),(0.126889876970176,0.150527154595295,0.174164432220413),
 .UNSPECIFIED.);
#35=B_SPLINE_CURVE_WITH_KNOTS('',3,(#4112,#4113,#4114,#4115,#4116,#4117),
 .UNSPECIFIED.,.F.,.F.,(4,2,4),(0.278001853352967,0.298773984828939,0.315481551948529),
 .UNSPECIFIED.);
#36=B_SPLINE_CURVE_WITH_KNOTS('',3,(#4123,#4124,#4125,#4126),
 .UNSPECIFIED.,.F.,.F.,(4,4),(0.126889876970175,0.150527154595294),
 .UNSPECIFIED.);
#37=B_SPLINE_CURVE_WITH_KNOTS('',3,(#4130,#4131,#4132,#4133),
 .UNSPECIFIED.,.F.,.F.,(4,4),(0.150527154595294,0.174164432220413),
 .UNSPECIFIED.);
#38=B_SPLINE_CURVE_WITH_KNOTS('',3,(#4136,#4137,#4138,#4139,#4140,#4141),
 .UNSPECIFIED.,.F.,.F.,(4,2,4),(0.278001853352968,0.298773984828939,0.315481551948529),
 .UNSPECIFIED.);
#39=B_SPLINE_CURVE_WITH_KNOTS('',3,(#4149,#4150,#4151,#4152,#4153,#4154),
 .UNSPECIFIED.,.F.,.F.,(4,2,4),(0.157766032430487,0.174473599550079,0.195245731026051),
 .UNSPECIFIED.);
#40=B_SPLINE_CURVE_WITH_KNOTS('',3,(#4208,#4209,#4210,#4211,#4212,#4213),
 .UNSPECIFIED.,.F.,.F.,(4,2,4),(0.157766032430489,0.174473599550079,0.195245731026051),
 .UNSPECIFIED.);
#41=B_SPLINE_CURVE_WITH_KNOTS('',3,(#4224,#4225,#4226,#4227,#4228,#4229),
 .UNSPECIFIED.,.F.,.F.,(4,2,4),(0.126889876970172,0.15052715459529,0.17416443222041),
 .UNSPECIFIED.);
#42=B_SPLINE_CURVE_WITH_KNOTS('',3,(#4237,#4238,#4239,#4240,#4241,#4242),
 .UNSPECIFIED.,.F.,.F.,(4,2,4),(0.157766032430488,0.174473599550079,0.195245731026051),
 .UNSPECIFIED.);
#43=B_SPLINE_CURVE_WITH_KNOTS('',3,(#4251,#4252,#4253,#4254,#4255,#4256),
 .UNSPECIFIED.,.F.,.F.,(4,2,4),(0.157766032430488,0.174473599550079,0.195245731026051),
 .UNSPECIFIED.);
#44=B_SPLINE_CURVE_WITH_KNOTS('',3,(#4267,#4268,#4269,#4270,#4271,#4272),
 .UNSPECIFIED.,.F.,.F.,(4,2,4),(0.278001853352967,0.298773984828939,0.31548155194853),
 .UNSPECIFIED.);
#45=B_SPLINE_CURVE_WITH_KNOTS('',3,(#4279,#4280,#4281,#4282,#4283,#4284),
 .UNSPECIFIED.,.F.,.F.,(4,2,4),(0.126889876970171,0.15052715459529,0.174164432220409),
 .UNSPECIFIED.);
#46=B_SPLINE_CURVE_WITH_KNOTS('',3,(#4290,#4291,#4292,#4293,#4294,#4295),
 .UNSPECIFIED.,.F.,.F.,(4,2,4),(0.278001768644848,0.299119190972814,0.315475591906203),
 .UNSPECIFIED.);
#47=B_SPLINE_CURVE_WITH_KNOTS('',3,(#4300,#4301,#4302,#4303,#4304,#4305),
 .UNSPECIFIED.,.F.,.F.,(4,2,4),(0.126889876970176,0.150527154595295,0.174164432220413),
 .UNSPECIFIED.);
#48=B_SPLINE_CURVE_WITH_KNOTS('',3,(#4311,#4312,#4313,#4314,#4315,#4316),
 .UNSPECIFIED.,.F.,.F.,(4,2,4),(0.278001853352967,0.298773984828939,0.315481551948529),
 .UNSPECIFIED.);
#49=B_SPLINE_CURVE_WITH_KNOTS('',3,(#4322,#4323,#4324,#4325),
 .UNSPECIFIED.,.F.,.F.,(4,4),(0.126889876970175,0.150527154595294),
 .UNSPECIFIED.);
#50=B_SPLINE_CURVE_WITH_KNOTS('',3,(#4329,#4330,#4331,#4332),
 .UNSPECIFIED.,.F.,.F.,(4,4),(0.150527154595294,0.174164432220413),
 .UNSPECIFIED.);
#51=B_SPLINE_CURVE_WITH_KNOTS('',3,(#4335,#4336,#4337,#4338,#4339,#4340),
 .UNSPECIFIED.,.F.,.F.,(4,2,4),(0.278001853352968,0.298773984828939,0.315481551948529),
 .UNSPECIFIED.);
#52=B_SPLINE_CURVE_WITH_KNOTS('',3,(#4348,#4349,#4350,#4351,#4352,#4353),
 .UNSPECIFIED.,.F.,.F.,(4,2,4),(0.157766032430487,0.174473599550079,0.195245731026051),
 .UNSPECIFIED.);
#53=ELLIPSE('',#2731,1.76776695296637,1.25);
#54=ELLIPSE('',#2732,1.76776695296637,1.25);
#55=SHAPE_REPRESENTATION_RELATIONSHIP('SRR','None',#4433,#59);
#56=SHAPE_REPRESENTATION_RELATIONSHIP('SRR','None',#4434,#60);
#57=SHAPE_REPRESENTATION_RELATIONSHIP('SRR','None',#4435,#61);
#58=SHAPE_REPRESENTATION_RELATIONSHIP('SRR','None',#4432,#62);
#59=ADVANCED_BREP_SHAPE_REPRESENTATION('',(#72),#4413);
#60=ADVANCED_BREP_SHAPE_REPRESENTATION('',(#73,#74,#75),#4414);
#61=ADVANCED_BREP_SHAPE_REPRESENTATION('',(#76),#4415);
#62=ADVANCED_BREP_SHAPE_REPRESENTATION('',(#77,#78,#79,#80),#4412);
#63=STYLED_ITEM('',(#4456),#72);
#64=STYLED_ITEM('',(#4456),#73);
#65=STYLED_ITEM('',(#4456),#74);
#66=STYLED_ITEM('',(#4456),#75);
#67=STYLED_ITEM('',(#4456),#76);
#68=STYLED_ITEM('',(#4456),#77);
#69=STYLED_ITEM('',(#4456),#78);
#70=STYLED_ITEM('',(#4456),#79);
#71=STYLED_ITEM('',(#4456),#80);
#72=MANIFOLD_SOLID_BREP('Body1',#2571);
#73=MANIFOLD_SOLID_BREP('Body1',#2572);
#74=MANIFOLD_SOLID_BREP('Body2',#2573);
#75=MANIFOLD_SOLID_BREP('Body3',#2574);
#76=MANIFOLD_SOLID_BREP('Body1',#2575);
#77=MANIFOLD_SOLID_BREP('Body1',#2576);
#78=MANIFOLD_SOLID_BREP('Body2',#2577);
#79=MANIFOLD_SOLID_BREP('Body3',#2578);
#80=MANIFOLD_SOLID_BREP('Body4',#2579);
#81=FACE_BOUND('',#378,.T.);
#82=FACE_BOUND('',#397,.T.);
#83=FACE_BOUND('',#398,.T.);
#84=FACE_BOUND('',#399,.T.);
#85=FACE_BOUND('',#448,.T.);
#86=FACE_BOUND('',#449,.T.);
#87=FACE_BOUND('',#451,.T.);
#88=CONICAL_SURFACE('',#2620,2.25,0.0349065850398866);
#89=CONICAL_SURFACE('',#2693,1.1,0.174532925199433);
#90=PLANE('',#2619);
#91=PLANE('',#2623);
#92=PLANE('',#2626);
#93=PLANE('',#2631);
#94=PLANE('',#2632);
#95=PLANE('',#2636);
#96=PLANE('',#2637);
#97=PLANE('',#2641);
#98=PLANE('',#2642);
#99=PLANE('',#2644);
#100=PLANE('',#2645);
#101=PLANE('',#2646);
#102=PLANE('',#2647);
#103=PLANE('',#2648);
#104=PLANE('',#2649);
#105=PLANE('',#2650);
#106=PLANE('',#2651);
#107=PLANE('',#2652);
#108=PLANE('',#2653);
#109=PLANE('',#2654);
#110=PLANE('',#2655);
#111=PLANE('',#2656);
#112=PLANE('',#2657);
#113=PLANE('',#2658);
#114=PLANE('',#2659);
#115=PLANE('',#2660);
#116=PLANE('',#2661);
#117=PLANE('',#2662);
#118=PLANE('',#2663);
#119=PLANE('',#2664);
#120=PLANE('',#2665);
#121=PLANE('',#2666);
#122=PLANE('',#2667);
#123=PLANE('',#2668);
#124=PLANE('',#2669);
#125=PLANE('',#2670);
#126=PLANE('',#2671);
#127=PLANE('',#2672);
#128=PLANE('',#2673);
#129=PLANE('',#2674);
#130=PLANE('',#2675);
#131=PLANE('',#2676);
#132=PLANE('',#2677);
#133=PLANE('',#2678);
#134=PLANE('',#2679);
#135=PLANE('',#2680);
#136=PLANE('',#2681);
#137=PLANE('',#2682);
#138=PLANE('',#2683);
#139=PLANE('',#2684);
#140=PLANE('',#2685);
#141=PLANE('',#2686);
#142=PLANE('',#2687);
#143=PLANE('',#2688);
#144=PLANE('',#2689);
#145=PLANE('',#2690);
#146=PLANE('',#2691);
#147=PLANE('',#2692);
#148=PLANE('',#2696);
#149=PLANE('',#2706);
#150=PLANE('',#2707);
#151=PLANE('',#2708);
#152=PLANE('',#2712);
#153=PLANE('',#2713);
#154=PLANE('',#2714);
#155=PLANE('',#2718);
#156=PLANE('',#2719);
#157=PLANE('',#2720);
#158=PLANE('',#2721);
#159=PLANE('',#2722);
#160=PLANE('',#2723);
#161=PLANE('',#2724);
#162=PLANE('',#2725);
#163=PLANE('',#2726);
#164=PLANE('',#2727);
#165=PLANE('',#2728);
#166=PLANE('',#2729);
#167=PLANE('',#2730);
#168=PLANE('',#2735);
#169=PLANE('',#2736);
#170=PLANE('',#2737);
#171=PLANE('',#2739);
#172=PLANE('',#2740);
#173=PLANE('',#2741);
#174=PLANE('',#2742);
#175=PLANE('',#2743);
#176=PLANE('',#2745);
#177=PLANE('',#2746);
#178=PLANE('',#2749);
#179=PLANE('',#2750);
#180=PLANE('',#2753);
#181=PLANE('',#2754);
#182=PLANE('',#2755);
#183=PLANE('',#2758);
#184=PLANE('',#2759);
#185=PLANE('',#2760);
#186=PLANE('',#2761);
#187=PLANE('',#2762);
#188=PLANE('',#2763);
#189=PLANE('',#2764);
#190=PLANE('',#2765);
#191=PLANE('',#2766);
#192=PLANE('',#2767);
#193=PLANE('',#2768);
#194=PLANE('',#2769);
#195=PLANE('',#2770);
#196=PLANE('',#2771);
#197=PLANE('',#2772);
#198=PLANE('',#2773);
#199=PLANE('',#2774);
#200=PLANE('',#2776);
#201=PLANE('',#2778);
#202=PLANE('',#2780);
#203=PLANE('',#2786);
#204=PLANE('',#2787);
#205=PLANE('',#2788);
#206=PLANE('',#2789);
#207=PLANE('',#2790);
#208=PLANE('',#2791);
#209=PLANE('',#2792);
#210=PLANE('',#2793);
#211=PLANE('',#2794);
#212=PLANE('',#2795);
#213=PLANE('',#2796);
#214=PLANE('',#2797);
#215=PLANE('',#2798);
#216=PLANE('',#2799);
#217=PLANE('',#2800);
#218=PLANE('',#2802);
#219=PLANE('',#2804);
#220=PLANE('',#2806);
#221=PLANE('',#2812);
#222=FACE_OUTER_BOUND('',#374,.T.);
#223=FACE_OUTER_BOUND('',#375,.T.);
#224=FACE_OUTER_BOUND('',#376,.T.);
#225=FACE_OUTER_BOUND('',#377,.T.);
#226=FACE_OUTER_BOUND('',#379,.T.);
#227=FACE_OUTER_BOUND('',#380,.T.);
#228=FACE_OUTER_BOUND('',#381,.T.);
#229=FACE_OUTER_BOUND('',#382,.T.);
#230=FACE_OUTER_BOUND('',#383,.T.);
#231=FACE_OUTER_BOUND('',#384,.T.);
#232=FACE_OUTER_BOUND('',#385,.T.);
#233=FACE_OUTER_BOUND('',#386,.T.);
#234=FACE_OUTER_BOUND('',#387,.T.);
#235=FACE_OUTER_BOUND('',#388,.T.);
#236=FACE_OUTER_BOUND('',#389,.T.);
#237=FACE_OUTER_BOUND('',#390,.T.);
#238=FACE_OUTER_BOUND('',#391,.T.);
#239=FACE_OUTER_BOUND('',#392,.T.);
#240=FACE_OUTER_BOUND('',#393,.T.);
#241=FACE_OUTER_BOUND('',#394,.T.);
#242=FACE_OUTER_BOUND('',#395,.T.);
#243=FACE_OUTER_BOUND('',#396,.T.);
#244=FACE_OUTER_BOUND('',#400,.T.);
#245=FACE_OUTER_BOUND('',#401,.T.);
#246=FACE_OUTER_BOUND('',#402,.T.);
#247=FACE_OUTER_BOUND('',#403,.T.);
#248=FACE_OUTER_BOUND('',#404,.T.);
#249=FACE_OUTER_BOUND('',#405,.T.);
#250=FACE_OUTER_BOUND('',#406,.T.);
#251=FACE_OUTER_BOUND('',#407,.T.);
#252=FACE_OUTER_BOUND('',#408,.T.);
#253=FACE_OUTER_BOUND('',#409,.T.);
#254=FACE_OUTER_BOUND('',#410,.T.);
#255=FACE_OUTER_BOUND('',#411,.T.);
#256=FACE_OUTER_BOUND('',#412,.T.);
#257=FACE_OUTER_BOUND('',#413,.T.);
#258=FACE_OUTER_BOUND('',#414,.T.);
#259=FACE_OUTER_BOUND('',#415,.T.);
#260=FACE_OUTER_BOUND('',#416,.T.);
#261=FACE_OUTER_BOUND('',#417,.T.);
#262=FACE_OUTER_BOUND('',#418,.T.);
#263=FACE_OUTER_BOUND('',#419,.T.);
#264=FACE_OUTER_BOUND('',#420,.T.);
#265=FACE_OUTER_BOUND('',#421,.T.);
#266=FACE_OUTER_BOUND('',#422,.T.);
#267=FACE_OUTER_BOUND('',#423,.T.);
#268=FACE_OUTER_BOUND('',#424,.T.);
#269=FACE_OUTER_BOUND('',#425,.T.);
#270=FACE_OUTER_BOUND('',#426,.T.);
#271=FACE_OUTER_BOUND('',#427,.T.);
#272=FACE_OUTER_BOUND('',#428,.T.);
#273=FACE_OUTER_BOUND('',#429,.T.);
#274=FACE_OUTER_BOUND('',#430,.T.);
#275=FACE_OUTER_BOUND('',#431,.T.);
#276=FACE_OUTER_BOUND('',#432,.T.);
#277=FACE_OUTER_BOUND('',#433,.T.);
#278=FACE_OUTER_BOUND('',#434,.T.);
#279=FACE_OUTER_BOUND('',#435,.T.);
#280=FACE_OUTER_BOUND('',#436,.T.);
#281=FACE_OUTER_BOUND('',#437,.T.);
#282=FACE_OUTER_BOUND('',#438,.T.);
#283=FACE_OUTER_BOUND('',#439,.T.);
#284=FACE_OUTER_BOUND('',#440,.T.);
#285=FACE_OUTER_BOUND('',#441,.T.);
#286=FACE_OUTER_BOUND('',#442,.T.);
#287=FACE_OUTER_BOUND('',#443,.T.);
#288=FACE_OUTER_BOUND('',#444,.T.);
#289=FACE_OUTER_BOUND('',#445,.T.);
#290=FACE_OUTER_BOUND('',#446,.T.);
#291=FACE_OUTER_BOUND('',#447,.T.);
#292=FACE_OUTER_BOUND('',#450,.T.);
#293=FACE_OUTER_BOUND('',#452,.T.);
#294=FACE_OUTER_BOUND('',#453,.T.);
#295=FACE_OUTER_BOUND('',#454,.T.);
#296=FACE_OUTER_BOUND('',#455,.T.);
#297=FACE_OUTER_BOUND('',#456,.T.);
#298=FACE_OUTER_BOUND('',#457,.T.);
#299=FACE_OUTER_BOUND('',#458,.T.);
#300=FACE_OUTER_BOUND('',#459,.T.);
#301=FACE_OUTER_BOUND('',#460,.T.);
#302=FACE_OUTER_BOUND('',#461,.T.);
#303=FACE_OUTER_BOUND('',#462,.T.);
#304=FACE_OUTER_BOUND('',#463,.T.);
#305=FACE_OUTER_BOUND('',#464,.T.);
#306=FACE_OUTER_BOUND('',#465,.T.);
#307=FACE_OUTER_BOUND('',#466,.T.);
#308=FACE_OUTER_BOUND('',#467,.T.);
#309=FACE_OUTER_BOUND('',#468,.T.);
#310=FACE_OUTER_BOUND('',#469,.T.);
#311=FACE_OUTER_BOUND('',#470,.T.);
#312=FACE_OUTER_BOUND('',#471,.T.);
#313=FACE_OUTER_BOUND('',#472,.T.);
#314=FACE_OUTER_BOUND('',#473,.T.);
#315=FACE_OUTER_BOUND('',#474,.T.);
#316=FACE_OUTER_BOUND('',#475,.T.);
#317=FACE_OUTER_BOUND('',#476,.T.);
#318=FACE_OUTER_BOUND('',#477,.T.);
#319=FACE_OUTER_BOUND('',#478,.T.);
#320=FACE_OUTER_BOUND('',#479,.T.);
#321=FACE_OUTER_BOUND('',#480,.T.);
#322=FACE_OUTER_BOUND('',#481,.T.);
#323=FACE_OUTER_BOUND('',#482,.T.);
#324=FACE_OUTER_BOUND('',#483,.T.);
#325=FACE_OUTER_BOUND('',#484,.T.);
#326=FACE_OUTER_BOUND('',#485,.T.);
#327=FACE_OUTER_BOUND('',#486,.T.);
#328=FACE_OUTER_BOUND('',#487,.T.);
#329=FACE_OUTER_BOUND('',#488,.T.);
#330=FACE_OUTER_BOUND('',#489,.T.);
#331=FACE_OUTER_BOUND('',#490,.T.);
#332=FACE_OUTER_BOUND('',#491,.T.);
#333=FACE_OUTER_BOUND('',#492,.T.);
#334=FACE_OUTER_BOUND('',#493,.T.);
#335=FACE_OUTER_BOUND('',#494,.T.);
#336=FACE_OUTER_BOUND('',#495,.T.);
#337=FACE_OUTER_BOUND('',#496,.T.);
#338=FACE_OUTER_BOUND('',#497,.T.);
#339=FACE_OUTER_BOUND('',#498,.T.);
#340=FACE_OUTER_BOUND('',#499,.T.);
#341=FACE_OUTER_BOUND('',#500,.T.);
#342=FACE_OUTER_BOUND('',#501,.T.);
#343=FACE_OUTER_BOUND('',#502,.T.);
#344=FACE_OUTER_BOUND('',#503,.T.);
#345=FACE_OUTER_BOUND('',#504,.T.);
#346=FACE_OUTER_BOUND('',#505,.T.);
#347=FACE_OUTER_BOUND('',#506,.T.);
#348=FACE_OUTER_BOUND('',#507,.T.);
#349=FACE_OUTER_BOUND('',#508,.T.);
#350=FACE_OUTER_BOUND('',#509,.T.);
#351=FACE_OUTER_BOUND('',#510,.T.);
#352=FACE_OUTER_BOUND('',#511,.T.);
#353=FACE_OUTER_BOUND('',#512,.T.);
#354=FACE_OUTER_BOUND('',#513,.T.);
#355=FACE_OUTER_BOUND('',#514,.T.);
#356=FACE_OUTER_BOUND('',#515,.T.);
#357=FACE_OUTER_BOUND('',#516,.T.);
#358=FACE_OUTER_BOUND('',#517,.T.);
#359=FACE_OUTER_BOUND('',#518,.T.);
#360=FACE_OUTER_BOUND('',#519,.T.);
#361=FACE_OUTER_BOUND('',#520,.T.);
#362=FACE_OUTER_BOUND('',#521,.T.);
#363=FACE_OUTER_BOUND('',#522,.T.);
#364=FACE_OUTER_BOUND('',#523,.T.);
#365=FACE_OUTER_BOUND('',#524,.T.);
#366=FACE_OUTER_BOUND('',#525,.T.);
#367=FACE_OUTER_BOUND('',#526,.T.);
#368=FACE_OUTER_BOUND('',#527,.T.);
#369=FACE_OUTER_BOUND('',#528,.T.);
#370=FACE_OUTER_BOUND('',#529,.T.);
#371=FACE_OUTER_BOUND('',#530,.T.);
#372=FACE_OUTER_BOUND('',#531,.T.);
#373=FACE_OUTER_BOUND('',#532,.T.);
#374=EDGE_LOOP('',(#1703,#1704,#1705,#1706));
#375=EDGE_LOOP('',(#1707));
#376=EDGE_LOOP('',(#1708,#1709,#1710,#1711));
#377=EDGE_LOOP('',(#1712));
#378=EDGE_LOOP('',(#1713));
#379=EDGE_LOOP('',(#1714,#1715,#1716,#1717));
#380=EDGE_LOOP('',(#1718));
#381=EDGE_LOOP('',(#1719,#1720,#1721,#1722));
#382=EDGE_LOOP('',(#1723));
#383=EDGE_LOOP('',(#1724));
#384=EDGE_LOOP('',(#1725,#1726,#1727,#1728));
#385=EDGE_LOOP('',(#1729));
#386=EDGE_LOOP('',(#1730));
#387=EDGE_LOOP('',(#1731,#1732,#1733,#1734));
#388=EDGE_LOOP('',(#1735));
#389=EDGE_LOOP('',(#1736));
#390=EDGE_LOOP('',(#1737,#1738,#1739,#1740));
#391=EDGE_LOOP('',(#1741,#1742,#1743,#1744));
#392=EDGE_LOOP('',(#1745,#1746,#1747,#1748));
#393=EDGE_LOOP('',(#1749,#1750,#1751,#1752));
#394=EDGE_LOOP('',(#1753,#1754,#1755,#1756));
#395=EDGE_LOOP('',(#1757,#1758,#1759,#1760));
#396=EDGE_LOOP('',(#1761,#1762,#1763,#1764));
#397=EDGE_LOOP('',(#1765,#1766,#1767,#1768));
#398=EDGE_LOOP('',(#1769,#1770,#1771,#1772));
#399=EDGE_LOOP('',(#1773,#1774,#1775,#1776));
#400=EDGE_LOOP('',(#1777,#1778,#1779,#1780));
#401=EDGE_LOOP('',(#1781,#1782,#1783,#1784));
#402=EDGE_LOOP('',(#1785,#1786,#1787,#1788));
#403=EDGE_LOOP('',(#1789,#1790,#1791,#1792));
#404=EDGE_LOOP('',(#1793,#1794,#1795,#1796));
#405=EDGE_LOOP('',(#1797,#1798,#1799,#1800));
#406=EDGE_LOOP('',(#1801,#1802,#1803,#1804));
#407=EDGE_LOOP('',(#1805,#1806,#1807,#1808));
#408=EDGE_LOOP('',(#1809,#1810,#1811,#1812));
#409=EDGE_LOOP('',(#1813,#1814,#1815,#1816));
#410=EDGE_LOOP('',(#1817,#1818,#1819,#1820));
#411=EDGE_LOOP('',(#1821,#1822,#1823,#1824));
#412=EDGE_LOOP('',(#1825,#1826,#1827));
#413=EDGE_LOOP('',(#1828,#1829,#1830,#1831));
#414=EDGE_LOOP('',(#1832,#1833,#1834));
#415=EDGE_LOOP('',(#1835,#1836,#1837,#1838));
#416=EDGE_LOOP('',(#1839,#1840,#1841,#1842));
#417=EDGE_LOOP('',(#1843,#1844,#1845));
#418=EDGE_LOOP('',(#1846,#1847,#1848,#1849));
#419=EDGE_LOOP('',(#1850,#1851,#1852));
#420=EDGE_LOOP('',(#1853,#1854,#1855,#1856));
#421=EDGE_LOOP('',(#1857,#1858,#1859,#1860));
#422=EDGE_LOOP('',(#1861,#1862,#1863,#1864));
#423=EDGE_LOOP('',(#1865,#1866,#1867,#1868));
#424=EDGE_LOOP('',(#1869,#1870,#1871,#1872));
#425=EDGE_LOOP('',(#1873,#1874,#1875,#1876));
#426=EDGE_LOOP('',(#1877,#1878,#1879,#1880));
#427=EDGE_LOOP('',(#1881,#1882,#1883,#1884));
#428=EDGE_LOOP('',(#1885,#1886,#1887,#1888));
#429=EDGE_LOOP('',(#1889,#1890,#1891,#1892));
#430=EDGE_LOOP('',(#1893,#1894,#1895,#1896));
#431=EDGE_LOOP('',(#1897,#1898,#1899,#1900));
#432=EDGE_LOOP('',(#1901,#1902,#1903,#1904));
#433=EDGE_LOOP('',(#1905,#1906,#1907,#1908));
#434=EDGE_LOOP('',(#1909,#1910,#1911,#1912));
#435=EDGE_LOOP('',(#1913,#1914,#1915,#1916));
#436=EDGE_LOOP('',(#1917,#1918,#1919,#1920,#1921,#1922,#1923,#1924,#1925,
#1926,#1927,#1928));
#437=EDGE_LOOP('',(#1929,#1930,#1931,#1932));
#438=EDGE_LOOP('',(#1933,#1934,#1935,#1936));
#439=EDGE_LOOP('',(#1937,#1938,#1939,#1940));
#440=EDGE_LOOP('',(#1941,#1942,#1943,#1944,#1945,#1946,#1947,#1948));
#441=EDGE_LOOP('',(#1949,#1950,#1951,#1952));
#442=EDGE_LOOP('',(#1953,#1954,#1955,#1956));
#443=EDGE_LOOP('',(#1957));
#444=EDGE_LOOP('',(#1958,#1959,#1960,#1961));
#445=EDGE_LOOP('',(#1962,#1963,#1964,#1965));
#446=EDGE_LOOP('',(#1966,#1967,#1968,#1969));
#447=EDGE_LOOP('',(#1970,#1971));
#448=EDGE_LOOP('',(#1972));
#449=EDGE_LOOP('',(#1973));
#450=EDGE_LOOP('',(#1974,#1975,#1976,#1977));
#451=EDGE_LOOP('',(#1978,#1979));
#452=EDGE_LOOP('',(#1980,#1981,#1982,#1983));
#453=EDGE_LOOP('',(#1984,#1985,#1986,#1987));
#454=EDGE_LOOP('',(#1988,#1989,#1990,#1991));
#455=EDGE_LOOP('',(#1992,#1993,#1994,#1995,#1996,#1997));
#456=EDGE_LOOP('',(#1998,#1999,#2000,#2001));
#457=EDGE_LOOP('',(#2002,#2003,#2004,#2005));
#458=EDGE_LOOP('',(#2006,#2007,#2008,#2009));
#459=EDGE_LOOP('',(#2010,#2011,#2012,#2013,#2014,#2015));
#460=EDGE_LOOP('',(#2016,#2017,#2018,#2019));
#461=EDGE_LOOP('',(#2020,#2021,#2022,#2023,#2024,#2025,#2026,#2027));
#462=EDGE_LOOP('',(#2028,#2029,#2030,#2031));
#463=EDGE_LOOP('',(#2032,#2033,#2034,#2035,#2036,#2037,#2038,#2039));
#464=EDGE_LOOP('',(#2040));
#465=EDGE_LOOP('',(#2041,#2042,#2043,#2044,#2045,#2046,#2047,#2048));
#466=EDGE_LOOP('',(#2049,#2050,#2051));
#467=EDGE_LOOP('',(#2052,#2053,#2054));
#468=EDGE_LOOP('',(#2055,#2056,#2057,#2058));
#469=EDGE_LOOP('',(#2059,#2060,#2061,#2062));
#470=EDGE_LOOP('',(#2063,#2064,#2065,#2066,#2067,#2068,#2069,#2070,#2071,
#2072));
#471=EDGE_LOOP('',(#2073,#2074,#2075,#2076));
#472=EDGE_LOOP('',(#2077,#2078,#2079));
#473=EDGE_LOOP('',(#2080,#2081,#2082,#2083,#2084,#2085,#2086,#2087));
#474=EDGE_LOOP('',(#2088,#2089,#2090,#2091,#2092));
#475=EDGE_LOOP('',(#2093,#2094,#2095,#2096,#2097));
#476=EDGE_LOOP('',(#2098,#2099,#2100,#2101,#2102,#2103,#2104,#2105));
#477=EDGE_LOOP('',(#2106,#2107,#2108,#2109));
#478=EDGE_LOOP('',(#2110,#2111,#2112));
#479=EDGE_LOOP('',(#2113,#2114,#2115,#2116));
#480=EDGE_LOOP('',(#2117,#2118,#2119,#2120));
#481=EDGE_LOOP('',(#2121,#2122,#2123,#2124,#2125,#2126,#2127,#2128));
#482=EDGE_LOOP('',(#2129,#2130,#2131,#2132,#2133,#2134,#2135,#2136,#2137,
#2138,#2139,#2140));
#483=EDGE_LOOP('',(#2141,#2142,#2143,#2144));
#484=EDGE_LOOP('',(#2145,#2146,#2147,#2148));
#485=EDGE_LOOP('',(#2149,#2150,#2151,#2152));
#486=EDGE_LOOP('',(#2153,#2154,#2155,#2156,#2157));
#487=EDGE_LOOP('',(#2158,#2159,#2160,#2161));
#488=EDGE_LOOP('',(#2162,#2163,#2164,#2165));
#489=EDGE_LOOP('',(#2166,#2167,#2168,#2169));
#490=EDGE_LOOP('',(#2170,#2171,#2172,#2173,#2174));
#491=EDGE_LOOP('',(#2175,#2176,#2177,#2178,#2179,#2180,#2181,#2182));
#492=EDGE_LOOP('',(#2183,#2184,#2185,#2186));
#493=EDGE_LOOP('',(#2187,#2188,#2189,#2190,#2191));
#494=EDGE_LOOP('',(#2192,#2193,#2194,#2195));
#495=EDGE_LOOP('',(#2196,#2197,#2198,#2199,#2200));
#496=EDGE_LOOP('',(#2201,#2202,#2203,#2204,#2205));
#497=EDGE_LOOP('',(#2206,#2207,#2208,#2209,#2210));
#498=EDGE_LOOP('',(#2211,#2212,#2213,#2214));
#499=EDGE_LOOP('',(#2215,#2216,#2217,#2218,#2219));
#500=EDGE_LOOP('',(#2220,#2221,#2222,#2223));
#501=EDGE_LOOP('',(#2224,#2225,#2226,#2227,#2228));
#502=EDGE_LOOP('',(#2229,#2230,#2231,#2232,#2233));
#503=EDGE_LOOP('',(#2234,#2235,#2236,#2237,#2238));
#504=EDGE_LOOP('',(#2239,#2240,#2241,#2242,#2243));
#505=EDGE_LOOP('',(#2244,#2245,#2246,#2247,#2248,#2249,#2250,#2251,#2252,
#2253,#2254,#2255));
#506=EDGE_LOOP('',(#2256,#2257,#2258));
#507=EDGE_LOOP('',(#2259,#2260,#2261));
#508=EDGE_LOOP('',(#2262,#2263,#2264));
#509=EDGE_LOOP('',(#2265,#2266,#2267));
#510=EDGE_LOOP('',(#2268,#2269,#2270,#2271,#2272,#2273,#2274,#2275,#2276,
#2277,#2278,#2279,#2280,#2281,#2282,#2283,#2284,#2285,#2286,#2287,#2288));
#511=EDGE_LOOP('',(#2289,#2290,#2291,#2292,#2293));
#512=EDGE_LOOP('',(#2294));
#513=EDGE_LOOP('',(#2295,#2296,#2297,#2298,#2299));
#514=EDGE_LOOP('',(#2300,#2301,#2302,#2303));
#515=EDGE_LOOP('',(#2304,#2305,#2306,#2307,#2308));
#516=EDGE_LOOP('',(#2309,#2310,#2311,#2312,#2313));
#517=EDGE_LOOP('',(#2314,#2315,#2316,#2317,#2318));
#518=EDGE_LOOP('',(#2319,#2320,#2321,#2322));
#519=EDGE_LOOP('',(#2323,#2324,#2325,#2326,#2327));
#520=EDGE_LOOP('',(#2328,#2329,#2330,#2331));
#521=EDGE_LOOP('',(#2332,#2333,#2334,#2335,#2336));
#522=EDGE_LOOP('',(#2337,#2338,#2339,#2340,#2341));
#523=EDGE_LOOP('',(#2342,#2343,#2344,#2345,#2346));
#524=EDGE_LOOP('',(#2347,#2348,#2349,#2350,#2351));
#525=EDGE_LOOP('',(#2352,#2353,#2354,#2355,#2356,#2357,#2358,#2359,#2360,
#2361,#2362,#2363));
#526=EDGE_LOOP('',(#2364,#2365,#2366));
#527=EDGE_LOOP('',(#2367,#2368,#2369));
#528=EDGE_LOOP('',(#2370,#2371,#2372));
#529=EDGE_LOOP('',(#2373,#2374,#2375));
#530=EDGE_LOOP('',(#2376,#2377,#2378,#2379,#2380,#2381,#2382,#2383,#2384,
#2385,#2386,#2387,#2388,#2389,#2390,#2391,#2392,#2393,#2394,#2395,#2396));
#531=EDGE_LOOP('',(#2397,#2398,#2399,#2400,#2401));
#532=EDGE_LOOP('',(#2402));
#533=LINE('',#3503,#810);
#534=LINE('',#3510,#811);
#535=LINE('',#3515,#812);
#536=LINE('',#3523,#813);
#537=LINE('',#3531,#814);
#538=LINE('',#3539,#815);
#539=LINE('',#3547,#816);
#540=LINE('',#3549,#817);
#541=LINE('',#3551,#818);
#542=LINE('',#3552,#819);
#543=LINE('',#3556,#820);
#544=LINE('',#3558,#821);
#545=LINE('',#3560,#822);
#546=LINE('',#3561,#823);
#547=LINE('',#3563,#824);
#548=LINE('',#3564,#825);
#549=LINE('',#3566,#826);
#550=LINE('',#3567,#827);
#551=LINE('',#3570,#828);
#552=LINE('',#3572,#829);
#553=LINE('',#3573,#830);
#554=LINE('',#3576,#831);
#555=LINE('',#3577,#832);
#556=LINE('',#3581,#833);
#557=LINE('',#3583,#834);
#558=LINE('',#3585,#835);
#559=LINE('',#3586,#836);
#560=LINE('',#3589,#837);
#561=LINE('',#3591,#838);
#562=LINE('',#3593,#839);
#563=LINE('',#3594,#840);
#564=LINE('',#3597,#841);
#565=LINE('',#3599,#842);
#566=LINE('',#3601,#843);
#567=LINE('',#3602,#844);
#568=LINE('',#3605,#845);
#569=LINE('',#3607,#846);
#570=LINE('',#3608,#847);
#571=LINE('',#3611,#848);
#572=LINE('',#3613,#849);
#573=LINE('',#3614,#850);
#574=LINE('',#3616,#851);
#575=LINE('',#3618,#852);
#576=LINE('',#3621,#853);
#577=LINE('',#3623,#854);
#578=LINE('',#3624,#855);
#579=LINE('',#3627,#856);
#580=LINE('',#3628,#857);
#581=LINE('',#3631,#858);
#582=LINE('',#3633,#859);
#583=LINE('',#3634,#860);
#584=LINE('',#3637,#861);
#585=LINE('',#3639,#862);
#586=LINE('',#3640,#863);
#587=LINE('',#3642,#864);
#588=LINE('',#3644,#865);
#589=LINE('',#3647,#866);
#590=LINE('',#3649,#867);
#591=LINE('',#3650,#868);
#592=LINE('',#3653,#869);
#593=LINE('',#3654,#870);
#594=LINE('',#3657,#871);
#595=LINE('',#3659,#872);
#596=LINE('',#3660,#873);
#597=LINE('',#3664,#874);
#598=LINE('',#3665,#875);
#599=LINE('',#3666,#876);
#600=LINE('',#3669,#877);
#601=LINE('',#3671,#878);
#602=LINE('',#3672,#879);
#603=LINE('',#3676,#880);
#604=LINE('',#3677,#881);
#605=LINE('',#3678,#882);
#606=LINE('',#3680,#883);
#607=LINE('',#3683,#884);
#608=LINE('',#3685,#885);
#609=LINE('',#3686,#886);
#610=LINE('',#3690,#887);
#611=LINE('',#3691,#888);
#612=LINE('',#3692,#889);
#613=LINE('',#3695,#890);
#614=LINE('',#3697,#891);
#615=LINE('',#3698,#892);
#616=LINE('',#3702,#893);
#617=LINE('',#3703,#894);
#618=LINE('',#3704,#895);
#619=LINE('',#3706,#896);
#620=LINE('',#3708,#897);
#621=LINE('',#3710,#898);
#622=LINE('',#3712,#899);
#623=LINE('',#3714,#900);
#624=LINE('',#3717,#901);
#625=LINE('',#3718,#902);
#626=LINE('',#3720,#903);
#627=LINE('',#3724,#904);
#628=LINE('',#3725,#905);
#629=LINE('',#3727,#906);
#630=LINE('',#3731,#907);
#631=LINE('',#3732,#908);
#632=LINE('',#3734,#909);
#633=LINE('',#3737,#910);
#634=LINE('',#3740,#911);
#635=LINE('',#3742,#912);
#636=LINE('',#3744,#913);
#637=LINE('',#3746,#914);
#638=LINE('',#3747,#915);
#639=LINE('',#3750,#916);
#640=LINE('',#3752,#917);
#641=LINE('',#3753,#918);
#642=LINE('',#3756,#919);
#643=LINE('',#3757,#920);
#644=LINE('',#3760,#921);
#645=LINE('',#3761,#922);
#646=LINE('',#3763,#923);
#647=LINE('',#3769,#924);
#648=LINE('',#3776,#925);
#649=LINE('',#3783,#926);
#650=LINE('',#3786,#927);
#651=LINE('',#3794,#928);
#652=LINE('',#3796,#929);
#653=LINE('',#3798,#930);
#654=LINE('',#3799,#931);
#655=LINE('',#3803,#932);
#656=LINE('',#3805,#933);
#657=LINE('',#3807,#934);
#658=LINE('',#3808,#935);
#659=LINE('',#3814,#936);
#660=LINE('',#3817,#937);
#661=LINE('',#3819,#938);
#662=LINE('',#3820,#939);
#663=LINE('',#3824,#940);
#664=LINE('',#3825,#941);
#665=LINE('',#3826,#942);
#666=LINE('',#3830,#943);
#667=LINE('',#3832,#944);
#668=LINE('',#3834,#945);
#669=LINE('',#3835,#946);
#670=LINE('',#3841,#947);
#671=LINE('',#3844,#948);
#672=LINE('',#3846,#949);
#673=LINE('',#3847,#950);
#674=LINE('',#3850,#951);
#675=LINE('',#3852,#952);
#676=LINE('',#3853,#953);
#677=LINE('',#3855,#954);
#678=LINE('',#3856,#955);
#679=LINE('',#3858,#956);
#680=LINE('',#3859,#957);
#681=LINE('',#3861,#958);
#682=LINE('',#3863,#959);
#683=LINE('',#3869,#960);
#684=LINE('',#3871,#961);
#685=LINE('',#3872,#962);
#686=LINE('',#3876,#963);
#687=LINE('',#3878,#964);
#688=LINE('',#3879,#965);
#689=LINE('',#3881,#966);
#690=LINE('',#3882,#967);
#691=LINE('',#3884,#968);
#692=LINE('',#3887,#969);
#693=LINE('',#3889,#970);
#694=LINE('',#3893,#971);
#695=LINE('',#3897,#972);
#696=LINE('',#3898,#973);
#697=LINE('',#3901,#974);
#698=LINE('',#3904,#975);
#699=LINE('',#3906,#976);
#700=LINE('',#3909,#977);
#701=LINE('',#3911,#978);
#702=LINE('',#3913,#979);
#703=LINE('',#3915,#980);
#704=LINE('',#3916,#981);
#705=LINE('',#3922,#982);
#706=LINE('',#3923,#983);
#707=LINE('',#3924,#984);
#708=LINE('',#3927,#985);
#709=LINE('',#3928,#986);
#710=LINE('',#3931,#987);
#711=LINE('',#3933,#988);
#712=LINE('',#3935,#989);
#713=LINE('',#3937,#990);
#714=LINE('',#3939,#991);
#715=LINE('',#3940,#992);
#716=LINE('',#3942,#993);
#717=LINE('',#3944,#994);
#718=LINE('',#3947,#995);
#719=LINE('',#3948,#996);
#720=LINE('',#3949,#997);
#721=LINE('',#3953,#998);
#722=LINE('',#3955,#999);
#723=LINE('',#3957,#1000);
#724=LINE('',#3959,#1001);
#725=LINE('',#3960,#1002);
#726=LINE('',#3963,#1003);
#727=LINE('',#3967,#1004);
#728=LINE('',#3969,#1005);
#729=LINE('',#3971,#1006);
#730=LINE('',#3974,#1007);
#731=LINE('',#3977,#1008);
#732=LINE('',#3979,#1009);
#733=LINE('',#3980,#1010);
#734=LINE('',#3983,#1011);
#735=LINE('',#3984,#1012);
#736=LINE('',#3988,#1013);
#737=LINE('',#3991,#1014);
#738=LINE('',#3993,#1015);
#739=LINE('',#3994,#1016);
#740=LINE('',#3997,#1017);
#741=LINE('',#3998,#1018);
#742=LINE('',#4002,#1019);
#743=LINE('',#4004,#1020);
#744=LINE('',#4016,#1021);
#745=LINE('',#4018,#1022);
#746=LINE('',#4020,#1023);
#747=LINE('',#4021,#1024);
#748=LINE('',#4032,#1025);
#749=LINE('',#4034,#1026);
#750=LINE('',#4035,#1027);
#751=LINE('',#4045,#1028);
#752=LINE('',#4047,#1029);
#753=LINE('',#4048,#1030);
#754=LINE('',#4059,#1031);
#755=LINE('',#4061,#1032);
#756=LINE('',#4063,#1033);
#757=LINE('',#4064,#1034);
#758=LINE('',#4074,#1035);
#759=LINE('',#4076,#1036);
#760=LINE('',#4077,#1037);
#761=LINE('',#4087,#1038);
#762=LINE('',#4088,#1039);
#763=LINE('',#4097,#1040);
#764=LINE('',#4098,#1041);
#765=LINE('',#4108,#1042);
#766=LINE('',#4109,#1043);
#767=LINE('',#4118,#1044);
#768=LINE('',#4119,#1045);
#769=LINE('',#4128,#1046);
#770=LINE('',#4129,#1047);
#771=LINE('',#4143,#1048);
#772=LINE('',#4145,#1049);
#773=LINE('',#4146,#1050);
#774=LINE('',#4155,#1051);
#775=LINE('',#4156,#1052);
#776=LINE('',#4202,#1053);
#777=LINE('',#4215,#1054);
#778=LINE('',#4217,#1055);
#779=LINE('',#4219,#1056);
#780=LINE('',#4220,#1057);
#781=LINE('',#4231,#1058);
#782=LINE('',#4233,#1059);
#783=LINE('',#4234,#1060);
#784=LINE('',#4244,#1061);
#785=LINE('',#4246,#1062);
#786=LINE('',#4247,#1063);
#787=LINE('',#4258,#1064);
#788=LINE('',#4260,#1065);
#789=LINE('',#4262,#1066);
#790=LINE('',#4263,#1067);
#791=LINE('',#4273,#1068);
#792=LINE('',#4275,#1069);
#793=LINE('',#4276,#1070);
#794=LINE('',#4286,#1071);
#795=LINE('',#4287,#1072);
#796=LINE('',#4296,#1073);
#797=LINE('',#4297,#1074);
#798=LINE('',#4307,#1075);
#799=LINE('',#4308,#1076);
#800=LINE('',#4317,#1077);
#801=LINE('',#4318,#1078);
#802=LINE('',#4327,#1079);
#803=LINE('',#4328,#1080);
#804=LINE('',#4342,#1081);
#805=LINE('',#4344,#1082);
#806=LINE('',#4345,#1083);
#807=LINE('',#4354,#1084);
#808=LINE('',#4355,#1085);
#809=LINE('',#4401,#1086);
#810=VECTOR('',#2824,1.);
#811=VECTOR('',#2833,2.25);
#812=VECTOR('',#2840,2.25);
#813=VECTOR('',#2851,0.55);
#814=VECTOR('',#2862,0.55);
#815=VECTOR('',#2873,0.55);
#816=VECTOR('',#2884,10.);
#817=VECTOR('',#2885,10.);
#818=VECTOR('',#2886,10.);
#819=VECTOR('',#2887,10.);
#820=VECTOR('',#2890,10.);
#821=VECTOR('',#2891,10.);
#822=VECTOR('',#2892,10.);
#823=VECTOR('',#2893,10.);
#824=VECTOR('',#2896,10.);
#825=VECTOR('',#2897,10.);
#826=VECTOR('',#2900,10.);
#827=VECTOR('',#2901,10.);
#828=VECTOR('',#2904,10.);
#829=VECTOR('',#2905,10.);
#830=VECTOR('',#2906,10.);
#831=VECTOR('',#2909,10.);
#832=VECTOR('',#2910,10.);
#833=VECTOR('',#2913,10.);
#834=VECTOR('',#2914,10.);
#835=VECTOR('',#2915,10.);
#836=VECTOR('',#2916,10.);
#837=VECTOR('',#2917,10.);
#838=VECTOR('',#2918,10.);
#839=VECTOR('',#2919,10.);
#840=VECTOR('',#2920,10.);
#841=VECTOR('',#2921,10.);
#842=VECTOR('',#2922,10.);
#843=VECTOR('',#2923,10.);
#844=VECTOR('',#2924,10.);
#845=VECTOR('',#2927,10.);
#846=VECTOR('',#2928,10.);
#847=VECTOR('',#2929,10.);
#848=VECTOR('',#2932,10.);
#849=VECTOR('',#2933,10.);
#850=VECTOR('',#2934,10.);
#851=VECTOR('',#2937,10.);
#852=VECTOR('',#2940,10.);
#853=VECTOR('',#2943,10.);
#854=VECTOR('',#2944,10.);
#855=VECTOR('',#2945,10.);
#856=VECTOR('',#2948,10.);
#857=VECTOR('',#2949,10.);
#858=VECTOR('',#2952,10.);
#859=VECTOR('',#2953,10.);
#860=VECTOR('',#2954,10.);
#861=VECTOR('',#2957,10.);
#862=VECTOR('',#2958,10.);
#863=VECTOR('',#2959,10.);
#864=VECTOR('',#2962,10.);
#865=VECTOR('',#2965,10.);
#866=VECTOR('',#2968,10.);
#867=VECTOR('',#2969,10.);
#868=VECTOR('',#2970,10.);
#869=VECTOR('',#2973,10.);
#870=VECTOR('',#2974,10.);
#871=VECTOR('',#2977,10.);
#872=VECTOR('',#2978,10.);
#873=VECTOR('',#2979,10.);
#874=VECTOR('',#2982,10.);
#875=VECTOR('',#2983,10.);
#876=VECTOR('',#2984,10.);
#877=VECTOR('',#2987,10.);
#878=VECTOR('',#2988,10.);
#879=VECTOR('',#2989,10.);
#880=VECTOR('',#2992,10.);
#881=VECTOR('',#2993,10.);
#882=VECTOR('',#2994,10.);
#883=VECTOR('',#2997,10.);
#884=VECTOR('',#3000,10.);
#885=VECTOR('',#3001,10.);
#886=VECTOR('',#3002,10.);
#887=VECTOR('',#3005,10.);
#888=VECTOR('',#3006,10.);
#889=VECTOR('',#3007,10.);
#890=VECTOR('',#3010,10.);
#891=VECTOR('',#3011,10.);
#892=VECTOR('',#3012,10.);
#893=VECTOR('',#3015,10.);
#894=VECTOR('',#3016,10.);
#895=VECTOR('',#3017,10.);
#896=VECTOR('',#3020,10.);
#897=VECTOR('',#3023,10.);
#898=VECTOR('',#3026,10.);
#899=VECTOR('',#3029,10.);
#900=VECTOR('',#3032,10.);
#901=VECTOR('',#3035,10.);
#902=VECTOR('',#3036,10.);
#903=VECTOR('',#3039,10.);
#904=VECTOR('',#3044,10.);
#905=VECTOR('',#3045,10.);
#906=VECTOR('',#3048,10.);
#907=VECTOR('',#3053,10.);
#908=VECTOR('',#3054,10.);
#909=VECTOR('',#3057,10.);
#910=VECTOR('',#3062,10.);
#911=VECTOR('',#3065,10.);
#912=VECTOR('',#3066,10.);
#913=VECTOR('',#3067,10.);
#914=VECTOR('',#3068,10.);
#915=VECTOR('',#3069,10.);
#916=VECTOR('',#3072,10.);
#917=VECTOR('',#3073,10.);
#918=VECTOR('',#3074,10.);
#919=VECTOR('',#3077,10.);
#920=VECTOR('',#3078,10.);
#921=VECTOR('',#3081,10.);
#922=VECTOR('',#3082,10.);
#923=VECTOR('',#3085,10.);
#924=VECTOR('',#3092,1.1);
#925=VECTOR('',#3101,2.25);
#926=VECTOR('',#3108,10.);
#927=VECTOR('',#3111,10.);
#928=VECTOR('',#3122,10.);
#929=VECTOR('',#3123,10.);
#930=VECTOR('',#3124,10.);
#931=VECTOR('',#3125,10.);
#932=VECTOR('',#3128,10.);
#933=VECTOR('',#3129,10.);
#934=VECTOR('',#3130,10.);
#935=VECTOR('',#3131,10.);
#936=VECTOR('',#3138,10.);
#937=VECTOR('',#3141,10.);
#938=VECTOR('',#3142,10.);
#939=VECTOR('',#3143,10.);
#940=VECTOR('',#3146,10.);
#941=VECTOR('',#3147,10.);
#942=VECTOR('',#3148,10.);
#943=VECTOR('',#3151,10.);
#944=VECTOR('',#3152,10.);
#945=VECTOR('',#3153,10.);
#946=VECTOR('',#3154,10.);
#947=VECTOR('',#3161,10.);
#948=VECTOR('',#3164,10.);
#949=VECTOR('',#3165,10.);
#950=VECTOR('',#3166,10.);
#951=VECTOR('',#3169,10.);
#952=VECTOR('',#3170,10.);
#953=VECTOR('',#3171,10.);
#954=VECTOR('',#3174,10.);
#955=VECTOR('',#3175,10.);
#956=VECTOR('',#3178,10.);
#957=VECTOR('',#3179,10.);
#958=VECTOR('',#3182,10.);
#959=VECTOR('',#3185,10.);
#960=VECTOR('',#3192,10.);
#961=VECTOR('',#3193,10.);
#962=VECTOR('',#3194,10.);
#963=VECTOR('',#3197,10.);
#964=VECTOR('',#3198,10.);
#965=VECTOR('',#3199,10.);
#966=VECTOR('',#3202,10.);
#967=VECTOR('',#3203,10.);
#968=VECTOR('',#3206,10.);
#969=VECTOR('',#3209,10.);
#970=VECTOR('',#3210,10.);
#971=VECTOR('',#3213,10.);
#972=VECTOR('',#3216,10.);
#973=VECTOR('',#3217,10.);
#974=VECTOR('',#3220,10.);
#975=VECTOR('',#3223,10.);
#976=VECTOR('',#3226,10.);
#977=VECTOR('',#3229,10.);
#978=VECTOR('',#3230,10.);
#979=VECTOR('',#3231,10.);
#980=VECTOR('',#3232,10.);
#981=VECTOR('',#3233,10.);
#982=VECTOR('',#3238,10.);
#983=VECTOR('',#3239,10.);
#984=VECTOR('',#3240,10.);
#985=VECTOR('',#3243,10.);
#986=VECTOR('',#3244,10.);
#987=VECTOR('',#3247,10.);
#988=VECTOR('',#3248,10.);
#989=VECTOR('',#3249,10.);
#990=VECTOR('',#3250,10.);
#991=VECTOR('',#3251,10.);
#992=VECTOR('',#3252,10.);
#993=VECTOR('',#3255,10.);
#994=VECTOR('',#3258,10.);
#995=VECTOR('',#3261,10.);
#996=VECTOR('',#3262,10.);
#997=VECTOR('',#3263,10.);
#998=VECTOR('',#3268,10.);
#999=VECTOR('',#3269,10.);
#1000=VECTOR('',#3270,10.);
#1001=VECTOR('',#3271,10.);
#1002=VECTOR('',#3272,10.);
#1003=VECTOR('',#3275,10.);
#1004=VECTOR('',#3278,10.);
#1005=VECTOR('',#3279,10.);
#1006=VECTOR('',#3280,10.);
#1007=VECTOR('',#3283,10.);
#1008=VECTOR('',#3286,10.);
#1009=VECTOR('',#3287,10.);
#1010=VECTOR('',#3288,10.);
#1011=VECTOR('',#3291,10.);
#1012=VECTOR('',#3292,10.);
#1013=VECTOR('',#3299,10.);
#1014=VECTOR('',#3302,10.);
#1015=VECTOR('',#3303,10.);
#1016=VECTOR('',#3304,10.);
#1017=VECTOR('',#3307,10.);
#1018=VECTOR('',#3308,10.);
#1019=VECTOR('',#3315,10.);
#1020=VECTOR('',#3318,10.);
#1021=VECTOR('',#3323,10.);
#1022=VECTOR('',#3324,10.);
#1023=VECTOR('',#3325,10.);
#1024=VECTOR('',#3326,10.);
#1025=VECTOR('',#3329,10.);
#1026=VECTOR('',#3330,10.);
#1027=VECTOR('',#3331,10.);
#1028=VECTOR('',#3334,10.);
#1029=VECTOR('',#3335,10.);
#1030=VECTOR('',#3336,10.);
#1031=VECTOR('',#3339,10.);
#1032=VECTOR('',#3340,10.);
#1033=VECTOR('',#3341,10.);
#1034=VECTOR('',#3342,10.);
#1035=VECTOR('',#3345,10.);
#1036=VECTOR('',#3346,10.);
#1037=VECTOR('',#3347,10.);
#1038=VECTOR('',#3350,10.);
#1039=VECTOR('',#3351,10.);
#1040=VECTOR('',#3354,10.);
#1041=VECTOR('',#3355,10.);
#1042=VECTOR('',#3358,10.);
#1043=VECTOR('',#3359,10.);
#1044=VECTOR('',#3362,10.);
#1045=VECTOR('',#3363,10.);
#1046=VECTOR('',#3366,10.);
#1047=VECTOR('',#3367,10.);
#1048=VECTOR('',#3370,10.);
#1049=VECTOR('',#3371,10.);
#1050=VECTOR('',#3372,10.);
#1051=VECTOR('',#3375,10.);
#1052=VECTOR('',#3376,10.);
#1053=VECTOR('',#3401,1.);
#1054=VECTOR('',#3408,10.);
#1055=VECTOR('',#3409,10.);
#1056=VECTOR('',#3410,10.);
#1057=VECTOR('',#3411,10.);
#1058=VECTOR('',#3414,10.);
#1059=VECTOR('',#3415,10.);
#1060=VECTOR('',#3416,10.);
#1061=VECTOR('',#3419,10.);
#1062=VECTOR('',#3420,10.);
#1063=VECTOR('',#3421,10.);
#1064=VECTOR('',#3424,10.);
#1065=VECTOR('',#3425,10.);
#1066=VECTOR('',#3426,10.);
#1067=VECTOR('',#3427,10.);
#1068=VECTOR('',#3430,10.);
#1069=VECTOR('',#3431,10.);
#1070=VECTOR('',#3432,10.);
#1071=VECTOR('',#3435,10.);
#1072=VECTOR('',#3436,10.);
#1073=VECTOR('',#3439,10.);
#1074=VECTOR('',#3440,10.);
#1075=VECTOR('',#3443,10.);
#1076=VECTOR('',#3444,10.);
#1077=VECTOR('',#3447,10.);
#1078=VECTOR('',#3448,10.);
#1079=VECTOR('',#3451,10.);
#1080=VECTOR('',#3452,10.);
#1081=VECTOR('',#3455,10.);
#1082=VECTOR('',#3456,10.);
#1083=VECTOR('',#3457,10.);
#1084=VECTOR('',#3460,10.);
#1085=VECTOR('',#3461,10.);
#1086=VECTOR('',#3486,1.);
#1087=CIRCLE('',#2617,1.);
#1088=CIRCLE('',#2618,1.);
#1089=CIRCLE('',#2621,2.13126938372806);
#1090=CIRCLE('',#2622,2.25);
#1091=CIRCLE('',#2625,2.25);
#1092=CIRCLE('',#2629,0.55);
#1093=CIRCLE('',#2630,0.55);
#1094=CIRCLE('',#2634,0.55);
#1095=CIRCLE('',#2635,0.55);
#1096=CIRCLE('',#2639,0.55);
#1097=CIRCLE('',#2640,0.55);
#1098=CIRCLE('',#2694,0.941305717362382);
#1099=CIRCLE('',#2695,1.1);
#1100=CIRCLE('',#2698,2.25);
#1101=CIRCLE('',#2699,2.25);
#1102=CIRCLE('',#2701,5.75);
#1103=CIRCLE('',#2702,5.75);
#1104=CIRCLE('',#2704,2.6);
#1105=CIRCLE('',#2705,2.6);
#1106=CIRCLE('',#2710,1.4);
#1107=CIRCLE('',#2711,1.4);
#1108=CIRCLE('',#2716,1.4);
#1109=CIRCLE('',#2717,1.4);
#1110=CIRCLE('',#2734,1.25);
#1111=CIRCLE('',#2738,1.25);
#1112=CIRCLE('',#2747,1.25);
#1113=CIRCLE('',#2748,1.25);
#1114=CIRCLE('',#2752,1.25);
#1115=CIRCLE('',#2757,1.25);
#1116=CIRCLE('',#2775,0.5);
#1117=CIRCLE('',#2777,0.5);
#1118=CIRCLE('',#2779,0.5);
#1119=CIRCLE('',#2781,0.5);
#1120=CIRCLE('',#2782,1.);
#1121=CIRCLE('',#2783,1.);
#1122=CIRCLE('',#2785,1.);
#1123=CIRCLE('',#2801,0.5);
#1124=CIRCLE('',#2803,0.5);
#1125=CIRCLE('',#2805,0.5);
#1126=CIRCLE('',#2807,0.5);
#1127=CIRCLE('',#2808,1.);
#1128=CIRCLE('',#2809,1.);
#1129=CIRCLE('',#2811,1.);
#1130=VERTEX_POINT('',#3500);
#1131=VERTEX_POINT('',#3502);
#1132=VERTEX_POINT('',#3507);
#1133=VERTEX_POINT('',#3509);
#1134=VERTEX_POINT('',#3514);
#1135=VERTEX_POINT('',#3520);
#1136=VERTEX_POINT('',#3522);
#1137=VERTEX_POINT('',#3528);
#1138=VERTEX_POINT('',#3530);
#1139=VERTEX_POINT('',#3536);
#1140=VERTEX_POINT('',#3538);
#1141=VERTEX_POINT('',#3545);
#1142=VERTEX_POINT('',#3546);
#1143=VERTEX_POINT('',#3548);
#1144=VERTEX_POINT('',#3550);
#1145=VERTEX_POINT('',#3554);
#1146=VERTEX_POINT('',#3555);
#1147=VERTEX_POINT('',#3557);
#1148=VERTEX_POINT('',#3559);
#1149=VERTEX_POINT('',#3569);
#1150=VERTEX_POINT('',#3571);
#1151=VERTEX_POINT('',#3575);
#1152=VERTEX_POINT('',#3579);
#1153=VERTEX_POINT('',#3580);
#1154=VERTEX_POINT('',#3582);
#1155=VERTEX_POINT('',#3584);
#1156=VERTEX_POINT('',#3587);
#1157=VERTEX_POINT('',#3588);
#1158=VERTEX_POINT('',#3590);
#1159=VERTEX_POINT('',#3592);
#1160=VERTEX_POINT('',#3595);
#1161=VERTEX_POINT('',#3596);
#1162=VERTEX_POINT('',#3598);
#1163=VERTEX_POINT('',#3600);
#1164=VERTEX_POINT('',#3604);
#1165=VERTEX_POINT('',#3606);
#1166=VERTEX_POINT('',#3610);
#1167=VERTEX_POINT('',#3612);
#1168=VERTEX_POINT('',#3620);
#1169=VERTEX_POINT('',#3622);
#1170=VERTEX_POINT('',#3626);
#1171=VERTEX_POINT('',#3630);
#1172=VERTEX_POINT('',#3632);
#1173=VERTEX_POINT('',#3636);
#1174=VERTEX_POINT('',#3638);
#1175=VERTEX_POINT('',#3646);
#1176=VERTEX_POINT('',#3648);
#1177=VERTEX_POINT('',#3652);
#1178=VERTEX_POINT('',#3656);
#1179=VERTEX_POINT('',#3658);
#1180=VERTEX_POINT('',#3662);
#1181=VERTEX_POINT('',#3663);
#1182=VERTEX_POINT('',#3668);
#1183=VERTEX_POINT('',#3670);
#1184=VERTEX_POINT('',#3674);
#1185=VERTEX_POINT('',#3675);
#1186=VERTEX_POINT('',#3682);
#1187=VERTEX_POINT('',#3684);
#1188=VERTEX_POINT('',#3688);
#1189=VERTEX_POINT('',#3689);
#1190=VERTEX_POINT('',#3694);
#1191=VERTEX_POINT('',#3696);
#1192=VERTEX_POINT('',#3700);
#1193=VERTEX_POINT('',#3701);
#1194=VERTEX_POINT('',#3716);
#1195=VERTEX_POINT('',#3723);
#1196=VERTEX_POINT('',#3730);
#1197=VERTEX_POINT('',#3739);
#1198=VERTEX_POINT('',#3741);
#1199=VERTEX_POINT('',#3743);
#1200=VERTEX_POINT('',#3745);
#1201=VERTEX_POINT('',#3749);
#1202=VERTEX_POINT('',#3751);
#1203=VERTEX_POINT('',#3755);
#1204=VERTEX_POINT('',#3759);
#1205=VERTEX_POINT('',#3766);
#1206=VERTEX_POINT('',#3768);
#1207=VERTEX_POINT('',#3773);
#1208=VERTEX_POINT('',#3775);
#1209=VERTEX_POINT('',#3779);
#1210=VERTEX_POINT('',#3780);
#1211=VERTEX_POINT('',#3782);
#1212=VERTEX_POINT('',#3784);
#1213=VERTEX_POINT('',#3792);
#1214=VERTEX_POINT('',#3793);
#1215=VERTEX_POINT('',#3795);
#1216=VERTEX_POINT('',#3797);
#1217=VERTEX_POINT('',#3801);
#1218=VERTEX_POINT('',#3802);
#1219=VERTEX_POINT('',#3804);
#1220=VERTEX_POINT('',#3806);
#1221=VERTEX_POINT('',#3810);
#1222=VERTEX_POINT('',#3812);
#1223=VERTEX_POINT('',#3816);
#1224=VERTEX_POINT('',#3818);
#1225=VERTEX_POINT('',#3822);
#1226=VERTEX_POINT('',#3823);
#1227=VERTEX_POINT('',#3828);
#1228=VERTEX_POINT('',#3829);
#1229=VERTEX_POINT('',#3831);
#1230=VERTEX_POINT('',#3833);
#1231=VERTEX_POINT('',#3837);
#1232=VERTEX_POINT('',#3839);
#1233=VERTEX_POINT('',#3843);
#1234=VERTEX_POINT('',#3845);
#1235=VERTEX_POINT('',#3849);
#1236=VERTEX_POINT('',#3851);
#1237=VERTEX_POINT('',#3867);
#1238=VERTEX_POINT('',#3868);
#1239=VERTEX_POINT('',#3870);
#1240=VERTEX_POINT('',#3874);
#1241=VERTEX_POINT('',#3875);
#1242=VERTEX_POINT('',#3877);
#1243=VERTEX_POINT('',#3886);
#1244=VERTEX_POINT('',#3888);
#1245=VERTEX_POINT('',#3890);
#1246=VERTEX_POINT('',#3892);
#1247=VERTEX_POINT('',#3894);
#1248=VERTEX_POINT('',#3896);
#1249=VERTEX_POINT('',#3900);
#1250=VERTEX_POINT('',#3902);
#1251=VERTEX_POINT('',#3908);
#1252=VERTEX_POINT('',#3910);
#1253=VERTEX_POINT('',#3912);
#1254=VERTEX_POINT('',#3914);
#1255=VERTEX_POINT('',#3918);
#1256=VERTEX_POINT('',#3919);
#1257=VERTEX_POINT('',#3921);
#1258=VERTEX_POINT('',#3926);
#1259=VERTEX_POINT('',#3930);
#1260=VERTEX_POINT('',#3932);
#1261=VERTEX_POINT('',#3934);
#1262=VERTEX_POINT('',#3936);
#1263=VERTEX_POINT('',#3938);
#1264=VERTEX_POINT('',#3946);
#1265=VERTEX_POINT('',#3952);
#1266=VERTEX_POINT('',#3954);
#1267=VERTEX_POINT('',#3956);
#1268=VERTEX_POINT('',#3958);
#1269=VERTEX_POINT('',#3962);
#1270=VERTEX_POINT('',#3964);
#1271=VERTEX_POINT('',#3966);
#1272=VERTEX_POINT('',#3968);
#1273=VERTEX_POINT('',#3970);
#1274=VERTEX_POINT('',#3972);
#1275=VERTEX_POINT('',#3976);
#1276=VERTEX_POINT('',#3978);
#1277=VERTEX_POINT('',#3982);
#1278=VERTEX_POINT('',#3990);
#1279=VERTEX_POINT('',#3992);
#1280=VERTEX_POINT('',#3996);
#1281=VERTEX_POINT('',#4007);
#1282=VERTEX_POINT('',#4008);
#1283=VERTEX_POINT('',#4015);
#1284=VERTEX_POINT('',#4017);
#1285=VERTEX_POINT('',#4019);
#1286=VERTEX_POINT('',#4023);
#1287=VERTEX_POINT('',#4024);
#1288=VERTEX_POINT('',#4031);
#1289=VERTEX_POINT('',#4033);
#1290=VERTEX_POINT('',#4037);
#1291=VERTEX_POINT('',#4044);
#1292=VERTEX_POINT('',#4046);
#1293=VERTEX_POINT('',#4050);
#1294=VERTEX_POINT('',#4051);
#1295=VERTEX_POINT('',#4058);
#1296=VERTEX_POINT('',#4060);
#1297=VERTEX_POINT('',#4062);
#1298=VERTEX_POINT('',#4066);
#1299=VERTEX_POINT('',#4067);
#1300=VERTEX_POINT('',#4075);
#1301=VERTEX_POINT('',#4079);
#1302=VERTEX_POINT('',#4086);
#1303=VERTEX_POINT('',#4090);
#1304=VERTEX_POINT('',#4100);
#1305=VERTEX_POINT('',#4107);
#1306=VERTEX_POINT('',#4111);
#1307=VERTEX_POINT('',#4121);
#1308=VERTEX_POINT('',#4122);
#1309=VERTEX_POINT('',#4127);
#1310=VERTEX_POINT('',#4135);
#1311=VERTEX_POINT('',#4142);
#1312=VERTEX_POINT('',#4144);
#1313=VERTEX_POINT('',#4148);
#1314=VERTEX_POINT('',#4193);
#1315=VERTEX_POINT('',#4197);
#1316=VERTEX_POINT('',#4201);
#1317=VERTEX_POINT('',#4206);
#1318=VERTEX_POINT('',#4207);
#1319=VERTEX_POINT('',#4214);
#1320=VERTEX_POINT('',#4216);
#1321=VERTEX_POINT('',#4218);
#1322=VERTEX_POINT('',#4222);
#1323=VERTEX_POINT('',#4223);
#1324=VERTEX_POINT('',#4230);
#1325=VERTEX_POINT('',#4232);
#1326=VERTEX_POINT('',#4236);
#1327=VERTEX_POINT('',#4243);
#1328=VERTEX_POINT('',#4245);
#1329=VERTEX_POINT('',#4249);
#1330=VERTEX_POINT('',#4250);
#1331=VERTEX_POINT('',#4257);
#1332=VERTEX_POINT('',#4259);
#1333=VERTEX_POINT('',#4261);
#1334=VERTEX_POINT('',#4265);
#1335=VERTEX_POINT('',#4266);
#1336=VERTEX_POINT('',#4274);
#1337=VERTEX_POINT('',#4278);
#1338=VERTEX_POINT('',#4285);
#1339=VERTEX_POINT('',#4289);
#1340=VERTEX_POINT('',#4299);
#1341=VERTEX_POINT('',#4306);
#1342=VERTEX_POINT('',#4310);
#1343=VERTEX_POINT('',#4320);
#1344=VERTEX_POINT('',#4321);
#1345=VERTEX_POINT('',#4326);
#1346=VERTEX_POINT('',#4334);
#1347=VERTEX_POINT('',#4341);
#1348=VERTEX_POINT('',#4343);
#1349=VERTEX_POINT('',#4347);
#1350=VERTEX_POINT('',#4392);
#1351=VERTEX_POINT('',#4396);
#1352=VERTEX_POINT('',#4400);
#1353=EDGE_CURVE('',#1130,#1130,#1087,.T.);
#1354=EDGE_CURVE('',#1130,#1131,#533,.T.);
#1355=EDGE_CURVE('',#1131,#1131,#1088,.T.);
#1356=EDGE_CURVE('',#1132,#1132,#1089,.T.);
#1357=EDGE_CURVE('',#1132,#1133,#534,.T.);
#1358=EDGE_CURVE('',#1133,#1133,#1090,.T.);
#1359=EDGE_CURVE('',#1133,#1134,#535,.T.);
#1360=EDGE_CURVE('',#1134,#1134,#1091,.T.);
#1361=EDGE_CURVE('',#1135,#1135,#1092,.T.);
#1362=EDGE_CURVE('',#1135,#1136,#536,.T.);
#1363=EDGE_CURVE('',#1136,#1136,#1093,.T.);
#1364=EDGE_CURVE('',#1137,#1137,#1094,.T.);
#1365=EDGE_CURVE('',#1137,#1138,#537,.T.);
#1366=EDGE_CURVE('',#1138,#1138,#1095,.T.);
#1367=EDGE_CURVE('',#1139,#1139,#1096,.T.);
#1368=EDGE_CURVE('',#1139,#1140,#538,.T.);
#1369=EDGE_CURVE('',#1140,#1140,#1097,.T.);
#1370=EDGE_CURVE('',#1141,#1142,#539,.T.);
#1371=EDGE_CURVE('',#1142,#1143,#540,.T.);
#1372=EDGE_CURVE('',#1143,#1144,#541,.T.);
#1373=EDGE_CURVE('',#1141,#1144,#542,.T.);
#1374=EDGE_CURVE('',#1145,#1146,#543,.T.);
#1375=EDGE_CURVE('',#1146,#1147,#544,.T.);
#1376=EDGE_CURVE('',#1147,#1148,#545,.T.);
#1377=EDGE_CURVE('',#1148,#1145,#546,.T.);
#1378=EDGE_CURVE('',#1144,#1147,#547,.T.);
#1379=EDGE_CURVE('',#1146,#1141,#548,.T.);
#1380=EDGE_CURVE('',#1142,#1145,#549,.T.);
#1381=EDGE_CURVE('',#1148,#1143,#550,.T.);
#1382=EDGE_CURVE('',#1148,#1149,#551,.T.);
#1383=EDGE_CURVE('',#1149,#1150,#552,.T.);
#1384=EDGE_CURVE('',#1143,#1150,#553,.T.);
#1385=EDGE_CURVE('',#1147,#1151,#554,.T.);
#1386=EDGE_CURVE('',#1151,#1149,#555,.T.);
#1387=EDGE_CURVE('',#1152,#1153,#556,.T.);
#1388=EDGE_CURVE('',#1154,#1152,#557,.T.);
#1389=EDGE_CURVE('',#1155,#1154,#558,.T.);
#1390=EDGE_CURVE('',#1153,#1155,#559,.T.);
#1391=EDGE_CURVE('',#1156,#1157,#560,.T.);
#1392=EDGE_CURVE('',#1158,#1156,#561,.T.);
#1393=EDGE_CURVE('',#1159,#1158,#562,.T.);
#1394=EDGE_CURVE('',#1157,#1159,#563,.T.);
#1395=EDGE_CURVE('',#1160,#1161,#564,.T.);
#1396=EDGE_CURVE('',#1162,#1160,#565,.T.);
#1397=EDGE_CURVE('',#1163,#1162,#566,.T.);
#1398=EDGE_CURVE('',#1161,#1163,#567,.T.);
#1399=EDGE_CURVE('',#1158,#1164,#568,.T.);
#1400=EDGE_CURVE('',#1164,#1165,#569,.T.);
#1401=EDGE_CURVE('',#1159,#1165,#570,.T.);
#1402=EDGE_CURVE('',#1157,#1166,#571,.T.);
#1403=EDGE_CURVE('',#1166,#1167,#572,.T.);
#1404=EDGE_CURVE('',#1167,#1156,#573,.T.);
#1405=EDGE_CURVE('',#1165,#1166,#574,.T.);
#1406=EDGE_CURVE('',#1167,#1164,#575,.T.);
#1407=EDGE_CURVE('',#1167,#1168,#576,.T.);
#1408=EDGE_CURVE('',#1168,#1169,#577,.T.);
#1409=EDGE_CURVE('',#1164,#1169,#578,.T.);
#1410=EDGE_CURVE('',#1166,#1170,#579,.T.);
#1411=EDGE_CURVE('',#1170,#1168,#580,.T.);
#1412=EDGE_CURVE('',#1162,#1171,#581,.T.);
#1413=EDGE_CURVE('',#1171,#1172,#582,.T.);
#1414=EDGE_CURVE('',#1163,#1172,#583,.T.);
#1415=EDGE_CURVE('',#1161,#1173,#584,.T.);
#1416=EDGE_CURVE('',#1173,#1174,#585,.T.);
#1417=EDGE_CURVE('',#1174,#1160,#586,.T.);
#1418=EDGE_CURVE('',#1172,#1173,#587,.T.);
#1419=EDGE_CURVE('',#1174,#1171,#588,.T.);
#1420=EDGE_CURVE('',#1174,#1175,#589,.T.);
#1421=EDGE_CURVE('',#1175,#1176,#590,.T.);
#1422=EDGE_CURVE('',#1171,#1176,#591,.T.);
#1423=EDGE_CURVE('',#1173,#1177,#592,.T.);
#1424=EDGE_CURVE('',#1177,#1175,#593,.T.);
#1425=EDGE_CURVE('',#1178,#1152,#594,.T.);
#1426=EDGE_CURVE('',#1179,#1178,#595,.T.);
#1427=EDGE_CURVE('',#1152,#1179,#596,.T.);
#1428=EDGE_CURVE('',#1180,#1181,#597,.F.);
#1429=EDGE_CURVE('',#1181,#1179,#598,.T.);
#1430=EDGE_CURVE('',#1178,#1180,#599,.T.);
#1431=EDGE_CURVE('',#1182,#1153,#600,.T.);
#1432=EDGE_CURVE('',#1183,#1182,#601,.T.);
#1433=EDGE_CURVE('',#1153,#1183,#602,.T.);
#1434=EDGE_CURVE('',#1184,#1185,#603,.F.);
#1435=EDGE_CURVE('',#1185,#1183,#604,.T.);
#1436=EDGE_CURVE('',#1182,#1184,#605,.T.);
#1437=EDGE_CURVE('',#1183,#1178,#606,.T.);
#1438=EDGE_CURVE('',#1186,#1154,#607,.T.);
#1439=EDGE_CURVE('',#1187,#1186,#608,.T.);
#1440=EDGE_CURVE('',#1154,#1187,#609,.T.);
#1441=EDGE_CURVE('',#1188,#1189,#610,.F.);
#1442=EDGE_CURVE('',#1189,#1187,#611,.T.);
#1443=EDGE_CURVE('',#1186,#1188,#612,.T.);
#1444=EDGE_CURVE('',#1190,#1155,#613,.T.);
#1445=EDGE_CURVE('',#1191,#1190,#614,.T.);
#1446=EDGE_CURVE('',#1155,#1191,#615,.T.);
#1447=EDGE_CURVE('',#1192,#1193,#616,.F.);
#1448=EDGE_CURVE('',#1193,#1191,#617,.T.);
#1449=EDGE_CURVE('',#1190,#1192,#618,.T.);
#1450=EDGE_CURVE('',#1191,#1182,#619,.T.);
#1451=EDGE_CURVE('',#1187,#1190,#620,.T.);
#1452=EDGE_CURVE('',#1179,#1186,#621,.T.);
#1453=EDGE_CURVE('',#1180,#1185,#622,.T.);
#1454=EDGE_CURVE('',#1184,#1193,#623,.T.);
#1455=EDGE_CURVE('',#1172,#1194,#624,.T.);
#1456=EDGE_CURVE('',#1194,#1177,#625,.T.);
#1457=EDGE_CURVE('',#1176,#1194,#626,.T.);
#1458=EDGE_CURVE('',#1165,#1195,#627,.T.);
#1459=EDGE_CURVE('',#1195,#1170,#628,.T.);
#1460=EDGE_CURVE('',#1169,#1195,#629,.T.);
#1461=EDGE_CURVE('',#1144,#1196,#630,.T.);
#1462=EDGE_CURVE('',#1196,#1151,#631,.T.);
#1463=EDGE_CURVE('',#1150,#1196,#632,.T.);
#1464=EDGE_CURVE('',#1188,#1181,#633,.T.);
#1465=EDGE_CURVE('',#1192,#1197,#634,.T.);
#1466=EDGE_CURVE('',#1197,#1198,#635,.T.);
#1467=EDGE_CURVE('',#1198,#1199,#636,.T.);
#1468=EDGE_CURVE('',#1199,#1200,#637,.T.);
#1469=EDGE_CURVE('',#1200,#1189,#638,.T.);
#1470=EDGE_CURVE('',#1197,#1201,#639,.T.);
#1471=EDGE_CURVE('',#1202,#1201,#640,.T.);
#1472=EDGE_CURVE('',#1198,#1202,#641,.T.);
#1473=EDGE_CURVE('',#1203,#1202,#642,.T.);
#1474=EDGE_CURVE('',#1199,#1203,#643,.T.);
#1475=EDGE_CURVE('',#1204,#1203,#644,.T.);
#1476=EDGE_CURVE('',#1200,#1204,#645,.T.);
#1477=EDGE_CURVE('',#1201,#1204,#646,.T.);
#1478=EDGE_CURVE('',#1205,#1205,#1098,.T.);
#1479=EDGE_CURVE('',#1205,#1206,#647,.T.);
#1480=EDGE_CURVE('',#1206,#1206,#1099,.T.);
#1481=EDGE_CURVE('',#1207,#1207,#1100,.T.);
#1482=EDGE_CURVE('',#1207,#1208,#648,.T.);
#1483=EDGE_CURVE('',#1208,#1208,#1101,.T.);
#1484=EDGE_CURVE('',#1209,#1210,#1102,.T.);
#1485=EDGE_CURVE('',#1209,#1211,#649,.T.);
#1486=EDGE_CURVE('',#1212,#1211,#1103,.T.);
#1487=EDGE_CURVE('',#1210,#1212,#650,.T.);
#1488=EDGE_CURVE('',#1210,#1209,#1104,.T.);
#1489=EDGE_CURVE('',#1211,#1212,#1105,.T.);
#1490=EDGE_CURVE('',#1213,#1214,#651,.T.);
#1491=EDGE_CURVE('',#1214,#1215,#652,.T.);
#1492=EDGE_CURVE('',#1215,#1216,#653,.T.);
#1493=EDGE_CURVE('',#1216,#1213,#654,.T.);
#1494=EDGE_CURVE('',#1217,#1218,#655,.T.);
#1495=EDGE_CURVE('',#1218,#1219,#656,.T.);
#1496=EDGE_CURVE('',#1220,#1219,#657,.T.);
#1497=EDGE_CURVE('',#1217,#1220,#658,.T.);
#1498=EDGE_CURVE('',#1221,#1217,#1106,.T.);
#1499=EDGE_CURVE('',#1222,#1220,#1107,.T.);
#1500=EDGE_CURVE('',#1221,#1222,#659,.T.);
#1501=EDGE_CURVE('',#1223,#1221,#660,.T.);
#1502=EDGE_CURVE('',#1224,#1222,#661,.T.);
#1503=EDGE_CURVE('',#1223,#1224,#662,.T.);
#1504=EDGE_CURVE('',#1225,#1226,#663,.T.);
#1505=EDGE_CURVE('',#1225,#1224,#664,.T.);
#1506=EDGE_CURVE('',#1219,#1226,#665,.T.);
#1507=EDGE_CURVE('',#1227,#1228,#666,.T.);
#1508=EDGE_CURVE('',#1228,#1229,#667,.T.);
#1509=EDGE_CURVE('',#1230,#1229,#668,.T.);
#1510=EDGE_CURVE('',#1227,#1230,#669,.T.);
#1511=EDGE_CURVE('',#1231,#1227,#1108,.T.);
#1512=EDGE_CURVE('',#1232,#1230,#1109,.T.);
#1513=EDGE_CURVE('',#1231,#1232,#670,.T.);
#1514=EDGE_CURVE('',#1233,#1231,#671,.T.);
#1515=EDGE_CURVE('',#1234,#1232,#672,.T.);
#1516=EDGE_CURVE('',#1233,#1234,#673,.T.);
#1517=EDGE_CURVE('',#1229,#1235,#674,.T.);
#1518=EDGE_CURVE('',#1236,#1235,#675,.T.);
#1519=EDGE_CURVE('',#1236,#1234,#676,.T.);
#1520=EDGE_CURVE('',#1215,#1235,#677,.T.);
#1521=EDGE_CURVE('',#1214,#1236,#678,.T.);
#1522=EDGE_CURVE('',#1228,#1223,#679,.T.);
#1523=EDGE_CURVE('',#1216,#1225,#680,.T.);
#1524=EDGE_CURVE('',#1213,#1226,#681,.T.);
#1525=EDGE_CURVE('',#1218,#1233,#682,.T.);
#1526=EDGE_CURVE('',#1237,#1238,#683,.T.);
#1527=EDGE_CURVE('',#1237,#1239,#684,.T.);
#1528=EDGE_CURVE('',#1239,#1238,#685,.T.);
#1529=EDGE_CURVE('',#1240,#1241,#686,.T.);
#1530=EDGE_CURVE('',#1240,#1242,#687,.T.);
#1531=EDGE_CURVE('',#1241,#1242,#688,.T.);
#1532=EDGE_CURVE('',#1241,#1237,#689,.T.);
#1533=EDGE_CURVE('',#1242,#1239,#690,.T.);
#1534=EDGE_CURVE('',#1240,#1238,#691,.T.);
#1535=EDGE_CURVE('',#1238,#1243,#692,.T.);
#1536=EDGE_CURVE('',#1243,#1244,#693,.T.);
#1537=EDGE_CURVE('',#1244,#1245,#53,.T.);
#1538=EDGE_CURVE('',#1245,#1246,#694,.T.);
#1539=EDGE_CURVE('',#1246,#1247,#54,.T.);
#1540=EDGE_CURVE('',#1247,#1248,#695,.T.);
#1541=EDGE_CURVE('',#1248,#1240,#696,.T.);
#1542=EDGE_CURVE('',#1244,#1249,#697,.T.);
#1543=EDGE_CURVE('',#1249,#1250,#1110,.T.);
#1544=EDGE_CURVE('',#1245,#1250,#698,.T.);
#1545=EDGE_CURVE('',#1243,#1249,#699,.T.);
#1546=EDGE_CURVE('',#1248,#1251,#700,.T.);
#1547=EDGE_CURVE('',#1252,#1251,#701,.T.);
#1548=EDGE_CURVE('',#1253,#1252,#702,.T.);
#1549=EDGE_CURVE('',#1253,#1254,#703,.T.);
#1550=EDGE_CURVE('',#1254,#1243,#704,.T.);
#1551=EDGE_CURVE('',#1255,#1256,#1111,.T.);
#1552=EDGE_CURVE('',#1257,#1255,#705,.T.);
#1553=EDGE_CURVE('',#1251,#1257,#706,.T.);
#1554=EDGE_CURVE('',#1256,#1248,#707,.T.);
#1555=EDGE_CURVE('',#1258,#1254,#708,.T.);
#1556=EDGE_CURVE('',#1250,#1258,#709,.T.);
#1557=EDGE_CURVE('',#1259,#1258,#710,.T.);
#1558=EDGE_CURVE('',#1260,#1253,#711,.T.);
#1559=EDGE_CURVE('',#1260,#1261,#712,.T.);
#1560=EDGE_CURVE('',#1261,#1262,#713,.T.);
#1561=EDGE_CURVE('',#1262,#1263,#714,.T.);
#1562=EDGE_CURVE('',#1259,#1263,#715,.T.);
#1563=EDGE_CURVE('',#1245,#1259,#716,.T.);
#1564=EDGE_CURVE('',#1247,#1256,#717,.T.);
#1565=EDGE_CURVE('',#1264,#1246,#718,.T.);
#1566=EDGE_CURVE('',#1257,#1264,#719,.T.);
#1567=EDGE_CURVE('',#1246,#1255,#720,.T.);
#1568=EDGE_CURVE('',#1265,#1264,#721,.T.);
#1569=EDGE_CURVE('',#1265,#1266,#722,.T.);
#1570=EDGE_CURVE('',#1266,#1267,#723,.T.);
#1571=EDGE_CURVE('',#1268,#1267,#724,.T.);
#1572=EDGE_CURVE('',#1252,#1268,#725,.T.);
#1573=EDGE_CURVE('',#1263,#1269,#726,.T.);
#1574=EDGE_CURVE('',#1269,#1270,#1112,.T.);
#1575=EDGE_CURVE('',#1270,#1271,#727,.T.);
#1576=EDGE_CURVE('',#1271,#1272,#728,.T.);
#1577=EDGE_CURVE('',#1272,#1273,#729,.T.);
#1578=EDGE_CURVE('',#1273,#1274,#1113,.T.);
#1579=EDGE_CURVE('',#1274,#1265,#730,.T.);
#1580=EDGE_CURVE('',#1270,#1275,#731,.T.);
#1581=EDGE_CURVE('',#1276,#1275,#732,.T.);
#1582=EDGE_CURVE('',#1271,#1276,#733,.T.);
#1583=EDGE_CURVE('',#1277,#1262,#734,.T.);
#1584=EDGE_CURVE('',#1269,#1277,#735,.T.);
#1585=EDGE_CURVE('',#1275,#1277,#1114,.T.);
#1586=EDGE_CURVE('',#1276,#1261,#736,.T.);
#1587=EDGE_CURVE('',#1278,#1272,#737,.T.);
#1588=EDGE_CURVE('',#1278,#1279,#738,.T.);
#1589=EDGE_CURVE('',#1273,#1279,#739,.T.);
#1590=EDGE_CURVE('',#1274,#1280,#740,.T.);
#1591=EDGE_CURVE('',#1280,#1266,#741,.T.);
#1592=EDGE_CURVE('',#1279,#1280,#1115,.T.);
#1593=EDGE_CURVE('',#1267,#1278,#742,.T.);
#1594=EDGE_CURVE('',#1268,#1260,#743,.T.);
#1595=EDGE_CURVE('',#1281,#1282,#27,.T.);
#1596=EDGE_CURVE('',#1281,#1283,#744,.T.);
#1597=EDGE_CURVE('',#1283,#1284,#745,.T.);
#1598=EDGE_CURVE('',#1285,#1284,#746,.T.);
#1599=EDGE_CURVE('',#1282,#1285,#747,.T.);
#1600=EDGE_CURVE('',#1286,#1287,#28,.T.);
#1601=EDGE_CURVE('',#1286,#1288,#748,.T.);
#1602=EDGE_CURVE('',#1288,#1289,#749,.T.);
#1603=EDGE_CURVE('',#1287,#1289,#750,.T.);
#1604=EDGE_CURVE('',#1287,#1290,#29,.T.);
#1605=EDGE_CURVE('',#1289,#1291,#751,.T.);
#1606=EDGE_CURVE('',#1292,#1291,#752,.T.);
#1607=EDGE_CURVE('',#1290,#1292,#753,.T.);
#1608=EDGE_CURVE('',#1293,#1294,#30,.T.);
#1609=EDGE_CURVE('',#1293,#1295,#754,.T.);
#1610=EDGE_CURVE('',#1295,#1296,#755,.T.);
#1611=EDGE_CURVE('',#1297,#1296,#756,.T.);
#1612=EDGE_CURVE('',#1294,#1297,#757,.T.);
#1613=EDGE_CURVE('',#1298,#1299,#31,.T.);
#1614=EDGE_CURVE('',#1292,#1298,#758,.T.);
#1615=EDGE_CURVE('',#1291,#1300,#759,.T.);
#1616=EDGE_CURVE('',#1299,#1300,#760,.T.);
#1617=EDGE_CURVE('',#1299,#1301,#32,.T.);
#1618=EDGE_CURVE('',#1300,#1302,#761,.T.);
#1619=EDGE_CURVE('',#1301,#1302,#762,.T.);
#1620=EDGE_CURVE('',#1303,#1286,#33,.T.);
#1621=EDGE_CURVE('',#1285,#1303,#763,.T.);
#1622=EDGE_CURVE('',#1284,#1288,#764,.T.);
#1623=EDGE_CURVE('',#1304,#1281,#34,.T.);
#1624=EDGE_CURVE('',#1304,#1305,#765,.T.);
#1625=EDGE_CURVE('',#1305,#1283,#766,.T.);
#1626=EDGE_CURVE('',#1306,#1304,#35,.T.);
#1627=EDGE_CURVE('',#1297,#1306,#767,.T.);
#1628=EDGE_CURVE('',#1296,#1305,#768,.T.);
#1629=EDGE_CURVE('',#1307,#1308,#36,.T.);
#1630=EDGE_CURVE('',#1307,#1309,#769,.T.);
#1631=EDGE_CURVE('',#1309,#1295,#770,.T.);
#1632=EDGE_CURVE('',#1308,#1293,#37,.T.);
#1633=EDGE_CURVE('',#1310,#1307,#38,.T.);
#1634=EDGE_CURVE('',#1311,#1310,#771,.T.);
#1635=EDGE_CURVE('',#1311,#1312,#772,.T.);
#1636=EDGE_CURVE('',#1312,#1309,#773,.T.);
#1637=EDGE_CURVE('',#1301,#1313,#39,.T.);
#1638=EDGE_CURVE('',#1302,#1312,#774,.T.);
#1639=EDGE_CURVE('',#1313,#1311,#775,.T.);
#1640=EDGE_CURVE('',#1290,#1298,#1116,.T.);
#1641=EDGE_CURVE('',#1313,#1310,#1117,.T.);
#1642=EDGE_CURVE('',#1294,#1306,#1118,.T.);
#1643=EDGE_CURVE('',#1282,#1303,#1119,.T.);
#1644=EDGE_CURVE('',#1308,#1314,#23,.T.);
#1645=EDGE_CURVE('',#1314,#1315,#1120,.T.);
#1646=EDGE_CURVE('',#1315,#1314,#1121,.T.);
#1647=EDGE_CURVE('',#1315,#1316,#776,.T.);
#1648=EDGE_CURVE('',#1316,#1316,#1122,.T.);
#1649=EDGE_CURVE('',#1317,#1318,#40,.T.);
#1650=EDGE_CURVE('',#1317,#1319,#777,.T.);
#1651=EDGE_CURVE('',#1319,#1320,#778,.T.);
#1652=EDGE_CURVE('',#1321,#1320,#779,.T.);
#1653=EDGE_CURVE('',#1318,#1321,#780,.T.);
#1654=EDGE_CURVE('',#1322,#1323,#41,.T.);
#1655=EDGE_CURVE('',#1322,#1324,#781,.T.);
#1656=EDGE_CURVE('',#1324,#1325,#782,.T.);
#1657=EDGE_CURVE('',#1323,#1325,#783,.T.);
#1658=EDGE_CURVE('',#1323,#1326,#42,.T.);
#1659=EDGE_CURVE('',#1325,#1327,#784,.T.);
#1660=EDGE_CURVE('',#1328,#1327,#785,.T.);
#1661=EDGE_CURVE('',#1326,#1328,#786,.T.);
#1662=EDGE_CURVE('',#1329,#1330,#43,.T.);
#1663=EDGE_CURVE('',#1329,#1331,#787,.T.);
#1664=EDGE_CURVE('',#1331,#1332,#788,.T.);
#1665=EDGE_CURVE('',#1333,#1332,#789,.T.);
#1666=EDGE_CURVE('',#1330,#1333,#790,.T.);
#1667=EDGE_CURVE('',#1334,#1335,#44,.T.);
#1668=EDGE_CURVE('',#1328,#1334,#791,.T.);
#1669=EDGE_CURVE('',#1327,#1336,#792,.T.);
#1670=EDGE_CURVE('',#1335,#1336,#793,.T.);
#1671=EDGE_CURVE('',#1335,#1337,#45,.T.);
#1672=EDGE_CURVE('',#1336,#1338,#794,.T.);
#1673=EDGE_CURVE('',#1337,#1338,#795,.T.);
#1674=EDGE_CURVE('',#1339,#1322,#46,.T.);
#1675=EDGE_CURVE('',#1321,#1339,#796,.T.);
#1676=EDGE_CURVE('',#1320,#1324,#797,.T.);
#1677=EDGE_CURVE('',#1340,#1317,#47,.T.);
#1678=EDGE_CURVE('',#1340,#1341,#798,.T.);
#1679=EDGE_CURVE('',#1341,#1319,#799,.T.);
#1680=EDGE_CURVE('',#1342,#1340,#48,.T.);
#1681=EDGE_CURVE('',#1333,#1342,#800,.T.);
#1682=EDGE_CURVE('',#1332,#1341,#801,.T.);
#1683=EDGE_CURVE('',#1343,#1344,#49,.T.);
#1684=EDGE_CURVE('',#1343,#1345,#802,.T.);
#1685=EDGE_CURVE('',#1345,#1331,#803,.T.);
#1686=EDGE_CURVE('',#1344,#1329,#50,.T.);
#1687=EDGE_CURVE('',#1346,#1343,#51,.T.);
#1688=EDGE_CURVE('',#1347,#1346,#804,.T.);
#1689=EDGE_CURVE('',#1347,#1348,#805,.T.);
#1690=EDGE_CURVE('',#1348,#1345,#806,.T.);
#1691=EDGE_CURVE('',#1337,#1349,#52,.T.);
#1692=EDGE_CURVE('',#1338,#1348,#807,.T.);
#1693=EDGE_CURVE('',#1349,#1347,#808,.T.);
#1694=EDGE_CURVE('',#1326,#1334,#1123,.T.);
#1695=EDGE_CURVE('',#1349,#1346,#1124,.T.);
#1696=EDGE_CURVE('',#1330,#1342,#1125,.T.);
#1697=EDGE_CURVE('',#1318,#1339,#1126,.T.);
#1698=EDGE_CURVE('',#1344,#1350,#24,.T.);
#1699=EDGE_CURVE('',#1350,#1351,#1127,.T.);
#1700=EDGE_CURVE('',#1351,#1350,#1128,.T.);
#1701=EDGE_CURVE('',#1351,#1352,#809,.T.);
#1702=EDGE_CURVE('',#1352,#1352,#1129,.T.);
#1703=ORIENTED_EDGE('',*,*,#1353,.F.);
#1704=ORIENTED_EDGE('',*,*,#1354,.T.);
#1705=ORIENTED_EDGE('',*,*,#1355,.T.);
#1706=ORIENTED_EDGE('',*,*,#1354,.F.);
#1707=ORIENTED_EDGE('',*,*,#1355,.F.);
#1708=ORIENTED_EDGE('',*,*,#1356,.T.);
#1709=ORIENTED_EDGE('',*,*,#1357,.T.);
#1710=ORIENTED_EDGE('',*,*,#1358,.T.);
#1711=ORIENTED_EDGE('',*,*,#1357,.F.);
#1712=ORIENTED_EDGE('',*,*,#1356,.F.);
#1713=ORIENTED_EDGE('',*,*,#1353,.T.);
#1714=ORIENTED_EDGE('',*,*,#1358,.F.);
#1715=ORIENTED_EDGE('',*,*,#1359,.T.);
#1716=ORIENTED_EDGE('',*,*,#1360,.T.);
#1717=ORIENTED_EDGE('',*,*,#1359,.F.);
#1718=ORIENTED_EDGE('',*,*,#1360,.F.);
#1719=ORIENTED_EDGE('',*,*,#1361,.F.);
#1720=ORIENTED_EDGE('',*,*,#1362,.T.);
#1721=ORIENTED_EDGE('',*,*,#1363,.T.);
#1722=ORIENTED_EDGE('',*,*,#1362,.F.);
#1723=ORIENTED_EDGE('',*,*,#1361,.T.);
#1724=ORIENTED_EDGE('',*,*,#1363,.F.);
#1725=ORIENTED_EDGE('',*,*,#1364,.F.);
#1726=ORIENTED_EDGE('',*,*,#1365,.T.);
#1727=ORIENTED_EDGE('',*,*,#1366,.T.);
#1728=ORIENTED_EDGE('',*,*,#1365,.F.);
#1729=ORIENTED_EDGE('',*,*,#1364,.T.);
#1730=ORIENTED_EDGE('',*,*,#1366,.F.);
#1731=ORIENTED_EDGE('',*,*,#1367,.F.);
#1732=ORIENTED_EDGE('',*,*,#1368,.T.);
#1733=ORIENTED_EDGE('',*,*,#1369,.T.);
#1734=ORIENTED_EDGE('',*,*,#1368,.F.);
#1735=ORIENTED_EDGE('',*,*,#1367,.T.);
#1736=ORIENTED_EDGE('',*,*,#1369,.F.);
#1737=ORIENTED_EDGE('',*,*,#1370,.T.);
#1738=ORIENTED_EDGE('',*,*,#1371,.T.);
#1739=ORIENTED_EDGE('',*,*,#1372,.T.);
#1740=ORIENTED_EDGE('',*,*,#1373,.F.);
#1741=ORIENTED_EDGE('',*,*,#1374,.T.);
#1742=ORIENTED_EDGE('',*,*,#1375,.T.);
#1743=ORIENTED_EDGE('',*,*,#1376,.T.);
#1744=ORIENTED_EDGE('',*,*,#1377,.T.);
#1745=ORIENTED_EDGE('',*,*,#1378,.T.);
#1746=ORIENTED_EDGE('',*,*,#1375,.F.);
#1747=ORIENTED_EDGE('',*,*,#1379,.T.);
#1748=ORIENTED_EDGE('',*,*,#1373,.T.);
#1749=ORIENTED_EDGE('',*,*,#1380,.T.);
#1750=ORIENTED_EDGE('',*,*,#1377,.F.);
#1751=ORIENTED_EDGE('',*,*,#1381,.T.);
#1752=ORIENTED_EDGE('',*,*,#1371,.F.);
#1753=ORIENTED_EDGE('',*,*,#1381,.F.);
#1754=ORIENTED_EDGE('',*,*,#1382,.T.);
#1755=ORIENTED_EDGE('',*,*,#1383,.T.);
#1756=ORIENTED_EDGE('',*,*,#1384,.F.);
#1757=ORIENTED_EDGE('',*,*,#1376,.F.);
#1758=ORIENTED_EDGE('',*,*,#1385,.T.);
#1759=ORIENTED_EDGE('',*,*,#1386,.T.);
#1760=ORIENTED_EDGE('',*,*,#1382,.F.);
#1761=ORIENTED_EDGE('',*,*,#1387,.F.);
#1762=ORIENTED_EDGE('',*,*,#1388,.F.);
#1763=ORIENTED_EDGE('',*,*,#1389,.F.);
#1764=ORIENTED_EDGE('',*,*,#1390,.F.);
#1765=ORIENTED_EDGE('',*,*,#1391,.F.);
#1766=ORIENTED_EDGE('',*,*,#1392,.F.);
#1767=ORIENTED_EDGE('',*,*,#1393,.F.);
#1768=ORIENTED_EDGE('',*,*,#1394,.F.);
#1769=ORIENTED_EDGE('',*,*,#1395,.F.);
#1770=ORIENTED_EDGE('',*,*,#1396,.F.);
#1771=ORIENTED_EDGE('',*,*,#1397,.F.);
#1772=ORIENTED_EDGE('',*,*,#1398,.F.);
#1773=ORIENTED_EDGE('',*,*,#1374,.F.);
#1774=ORIENTED_EDGE('',*,*,#1380,.F.);
#1775=ORIENTED_EDGE('',*,*,#1370,.F.);
#1776=ORIENTED_EDGE('',*,*,#1379,.F.);
#1777=ORIENTED_EDGE('',*,*,#1393,.T.);
#1778=ORIENTED_EDGE('',*,*,#1399,.T.);
#1779=ORIENTED_EDGE('',*,*,#1400,.T.);
#1780=ORIENTED_EDGE('',*,*,#1401,.F.);
#1781=ORIENTED_EDGE('',*,*,#1391,.T.);
#1782=ORIENTED_EDGE('',*,*,#1402,.T.);
#1783=ORIENTED_EDGE('',*,*,#1403,.T.);
#1784=ORIENTED_EDGE('',*,*,#1404,.T.);
#1785=ORIENTED_EDGE('',*,*,#1405,.T.);
#1786=ORIENTED_EDGE('',*,*,#1402,.F.);
#1787=ORIENTED_EDGE('',*,*,#1394,.T.);
#1788=ORIENTED_EDGE('',*,*,#1401,.T.);
#1789=ORIENTED_EDGE('',*,*,#1392,.T.);
#1790=ORIENTED_EDGE('',*,*,#1404,.F.);
#1791=ORIENTED_EDGE('',*,*,#1406,.T.);
#1792=ORIENTED_EDGE('',*,*,#1399,.F.);
#1793=ORIENTED_EDGE('',*,*,#1406,.F.);
#1794=ORIENTED_EDGE('',*,*,#1407,.T.);
#1795=ORIENTED_EDGE('',*,*,#1408,.T.);
#1796=ORIENTED_EDGE('',*,*,#1409,.F.);
#1797=ORIENTED_EDGE('',*,*,#1403,.F.);
#1798=ORIENTED_EDGE('',*,*,#1410,.T.);
#1799=ORIENTED_EDGE('',*,*,#1411,.T.);
#1800=ORIENTED_EDGE('',*,*,#1407,.F.);
#1801=ORIENTED_EDGE('',*,*,#1397,.T.);
#1802=ORIENTED_EDGE('',*,*,#1412,.T.);
#1803=ORIENTED_EDGE('',*,*,#1413,.T.);
#1804=ORIENTED_EDGE('',*,*,#1414,.F.);
#1805=ORIENTED_EDGE('',*,*,#1395,.T.);
#1806=ORIENTED_EDGE('',*,*,#1415,.T.);
#1807=ORIENTED_EDGE('',*,*,#1416,.T.);
#1808=ORIENTED_EDGE('',*,*,#1417,.T.);
#1809=ORIENTED_EDGE('',*,*,#1418,.T.);
#1810=ORIENTED_EDGE('',*,*,#1415,.F.);
#1811=ORIENTED_EDGE('',*,*,#1398,.T.);
#1812=ORIENTED_EDGE('',*,*,#1414,.T.);
#1813=ORIENTED_EDGE('',*,*,#1396,.T.);
#1814=ORIENTED_EDGE('',*,*,#1417,.F.);
#1815=ORIENTED_EDGE('',*,*,#1419,.T.);
#1816=ORIENTED_EDGE('',*,*,#1412,.F.);
#1817=ORIENTED_EDGE('',*,*,#1419,.F.);
#1818=ORIENTED_EDGE('',*,*,#1420,.T.);
#1819=ORIENTED_EDGE('',*,*,#1421,.T.);
#1820=ORIENTED_EDGE('',*,*,#1422,.F.);
#1821=ORIENTED_EDGE('',*,*,#1416,.F.);
#1822=ORIENTED_EDGE('',*,*,#1423,.T.);
#1823=ORIENTED_EDGE('',*,*,#1424,.T.);
#1824=ORIENTED_EDGE('',*,*,#1420,.F.);
#1825=ORIENTED_EDGE('',*,*,#1425,.F.);
#1826=ORIENTED_EDGE('',*,*,#1426,.F.);
#1827=ORIENTED_EDGE('',*,*,#1427,.F.);
#1828=ORIENTED_EDGE('',*,*,#1428,.T.);
#1829=ORIENTED_EDGE('',*,*,#1429,.T.);
#1830=ORIENTED_EDGE('',*,*,#1426,.T.);
#1831=ORIENTED_EDGE('',*,*,#1430,.T.);
#1832=ORIENTED_EDGE('',*,*,#1431,.F.);
#1833=ORIENTED_EDGE('',*,*,#1432,.F.);
#1834=ORIENTED_EDGE('',*,*,#1433,.F.);
#1835=ORIENTED_EDGE('',*,*,#1434,.T.);
#1836=ORIENTED_EDGE('',*,*,#1435,.T.);
#1837=ORIENTED_EDGE('',*,*,#1432,.T.);
#1838=ORIENTED_EDGE('',*,*,#1436,.T.);
#1839=ORIENTED_EDGE('',*,*,#1425,.T.);
#1840=ORIENTED_EDGE('',*,*,#1387,.T.);
#1841=ORIENTED_EDGE('',*,*,#1433,.T.);
#1842=ORIENTED_EDGE('',*,*,#1437,.T.);
#1843=ORIENTED_EDGE('',*,*,#1438,.F.);
#1844=ORIENTED_EDGE('',*,*,#1439,.F.);
#1845=ORIENTED_EDGE('',*,*,#1440,.F.);
#1846=ORIENTED_EDGE('',*,*,#1441,.T.);
#1847=ORIENTED_EDGE('',*,*,#1442,.T.);
#1848=ORIENTED_EDGE('',*,*,#1439,.T.);
#1849=ORIENTED_EDGE('',*,*,#1443,.T.);
#1850=ORIENTED_EDGE('',*,*,#1444,.F.);
#1851=ORIENTED_EDGE('',*,*,#1445,.F.);
#1852=ORIENTED_EDGE('',*,*,#1446,.F.);
#1853=ORIENTED_EDGE('',*,*,#1447,.T.);
#1854=ORIENTED_EDGE('',*,*,#1448,.T.);
#1855=ORIENTED_EDGE('',*,*,#1445,.T.);
#1856=ORIENTED_EDGE('',*,*,#1449,.T.);
#1857=ORIENTED_EDGE('',*,*,#1431,.T.);
#1858=ORIENTED_EDGE('',*,*,#1390,.T.);
#1859=ORIENTED_EDGE('',*,*,#1446,.T.);
#1860=ORIENTED_EDGE('',*,*,#1450,.T.);
#1861=ORIENTED_EDGE('',*,*,#1444,.T.);
#1862=ORIENTED_EDGE('',*,*,#1389,.T.);
#1863=ORIENTED_EDGE('',*,*,#1440,.T.);
#1864=ORIENTED_EDGE('',*,*,#1451,.T.);
#1865=ORIENTED_EDGE('',*,*,#1438,.T.);
#1866=ORIENTED_EDGE('',*,*,#1388,.T.);
#1867=ORIENTED_EDGE('',*,*,#1427,.T.);
#1868=ORIENTED_EDGE('',*,*,#1452,.T.);
#1869=ORIENTED_EDGE('',*,*,#1430,.F.);
#1870=ORIENTED_EDGE('',*,*,#1437,.F.);
#1871=ORIENTED_EDGE('',*,*,#1435,.F.);
#1872=ORIENTED_EDGE('',*,*,#1453,.F.);
#1873=ORIENTED_EDGE('',*,*,#1436,.F.);
#1874=ORIENTED_EDGE('',*,*,#1450,.F.);
#1875=ORIENTED_EDGE('',*,*,#1448,.F.);
#1876=ORIENTED_EDGE('',*,*,#1454,.F.);
#1877=ORIENTED_EDGE('',*,*,#1418,.F.);
#1878=ORIENTED_EDGE('',*,*,#1455,.T.);
#1879=ORIENTED_EDGE('',*,*,#1456,.T.);
#1880=ORIENTED_EDGE('',*,*,#1423,.F.);
#1881=ORIENTED_EDGE('',*,*,#1413,.F.);
#1882=ORIENTED_EDGE('',*,*,#1422,.T.);
#1883=ORIENTED_EDGE('',*,*,#1457,.T.);
#1884=ORIENTED_EDGE('',*,*,#1455,.F.);
#1885=ORIENTED_EDGE('',*,*,#1421,.F.);
#1886=ORIENTED_EDGE('',*,*,#1424,.F.);
#1887=ORIENTED_EDGE('',*,*,#1456,.F.);
#1888=ORIENTED_EDGE('',*,*,#1457,.F.);
#1889=ORIENTED_EDGE('',*,*,#1405,.F.);
#1890=ORIENTED_EDGE('',*,*,#1458,.T.);
#1891=ORIENTED_EDGE('',*,*,#1459,.T.);
#1892=ORIENTED_EDGE('',*,*,#1410,.F.);
#1893=ORIENTED_EDGE('',*,*,#1400,.F.);
#1894=ORIENTED_EDGE('',*,*,#1409,.T.);
#1895=ORIENTED_EDGE('',*,*,#1460,.T.);
#1896=ORIENTED_EDGE('',*,*,#1458,.F.);
#1897=ORIENTED_EDGE('',*,*,#1408,.F.);
#1898=ORIENTED_EDGE('',*,*,#1411,.F.);
#1899=ORIENTED_EDGE('',*,*,#1459,.F.);
#1900=ORIENTED_EDGE('',*,*,#1460,.F.);
#1901=ORIENTED_EDGE('',*,*,#1378,.F.);
#1902=ORIENTED_EDGE('',*,*,#1461,.T.);
#1903=ORIENTED_EDGE('',*,*,#1462,.T.);
#1904=ORIENTED_EDGE('',*,*,#1385,.F.);
#1905=ORIENTED_EDGE('',*,*,#1372,.F.);
#1906=ORIENTED_EDGE('',*,*,#1384,.T.);
#1907=ORIENTED_EDGE('',*,*,#1463,.T.);
#1908=ORIENTED_EDGE('',*,*,#1461,.F.);
#1909=ORIENTED_EDGE('',*,*,#1383,.F.);
#1910=ORIENTED_EDGE('',*,*,#1386,.F.);
#1911=ORIENTED_EDGE('',*,*,#1462,.F.);
#1912=ORIENTED_EDGE('',*,*,#1463,.F.);
#1913=ORIENTED_EDGE('',*,*,#1429,.F.);
#1914=ORIENTED_EDGE('',*,*,#1464,.F.);
#1915=ORIENTED_EDGE('',*,*,#1443,.F.);
#1916=ORIENTED_EDGE('',*,*,#1452,.F.);
#1917=ORIENTED_EDGE('',*,*,#1464,.T.);
#1918=ORIENTED_EDGE('',*,*,#1428,.F.);
#1919=ORIENTED_EDGE('',*,*,#1453,.T.);
#1920=ORIENTED_EDGE('',*,*,#1434,.F.);
#1921=ORIENTED_EDGE('',*,*,#1454,.T.);
#1922=ORIENTED_EDGE('',*,*,#1447,.F.);
#1923=ORIENTED_EDGE('',*,*,#1465,.T.);
#1924=ORIENTED_EDGE('',*,*,#1466,.T.);
#1925=ORIENTED_EDGE('',*,*,#1467,.T.);
#1926=ORIENTED_EDGE('',*,*,#1468,.T.);
#1927=ORIENTED_EDGE('',*,*,#1469,.T.);
#1928=ORIENTED_EDGE('',*,*,#1441,.F.);
#1929=ORIENTED_EDGE('',*,*,#1466,.F.);
#1930=ORIENTED_EDGE('',*,*,#1470,.T.);
#1931=ORIENTED_EDGE('',*,*,#1471,.F.);
#1932=ORIENTED_EDGE('',*,*,#1472,.F.);
#1933=ORIENTED_EDGE('',*,*,#1467,.F.);
#1934=ORIENTED_EDGE('',*,*,#1472,.T.);
#1935=ORIENTED_EDGE('',*,*,#1473,.F.);
#1936=ORIENTED_EDGE('',*,*,#1474,.F.);
#1937=ORIENTED_EDGE('',*,*,#1468,.F.);
#1938=ORIENTED_EDGE('',*,*,#1474,.T.);
#1939=ORIENTED_EDGE('',*,*,#1475,.F.);
#1940=ORIENTED_EDGE('',*,*,#1476,.F.);
#1941=ORIENTED_EDGE('',*,*,#1469,.F.);
#1942=ORIENTED_EDGE('',*,*,#1476,.T.);
#1943=ORIENTED_EDGE('',*,*,#1477,.F.);
#1944=ORIENTED_EDGE('',*,*,#1470,.F.);
#1945=ORIENTED_EDGE('',*,*,#1465,.F.);
#1946=ORIENTED_EDGE('',*,*,#1449,.F.);
#1947=ORIENTED_EDGE('',*,*,#1451,.F.);
#1948=ORIENTED_EDGE('',*,*,#1442,.F.);
#1949=ORIENTED_EDGE('',*,*,#1477,.T.);
#1950=ORIENTED_EDGE('',*,*,#1475,.T.);
#1951=ORIENTED_EDGE('',*,*,#1473,.T.);
#1952=ORIENTED_EDGE('',*,*,#1471,.T.);
#1953=ORIENTED_EDGE('',*,*,#1478,.T.);
#1954=ORIENTED_EDGE('',*,*,#1479,.T.);
#1955=ORIENTED_EDGE('',*,*,#1480,.F.);
#1956=ORIENTED_EDGE('',*,*,#1479,.F.);
#1957=ORIENTED_EDGE('',*,*,#1478,.F.);
#1958=ORIENTED_EDGE('',*,*,#1481,.F.);
#1959=ORIENTED_EDGE('',*,*,#1482,.T.);
#1960=ORIENTED_EDGE('',*,*,#1483,.F.);
#1961=ORIENTED_EDGE('',*,*,#1482,.F.);
#1962=ORIENTED_EDGE('',*,*,#1484,.F.);
#1963=ORIENTED_EDGE('',*,*,#1485,.T.);
#1964=ORIENTED_EDGE('',*,*,#1486,.F.);
#1965=ORIENTED_EDGE('',*,*,#1487,.F.);
#1966=ORIENTED_EDGE('',*,*,#1488,.F.);
#1967=ORIENTED_EDGE('',*,*,#1487,.T.);
#1968=ORIENTED_EDGE('',*,*,#1489,.F.);
#1969=ORIENTED_EDGE('',*,*,#1485,.F.);
#1970=ORIENTED_EDGE('',*,*,#1489,.T.);
#1971=ORIENTED_EDGE('',*,*,#1486,.T.);
#1972=ORIENTED_EDGE('',*,*,#1480,.T.);
#1973=ORIENTED_EDGE('',*,*,#1481,.T.);
#1974=ORIENTED_EDGE('',*,*,#1490,.T.);
#1975=ORIENTED_EDGE('',*,*,#1491,.T.);
#1976=ORIENTED_EDGE('',*,*,#1492,.T.);
#1977=ORIENTED_EDGE('',*,*,#1493,.T.);
#1978=ORIENTED_EDGE('',*,*,#1484,.T.);
#1979=ORIENTED_EDGE('',*,*,#1488,.T.);
#1980=ORIENTED_EDGE('',*,*,#1494,.T.);
#1981=ORIENTED_EDGE('',*,*,#1495,.T.);
#1982=ORIENTED_EDGE('',*,*,#1496,.F.);
#1983=ORIENTED_EDGE('',*,*,#1497,.F.);
#1984=ORIENTED_EDGE('',*,*,#1498,.T.);
#1985=ORIENTED_EDGE('',*,*,#1497,.T.);
#1986=ORIENTED_EDGE('',*,*,#1499,.F.);
#1987=ORIENTED_EDGE('',*,*,#1500,.F.);
#1988=ORIENTED_EDGE('',*,*,#1501,.T.);
#1989=ORIENTED_EDGE('',*,*,#1500,.T.);
#1990=ORIENTED_EDGE('',*,*,#1502,.F.);
#1991=ORIENTED_EDGE('',*,*,#1503,.F.);
#1992=ORIENTED_EDGE('',*,*,#1504,.F.);
#1993=ORIENTED_EDGE('',*,*,#1505,.T.);
#1994=ORIENTED_EDGE('',*,*,#1502,.T.);
#1995=ORIENTED_EDGE('',*,*,#1499,.T.);
#1996=ORIENTED_EDGE('',*,*,#1496,.T.);
#1997=ORIENTED_EDGE('',*,*,#1506,.T.);
#1998=ORIENTED_EDGE('',*,*,#1507,.T.);
#1999=ORIENTED_EDGE('',*,*,#1508,.T.);
#2000=ORIENTED_EDGE('',*,*,#1509,.F.);
#2001=ORIENTED_EDGE('',*,*,#1510,.F.);
#2002=ORIENTED_EDGE('',*,*,#1511,.T.);
#2003=ORIENTED_EDGE('',*,*,#1510,.T.);
#2004=ORIENTED_EDGE('',*,*,#1512,.F.);
#2005=ORIENTED_EDGE('',*,*,#1513,.F.);
#2006=ORIENTED_EDGE('',*,*,#1514,.T.);
#2007=ORIENTED_EDGE('',*,*,#1513,.T.);
#2008=ORIENTED_EDGE('',*,*,#1515,.F.);
#2009=ORIENTED_EDGE('',*,*,#1516,.F.);
#2010=ORIENTED_EDGE('',*,*,#1517,.T.);
#2011=ORIENTED_EDGE('',*,*,#1518,.F.);
#2012=ORIENTED_EDGE('',*,*,#1519,.T.);
#2013=ORIENTED_EDGE('',*,*,#1515,.T.);
#2014=ORIENTED_EDGE('',*,*,#1512,.T.);
#2015=ORIENTED_EDGE('',*,*,#1509,.T.);
#2016=ORIENTED_EDGE('',*,*,#1518,.T.);
#2017=ORIENTED_EDGE('',*,*,#1520,.F.);
#2018=ORIENTED_EDGE('',*,*,#1491,.F.);
#2019=ORIENTED_EDGE('',*,*,#1521,.T.);
#2020=ORIENTED_EDGE('',*,*,#1492,.F.);
#2021=ORIENTED_EDGE('',*,*,#1520,.T.);
#2022=ORIENTED_EDGE('',*,*,#1517,.F.);
#2023=ORIENTED_EDGE('',*,*,#1508,.F.);
#2024=ORIENTED_EDGE('',*,*,#1522,.T.);
#2025=ORIENTED_EDGE('',*,*,#1503,.T.);
#2026=ORIENTED_EDGE('',*,*,#1505,.F.);
#2027=ORIENTED_EDGE('',*,*,#1523,.F.);
#2028=ORIENTED_EDGE('',*,*,#1504,.T.);
#2029=ORIENTED_EDGE('',*,*,#1524,.F.);
#2030=ORIENTED_EDGE('',*,*,#1493,.F.);
#2031=ORIENTED_EDGE('',*,*,#1523,.T.);
#2032=ORIENTED_EDGE('',*,*,#1490,.F.);
#2033=ORIENTED_EDGE('',*,*,#1524,.T.);
#2034=ORIENTED_EDGE('',*,*,#1506,.F.);
#2035=ORIENTED_EDGE('',*,*,#1495,.F.);
#2036=ORIENTED_EDGE('',*,*,#1525,.T.);
#2037=ORIENTED_EDGE('',*,*,#1516,.T.);
#2038=ORIENTED_EDGE('',*,*,#1519,.F.);
#2039=ORIENTED_EDGE('',*,*,#1521,.F.);
#2040=ORIENTED_EDGE('',*,*,#1483,.T.);
#2041=ORIENTED_EDGE('',*,*,#1525,.F.);
#2042=ORIENTED_EDGE('',*,*,#1494,.F.);
#2043=ORIENTED_EDGE('',*,*,#1498,.F.);
#2044=ORIENTED_EDGE('',*,*,#1501,.F.);
#2045=ORIENTED_EDGE('',*,*,#1522,.F.);
#2046=ORIENTED_EDGE('',*,*,#1507,.F.);
#2047=ORIENTED_EDGE('',*,*,#1511,.F.);
#2048=ORIENTED_EDGE('',*,*,#1514,.F.);
#2049=ORIENTED_EDGE('',*,*,#1526,.F.);
#2050=ORIENTED_EDGE('',*,*,#1527,.T.);
#2051=ORIENTED_EDGE('',*,*,#1528,.T.);
#2052=ORIENTED_EDGE('',*,*,#1529,.F.);
#2053=ORIENTED_EDGE('',*,*,#1530,.T.);
#2054=ORIENTED_EDGE('',*,*,#1531,.F.);
#2055=ORIENTED_EDGE('',*,*,#1532,.F.);
#2056=ORIENTED_EDGE('',*,*,#1531,.T.);
#2057=ORIENTED_EDGE('',*,*,#1533,.T.);
#2058=ORIENTED_EDGE('',*,*,#1527,.F.);
#2059=ORIENTED_EDGE('',*,*,#1533,.F.);
#2060=ORIENTED_EDGE('',*,*,#1530,.F.);
#2061=ORIENTED_EDGE('',*,*,#1534,.T.);
#2062=ORIENTED_EDGE('',*,*,#1528,.F.);
#2063=ORIENTED_EDGE('',*,*,#1526,.T.);
#2064=ORIENTED_EDGE('',*,*,#1535,.T.);
#2065=ORIENTED_EDGE('',*,*,#1536,.T.);
#2066=ORIENTED_EDGE('',*,*,#1537,.T.);
#2067=ORIENTED_EDGE('',*,*,#1538,.T.);
#2068=ORIENTED_EDGE('',*,*,#1539,.T.);
#2069=ORIENTED_EDGE('',*,*,#1540,.T.);
#2070=ORIENTED_EDGE('',*,*,#1541,.T.);
#2071=ORIENTED_EDGE('',*,*,#1529,.T.);
#2072=ORIENTED_EDGE('',*,*,#1532,.T.);
#2073=ORIENTED_EDGE('',*,*,#1537,.F.);
#2074=ORIENTED_EDGE('',*,*,#1542,.T.);
#2075=ORIENTED_EDGE('',*,*,#1543,.T.);
#2076=ORIENTED_EDGE('',*,*,#1544,.F.);
#2077=ORIENTED_EDGE('',*,*,#1536,.F.);
#2078=ORIENTED_EDGE('',*,*,#1545,.T.);
#2079=ORIENTED_EDGE('',*,*,#1542,.F.);
#2080=ORIENTED_EDGE('',*,*,#1541,.F.);
#2081=ORIENTED_EDGE('',*,*,#1546,.T.);
#2082=ORIENTED_EDGE('',*,*,#1547,.F.);
#2083=ORIENTED_EDGE('',*,*,#1548,.F.);
#2084=ORIENTED_EDGE('',*,*,#1549,.T.);
#2085=ORIENTED_EDGE('',*,*,#1550,.T.);
#2086=ORIENTED_EDGE('',*,*,#1535,.F.);
#2087=ORIENTED_EDGE('',*,*,#1534,.F.);
#2088=ORIENTED_EDGE('',*,*,#1551,.F.);
#2089=ORIENTED_EDGE('',*,*,#1552,.F.);
#2090=ORIENTED_EDGE('',*,*,#1553,.F.);
#2091=ORIENTED_EDGE('',*,*,#1546,.F.);
#2092=ORIENTED_EDGE('',*,*,#1554,.F.);
#2093=ORIENTED_EDGE('',*,*,#1543,.F.);
#2094=ORIENTED_EDGE('',*,*,#1545,.F.);
#2095=ORIENTED_EDGE('',*,*,#1550,.F.);
#2096=ORIENTED_EDGE('',*,*,#1555,.F.);
#2097=ORIENTED_EDGE('',*,*,#1556,.F.);
#2098=ORIENTED_EDGE('',*,*,#1557,.T.);
#2099=ORIENTED_EDGE('',*,*,#1555,.T.);
#2100=ORIENTED_EDGE('',*,*,#1549,.F.);
#2101=ORIENTED_EDGE('',*,*,#1558,.F.);
#2102=ORIENTED_EDGE('',*,*,#1559,.T.);
#2103=ORIENTED_EDGE('',*,*,#1560,.T.);
#2104=ORIENTED_EDGE('',*,*,#1561,.T.);
#2105=ORIENTED_EDGE('',*,*,#1562,.F.);
#2106=ORIENTED_EDGE('',*,*,#1563,.F.);
#2107=ORIENTED_EDGE('',*,*,#1544,.T.);
#2108=ORIENTED_EDGE('',*,*,#1556,.T.);
#2109=ORIENTED_EDGE('',*,*,#1557,.F.);
#2110=ORIENTED_EDGE('',*,*,#1540,.F.);
#2111=ORIENTED_EDGE('',*,*,#1564,.T.);
#2112=ORIENTED_EDGE('',*,*,#1554,.T.);
#2113=ORIENTED_EDGE('',*,*,#1565,.F.);
#2114=ORIENTED_EDGE('',*,*,#1566,.F.);
#2115=ORIENTED_EDGE('',*,*,#1552,.T.);
#2116=ORIENTED_EDGE('',*,*,#1567,.F.);
#2117=ORIENTED_EDGE('',*,*,#1539,.F.);
#2118=ORIENTED_EDGE('',*,*,#1567,.T.);
#2119=ORIENTED_EDGE('',*,*,#1551,.T.);
#2120=ORIENTED_EDGE('',*,*,#1564,.F.);
#2121=ORIENTED_EDGE('',*,*,#1566,.T.);
#2122=ORIENTED_EDGE('',*,*,#1568,.F.);
#2123=ORIENTED_EDGE('',*,*,#1569,.T.);
#2124=ORIENTED_EDGE('',*,*,#1570,.T.);
#2125=ORIENTED_EDGE('',*,*,#1571,.F.);
#2126=ORIENTED_EDGE('',*,*,#1572,.F.);
#2127=ORIENTED_EDGE('',*,*,#1547,.T.);
#2128=ORIENTED_EDGE('',*,*,#1553,.T.);
#2129=ORIENTED_EDGE('',*,*,#1538,.F.);
#2130=ORIENTED_EDGE('',*,*,#1563,.T.);
#2131=ORIENTED_EDGE('',*,*,#1562,.T.);
#2132=ORIENTED_EDGE('',*,*,#1573,.T.);
#2133=ORIENTED_EDGE('',*,*,#1574,.T.);
#2134=ORIENTED_EDGE('',*,*,#1575,.T.);
#2135=ORIENTED_EDGE('',*,*,#1576,.T.);
#2136=ORIENTED_EDGE('',*,*,#1577,.T.);
#2137=ORIENTED_EDGE('',*,*,#1578,.T.);
#2138=ORIENTED_EDGE('',*,*,#1579,.T.);
#2139=ORIENTED_EDGE('',*,*,#1568,.T.);
#2140=ORIENTED_EDGE('',*,*,#1565,.T.);
#2141=ORIENTED_EDGE('',*,*,#1575,.F.);
#2142=ORIENTED_EDGE('',*,*,#1580,.T.);
#2143=ORIENTED_EDGE('',*,*,#1581,.F.);
#2144=ORIENTED_EDGE('',*,*,#1582,.F.);
#2145=ORIENTED_EDGE('',*,*,#1573,.F.);
#2146=ORIENTED_EDGE('',*,*,#1561,.F.);
#2147=ORIENTED_EDGE('',*,*,#1583,.F.);
#2148=ORIENTED_EDGE('',*,*,#1584,.F.);
#2149=ORIENTED_EDGE('',*,*,#1574,.F.);
#2150=ORIENTED_EDGE('',*,*,#1584,.T.);
#2151=ORIENTED_EDGE('',*,*,#1585,.F.);
#2152=ORIENTED_EDGE('',*,*,#1580,.F.);
#2153=ORIENTED_EDGE('',*,*,#1585,.T.);
#2154=ORIENTED_EDGE('',*,*,#1583,.T.);
#2155=ORIENTED_EDGE('',*,*,#1560,.F.);
#2156=ORIENTED_EDGE('',*,*,#1586,.F.);
#2157=ORIENTED_EDGE('',*,*,#1581,.T.);
#2158=ORIENTED_EDGE('',*,*,#1577,.F.);
#2159=ORIENTED_EDGE('',*,*,#1587,.F.);
#2160=ORIENTED_EDGE('',*,*,#1588,.T.);
#2161=ORIENTED_EDGE('',*,*,#1589,.F.);
#2162=ORIENTED_EDGE('',*,*,#1579,.F.);
#2163=ORIENTED_EDGE('',*,*,#1590,.T.);
#2164=ORIENTED_EDGE('',*,*,#1591,.T.);
#2165=ORIENTED_EDGE('',*,*,#1569,.F.);
#2166=ORIENTED_EDGE('',*,*,#1578,.F.);
#2167=ORIENTED_EDGE('',*,*,#1589,.T.);
#2168=ORIENTED_EDGE('',*,*,#1592,.T.);
#2169=ORIENTED_EDGE('',*,*,#1590,.F.);
#2170=ORIENTED_EDGE('',*,*,#1592,.F.);
#2171=ORIENTED_EDGE('',*,*,#1588,.F.);
#2172=ORIENTED_EDGE('',*,*,#1593,.F.);
#2173=ORIENTED_EDGE('',*,*,#1570,.F.);
#2174=ORIENTED_EDGE('',*,*,#1591,.F.);
#2175=ORIENTED_EDGE('',*,*,#1586,.T.);
#2176=ORIENTED_EDGE('',*,*,#1559,.F.);
#2177=ORIENTED_EDGE('',*,*,#1594,.F.);
#2178=ORIENTED_EDGE('',*,*,#1571,.T.);
#2179=ORIENTED_EDGE('',*,*,#1593,.T.);
#2180=ORIENTED_EDGE('',*,*,#1587,.T.);
#2181=ORIENTED_EDGE('',*,*,#1576,.F.);
#2182=ORIENTED_EDGE('',*,*,#1582,.T.);
#2183=ORIENTED_EDGE('',*,*,#1548,.T.);
#2184=ORIENTED_EDGE('',*,*,#1572,.T.);
#2185=ORIENTED_EDGE('',*,*,#1594,.T.);
#2186=ORIENTED_EDGE('',*,*,#1558,.T.);
#2187=ORIENTED_EDGE('',*,*,#1595,.F.);
#2188=ORIENTED_EDGE('',*,*,#1596,.T.);
#2189=ORIENTED_EDGE('',*,*,#1597,.T.);
#2190=ORIENTED_EDGE('',*,*,#1598,.F.);
#2191=ORIENTED_EDGE('',*,*,#1599,.F.);
#2192=ORIENTED_EDGE('',*,*,#1600,.F.);
#2193=ORIENTED_EDGE('',*,*,#1601,.T.);
#2194=ORIENTED_EDGE('',*,*,#1602,.T.);
#2195=ORIENTED_EDGE('',*,*,#1603,.F.);
#2196=ORIENTED_EDGE('',*,*,#1604,.F.);
#2197=ORIENTED_EDGE('',*,*,#1603,.T.);
#2198=ORIENTED_EDGE('',*,*,#1605,.T.);
#2199=ORIENTED_EDGE('',*,*,#1606,.F.);
#2200=ORIENTED_EDGE('',*,*,#1607,.F.);
#2201=ORIENTED_EDGE('',*,*,#1608,.F.);
#2202=ORIENTED_EDGE('',*,*,#1609,.T.);
#2203=ORIENTED_EDGE('',*,*,#1610,.T.);
#2204=ORIENTED_EDGE('',*,*,#1611,.F.);
#2205=ORIENTED_EDGE('',*,*,#1612,.F.);
#2206=ORIENTED_EDGE('',*,*,#1613,.F.);
#2207=ORIENTED_EDGE('',*,*,#1614,.F.);
#2208=ORIENTED_EDGE('',*,*,#1606,.T.);
#2209=ORIENTED_EDGE('',*,*,#1615,.T.);
#2210=ORIENTED_EDGE('',*,*,#1616,.F.);
#2211=ORIENTED_EDGE('',*,*,#1617,.F.);
#2212=ORIENTED_EDGE('',*,*,#1616,.T.);
#2213=ORIENTED_EDGE('',*,*,#1618,.T.);
#2214=ORIENTED_EDGE('',*,*,#1619,.F.);
#2215=ORIENTED_EDGE('',*,*,#1620,.F.);
#2216=ORIENTED_EDGE('',*,*,#1621,.F.);
#2217=ORIENTED_EDGE('',*,*,#1598,.T.);
#2218=ORIENTED_EDGE('',*,*,#1622,.T.);
#2219=ORIENTED_EDGE('',*,*,#1601,.F.);
#2220=ORIENTED_EDGE('',*,*,#1623,.F.);
#2221=ORIENTED_EDGE('',*,*,#1624,.T.);
#2222=ORIENTED_EDGE('',*,*,#1625,.T.);
#2223=ORIENTED_EDGE('',*,*,#1596,.F.);
#2224=ORIENTED_EDGE('',*,*,#1626,.F.);
#2225=ORIENTED_EDGE('',*,*,#1627,.F.);
#2226=ORIENTED_EDGE('',*,*,#1611,.T.);
#2227=ORIENTED_EDGE('',*,*,#1628,.T.);
#2228=ORIENTED_EDGE('',*,*,#1624,.F.);
#2229=ORIENTED_EDGE('',*,*,#1629,.F.);
#2230=ORIENTED_EDGE('',*,*,#1630,.T.);
#2231=ORIENTED_EDGE('',*,*,#1631,.T.);
#2232=ORIENTED_EDGE('',*,*,#1609,.F.);
#2233=ORIENTED_EDGE('',*,*,#1632,.F.);
#2234=ORIENTED_EDGE('',*,*,#1633,.F.);
#2235=ORIENTED_EDGE('',*,*,#1634,.F.);
#2236=ORIENTED_EDGE('',*,*,#1635,.T.);
#2237=ORIENTED_EDGE('',*,*,#1636,.T.);
#2238=ORIENTED_EDGE('',*,*,#1630,.F.);
#2239=ORIENTED_EDGE('',*,*,#1637,.F.);
#2240=ORIENTED_EDGE('',*,*,#1619,.T.);
#2241=ORIENTED_EDGE('',*,*,#1638,.T.);
#2242=ORIENTED_EDGE('',*,*,#1635,.F.);
#2243=ORIENTED_EDGE('',*,*,#1639,.F.);
#2244=ORIENTED_EDGE('',*,*,#1605,.F.);
#2245=ORIENTED_EDGE('',*,*,#1602,.F.);
#2246=ORIENTED_EDGE('',*,*,#1622,.F.);
#2247=ORIENTED_EDGE('',*,*,#1597,.F.);
#2248=ORIENTED_EDGE('',*,*,#1625,.F.);
#2249=ORIENTED_EDGE('',*,*,#1628,.F.);
#2250=ORIENTED_EDGE('',*,*,#1610,.F.);
#2251=ORIENTED_EDGE('',*,*,#1631,.F.);
#2252=ORIENTED_EDGE('',*,*,#1636,.F.);
#2253=ORIENTED_EDGE('',*,*,#1638,.F.);
#2254=ORIENTED_EDGE('',*,*,#1618,.F.);
#2255=ORIENTED_EDGE('',*,*,#1615,.F.);
#2256=ORIENTED_EDGE('',*,*,#1607,.T.);
#2257=ORIENTED_EDGE('',*,*,#1614,.T.);
#2258=ORIENTED_EDGE('',*,*,#1640,.F.);
#2259=ORIENTED_EDGE('',*,*,#1634,.T.);
#2260=ORIENTED_EDGE('',*,*,#1641,.F.);
#2261=ORIENTED_EDGE('',*,*,#1639,.T.);
#2262=ORIENTED_EDGE('',*,*,#1627,.T.);
#2263=ORIENTED_EDGE('',*,*,#1642,.F.);
#2264=ORIENTED_EDGE('',*,*,#1612,.T.);
#2265=ORIENTED_EDGE('',*,*,#1599,.T.);
#2266=ORIENTED_EDGE('',*,*,#1621,.T.);
#2267=ORIENTED_EDGE('',*,*,#1643,.F.);
#2268=ORIENTED_EDGE('',*,*,#1595,.T.);
#2269=ORIENTED_EDGE('',*,*,#1643,.T.);
#2270=ORIENTED_EDGE('',*,*,#1620,.T.);
#2271=ORIENTED_EDGE('',*,*,#1600,.T.);
#2272=ORIENTED_EDGE('',*,*,#1604,.T.);
#2273=ORIENTED_EDGE('',*,*,#1640,.T.);
#2274=ORIENTED_EDGE('',*,*,#1613,.T.);
#2275=ORIENTED_EDGE('',*,*,#1617,.T.);
#2276=ORIENTED_EDGE('',*,*,#1637,.T.);
#2277=ORIENTED_EDGE('',*,*,#1641,.T.);
#2278=ORIENTED_EDGE('',*,*,#1633,.T.);
#2279=ORIENTED_EDGE('',*,*,#1629,.T.);
#2280=ORIENTED_EDGE('',*,*,#1644,.T.);
#2281=ORIENTED_EDGE('',*,*,#1645,.T.);
#2282=ORIENTED_EDGE('',*,*,#1646,.T.);
#2283=ORIENTED_EDGE('',*,*,#1644,.F.);
#2284=ORIENTED_EDGE('',*,*,#1632,.T.);
#2285=ORIENTED_EDGE('',*,*,#1608,.T.);
#2286=ORIENTED_EDGE('',*,*,#1642,.T.);
#2287=ORIENTED_EDGE('',*,*,#1626,.T.);
#2288=ORIENTED_EDGE('',*,*,#1623,.T.);
#2289=ORIENTED_EDGE('',*,*,#1646,.F.);
#2290=ORIENTED_EDGE('',*,*,#1647,.T.);
#2291=ORIENTED_EDGE('',*,*,#1648,.T.);
#2292=ORIENTED_EDGE('',*,*,#1647,.F.);
#2293=ORIENTED_EDGE('',*,*,#1645,.F.);
#2294=ORIENTED_EDGE('',*,*,#1648,.F.);
#2295=ORIENTED_EDGE('',*,*,#1649,.F.);
#2296=ORIENTED_EDGE('',*,*,#1650,.T.);
#2297=ORIENTED_EDGE('',*,*,#1651,.T.);
#2298=ORIENTED_EDGE('',*,*,#1652,.F.);
#2299=ORIENTED_EDGE('',*,*,#1653,.F.);
#2300=ORIENTED_EDGE('',*,*,#1654,.F.);
#2301=ORIENTED_EDGE('',*,*,#1655,.T.);
#2302=ORIENTED_EDGE('',*,*,#1656,.T.);
#2303=ORIENTED_EDGE('',*,*,#1657,.F.);
#2304=ORIENTED_EDGE('',*,*,#1658,.F.);
#2305=ORIENTED_EDGE('',*,*,#1657,.T.);
#2306=ORIENTED_EDGE('',*,*,#1659,.T.);
#2307=ORIENTED_EDGE('',*,*,#1660,.F.);
#2308=ORIENTED_EDGE('',*,*,#1661,.F.);
#2309=ORIENTED_EDGE('',*,*,#1662,.F.);
#2310=ORIENTED_EDGE('',*,*,#1663,.T.);
#2311=ORIENTED_EDGE('',*,*,#1664,.T.);
#2312=ORIENTED_EDGE('',*,*,#1665,.F.);
#2313=ORIENTED_EDGE('',*,*,#1666,.F.);
#2314=ORIENTED_EDGE('',*,*,#1667,.F.);
#2315=ORIENTED_EDGE('',*,*,#1668,.F.);
#2316=ORIENTED_EDGE('',*,*,#1660,.T.);
#2317=ORIENTED_EDGE('',*,*,#1669,.T.);
#2318=ORIENTED_EDGE('',*,*,#1670,.F.);
#2319=ORIENTED_EDGE('',*,*,#1671,.F.);
#2320=ORIENTED_EDGE('',*,*,#1670,.T.);
#2321=ORIENTED_EDGE('',*,*,#1672,.T.);
#2322=ORIENTED_EDGE('',*,*,#1673,.F.);
#2323=ORIENTED_EDGE('',*,*,#1674,.F.);
#2324=ORIENTED_EDGE('',*,*,#1675,.F.);
#2325=ORIENTED_EDGE('',*,*,#1652,.T.);
#2326=ORIENTED_EDGE('',*,*,#1676,.T.);
#2327=ORIENTED_EDGE('',*,*,#1655,.F.);
#2328=ORIENTED_EDGE('',*,*,#1677,.F.);
#2329=ORIENTED_EDGE('',*,*,#1678,.T.);
#2330=ORIENTED_EDGE('',*,*,#1679,.T.);
#2331=ORIENTED_EDGE('',*,*,#1650,.F.);
#2332=ORIENTED_EDGE('',*,*,#1680,.F.);
#2333=ORIENTED_EDGE('',*,*,#1681,.F.);
#2334=ORIENTED_EDGE('',*,*,#1665,.T.);
#2335=ORIENTED_EDGE('',*,*,#1682,.T.);
#2336=ORIENTED_EDGE('',*,*,#1678,.F.);
#2337=ORIENTED_EDGE('',*,*,#1683,.F.);
#2338=ORIENTED_EDGE('',*,*,#1684,.T.);
#2339=ORIENTED_EDGE('',*,*,#1685,.T.);
#2340=ORIENTED_EDGE('',*,*,#1663,.F.);
#2341=ORIENTED_EDGE('',*,*,#1686,.F.);
#2342=ORIENTED_EDGE('',*,*,#1687,.F.);
#2343=ORIENTED_EDGE('',*,*,#1688,.F.);
#2344=ORIENTED_EDGE('',*,*,#1689,.T.);
#2345=ORIENTED_EDGE('',*,*,#1690,.T.);
#2346=ORIENTED_EDGE('',*,*,#1684,.F.);
#2347=ORIENTED_EDGE('',*,*,#1691,.F.);
#2348=ORIENTED_EDGE('',*,*,#1673,.T.);
#2349=ORIENTED_EDGE('',*,*,#1692,.T.);
#2350=ORIENTED_EDGE('',*,*,#1689,.F.);
#2351=ORIENTED_EDGE('',*,*,#1693,.F.);
#2352=ORIENTED_EDGE('',*,*,#1659,.F.);
#2353=ORIENTED_EDGE('',*,*,#1656,.F.);
#2354=ORIENTED_EDGE('',*,*,#1676,.F.);
#2355=ORIENTED_EDGE('',*,*,#1651,.F.);
#2356=ORIENTED_EDGE('',*,*,#1679,.F.);
#2357=ORIENTED_EDGE('',*,*,#1682,.F.);
#2358=ORIENTED_EDGE('',*,*,#1664,.F.);
#2359=ORIENTED_EDGE('',*,*,#1685,.F.);
#2360=ORIENTED_EDGE('',*,*,#1690,.F.);
#2361=ORIENTED_EDGE('',*,*,#1692,.F.);
#2362=ORIENTED_EDGE('',*,*,#1672,.F.);
#2363=ORIENTED_EDGE('',*,*,#1669,.F.);
#2364=ORIENTED_EDGE('',*,*,#1661,.T.);
#2365=ORIENTED_EDGE('',*,*,#1668,.T.);
#2366=ORIENTED_EDGE('',*,*,#1694,.F.);
#2367=ORIENTED_EDGE('',*,*,#1688,.T.);
#2368=ORIENTED_EDGE('',*,*,#1695,.F.);
#2369=ORIENTED_EDGE('',*,*,#1693,.T.);
#2370=ORIENTED_EDGE('',*,*,#1681,.T.);
#2371=ORIENTED_EDGE('',*,*,#1696,.F.);
#2372=ORIENTED_EDGE('',*,*,#1666,.T.);
#2373=ORIENTED_EDGE('',*,*,#1653,.T.);
#2374=ORIENTED_EDGE('',*,*,#1675,.T.);
#2375=ORIENTED_EDGE('',*,*,#1697,.F.);
#2376=ORIENTED_EDGE('',*,*,#1649,.T.);
#2377=ORIENTED_EDGE('',*,*,#1697,.T.);
#2378=ORIENTED_EDGE('',*,*,#1674,.T.);
#2379=ORIENTED_EDGE('',*,*,#1654,.T.);
#2380=ORIENTED_EDGE('',*,*,#1658,.T.);
#2381=ORIENTED_EDGE('',*,*,#1694,.T.);
#2382=ORIENTED_EDGE('',*,*,#1667,.T.);
#2383=ORIENTED_EDGE('',*,*,#1671,.T.);
#2384=ORIENTED_EDGE('',*,*,#1691,.T.);
#2385=ORIENTED_EDGE('',*,*,#1695,.T.);
#2386=ORIENTED_EDGE('',*,*,#1687,.T.);
#2387=ORIENTED_EDGE('',*,*,#1683,.T.);
#2388=ORIENTED_EDGE('',*,*,#1698,.T.);
#2389=ORIENTED_EDGE('',*,*,#1699,.T.);
#2390=ORIENTED_EDGE('',*,*,#1700,.T.);
#2391=ORIENTED_EDGE('',*,*,#1698,.F.);
#2392=ORIENTED_EDGE('',*,*,#1686,.T.);
#2393=ORIENTED_EDGE('',*,*,#1662,.T.);
#2394=ORIENTED_EDGE('',*,*,#1696,.T.);
#2395=ORIENTED_EDGE('',*,*,#1680,.T.);
#2396=ORIENTED_EDGE('',*,*,#1677,.T.);
#2397=ORIENTED_EDGE('',*,*,#1700,.F.);
#2398=ORIENTED_EDGE('',*,*,#1701,.T.);
#2399=ORIENTED_EDGE('',*,*,#1702,.T.);
#2400=ORIENTED_EDGE('',*,*,#1701,.F.);
#2401=ORIENTED_EDGE('',*,*,#1699,.F.);
#2402=ORIENTED_EDGE('',*,*,#1702,.F.);
#2403=CYLINDRICAL_SURFACE('',#2616,1.);
#2404=CYLINDRICAL_SURFACE('',#2624,2.25);
#2405=CYLINDRICAL_SURFACE('',#2628,0.55);
#2406=CYLINDRICAL_SURFACE('',#2633,0.55);
#2407=CYLINDRICAL_SURFACE('',#2638,0.55);
#2408=CYLINDRICAL_SURFACE('',#2697,2.25);
#2409=CYLINDRICAL_SURFACE('',#2700,5.75);
#2410=CYLINDRICAL_SURFACE('',#2703,2.6);
#2411=CYLINDRICAL_SURFACE('',#2709,1.4);
#2412=CYLINDRICAL_SURFACE('',#2715,1.4);
#2413=CYLINDRICAL_SURFACE('',#2733,1.25);
#2414=CYLINDRICAL_SURFACE('',#2744,1.25);
#2415=CYLINDRICAL_SURFACE('',#2751,1.25);
#2416=CYLINDRICAL_SURFACE('',#2756,1.25);
#2417=CYLINDRICAL_SURFACE('',#2784,1.);
#2418=CYLINDRICAL_SURFACE('',#2810,1.);
#2419=ADVANCED_FACE('',(#222),#2403,.F.);
#2420=ADVANCED_FACE('',(#223),#90,.T.);
#2421=ADVANCED_FACE('',(#224),#88,.T.);
#2422=ADVANCED_FACE('',(#225,#81),#91,.T.);
#2423=ADVANCED_FACE('',(#226),#2404,.T.);
#2424=ADVANCED_FACE('',(#227),#92,.F.);
#2425=ADVANCED_FACE('',(#228),#2405,.T.);
#2426=ADVANCED_FACE('',(#229),#93,.T.);
#2427=ADVANCED_FACE('',(#230),#94,.F.);
#2428=ADVANCED_FACE('',(#231),#2406,.T.);
#2429=ADVANCED_FACE('',(#232),#95,.T.);
#2430=ADVANCED_FACE('',(#233),#96,.F.);
#2431=ADVANCED_FACE('',(#234),#2407,.T.);
#2432=ADVANCED_FACE('',(#235),#97,.T.);
#2433=ADVANCED_FACE('',(#236),#98,.F.);
#2434=ADVANCED_FACE('',(#237),#99,.T.);
#2435=ADVANCED_FACE('',(#238),#100,.T.);
#2436=ADVANCED_FACE('',(#239),#101,.T.);
#2437=ADVANCED_FACE('',(#240),#102,.T.);
#2438=ADVANCED_FACE('',(#241),#103,.F.);
#2439=ADVANCED_FACE('',(#242),#104,.F.);
#2440=ADVANCED_FACE('',(#243,#82,#83,#84),#105,.T.);
#2441=ADVANCED_FACE('',(#244),#106,.T.);
#2442=ADVANCED_FACE('',(#245),#107,.T.);
#2443=ADVANCED_FACE('',(#246),#108,.T.);
#2444=ADVANCED_FACE('',(#247),#109,.T.);
#2445=ADVANCED_FACE('',(#248),#110,.F.);
#2446=ADVANCED_FACE('',(#249),#111,.F.);
#2447=ADVANCED_FACE('',(#250),#112,.T.);
#2448=ADVANCED_FACE('',(#251),#113,.T.);
#2449=ADVANCED_FACE('',(#252),#114,.T.);
#2450=ADVANCED_FACE('',(#253),#115,.T.);
#2451=ADVANCED_FACE('',(#254),#116,.F.);
#2452=ADVANCED_FACE('',(#255),#117,.F.);
#2453=ADVANCED_FACE('',(#256),#118,.T.);
#2454=ADVANCED_FACE('',(#257),#119,.T.);
#2455=ADVANCED_FACE('',(#258),#120,.T.);
#2456=ADVANCED_FACE('',(#259),#121,.T.);
#2457=ADVANCED_FACE('',(#260),#122,.T.);
#2458=ADVANCED_FACE('',(#261),#123,.T.);
#2459=ADVANCED_FACE('',(#262),#124,.T.);
#2460=ADVANCED_FACE('',(#263),#125,.T.);
#2461=ADVANCED_FACE('',(#264),#126,.T.);
#2462=ADVANCED_FACE('',(#265),#127,.T.);
#2463=ADVANCED_FACE('',(#266),#128,.T.);
#2464=ADVANCED_FACE('',(#267),#129,.T.);
#2465=ADVANCED_FACE('',(#268),#130,.T.);
#2466=ADVANCED_FACE('',(#269),#131,.T.);
#2467=ADVANCED_FACE('',(#270),#132,.F.);
#2468=ADVANCED_FACE('',(#271),#133,.F.);
#2469=ADVANCED_FACE('',(#272),#134,.F.);
#2470=ADVANCED_FACE('',(#273),#135,.F.);
#2471=ADVANCED_FACE('',(#274),#136,.F.);
#2472=ADVANCED_FACE('',(#275),#137,.F.);
#2473=ADVANCED_FACE('',(#276),#138,.F.);
#2474=ADVANCED_FACE('',(#277),#139,.F.);
#2475=ADVANCED_FACE('',(#278),#140,.F.);
#2476=ADVANCED_FACE('',(#279),#141,.T.);
#2477=ADVANCED_FACE('',(#280),#142,.F.);
#2478=ADVANCED_FACE('',(#281),#143,.T.);
#2479=ADVANCED_FACE('',(#282),#144,.T.);
#2480=ADVANCED_FACE('',(#283),#145,.T.);
#2481=ADVANCED_FACE('',(#284),#146,.T.);
#2482=ADVANCED_FACE('',(#285),#147,.T.);
#2483=ADVANCED_FACE('',(#286),#89,.T.);
#2484=ADVANCED_FACE('',(#287),#148,.T.);
#2485=ADVANCED_FACE('',(#288),#2408,.F.);
#2486=ADVANCED_FACE('',(#289),#2409,.T.);
#2487=ADVANCED_FACE('',(#290),#2410,.T.);
#2488=ADVANCED_FACE('',(#291,#85,#86),#149,.T.);
#2489=ADVANCED_FACE('',(#292,#87),#150,.T.);
#2490=ADVANCED_FACE('',(#293),#151,.T.);
#2491=ADVANCED_FACE('',(#294),#2411,.F.);
#2492=ADVANCED_FACE('',(#295),#152,.T.);
#2493=ADVANCED_FACE('',(#296),#153,.F.);
#2494=ADVANCED_FACE('',(#297),#154,.T.);
#2495=ADVANCED_FACE('',(#298),#2412,.F.);
#2496=ADVANCED_FACE('',(#299),#155,.T.);
#2497=ADVANCED_FACE('',(#300),#156,.F.);
#2498=ADVANCED_FACE('',(#301),#157,.T.);
#2499=ADVANCED_FACE('',(#302),#158,.T.);
#2500=ADVANCED_FACE('',(#303),#159,.T.);
#2501=ADVANCED_FACE('',(#304),#160,.T.);
#2502=ADVANCED_FACE('',(#305),#161,.T.);
#2503=ADVANCED_FACE('',(#306),#162,.T.);
#2504=ADVANCED_FACE('',(#307),#163,.F.);
#2505=ADVANCED_FACE('',(#308),#164,.F.);
#2506=ADVANCED_FACE('',(#309),#165,.F.);
#2507=ADVANCED_FACE('',(#310),#166,.F.);
#2508=ADVANCED_FACE('',(#311),#167,.T.);
#2509=ADVANCED_FACE('',(#312),#2413,.F.);
#2510=ADVANCED_FACE('',(#313),#168,.F.);
#2511=ADVANCED_FACE('',(#314),#169,.T.);
#2512=ADVANCED_FACE('',(#315),#170,.F.);
#2513=ADVANCED_FACE('',(#316),#171,.T.);
#2514=ADVANCED_FACE('',(#317),#172,.T.);
#2515=ADVANCED_FACE('',(#318),#173,.F.);
#2516=ADVANCED_FACE('',(#319),#174,.T.);
#2517=ADVANCED_FACE('',(#320),#175,.T.);
#2518=ADVANCED_FACE('',(#321),#2414,.F.);
#2519=ADVANCED_FACE('',(#322),#176,.T.);
#2520=ADVANCED_FACE('',(#323),#177,.T.);
#2521=ADVANCED_FACE('',(#324),#178,.T.);
#2522=ADVANCED_FACE('',(#325),#179,.T.);
#2523=ADVANCED_FACE('',(#326),#2415,.F.);
#2524=ADVANCED_FACE('',(#327),#180,.F.);
#2525=ADVANCED_FACE('',(#328),#181,.F.);
#2526=ADVANCED_FACE('',(#329),#182,.F.);
#2527=ADVANCED_FACE('',(#330),#2416,.F.);
#2528=ADVANCED_FACE('',(#331),#183,.T.);
#2529=ADVANCED_FACE('',(#332),#184,.T.);
#2530=ADVANCED_FACE('',(#333),#185,.F.);
#2531=ADVANCED_FACE('',(#334),#186,.F.);
#2532=ADVANCED_FACE('',(#335),#187,.F.);
#2533=ADVANCED_FACE('',(#336),#188,.F.);
#2534=ADVANCED_FACE('',(#337),#189,.F.);
#2535=ADVANCED_FACE('',(#338),#190,.F.);
#2536=ADVANCED_FACE('',(#339),#191,.F.);
#2537=ADVANCED_FACE('',(#340),#192,.F.);
#2538=ADVANCED_FACE('',(#341),#193,.F.);
#2539=ADVANCED_FACE('',(#342),#194,.F.);
#2540=ADVANCED_FACE('',(#343),#195,.F.);
#2541=ADVANCED_FACE('',(#344),#196,.F.);
#2542=ADVANCED_FACE('',(#345),#197,.F.);
#2543=ADVANCED_FACE('',(#346),#198,.F.);
#2544=ADVANCED_FACE('',(#347),#199,.T.);
#2545=ADVANCED_FACE('',(#348),#200,.T.);
#2546=ADVANCED_FACE('',(#349),#201,.T.);
#2547=ADVANCED_FACE('',(#350),#202,.T.);
#2548=ADVANCED_FACE('',(#351),#25,.F.);
#2549=ADVANCED_FACE('',(#352),#2417,.T.);
#2550=ADVANCED_FACE('',(#353),#203,.F.);
#2551=ADVANCED_FACE('',(#354),#204,.F.);
#2552=ADVANCED_FACE('',(#355),#205,.F.);
#2553=ADVANCED_FACE('',(#356),#206,.F.);
#2554=ADVANCED_FACE('',(#357),#207,.F.);
#2555=ADVANCED_FACE('',(#358),#208,.F.);
#2556=ADVANCED_FACE('',(#359),#209,.F.);
#2557=ADVANCED_FACE('',(#360),#210,.F.);
#2558=ADVANCED_FACE('',(#361),#211,.F.);
#2559=ADVANCED_FACE('',(#362),#212,.F.);
#2560=ADVANCED_FACE('',(#363),#213,.F.);
#2561=ADVANCED_FACE('',(#364),#214,.F.);
#2562=ADVANCED_FACE('',(#365),#215,.F.);
#2563=ADVANCED_FACE('',(#366),#216,.F.);
#2564=ADVANCED_FACE('',(#367),#217,.T.);
#2565=ADVANCED_FACE('',(#368),#218,.T.);
#2566=ADVANCED_FACE('',(#369),#219,.T.);
#2567=ADVANCED_FACE('',(#370),#220,.T.);
#2568=ADVANCED_FACE('',(#371),#26,.F.);
#2569=ADVANCED_FACE('',(#372),#2418,.T.);
#2570=ADVANCED_FACE('',(#373),#221,.F.);
#2571=CLOSED_SHELL('',(#2419,#2420,#2421,#2422,#2423,#2424));
#2572=CLOSED_SHELL('',(#2425,#2426,#2427));
#2573=CLOSED_SHELL('',(#2428,#2429,#2430));
#2574=CLOSED_SHELL('',(#2431,#2432,#2433));
#2575=CLOSED_SHELL('',(#2434,#2435,#2436,#2437,#2438,#2439,#2440,#2441,
#2442,#2443,#2444,#2445,#2446,#2447,#2448,#2449,#2450,#2451,#2452,#2453,
#2454,#2455,#2456,#2457,#2458,#2459,#2460,#2461,#2462,#2463,#2464,#2465,
#2466,#2467,#2468,#2469,#2470,#2471,#2472,#2473,#2474,#2475,#2476,#2477,
#2478,#2479,#2480,#2481,#2482));
#2576=CLOSED_SHELL('',(#2483,#2484,#2485,#2486,#2487,#2488,#2489,#2490,
#2491,#2492,#2493,#2494,#2495,#2496,#2497,#2498,#2499,#2500,#2501,#2502,
#2503));
#2577=CLOSED_SHELL('',(#2504,#2505,#2506,#2507,#2508,#2509,#2510,#2511,
#2512,#2513,#2514,#2515,#2516,#2517,#2518,#2519,#2520,#2521,#2522,#2523,
#2524,#2525,#2526,#2527,#2528,#2529,#2530));
#2578=CLOSED_SHELL('',(#2531,#2532,#2533,#2534,#2535,#2536,#2537,#2538,
#2539,#2540,#2541,#2542,#2543,#2544,#2545,#2546,#2547,#2548,#2549,#2550));
#2579=CLOSED_SHELL('',(#2551,#2552,#2553,#2554,#2555,#2556,#2557,#2558,
#2559,#2560,#2561,#2562,#2563,#2564,#2565,#2566,#2567,#2568,#2569,#2570));
#2580=DERIVED_UNIT_ELEMENT(#2586,1.);
#2581=DERIVED_UNIT_ELEMENT(#4418,-3.);
#2582=DERIVED_UNIT_ELEMENT(#2586,1.);
#2583=DERIVED_UNIT_ELEMENT(#4418,-3.);
#2584=DERIVED_UNIT_ELEMENT(#2586,1.);
#2585=DERIVED_UNIT_ELEMENT(#4418,-3.);
#2586=(
MASS_UNIT()
NAMED_UNIT(*)
SI_UNIT(.KILO.,.GRAM.)
);
#2587=DERIVED_UNIT((#2580,#2581));
#2588=DERIVED_UNIT((#2582,#2583));
#2589=DERIVED_UNIT((#2584,#2585));
#2590=MEASURE_REPRESENTATION_ITEM('density measure',
POSITIVE_RATIO_MEASURE(7850.),#2587);
#2591=MEASURE_REPRESENTATION_ITEM('density measure',
POSITIVE_RATIO_MEASURE(7850.),#2588);
#2592=MEASURE_REPRESENTATION_ITEM('density measure',
POSITIVE_RATIO_MEASURE(7850.),#2589);
#2593=PROPERTY_DEFINITION_REPRESENTATION(#2608,#2599);
#2594=PROPERTY_DEFINITION_REPRESENTATION(#2609,#2600);
#2595=PROPERTY_DEFINITION_REPRESENTATION(#2610,#2601);
#2596=PROPERTY_DEFINITION_REPRESENTATION(#2611,#2602);
#2597=PROPERTY_DEFINITION_REPRESENTATION(#2612,#2603);
#2598=PROPERTY_DEFINITION_REPRESENTATION(#2613,#2604);
#2599=REPRESENTATION('material name',(#2605),#4413);
#2600=REPRESENTATION('density',(#2590),#4413);
#2601=REPRESENTATION('material name',(#2606),#4414);
#2602=REPRESENTATION('density',(#2591),#4414);
#2603=REPRESENTATION('material name',(#2607),#4415);
#2604=REPRESENTATION('density',(#2592),#4415);
#2605=DESCRIPTIVE_REPRESENTATION_ITEM('Steel','Steel');
#2606=DESCRIPTIVE_REPRESENTATION_ITEM('Steel','Steel');
#2607=DESCRIPTIVE_REPRESENTATION_ITEM('Steel','Steel');
#2608=PROPERTY_DEFINITION('material property','material name',#4438);
#2609=PROPERTY_DEFINITION('material property','density of part',#4438);
#2610=PROPERTY_DEFINITION('material property','material name',#4439);
#2611=PROPERTY_DEFINITION('material property','density of part',#4439);
#2612=PROPERTY_DEFINITION('material property','material name',#4440);
#2613=PROPERTY_DEFINITION('material property','density of part',#4440);
#2614=AXIS2_PLACEMENT_3D('',#3497,#2816,#2817);
#2615=AXIS2_PLACEMENT_3D('',#3498,#2818,#2819);
#2616=AXIS2_PLACEMENT_3D('',#3499,#2820,#2821);
#2617=AXIS2_PLACEMENT_3D('',#3501,#2822,#2823);
#2618=AXIS2_PLACEMENT_3D('',#3504,#2825,#2826);
#2619=AXIS2_PLACEMENT_3D('',#3505,#2827,#2828);
#2620=AXIS2_PLACEMENT_3D('',#3506,#2829,#2830);
#2621=AXIS2_PLACEMENT_3D('',#3508,#2831,#2832);
#2622=AXIS2_PLACEMENT_3D('',#3511,#2834,#2835);
#2623=AXIS2_PLACEMENT_3D('',#3512,#2836,#2837);
#2624=AXIS2_PLACEMENT_3D('',#3513,#2838,#2839);
#2625=AXIS2_PLACEMENT_3D('',#3516,#2841,#2842);
#2626=AXIS2_PLACEMENT_3D('',#3517,#2843,#2844);
#2627=AXIS2_PLACEMENT_3D('',#3518,#2845,#2846);
#2628=AXIS2_PLACEMENT_3D('',#3519,#2847,#2848);
#2629=AXIS2_PLACEMENT_3D('',#3521,#2849,#2850);
#2630=AXIS2_PLACEMENT_3D('',#3524,#2852,#2853);
#2631=AXIS2_PLACEMENT_3D('',#3525,#2854,#2855);
#2632=AXIS2_PLACEMENT_3D('',#3526,#2856,#2857);
#2633=AXIS2_PLACEMENT_3D('',#3527,#2858,#2859);
#2634=AXIS2_PLACEMENT_3D('',#3529,#2860,#2861);
#2635=AXIS2_PLACEMENT_3D('',#3532,#2863,#2864);
#2636=AXIS2_PLACEMENT_3D('',#3533,#2865,#2866);
#2637=AXIS2_PLACEMENT_3D('',#3534,#2867,#2868);
#2638=AXIS2_PLACEMENT_3D('',#3535,#2869,#2870);
#2639=AXIS2_PLACEMENT_3D('',#3537,#2871,#2872);
#2640=AXIS2_PLACEMENT_3D('',#3540,#2874,#2875);
#2641=AXIS2_PLACEMENT_3D('',#3541,#2876,#2877);
#2642=AXIS2_PLACEMENT_3D('',#3542,#2878,#2879);
#2643=AXIS2_PLACEMENT_3D('',#3543,#2880,#2881);
#2644=AXIS2_PLACEMENT_3D('',#3544,#2882,#2883);
#2645=AXIS2_PLACEMENT_3D('',#3553,#2888,#2889);
#2646=AXIS2_PLACEMENT_3D('',#3562,#2894,#2895);
#2647=AXIS2_PLACEMENT_3D('',#3565,#2898,#2899);
#2648=AXIS2_PLACEMENT_3D('',#3568,#2902,#2903);
#2649=AXIS2_PLACEMENT_3D('',#3574,#2907,#2908);
#2650=AXIS2_PLACEMENT_3D('',#3578,#2911,#2912);
#2651=AXIS2_PLACEMENT_3D('',#3603,#2925,#2926);
#2652=AXIS2_PLACEMENT_3D('',#3609,#2930,#2931);
#2653=AXIS2_PLACEMENT_3D('',#3615,#2935,#2936);
#2654=AXIS2_PLACEMENT_3D('',#3617,#2938,#2939);
#2655=AXIS2_PLACEMENT_3D('',#3619,#2941,#2942);
#2656=AXIS2_PLACEMENT_3D('',#3625,#2946,#2947);
#2657=AXIS2_PLACEMENT_3D('',#3629,#2950,#2951);
#2658=AXIS2_PLACEMENT_3D('',#3635,#2955,#2956);
#2659=AXIS2_PLACEMENT_3D('',#3641,#2960,#2961);
#2660=AXIS2_PLACEMENT_3D('',#3643,#2963,#2964);
#2661=AXIS2_PLACEMENT_3D('',#3645,#2966,#2967);
#2662=AXIS2_PLACEMENT_3D('',#3651,#2971,#2972);
#2663=AXIS2_PLACEMENT_3D('',#3655,#2975,#2976);
#2664=AXIS2_PLACEMENT_3D('',#3661,#2980,#2981);
#2665=AXIS2_PLACEMENT_3D('',#3667,#2985,#2986);
#2666=AXIS2_PLACEMENT_3D('',#3673,#2990,#2991);
#2667=AXIS2_PLACEMENT_3D('',#3679,#2995,#2996);
#2668=AXIS2_PLACEMENT_3D('',#3681,#2998,#2999);
#2669=AXIS2_PLACEMENT_3D('',#3687,#3003,#3004);
#2670=AXIS2_PLACEMENT_3D('',#3693,#3008,#3009);
#2671=AXIS2_PLACEMENT_3D('',#3699,#3013,#3014);
#2672=AXIS2_PLACEMENT_3D('',#3705,#3018,#3019);
#2673=AXIS2_PLACEMENT_3D('',#3707,#3021,#3022);
#2674=AXIS2_PLACEMENT_3D('',#3709,#3024,#3025);
#2675=AXIS2_PLACEMENT_3D('',#3711,#3027,#3028);
#2676=AXIS2_PLACEMENT_3D('',#3713,#3030,#3031);
#2677=AXIS2_PLACEMENT_3D('',#3715,#3033,#3034);
#2678=AXIS2_PLACEMENT_3D('',#3719,#3037,#3038);
#2679=AXIS2_PLACEMENT_3D('',#3721,#3040,#3041);
#2680=AXIS2_PLACEMENT_3D('',#3722,#3042,#3043);
#2681=AXIS2_PLACEMENT_3D('',#3726,#3046,#3047);
#2682=AXIS2_PLACEMENT_3D('',#3728,#3049,#3050);
#2683=AXIS2_PLACEMENT_3D('',#3729,#3051,#3052);
#2684=AXIS2_PLACEMENT_3D('',#3733,#3055,#3056);
#2685=AXIS2_PLACEMENT_3D('',#3735,#3058,#3059);
#2686=AXIS2_PLACEMENT_3D('',#3736,#3060,#3061);
#2687=AXIS2_PLACEMENT_3D('',#3738,#3063,#3064);
#2688=AXIS2_PLACEMENT_3D('',#3748,#3070,#3071);
#2689=AXIS2_PLACEMENT_3D('',#3754,#3075,#3076);
#2690=AXIS2_PLACEMENT_3D('',#3758,#3079,#3080);
#2691=AXIS2_PLACEMENT_3D('',#3762,#3083,#3084);
#2692=AXIS2_PLACEMENT_3D('',#3764,#3086,#3087);
#2693=AXIS2_PLACEMENT_3D('',#3765,#3088,#3089);
#2694=AXIS2_PLACEMENT_3D('',#3767,#3090,#3091);
#2695=AXIS2_PLACEMENT_3D('',#3770,#3093,#3094);
#2696=AXIS2_PLACEMENT_3D('',#3771,#3095,#3096);
#2697=AXIS2_PLACEMENT_3D('',#3772,#3097,#3098);
#2698=AXIS2_PLACEMENT_3D('',#3774,#3099,#3100);
#2699=AXIS2_PLACEMENT_3D('',#3777,#3102,#3103);
#2700=AXIS2_PLACEMENT_3D('',#3778,#3104,#3105);
#2701=AXIS2_PLACEMENT_3D('',#3781,#3106,#3107);
#2702=AXIS2_PLACEMENT_3D('',#3785,#3109,#3110);
#2703=AXIS2_PLACEMENT_3D('',#3787,#3112,#3113);
#2704=AXIS2_PLACEMENT_3D('',#3788,#3114,#3115);
#2705=AXIS2_PLACEMENT_3D('',#3789,#3116,#3117);
#2706=AXIS2_PLACEMENT_3D('',#3790,#3118,#3119);
#2707=AXIS2_PLACEMENT_3D('',#3791,#3120,#3121);
#2708=AXIS2_PLACEMENT_3D('',#3800,#3126,#3127);
#2709=AXIS2_PLACEMENT_3D('',#3809,#3132,#3133);
#2710=AXIS2_PLACEMENT_3D('',#3811,#3134,#3135);
#2711=AXIS2_PLACEMENT_3D('',#3813,#3136,#3137);
#2712=AXIS2_PLACEMENT_3D('',#3815,#3139,#3140);
#2713=AXIS2_PLACEMENT_3D('',#3821,#3144,#3145);
#2714=AXIS2_PLACEMENT_3D('',#3827,#3149,#3150);
#2715=AXIS2_PLACEMENT_3D('',#3836,#3155,#3156);
#2716=AXIS2_PLACEMENT_3D('',#3838,#3157,#3158);
#2717=AXIS2_PLACEMENT_3D('',#3840,#3159,#3160);
#2718=AXIS2_PLACEMENT_3D('',#3842,#3162,#3163);
#2719=AXIS2_PLACEMENT_3D('',#3848,#3167,#3168);
#2720=AXIS2_PLACEMENT_3D('',#3854,#3172,#3173);
#2721=AXIS2_PLACEMENT_3D('',#3857,#3176,#3177);
#2722=AXIS2_PLACEMENT_3D('',#3860,#3180,#3181);
#2723=AXIS2_PLACEMENT_3D('',#3862,#3183,#3184);
#2724=AXIS2_PLACEMENT_3D('',#3864,#3186,#3187);
#2725=AXIS2_PLACEMENT_3D('',#3865,#3188,#3189);
#2726=AXIS2_PLACEMENT_3D('',#3866,#3190,#3191);
#2727=AXIS2_PLACEMENT_3D('',#3873,#3195,#3196);
#2728=AXIS2_PLACEMENT_3D('',#3880,#3200,#3201);
#2729=AXIS2_PLACEMENT_3D('',#3883,#3204,#3205);
#2730=AXIS2_PLACEMENT_3D('',#3885,#3207,#3208);
#2731=AXIS2_PLACEMENT_3D('',#3891,#3211,#3212);
#2732=AXIS2_PLACEMENT_3D('',#3895,#3214,#3215);
#2733=AXIS2_PLACEMENT_3D('',#3899,#3218,#3219);
#2734=AXIS2_PLACEMENT_3D('',#3903,#3221,#3222);
#2735=AXIS2_PLACEMENT_3D('',#3905,#3224,#3225);
#2736=AXIS2_PLACEMENT_3D('',#3907,#3227,#3228);
#2737=AXIS2_PLACEMENT_3D('',#3917,#3234,#3235);
#2738=AXIS2_PLACEMENT_3D('',#3920,#3236,#3237);
#2739=AXIS2_PLACEMENT_3D('',#3925,#3241,#3242);
#2740=AXIS2_PLACEMENT_3D('',#3929,#3245,#3246);
#2741=AXIS2_PLACEMENT_3D('',#3941,#3253,#3254);
#2742=AXIS2_PLACEMENT_3D('',#3943,#3256,#3257);
#2743=AXIS2_PLACEMENT_3D('',#3945,#3259,#3260);
#2744=AXIS2_PLACEMENT_3D('',#3950,#3264,#3265);
#2745=AXIS2_PLACEMENT_3D('',#3951,#3266,#3267);
#2746=AXIS2_PLACEMENT_3D('',#3961,#3273,#3274);
#2747=AXIS2_PLACEMENT_3D('',#3965,#3276,#3277);
#2748=AXIS2_PLACEMENT_3D('',#3973,#3281,#3282);
#2749=AXIS2_PLACEMENT_3D('',#3975,#3284,#3285);
#2750=AXIS2_PLACEMENT_3D('',#3981,#3289,#3290);
#2751=AXIS2_PLACEMENT_3D('',#3985,#3293,#3294);
#2752=AXIS2_PLACEMENT_3D('',#3986,#3295,#3296);
#2753=AXIS2_PLACEMENT_3D('',#3987,#3297,#3298);
#2754=AXIS2_PLACEMENT_3D('',#3989,#3300,#3301);
#2755=AXIS2_PLACEMENT_3D('',#3995,#3305,#3306);
#2756=AXIS2_PLACEMENT_3D('',#3999,#3309,#3310);
#2757=AXIS2_PLACEMENT_3D('',#4000,#3311,#3312);
#2758=AXIS2_PLACEMENT_3D('',#4001,#3313,#3314);
#2759=AXIS2_PLACEMENT_3D('',#4003,#3316,#3317);
#2760=AXIS2_PLACEMENT_3D('',#4005,#3319,#3320);
#2761=AXIS2_PLACEMENT_3D('',#4006,#3321,#3322);
#2762=AXIS2_PLACEMENT_3D('',#4022,#3327,#3328);
#2763=AXIS2_PLACEMENT_3D('',#4036,#3332,#3333);
#2764=AXIS2_PLACEMENT_3D('',#4049,#3337,#3338);
#2765=AXIS2_PLACEMENT_3D('',#4065,#3343,#3344);
#2766=AXIS2_PLACEMENT_3D('',#4078,#3348,#3349);
#2767=AXIS2_PLACEMENT_3D('',#4089,#3352,#3353);
#2768=AXIS2_PLACEMENT_3D('',#4099,#3356,#3357);
#2769=AXIS2_PLACEMENT_3D('',#4110,#3360,#3361);
#2770=AXIS2_PLACEMENT_3D('',#4120,#3364,#3365);
#2771=AXIS2_PLACEMENT_3D('',#4134,#3368,#3369);
#2772=AXIS2_PLACEMENT_3D('',#4147,#3373,#3374);
#2773=AXIS2_PLACEMENT_3D('',#4157,#3377,#3378);
#2774=AXIS2_PLACEMENT_3D('',#4158,#3379,#3380);
#2775=AXIS2_PLACEMENT_3D('',#4159,#3381,#3382);
#2776=AXIS2_PLACEMENT_3D('',#4160,#3383,#3384);
#2777=AXIS2_PLACEMENT_3D('',#4161,#3385,#3386);
#2778=AXIS2_PLACEMENT_3D('',#4162,#3387,#3388);
#2779=AXIS2_PLACEMENT_3D('',#4163,#3389,#3390);
#2780=AXIS2_PLACEMENT_3D('',#4164,#3391,#3392);
#2781=AXIS2_PLACEMENT_3D('',#4165,#3393,#3394);
#2782=AXIS2_PLACEMENT_3D('',#4198,#3395,#3396);
#2783=AXIS2_PLACEMENT_3D('',#4199,#3397,#3398);
#2784=AXIS2_PLACEMENT_3D('',#4200,#3399,#3400);
#2785=AXIS2_PLACEMENT_3D('',#4203,#3402,#3403);
#2786=AXIS2_PLACEMENT_3D('',#4204,#3404,#3405);
#2787=AXIS2_PLACEMENT_3D('',#4205,#3406,#3407);
#2788=AXIS2_PLACEMENT_3D('',#4221,#3412,#3413);
#2789=AXIS2_PLACEMENT_3D('',#4235,#3417,#3418);
#2790=AXIS2_PLACEMENT_3D('',#4248,#3422,#3423);
#2791=AXIS2_PLACEMENT_3D('',#4264,#3428,#3429);
#2792=AXIS2_PLACEMENT_3D('',#4277,#3433,#3434);
#2793=AXIS2_PLACEMENT_3D('',#4288,#3437,#3438);
#2794=AXIS2_PLACEMENT_3D('',#4298,#3441,#3442);
#2795=AXIS2_PLACEMENT_3D('',#4309,#3445,#3446);
#2796=AXIS2_PLACEMENT_3D('',#4319,#3449,#3450);
#2797=AXIS2_PLACEMENT_3D('',#4333,#3453,#3454);
#2798=AXIS2_PLACEMENT_3D('',#4346,#3458,#3459);
#2799=AXIS2_PLACEMENT_3D('',#4356,#3462,#3463);
#2800=AXIS2_PLACEMENT_3D('',#4357,#3464,#3465);
#2801=AXIS2_PLACEMENT_3D('',#4358,#3466,#3467);
#2802=AXIS2_PLACEMENT_3D('',#4359,#3468,#3469);
#2803=AXIS2_PLACEMENT_3D('',#4360,#3470,#3471);
#2804=AXIS2_PLACEMENT_3D('',#4361,#3472,#3473);
#2805=AXIS2_PLACEMENT_3D('',#4362,#3474,#3475);
#2806=AXIS2_PLACEMENT_3D('',#4363,#3476,#3477);
#2807=AXIS2_PLACEMENT_3D('',#4364,#3478,#3479);
#2808=AXIS2_PLACEMENT_3D('',#4397,#3480,#3481);
#2809=AXIS2_PLACEMENT_3D('',#4398,#3482,#3483);
#2810=AXIS2_PLACEMENT_3D('',#4399,#3484,#3485);
#2811=AXIS2_PLACEMENT_3D('',#4402,#3487,#3488);
#2812=AXIS2_PLACEMENT_3D('',#4403,#3489,#3490);
#2813=AXIS2_PLACEMENT_3D('',#4404,#3491,#3492);
#2814=AXIS2_PLACEMENT_3D('',#4405,#3493,#3494);
#2815=AXIS2_PLACEMENT_3D('',#4406,#3495,#3496);
#2816=DIRECTION('axis',(0.,0.,1.));
#2817=DIRECTION('refdir',(1.,0.,0.));
#2818=DIRECTION('axis',(0.,0.,1.));
#2819=DIRECTION('refdir',(1.,0.,0.));
#2820=DIRECTION('center_axis',(0.,-1.,0.));
#2821=DIRECTION('ref_axis',(-1.,0.,0.));
#2822=DIRECTION('center_axis',(0.,-1.,0.));
#2823=DIRECTION('ref_axis',(-1.,0.,0.));
#2824=DIRECTION('',(0.,-1.,0.));
#2825=DIRECTION('center_axis',(0.,-1.,0.));
#2826=DIRECTION('ref_axis',(-1.,0.,0.));
#2827=DIRECTION('center_axis',(0.,1.,0.));
#2828=DIRECTION('ref_axis',(-1.,0.,0.));
#2829=DIRECTION('center_axis',(0.,-1.,0.));
#2830=DIRECTION('ref_axis',(1.,0.,0.));
#2831=DIRECTION('center_axis',(0.,-1.,0.));
#2832=DIRECTION('ref_axis',(1.,0.,0.));
#2833=DIRECTION('',(-0.034899496702501,-0.999390827019096,4.27395569285714E-18));
#2834=DIRECTION('center_axis',(0.,1.,0.));
#2835=DIRECTION('ref_axis',(1.,0.,0.));
#2836=DIRECTION('center_axis',(0.,1.,0.));
#2837=DIRECTION('ref_axis',(1.,0.,0.));
#2838=DIRECTION('center_axis',(0.,1.,0.));
#2839=DIRECTION('ref_axis',(1.,0.,0.));
#2840=DIRECTION('',(0.,-1.,0.));
#2841=DIRECTION('center_axis',(0.,1.,0.));
#2842=DIRECTION('ref_axis',(1.,0.,0.));
#2843=DIRECTION('center_axis',(0.,1.,0.));
#2844=DIRECTION('ref_axis',(1.,0.,0.));
#2845=DIRECTION('axis',(0.,0.,1.));
#2846=DIRECTION('refdir',(1.,0.,0.));
#2847=DIRECTION('center_axis',(0.,-1.,0.));
#2848=DIRECTION('ref_axis',(1.,0.,0.));
#2849=DIRECTION('center_axis',(0.,-1.,0.));
#2850=DIRECTION('ref_axis',(1.,0.,0.));
#2851=DIRECTION('',(0.,1.,0.));
#2852=DIRECTION('center_axis',(0.,-1.,0.));
#2853=DIRECTION('ref_axis',(1.,0.,0.));
#2854=DIRECTION('center_axis',(0.,-1.,0.));
#2855=DIRECTION('ref_axis',(1.,0.,0.));
#2856=DIRECTION('center_axis',(0.,-1.,0.));
#2857=DIRECTION('ref_axis',(1.,0.,0.));
#2858=DIRECTION('center_axis',(0.,-1.,0.));
#2859=DIRECTION('ref_axis',(1.,0.,0.));
#2860=DIRECTION('center_axis',(0.,-1.,0.));
#2861=DIRECTION('ref_axis',(1.,0.,0.));
#2862=DIRECTION('',(0.,1.,0.));
#2863=DIRECTION('center_axis',(0.,-1.,0.));
#2864=DIRECTION('ref_axis',(1.,0.,0.));
#2865=DIRECTION('center_axis',(0.,-1.,0.));
#2866=DIRECTION('ref_axis',(1.,0.,0.));
#2867=DIRECTION('center_axis',(0.,-1.,0.));
#2868=DIRECTION('ref_axis',(1.,0.,0.));
#2869=DIRECTION('center_axis',(0.,-1.,0.));
#2870=DIRECTION('ref_axis',(1.,0.,0.));
#2871=DIRECTION('center_axis',(0.,-1.,0.));
#2872=DIRECTION('ref_axis',(1.,0.,0.));
#2873=DIRECTION('',(0.,1.,0.));
#2874=DIRECTION('center_axis',(0.,-1.,0.));
#2875=DIRECTION('ref_axis',(1.,0.,0.));
#2876=DIRECTION('center_axis',(0.,-1.,0.));
#2877=DIRECTION('ref_axis',(1.,0.,0.));
#2878=DIRECTION('center_axis',(0.,-1.,0.));
#2879=DIRECTION('ref_axis',(1.,0.,0.));
#2880=DIRECTION('axis',(0.,0.,1.));
#2881=DIRECTION('refdir',(1.,0.,0.));
#2882=DIRECTION('center_axis',(0.70710678118654,-0.707106781186555,0.));
#2883=DIRECTION('ref_axis',(0.,0.,-1.));
#2884=DIRECTION('',(0.,0.,-1.));
#2885=DIRECTION('',(0.57735026918963,0.577350269189617,0.57735026918963));
#2886=DIRECTION('',(0.,0.,1.));
#2887=DIRECTION('',(0.57735026918963,0.577350269189617,-0.57735026918963));
#2888=DIRECTION('center_axis',(-0.70710678118654,-0.707106781186555,0.));
#2889=DIRECTION('ref_axis',(0.,0.,1.));
#2890=DIRECTION('',(0.,0.,1.));
#2891=DIRECTION('',(-0.57735026918963,0.577350269189617,-0.57735026918963));
#2892=DIRECTION('',(0.,0.,-1.));
#2893=DIRECTION('',(0.57735026918963,-0.577350269189617,-0.57735026918963));
#2894=DIRECTION('center_axis',(0.,-0.707106781186555,-0.70710678118654));
#2895=DIRECTION('ref_axis',(-1.,0.,0.));
#2896=DIRECTION('',(1.,0.,0.));
#2897=DIRECTION('',(-1.,0.,0.));
#2898=DIRECTION('center_axis',(0.,-0.707106781186555,0.70710678118654));
#2899=DIRECTION('ref_axis',(1.,0.,0.));
#2900=DIRECTION('',(1.,0.,0.));
#2901=DIRECTION('',(-1.,0.,0.));
#2902=DIRECTION('center_axis',(0.,0.,-1.));
#2903=DIRECTION('ref_axis',(-1.,0.,0.));
#2904=DIRECTION('',(0.,1.,0.));
#2905=DIRECTION('',(-1.,0.,0.));
#2906=DIRECTION('',(0.,1.,0.));
#2907=DIRECTION('center_axis',(1.,0.,0.));
#2908=DIRECTION('ref_axis',(0.,0.,-1.));
#2909=DIRECTION('',(0.,1.,0.));
#2910=DIRECTION('',(0.,0.,-1.));
#2911=DIRECTION('center_axis',(0.,-1.,0.));
#2912=DIRECTION('ref_axis',(0.,0.,-1.));
#2913=DIRECTION('',(1.,0.,0.));
#2914=DIRECTION('',(0.,0.,1.));
#2915=DIRECTION('',(-1.,0.,0.));
#2916=DIRECTION('',(0.,0.,-1.));
#2917=DIRECTION('',(0.,0.,1.));
#2918=DIRECTION('',(1.,0.,0.));
#2919=DIRECTION('',(0.,0.,-1.));
#2920=DIRECTION('',(-1.,0.,0.));
#2921=DIRECTION('',(0.,0.,1.));
#2922=DIRECTION('',(1.,0.,0.));
#2923=DIRECTION('',(0.,0.,-1.));
#2924=DIRECTION('',(-1.,0.,0.));
#2925=DIRECTION('center_axis',(0.70710678118654,-0.707106781186555,0.));
#2926=DIRECTION('ref_axis',(0.,0.,-1.));
#2927=DIRECTION('',(0.57735026918963,0.577350269189617,0.57735026918963));
#2928=DIRECTION('',(0.,0.,1.));
#2929=DIRECTION('',(0.57735026918963,0.577350269189617,-0.57735026918963));
#2930=DIRECTION('center_axis',(-0.70710678118654,-0.707106781186555,0.));
#2931=DIRECTION('ref_axis',(0.,0.,1.));
#2932=DIRECTION('',(-0.57735026918963,0.577350269189617,-0.57735026918963));
#2933=DIRECTION('',(0.,0.,-1.));
#2934=DIRECTION('',(0.57735026918963,-0.577350269189617,-0.57735026918963));
#2935=DIRECTION('center_axis',(0.,-0.707106781186555,-0.70710678118654));
#2936=DIRECTION('ref_axis',(-1.,0.,0.));
#2937=DIRECTION('',(1.,0.,0.));
#2938=DIRECTION('center_axis',(0.,-0.707106781186555,0.70710678118654));
#2939=DIRECTION('ref_axis',(1.,0.,0.));
#2940=DIRECTION('',(-1.,0.,0.));
#2941=DIRECTION('center_axis',(0.,0.,-1.));
#2942=DIRECTION('ref_axis',(-1.,0.,0.));
#2943=DIRECTION('',(0.,1.,0.));
#2944=DIRECTION('',(-1.,0.,0.));
#2945=DIRECTION('',(0.,1.,0.));
#2946=DIRECTION('center_axis',(1.,0.,0.));
#2947=DIRECTION('ref_axis',(0.,0.,-1.));
#2948=DIRECTION('',(0.,1.,0.));
#2949=DIRECTION('',(0.,0.,-1.));
#2950=DIRECTION('center_axis',(0.70710678118654,-0.707106781186555,0.));
#2951=DIRECTION('ref_axis',(0.,0.,-1.));
#2952=DIRECTION('',(0.57735026918963,0.577350269189617,0.57735026918963));
#2953=DIRECTION('',(0.,0.,1.));
#2954=DIRECTION('',(0.57735026918963,0.577350269189617,-0.57735026918963));
#2955=DIRECTION('center_axis',(-0.70710678118654,-0.707106781186555,0.));
#2956=DIRECTION('ref_axis',(0.,0.,1.));
#2957=DIRECTION('',(-0.57735026918963,0.577350269189617,-0.57735026918963));
#2958=DIRECTION('',(0.,0.,-1.));
#2959=DIRECTION('',(0.57735026918963,-0.577350269189617,-0.57735026918963));
#2960=DIRECTION('center_axis',(0.,-0.707106781186555,-0.70710678118654));
#2961=DIRECTION('ref_axis',(-1.,0.,0.));
#2962=DIRECTION('',(1.,0.,0.));
#2963=DIRECTION('center_axis',(0.,-0.707106781186555,0.70710678118654));
#2964=DIRECTION('ref_axis',(1.,0.,0.));
#2965=DIRECTION('',(-1.,0.,0.));
#2966=DIRECTION('center_axis',(0.,0.,-1.));
#2967=DIRECTION('ref_axis',(-1.,0.,0.));
#2968=DIRECTION('',(0.,1.,0.));
#2969=DIRECTION('',(-1.,0.,0.));
#2970=DIRECTION('',(0.,1.,0.));
#2971=DIRECTION('center_axis',(1.,0.,0.));
#2972=DIRECTION('ref_axis',(0.,0.,-1.));
#2973=DIRECTION('',(0.,1.,0.));
#2974=DIRECTION('',(0.,0.,-1.));
#2975=DIRECTION('center_axis',(-0.577350269189622,-0.577350269189634,0.577350269189622));
#2976=DIRECTION('ref_axis',(0.707106781186547,0.,0.707106781186547));
#2977=DIRECTION('',(0.,-0.70710678118654,-0.707106781186555));
#2978=DIRECTION('',(0.707106781186548,0.,0.707106781186548));
#2979=DIRECTION('',(-0.707106781186555,0.70710678118654,0.));
#2980=DIRECTION('center_axis',(-0.707106781186548,0.,0.707106781186548));
#2981=DIRECTION('ref_axis',(0.707106781186548,0.,0.707106781186548));
#2982=DIRECTION('',(0.707106781186548,0.,0.707106781186548));
#2983=DIRECTION('',(0.,-1.,0.));
#2984=DIRECTION('',(0.,1.,0.));
#2985=DIRECTION('center_axis',(0.577350269189622,-0.577350269189634,0.577350269189622));
#2986=DIRECTION('ref_axis',(0.707106781186547,0.,-0.707106781186547));
#2987=DIRECTION('',(-0.707106781186555,-0.70710678118654,0.));
#2988=DIRECTION('',(0.707106781186548,0.,-0.707106781186548));
#2989=DIRECTION('',(0.,0.70710678118654,0.707106781186555));
#2990=DIRECTION('center_axis',(0.707106781186548,0.,0.707106781186548));
#2991=DIRECTION('ref_axis',(0.707106781186548,0.,-0.707106781186548));
#2992=DIRECTION('',(0.707106781186548,0.,-0.707106781186548));
#2993=DIRECTION('',(0.,-1.,0.));
#2994=DIRECTION('',(0.,1.,0.));
#2995=DIRECTION('center_axis',(0.,-0.707106781186555,0.70710678118654));
#2996=DIRECTION('ref_axis',(1.,0.,0.));
#2997=DIRECTION('',(-1.,0.,0.));
#2998=DIRECTION('center_axis',(-0.577350269189622,-0.577350269189634,-0.577350269189622));
#2999=DIRECTION('ref_axis',(-0.707106781186547,0.,0.707106781186547));
#3000=DIRECTION('',(0.707106781186555,-0.70710678118654,0.));
#3001=DIRECTION('',(-0.707106781186548,0.,0.707106781186548));
#3002=DIRECTION('',(0.,0.70710678118654,-0.707106781186555));
#3003=DIRECTION('center_axis',(-0.707106781186548,0.,-0.707106781186548));
#3004=DIRECTION('ref_axis',(-0.707106781186548,0.,0.707106781186548));
#3005=DIRECTION('',(-0.707106781186547,0.,0.707106781186547));
#3006=DIRECTION('',(0.,-1.,0.));
#3007=DIRECTION('',(0.,1.,0.));
#3008=DIRECTION('center_axis',(0.577350269189622,-0.577350269189634,-0.577350269189622));
#3009=DIRECTION('ref_axis',(-0.707106781186547,0.,-0.707106781186547));
#3010=DIRECTION('',(0.,-0.70710678118654,0.707106781186555));
#3011=DIRECTION('',(-0.707106781186548,0.,-0.707106781186548));
#3012=DIRECTION('',(0.707106781186555,0.70710678118654,0.));
#3013=DIRECTION('center_axis',(0.707106781186548,0.,-0.707106781186548));
#3014=DIRECTION('ref_axis',(-0.707106781186548,0.,-0.707106781186548));
#3015=DIRECTION('',(-0.707106781186547,0.,-0.707106781186547));
#3016=DIRECTION('',(0.,-1.,0.));
#3017=DIRECTION('',(0.,1.,0.));
#3018=DIRECTION('center_axis',(0.70710678118654,-0.707106781186555,0.));
#3019=DIRECTION('ref_axis',(0.,0.,-1.));
#3020=DIRECTION('',(0.,0.,1.));
#3021=DIRECTION('center_axis',(0.,-0.707106781186555,-0.70710678118654));
#3022=DIRECTION('ref_axis',(-1.,0.,0.));
#3023=DIRECTION('',(1.,0.,0.));
#3024=DIRECTION('center_axis',(-0.70710678118654,-0.707106781186555,0.));
#3025=DIRECTION('ref_axis',(0.,0.,1.));
#3026=DIRECTION('',(0.,0.,-1.));
#3027=DIRECTION('center_axis',(0.,0.,1.));
#3028=DIRECTION('ref_axis',(-1.,0.,0.));
#3029=DIRECTION('',(1.,0.,0.));
#3030=DIRECTION('center_axis',(1.,0.,0.));
#3031=DIRECTION('ref_axis',(0.,0.,1.));
#3032=DIRECTION('',(0.,0.,-1.));
#3033=DIRECTION('center_axis',(0.,0.,1.));
#3034=DIRECTION('ref_axis',(1.,0.,0.));
#3035=DIRECTION('',(0.,1.,0.));
#3036=DIRECTION('',(1.,0.,0.));
#3037=DIRECTION('center_axis',(-1.,0.,0.));
#3038=DIRECTION('ref_axis',(0.,0.,1.));
#3039=DIRECTION('',(0.,0.,1.));
#3040=DIRECTION('center_axis',(0.,1.,0.));
#3041=DIRECTION('ref_axis',(0.,0.,1.));
#3042=DIRECTION('center_axis',(0.,0.,1.));
#3043=DIRECTION('ref_axis',(1.,0.,0.));
#3044=DIRECTION('',(0.,1.,0.));
#3045=DIRECTION('',(1.,0.,0.));
#3046=DIRECTION('center_axis',(-1.,0.,0.));
#3047=DIRECTION('ref_axis',(0.,0.,1.));
#3048=DIRECTION('',(0.,0.,1.));
#3049=DIRECTION('center_axis',(0.,1.,0.));
#3050=DIRECTION('ref_axis',(0.,0.,1.));
#3051=DIRECTION('center_axis',(0.,0.,1.));
#3052=DIRECTION('ref_axis',(1.,0.,0.));
#3053=DIRECTION('',(0.,1.,0.));
#3054=DIRECTION('',(1.,0.,0.));
#3055=DIRECTION('center_axis',(-1.,0.,0.));
#3056=DIRECTION('ref_axis',(0.,0.,1.));
#3057=DIRECTION('',(0.,0.,1.));
#3058=DIRECTION('center_axis',(0.,1.,0.));
#3059=DIRECTION('ref_axis',(0.,0.,1.));
#3060=DIRECTION('center_axis',(-1.,0.,0.));
#3061=DIRECTION('ref_axis',(0.,0.,-1.));
#3062=DIRECTION('',(0.,0.,1.));
#3063=DIRECTION('center_axis',(0.,1.,0.));
#3064=DIRECTION('ref_axis',(1.,0.,0.));
#3065=DIRECTION('',(1.,0.,0.));
#3066=DIRECTION('',(0.,0.,1.));
#3067=DIRECTION('',(-1.,0.,0.));
#3068=DIRECTION('',(0.,0.,-1.));
#3069=DIRECTION('',(1.,0.,0.));
#3070=DIRECTION('center_axis',(1.,0.,0.));
#3071=DIRECTION('ref_axis',(0.,0.,-1.));
#3072=DIRECTION('',(0.,1.,0.));
#3073=DIRECTION('',(0.,0.,-1.));
#3074=DIRECTION('',(0.,1.,0.));
#3075=DIRECTION('center_axis',(0.,0.,1.));
#3076=DIRECTION('ref_axis',(1.,0.,0.));
#3077=DIRECTION('',(1.,0.,0.));
#3078=DIRECTION('',(0.,1.,0.));
#3079=DIRECTION('center_axis',(-1.,0.,0.));
#3080=DIRECTION('ref_axis',(0.,0.,1.));
#3081=DIRECTION('',(0.,0.,1.));
#3082=DIRECTION('',(0.,1.,0.));
#3083=DIRECTION('center_axis',(0.,0.,-1.));
#3084=DIRECTION('ref_axis',(-1.,0.,0.));
#3085=DIRECTION('',(-1.,0.,0.));
#3086=DIRECTION('center_axis',(0.,1.,0.));
#3087=DIRECTION('ref_axis',(0.,0.,1.));
#3088=DIRECTION('center_axis',(0.,-1.,0.));
#3089=DIRECTION('ref_axis',(1.,0.,0.));
#3090=DIRECTION('center_axis',(0.,-1.,0.));
#3091=DIRECTION('ref_axis',(1.,0.,0.));
#3092=DIRECTION('',(-0.17364817766693,-0.984807753012208,2.12657684957577E-17));
#3093=DIRECTION('center_axis',(0.,-1.,0.));
#3094=DIRECTION('ref_axis',(1.,0.,0.));
#3095=DIRECTION('center_axis',(0.,1.,0.));
#3096=DIRECTION('ref_axis',(0.,0.,1.));
#3097=DIRECTION('center_axis',(0.,1.,0.));
#3098=DIRECTION('ref_axis',(1.,0.,0.));
#3099=DIRECTION('center_axis',(0.,-1.,0.));
#3100=DIRECTION('ref_axis',(1.,0.,0.));
#3101=DIRECTION('',(0.,-1.,0.));
#3102=DIRECTION('center_axis',(0.,1.,0.));
#3103=DIRECTION('ref_axis',(1.,0.,0.));
#3104=DIRECTION('center_axis',(0.,1.,0.));
#3105=DIRECTION('ref_axis',(-1.83697019872103E-16,0.,1.));
#3106=DIRECTION('center_axis',(0.,-1.,0.));
#3107=DIRECTION('ref_axis',(1.,0.,0.));
#3108=DIRECTION('',(0.,1.,0.));
#3109=DIRECTION('center_axis',(0.,1.,0.));
#3110=DIRECTION('ref_axis',(1.,0.,0.));
#3111=DIRECTION('',(0.,1.,0.));
#3112=DIRECTION('center_axis',(0.,1.,0.));
#3113=DIRECTION('ref_axis',(2.83276944882399E-16,0.,-1.));
#3114=DIRECTION('center_axis',(0.,-1.,0.));
#3115=DIRECTION('ref_axis',(1.,0.,0.));
#3116=DIRECTION('center_axis',(0.,1.,0.));
#3117=DIRECTION('ref_axis',(1.,0.,0.));
#3118=DIRECTION('center_axis',(0.,1.,0.));
#3119=DIRECTION('ref_axis',(1.,0.,0.));
#3120=DIRECTION('center_axis',(0.,1.,0.));
#3121=DIRECTION('ref_axis',(1.,0.,0.));
#3122=DIRECTION('',(0.,0.,1.));
#3123=DIRECTION('',(1.,0.,0.));
#3124=DIRECTION('',(0.,0.,-1.));
#3125=DIRECTION('',(-1.,0.,0.));
#3126=DIRECTION('center_axis',(0.,0.,-1.));
#3127=DIRECTION('ref_axis',(-1.,0.,0.));
#3128=DIRECTION('',(-1.,0.,0.));
#3129=DIRECTION('',(0.,1.,0.));
#3130=DIRECTION('',(-1.,0.,0.));
#3131=DIRECTION('',(0.,1.,0.));
#3132=DIRECTION('center_axis',(0.,1.,0.));
#3133=DIRECTION('ref_axis',(-1.83697019872103E-16,0.,1.));
#3134=DIRECTION('center_axis',(0.,-1.,0.));
#3135=DIRECTION('ref_axis',(1.,0.,0.));
#3136=DIRECTION('center_axis',(0.,-1.,0.));
#3137=DIRECTION('ref_axis',(1.,0.,0.));
#3138=DIRECTION('',(0.,1.,0.));
#3139=DIRECTION('center_axis',(0.,0.,-1.));
#3140=DIRECTION('ref_axis',(-1.,0.,0.));
#3141=DIRECTION('',(-1.,0.,0.));
#3142=DIRECTION('',(-1.,0.,0.));
#3143=DIRECTION('',(0.,1.,0.));
#3144=DIRECTION('center_axis',(0.,-1.,0.));
#3145=DIRECTION('ref_axis',(0.,0.,-1.));
#3146=DIRECTION('',(-1.,0.,0.));
#3147=DIRECTION('',(-2.38757639704335E-16,0.,-1.));
#3148=DIRECTION('',(0.,0.,1.));
#3149=DIRECTION('center_axis',(0.,0.,1.));
#3150=DIRECTION('ref_axis',(1.,0.,0.));
#3151=DIRECTION('',(1.,0.,0.));
#3152=DIRECTION('',(0.,1.,0.));
#3153=DIRECTION('',(1.,0.,0.));
#3154=DIRECTION('',(0.,1.,0.));
#3155=DIRECTION('center_axis',(0.,1.,0.));
#3156=DIRECTION('ref_axis',(5.0532154980743E-16,0.,-1.));
#3157=DIRECTION('center_axis',(0.,-1.,0.));
#3158=DIRECTION('ref_axis',(1.,0.,0.));
#3159=DIRECTION('center_axis',(0.,-1.,0.));
#3160=DIRECTION('ref_axis',(1.,0.,0.));
#3161=DIRECTION('',(0.,1.,0.));
#3162=DIRECTION('center_axis',(0.,0.,1.));
#3163=DIRECTION('ref_axis',(1.,0.,0.));
#3164=DIRECTION('',(1.,0.,0.));
#3165=DIRECTION('',(1.,0.,0.));
#3166=DIRECTION('',(0.,1.,0.));
#3167=DIRECTION('center_axis',(0.,-1.,0.));
#3168=DIRECTION('ref_axis',(0.,0.,-1.));
#3169=DIRECTION('',(4.77515279408669E-16,0.,-1.));
#3170=DIRECTION('',(1.,0.,0.));
#3171=DIRECTION('',(-2.38757639704335E-16,0.,1.));
#3172=DIRECTION('center_axis',(0.,0.,1.));
#3173=DIRECTION('ref_axis',(-1.,0.,0.));
#3174=DIRECTION('',(0.,-1.,0.));
#3175=DIRECTION('',(0.,-1.,0.));
#3176=DIRECTION('center_axis',(1.,0.,0.));
#3177=DIRECTION('ref_axis',(0.,0.,1.));
#3178=DIRECTION('',(-2.38757639704335E-16,0.,-1.));
#3179=DIRECTION('',(0.,-1.,0.));
#3180=DIRECTION('center_axis',(0.,0.,-1.));
#3181=DIRECTION('ref_axis',(1.,0.,0.));
#3182=DIRECTION('',(0.,-1.,0.));
#3183=DIRECTION('center_axis',(-1.,0.,0.));
#3184=DIRECTION('ref_axis',(0.,0.,-1.));
#3185=DIRECTION('',(-2.38757639704335E-16,0.,1.));
#3186=DIRECTION('center_axis',(0.,1.,0.));
#3187=DIRECTION('ref_axis',(1.,0.,0.));
#3188=DIRECTION('center_axis',(0.,-1.,0.));
#3189=DIRECTION('ref_axis',(0.,0.,-1.));
#3190=DIRECTION('center_axis',(-1.,0.,0.));
#3191=DIRECTION('ref_axis',(0.,0.,1.));
#3192=DIRECTION('',(0.,0.707106781186548,0.707106781186548));
#3193=DIRECTION('',(0.,1.,0.));
#3194=DIRECTION('',(0.,0.,1.));
#3195=DIRECTION('center_axis',(1.,0.,0.));
#3196=DIRECTION('ref_axis',(0.,0.,-1.));
#3197=DIRECTION('',(0.,-0.707106781186548,-0.707106781186548));
#3198=DIRECTION('',(0.,0.,-1.));
#3199=DIRECTION('',(0.,1.,0.));
#3200=DIRECTION('center_axis',(0.,0.,-1.));
#3201=DIRECTION('ref_axis',(-1.,0.,0.));
#3202=DIRECTION('',(-1.,0.,0.));
#3203=DIRECTION('',(-1.,0.,0.));
#3204=DIRECTION('center_axis',(0.,1.,0.));
#3205=DIRECTION('ref_axis',(0.,0.,1.));
#3206=DIRECTION('',(-1.,0.,0.));
#3207=DIRECTION('center_axis',(0.,-0.707106781186548,0.707106781186548));
#3208=DIRECTION('ref_axis',(1.,0.,0.));
#3209=DIRECTION('',(-1.,0.,0.));
#3210=DIRECTION('',(0.,-0.707106781186548,-0.707106781186548));
#3211=DIRECTION('center_axis',(0.,0.707106781186548,-0.707106781186548));
#3212=DIRECTION('ref_axis',(0.,0.707106781186547,0.707106781186547));
#3213=DIRECTION('',(1.,0.,0.));
#3214=DIRECTION('center_axis',(0.,0.707106781186548,-0.707106781186548));
#3215=DIRECTION('ref_axis',(0.,0.707106781186547,0.707106781186547));
#3216=DIRECTION('',(0.,0.707106781186548,0.707106781186548));
#3217=DIRECTION('',(-1.,0.,0.));
#3218=DIRECTION('center_axis',(0.,1.,0.));
#3219=DIRECTION('ref_axis',(-1.,0.,0.));
#3220=DIRECTION('',(0.,1.,0.));
#3221=DIRECTION('center_axis',(0.,1.,0.));
#3222=DIRECTION('ref_axis',(-1.,0.,0.));
#3223=DIRECTION('',(0.,1.,0.));
#3224=DIRECTION('center_axis',(1.,0.,0.));
#3225=DIRECTION('ref_axis',(0.,0.,-1.));
#3226=DIRECTION('',(0.,0.,-1.));
#3227=DIRECTION('center_axis',(0.,0.,1.));
#3228=DIRECTION('ref_axis',(-1.,0.,0.));
#3229=DIRECTION('',(1.,0.,0.));
#3230=DIRECTION('',(0.,-1.,0.));
#3231=DIRECTION('',(1.,0.,0.));
#3232=DIRECTION('',(0.,-1.,0.));
#3233=DIRECTION('',(1.,0.,0.));
#3234=DIRECTION('center_axis',(0.,1.,0.));
#3235=DIRECTION('ref_axis',(1.,0.,0.));
#3236=DIRECTION('center_axis',(0.,1.,0.));
#3237=DIRECTION('ref_axis',(1.,0.,0.));
#3238=DIRECTION('',(-1.,0.,-1.77635683940025E-15));
#3239=DIRECTION('',(0.,0.,-1.));
#3240=DIRECTION('',(0.,0.,1.));
#3241=DIRECTION('center_axis',(0.,-1.,0.));
#3242=DIRECTION('ref_axis',(-1.,0.,0.));
#3243=DIRECTION('',(0.,0.,1.));
#3244=DIRECTION('',(-1.,0.,1.77635683940025E-15));
#3245=DIRECTION('center_axis',(-1.,0.,0.));
#3246=DIRECTION('ref_axis',(0.,0.,-1.));
#3247=DIRECTION('',(0.,1.,0.));
#3248=DIRECTION('',(0.,0.,1.));
#3249=DIRECTION('',(0.,-1.,0.));
#3250=DIRECTION('',(0.,0.,1.));
#3251=DIRECTION('',(0.,-1.,0.));
#3252=DIRECTION('',(0.,0.,-1.));
#3253=DIRECTION('center_axis',(-1.77635683940025E-15,0.,-1.));
#3254=DIRECTION('ref_axis',(-1.,0.,1.77635683940025E-15));
#3255=DIRECTION('',(-1.,0.,1.77635683940025E-15));
#3256=DIRECTION('center_axis',(1.,0.,0.));
#3257=DIRECTION('ref_axis',(0.,0.,-1.));
#3258=DIRECTION('',(0.,1.,0.));
#3259=DIRECTION('center_axis',(-1.77635683940025E-15,0.,1.));
#3260=DIRECTION('ref_axis',(1.,0.,1.77635683940025E-15));
#3261=DIRECTION('',(-1.,0.,-1.77635683940025E-15));
#3262=DIRECTION('',(0.,-1.,0.));
#3263=DIRECTION('',(0.,1.,0.));
#3264=DIRECTION('center_axis',(0.,-1.,0.));
#3265=DIRECTION('ref_axis',(1.,0.,0.));
#3266=DIRECTION('center_axis',(1.,0.,0.));
#3267=DIRECTION('ref_axis',(0.,0.,1.));
#3268=DIRECTION('',(0.,0.,1.));
#3269=DIRECTION('',(0.,1.,0.));
#3270=DIRECTION('',(0.,0.,-1.));
#3271=DIRECTION('',(0.,-1.,0.));
#3272=DIRECTION('',(0.,0.,-1.));
#3273=DIRECTION('center_axis',(0.,-1.,0.));
#3274=DIRECTION('ref_axis',(0.,0.,-1.));
#3275=DIRECTION('',(1.,0.,1.77635683940025E-15));
#3276=DIRECTION('center_axis',(0.,1.,0.));
#3277=DIRECTION('ref_axis',(-1.,0.,0.));
#3278=DIRECTION('',(0.,0.,-1.));
#3279=DIRECTION('',(1.,0.,0.));
#3280=DIRECTION('',(0.,0.,1.));
#3281=DIRECTION('center_axis',(0.,1.,0.));
#3282=DIRECTION('ref_axis',(1.,0.,0.));
#3283=DIRECTION('',(1.,0.,-1.77635683940025E-15));
#3284=DIRECTION('center_axis',(-1.,0.,0.));
#3285=DIRECTION('ref_axis',(0.,0.,1.));
#3286=DIRECTION('',(0.,1.,0.));
#3287=DIRECTION('',(0.,0.,1.));
#3288=DIRECTION('',(0.,1.,0.));
#3289=DIRECTION('center_axis',(1.77635683940025E-15,0.,-1.));
#3290=DIRECTION('ref_axis',(-1.,0.,-1.77635683940025E-15));
#3291=DIRECTION('',(-1.,0.,-1.77635683940025E-15));
#3292=DIRECTION('',(0.,1.,0.));
#3293=DIRECTION('center_axis',(0.,-1.,0.));
#3294=DIRECTION('ref_axis',(-1.,0.,0.));
#3295=DIRECTION('center_axis',(0.,-1.,0.));
#3296=DIRECTION('ref_axis',(-1.,0.,0.));
#3297=DIRECTION('center_axis',(0.,1.,0.));
#3298=DIRECTION('ref_axis',(-1.,0.,0.));
#3299=DIRECTION('',(-1.,0.,0.));
#3300=DIRECTION('center_axis',(-1.,0.,0.));
#3301=DIRECTION('ref_axis',(0.,0.,1.));
#3302=DIRECTION('',(0.,-1.,0.));
#3303=DIRECTION('',(0.,0.,1.));
#3304=DIRECTION('',(0.,1.,0.));
#3305=DIRECTION('center_axis',(1.77635683940025E-15,0.,1.));
#3306=DIRECTION('ref_axis',(1.,0.,-1.77635683940025E-15));
#3307=DIRECTION('',(0.,1.,0.));
#3308=DIRECTION('',(1.,0.,-1.77635683940025E-15));
#3309=DIRECTION('center_axis',(0.,1.,0.));
#3310=DIRECTION('ref_axis',(1.,0.,0.));
#3311=DIRECTION('center_axis',(0.,1.,0.));
#3312=DIRECTION('ref_axis',(1.,0.,0.));
#3313=DIRECTION('center_axis',(0.,-1.,0.));
#3314=DIRECTION('ref_axis',(1.,0.,0.));
#3315=DIRECTION('',(-1.,0.,0.));
#3316=DIRECTION('center_axis',(0.,0.,-1.));
#3317=DIRECTION('ref_axis',(1.,0.,0.));
#3318=DIRECTION('',(-1.,0.,0.));
#3319=DIRECTION('center_axis',(0.,-1.,0.));
#3320=DIRECTION('ref_axis',(0.,0.,-1.));
#3321=DIRECTION('center_axis',(0.,0.,-1.));
#3322=DIRECTION('ref_axis',(-1.,0.,0.));
#3323=DIRECTION('',(0.,1.,0.));
#3324=DIRECTION('',(-1.,0.,0.));
#3325=DIRECTION('',(0.,1.,0.));
#3326=DIRECTION('',(-1.,0.,0.));
#3327=DIRECTION('center_axis',(8.88178419700123E-15,0.,-1.));
#3328=DIRECTION('ref_axis',(-1.,0.,-8.88178419700123E-15));
#3329=DIRECTION('',(0.,1.,0.));
#3330=DIRECTION('',(-1.,0.,-8.88178419700123E-15));
#3331=DIRECTION('',(0.,1.,0.));
#3332=DIRECTION('center_axis',(-1.,0.,0.));
#3333=DIRECTION('ref_axis',(0.,0.,1.));
#3334=DIRECTION('',(0.,0.,1.));
#3335=DIRECTION('',(0.,1.,0.));
#3336=DIRECTION('',(0.,0.,1.));
#3337=DIRECTION('center_axis',(1.,0.,1.38777878078144E-15));
#3338=DIRECTION('ref_axis',(1.38777878078144E-15,0.,-1.));
#3339=DIRECTION('',(0.,1.,0.));
#3340=DIRECTION('',(1.38777878078144E-15,0.,-1.));
#3341=DIRECTION('',(0.,1.,0.));
#3342=DIRECTION('',(1.38777878078144E-15,0.,-1.));
#3343=DIRECTION('center_axis',(0.,0.,-1.));
#3344=DIRECTION('ref_axis',(-1.,0.,0.));
#3345=DIRECTION('',(-1.,0.,0.));
#3346=DIRECTION('',(-1.,0.,0.));
#3347=DIRECTION('',(0.,1.,0.));
#3348=DIRECTION('center_axis',(-1.,0.,1.11022302462516E-15));
#3349=DIRECTION('ref_axis',(1.11022302462516E-15,0.,1.));
#3350=DIRECTION('',(1.11022302462516E-15,0.,1.));
#3351=DIRECTION('',(0.,1.,0.));
#3352=DIRECTION('center_axis',(1.,0.,1.38777878078144E-15));
#3353=DIRECTION('ref_axis',(1.38777878078144E-15,0.,-1.));
#3354=DIRECTION('',(1.38777878078144E-15,0.,-1.));
#3355=DIRECTION('',(1.38777878078144E-15,0.,-1.));
#3356=DIRECTION('center_axis',(1.,0.,-2.22044604925032E-15));
#3357=DIRECTION('ref_axis',(-2.22044604925032E-15,0.,-1.));
#3358=DIRECTION('',(0.,1.,0.));
#3359=DIRECTION('',(-2.22044604925032E-15,0.,-1.));
#3360=DIRECTION('center_axis',(1.38777878078144E-15,0.,1.));
#3361=DIRECTION('ref_axis',(1.,0.,-1.38777878078144E-15));
#3362=DIRECTION('',(1.,0.,-1.38777878078144E-15));
#3363=DIRECTION('',(1.,0.,-1.38777878078144E-15));
#3364=DIRECTION('center_axis',(-4.44089209850063E-15,0.,1.));
#3365=DIRECTION('ref_axis',(1.,0.,4.44089209850063E-15));
#3366=DIRECTION('',(0.,1.,0.));
#3367=DIRECTION('',(1.,0.,4.44089209850063E-15));
#3368=DIRECTION('center_axis',(-1.,0.,0.));
#3369=DIRECTION('ref_axis',(0.,0.,1.));
#3370=DIRECTION('',(0.,0.,1.));
#3371=DIRECTION('',(0.,1.,0.));
#3372=DIRECTION('',(0.,0.,1.));
#3373=DIRECTION('center_axis',(1.38777878078144E-15,0.,1.));
#3374=DIRECTION('ref_axis',(1.,0.,-1.38777878078144E-15));
#3375=DIRECTION('',(1.,0.,-1.38777878078144E-15));
#3376=DIRECTION('',(1.,0.,-1.38777878078144E-15));
#3377=DIRECTION('center_axis',(0.,1.,0.));
#3378=DIRECTION('ref_axis',(0.,0.,1.));
#3379=DIRECTION('center_axis',(0.,-1.,0.));
#3380=DIRECTION('ref_axis',(1.,0.,0.));
#3381=DIRECTION('center_axis',(0.,1.,0.));
#3382=DIRECTION('ref_axis',(1.,0.,0.));
#3383=DIRECTION('center_axis',(0.,-1.,0.));
#3384=DIRECTION('ref_axis',(1.,0.,0.));
#3385=DIRECTION('center_axis',(0.,1.,0.));
#3386=DIRECTION('ref_axis',(1.,0.,0.));
#3387=DIRECTION('center_axis',(0.,-1.,0.));
#3388=DIRECTION('ref_axis',(1.,0.,0.));
#3389=DIRECTION('center_axis',(0.,1.,0.));
#3390=DIRECTION('ref_axis',(1.,0.,0.));
#3391=DIRECTION('center_axis',(0.,-1.,0.));
#3392=DIRECTION('ref_axis',(1.,0.,0.));
#3393=DIRECTION('center_axis',(0.,1.,0.));
#3394=DIRECTION('ref_axis',(1.,0.,0.));
#3395=DIRECTION('center_axis',(0.,-1.,0.));
#3396=DIRECTION('ref_axis',(1.,0.,0.));
#3397=DIRECTION('center_axis',(0.,-1.,0.));
#3398=DIRECTION('ref_axis',(1.,0.,0.));
#3399=DIRECTION('center_axis',(0.,-1.,0.));
#3400=DIRECTION('ref_axis',(1.,0.,0.));
#3401=DIRECTION('',(0.,1.,0.));
#3402=DIRECTION('center_axis',(0.,-1.,0.));
#3403=DIRECTION('ref_axis',(1.,0.,0.));
#3404=DIRECTION('center_axis',(0.,-1.,0.));
#3405=DIRECTION('ref_axis',(1.,0.,0.));
#3406=DIRECTION('center_axis',(0.,0.,-1.));
#3407=DIRECTION('ref_axis',(-1.,0.,0.));
#3408=DIRECTION('',(0.,1.,0.));
#3409=DIRECTION('',(-1.,0.,0.));
#3410=DIRECTION('',(0.,1.,0.));
#3411=DIRECTION('',(-1.,0.,0.));
#3412=DIRECTION('center_axis',(8.88178419700123E-15,0.,-1.));
#3413=DIRECTION('ref_axis',(-1.,0.,-8.88178419700123E-15));
#3414=DIRECTION('',(0.,1.,0.));
#3415=DIRECTION('',(-1.,0.,-8.88178419700123E-15));
#3416=DIRECTION('',(0.,1.,0.));
#3417=DIRECTION('center_axis',(-1.,0.,0.));
#3418=DIRECTION('ref_axis',(0.,0.,1.));
#3419=DIRECTION('',(0.,0.,1.));
#3420=DIRECTION('',(0.,1.,0.));
#3421=DIRECTION('',(0.,0.,1.));
#3422=DIRECTION('center_axis',(1.,0.,1.38777878078144E-15));
#3423=DIRECTION('ref_axis',(1.38777878078144E-15,0.,-1.));
#3424=DIRECTION('',(0.,1.,0.));
#3425=DIRECTION('',(1.38777878078144E-15,0.,-1.));
#3426=DIRECTION('',(0.,1.,0.));
#3427=DIRECTION('',(1.38777878078144E-15,0.,-1.));
#3428=DIRECTION('center_axis',(0.,0.,-1.));
#3429=DIRECTION('ref_axis',(-1.,0.,0.));
#3430=DIRECTION('',(-1.,0.,0.));
#3431=DIRECTION('',(-1.,0.,0.));
#3432=DIRECTION('',(0.,1.,0.));
#3433=DIRECTION('center_axis',(-1.,0.,1.11022302462516E-15));
#3434=DIRECTION('ref_axis',(1.11022302462516E-15,0.,1.));
#3435=DIRECTION('',(1.11022302462516E-15,0.,1.));
#3436=DIRECTION('',(0.,1.,0.));
#3437=DIRECTION('center_axis',(1.,0.,1.38777878078144E-15));
#3438=DIRECTION('ref_axis',(1.38777878078144E-15,0.,-1.));
#3439=DIRECTION('',(1.38777878078144E-15,0.,-1.));
#3440=DIRECTION('',(1.38777878078144E-15,0.,-1.));
#3441=DIRECTION('center_axis',(1.,0.,-2.22044604925032E-15));
#3442=DIRECTION('ref_axis',(-2.22044604925032E-15,0.,-1.));
#3443=DIRECTION('',(0.,1.,0.));
#3444=DIRECTION('',(-2.22044604925032E-15,0.,-1.));
#3445=DIRECTION('center_axis',(1.38777878078144E-15,0.,1.));
#3446=DIRECTION('ref_axis',(1.,0.,-1.38777878078144E-15));
#3447=DIRECTION('',(1.,0.,-1.38777878078144E-15));
#3448=DIRECTION('',(1.,0.,-1.38777878078144E-15));
#3449=DIRECTION('center_axis',(-4.44089209850063E-15,0.,1.));
#3450=DIRECTION('ref_axis',(1.,0.,4.44089209850063E-15));
#3451=DIRECTION('',(0.,1.,0.));
#3452=DIRECTION('',(1.,0.,4.44089209850063E-15));
#3453=DIRECTION('center_axis',(-1.,0.,0.));
#3454=DIRECTION('ref_axis',(0.,0.,1.));
#3455=DIRECTION('',(0.,0.,1.));
#3456=DIRECTION('',(0.,1.,0.));
#3457=DIRECTION('',(0.,0.,1.));
#3458=DIRECTION('center_axis',(1.38777878078144E-15,0.,1.));
#3459=DIRECTION('ref_axis',(1.,0.,-1.38777878078144E-15));
#3460=DIRECTION('',(1.,0.,-1.38777878078144E-15));
#3461=DIRECTION('',(1.,0.,-1.38777878078144E-15));
#3462=DIRECTION('center_axis',(0.,1.,0.));
#3463=DIRECTION('ref_axis',(0.,0.,1.));
#3464=DIRECTION('center_axis',(0.,-1.,0.));
#3465=DIRECTION('ref_axis',(1.,0.,0.));
#3466=DIRECTION('center_axis',(0.,1.,0.));
#3467=DIRECTION('ref_axis',(1.,0.,0.));
#3468=DIRECTION('center_axis',(0.,-1.,0.));
#3469=DIRECTION('ref_axis',(1.,0.,0.));
#3470=DIRECTION('center_axis',(0.,1.,0.));
#3471=DIRECTION('ref_axis',(1.,0.,0.));
#3472=DIRECTION('center_axis',(0.,-1.,0.));
#3473=DIRECTION('ref_axis',(1.,0.,0.));
#3474=DIRECTION('center_axis',(0.,1.,0.));
#3475=DIRECTION('ref_axis',(1.,0.,0.));
#3476=DIRECTION('center_axis',(0.,-1.,0.));
#3477=DIRECTION('ref_axis',(1.,0.,0.));
#3478=DIRECTION('center_axis',(0.,1.,0.));
#3479=DIRECTION('ref_axis',(1.,0.,0.));
#3480=DIRECTION('center_axis',(0.,-1.,0.));
#3481=DIRECTION('ref_axis',(1.,0.,0.));
#3482=DIRECTION('center_axis',(0.,-1.,0.));
#3483=DIRECTION('ref_axis',(1.,0.,0.));
#3484=DIRECTION('center_axis',(0.,-1.,0.));
#3485=DIRECTION('ref_axis',(1.,0.,0.));
#3486=DIRECTION('',(0.,1.,0.));
#3487=DIRECTION('center_axis',(0.,-1.,0.));
#3488=DIRECTION('ref_axis',(1.,0.,0.));
#3489=DIRECTION('center_axis',(0.,-1.,0.));
#3490=DIRECTION('ref_axis',(1.,0.,0.));
#3491=DIRECTION('',(0.,0.,1.));
#3492=DIRECTION('',(1.,0.,0.));
#3493=DIRECTION('',(0.,0.,1.));
#3494=DIRECTION('',(1.,0.,0.));
#3495=DIRECTION('',(0.,0.,1.));
#3496=DIRECTION('',(1.,0.,0.));
#3497=CARTESIAN_POINT('',(0.,0.,0.));
#3498=CARTESIAN_POINT('',(0.,0.,0.));
#3499=CARTESIAN_POINT('Origin',(0.,7.4,0.));
#3500=CARTESIAN_POINT('',(1.,7.4,-1.22464679914735E-16));
#3501=CARTESIAN_POINT('Origin',(0.,7.4,0.));
#3502=CARTESIAN_POINT('',(1.,4.4,-1.22464679914735E-16));
#3503=CARTESIAN_POINT('',(1.,7.4,1.22464679914735E-16));
#3504=CARTESIAN_POINT('Origin',(0.,4.4,0.));
#3505=CARTESIAN_POINT('Origin',(0.,4.4,0.));
#3506=CARTESIAN_POINT('Origin',(0.,4.,0.));
#3507=CARTESIAN_POINT('',(-2.13126938372806,7.4,2.61005222890332E-16));
#3508=CARTESIAN_POINT('Origin',(0.,7.4,0.));
#3509=CARTESIAN_POINT('',(-2.25,4.,2.75545529808154E-16));
#3510=CARTESIAN_POINT('',(-2.25,4.,2.75545529808154E-16));
#3511=CARTESIAN_POINT('Origin',(0.,4.,0.));
#3512=CARTESIAN_POINT('Origin',(1.11022302462516E-15,7.4,-5.35));
#3513=CARTESIAN_POINT('Origin',(0.,0.,0.));
#3514=CARTESIAN_POINT('',(-2.25,0.,2.75545529808154E-16));
#3515=CARTESIAN_POINT('',(-2.25,0.,2.75545529808154E-16));
#3516=CARTESIAN_POINT('Origin',(0.,0.,0.));
#3517=CARTESIAN_POINT('Origin',(1.11022302462516E-15,0.,-5.35));
#3518=CARTESIAN_POINT('',(0.,0.,0.));
#3519=CARTESIAN_POINT('Origin',(1.11022302462516E-15,-20.8,5.25));
#3520=CARTESIAN_POINT('',(-0.549999999999999,-39.8,5.25));
#3521=CARTESIAN_POINT('Origin',(1.11022302462516E-15,-39.8,5.25));
#3522=CARTESIAN_POINT('',(-0.549999999999999,-20.8,5.25));
#3523=CARTESIAN_POINT('',(-0.549999999999999,-20.8,5.25));
#3524=CARTESIAN_POINT('Origin',(1.11022302462516E-15,-20.8,5.25));
#3525=CARTESIAN_POINT('Origin',(1.11022302462516E-15,-39.8,5.25));
#3526=CARTESIAN_POINT('Origin',(1.11022302462516E-15,-20.8,5.25));
#3527=CARTESIAN_POINT('Origin',(-0.999999999999999,-20.8,5.25));
#3528=CARTESIAN_POINT('',(-1.55,-39.8,5.25));
#3529=CARTESIAN_POINT('Origin',(-0.999999999999999,-39.8,5.25));
#3530=CARTESIAN_POINT('',(-1.55,-20.8,5.25));
#3531=CARTESIAN_POINT('',(-1.55,-20.8,5.25));
#3532=CARTESIAN_POINT('Origin',(-0.999999999999999,-20.8,5.25));
#3533=CARTESIAN_POINT('Origin',(-0.999999999999999,-39.8,5.25));
#3534=CARTESIAN_POINT('Origin',(-0.999999999999999,-20.8,5.25));
#3535=CARTESIAN_POINT('Origin',(1.,-20.8,5.25));
#3536=CARTESIAN_POINT('',(0.450000000000001,-39.8,5.25));
#3537=CARTESIAN_POINT('Origin',(1.,-39.8,5.25));
#3538=CARTESIAN_POINT('',(0.450000000000001,-20.8,5.25));
#3539=CARTESIAN_POINT('',(0.450000000000001,-20.8,5.25));
#3540=CARTESIAN_POINT('Origin',(1.,-20.8,5.25));
#3541=CARTESIAN_POINT('Origin',(1.,-39.8,5.25));
#3542=CARTESIAN_POINT('Origin',(1.,-20.8,5.25));
#3543=CARTESIAN_POINT('',(0.,0.,0.));
#3544=CARTESIAN_POINT('Origin',(-0.599999999999999,-48.9,5.));
#3545=CARTESIAN_POINT('',(-0.699999999999999,-49.,5.95));
#3546=CARTESIAN_POINT('',(-0.699999999999999,-49.,4.55));
#3547=CARTESIAN_POINT('',(-0.699999999999999,-49.,5.));
#3548=CARTESIAN_POINT('',(-0.499999999999999,-48.8,4.75));
#3549=CARTESIAN_POINT('',(-0.699999999999999,-49.,4.55));
#3550=CARTESIAN_POINT('',(-0.499999999999999,-48.8,5.75));
#3551=CARTESIAN_POINT('',(-0.499999999999999,-48.8,5.));
#3552=CARTESIAN_POINT('',(-0.699999999999999,-49.,5.95));
#3553=CARTESIAN_POINT('Origin',(0.600000000000001,-48.9,5.5));
#3554=CARTESIAN_POINT('',(0.700000000000001,-49.,4.55));
#3555=CARTESIAN_POINT('',(0.700000000000001,-49.,5.95));
#3556=CARTESIAN_POINT('',(0.700000000000001,-49.,5.5));
#3557=CARTESIAN_POINT('',(0.500000000000001,-48.8,5.75));
#3558=CARTESIAN_POINT('',(0.700000000000001,-49.,5.95));
#3559=CARTESIAN_POINT('',(0.500000000000001,-48.8,4.75));
#3560=CARTESIAN_POINT('',(0.500000000000001,-48.8,5.5));
#3561=CARTESIAN_POINT('',(0.500000000000001,-48.8,4.75));
#3562=CARTESIAN_POINT('Origin',(-0.249999999999999,-48.9,5.85));
#3563=CARTESIAN_POINT('',(-0.249999999999999,-48.8,5.75));
#3564=CARTESIAN_POINT('',(-0.249999999999999,-49.,5.95));
#3565=CARTESIAN_POINT('Origin',(0.250000000000001,-48.9,4.65));
#3566=CARTESIAN_POINT('',(0.250000000000001,-49.,4.55));
#3567=CARTESIAN_POINT('',(0.250000000000001,-48.8,4.75));
#3568=CARTESIAN_POINT('Origin',(0.500000000000001,-49.,4.75));
#3569=CARTESIAN_POINT('',(0.500000000000001,-47.,4.75));
#3570=CARTESIAN_POINT('',(0.500000000000001,-49.,4.75));
#3571=CARTESIAN_POINT('',(-0.499999999999999,-47.,4.75));
#3572=CARTESIAN_POINT('',(0.500000000000001,-47.,4.75));
#3573=CARTESIAN_POINT('',(-0.499999999999999,-49.,4.75));
#3574=CARTESIAN_POINT('Origin',(0.500000000000001,-49.,5.75));
#3575=CARTESIAN_POINT('',(0.500000000000001,-47.,5.75));
#3576=CARTESIAN_POINT('',(0.500000000000001,-49.,5.75));
#3577=CARTESIAN_POINT('',(0.500000000000001,-47.,5.75));
#3578=CARTESIAN_POINT('Origin',(1.11022302462516E-15,-49.,5.25));
#3579=CARTESIAN_POINT('',(-3.55,-49.,6.3));
#3580=CARTESIAN_POINT('',(3.55,-49.,6.3));
#3581=CARTESIAN_POINT('',(1.875,-49.,6.3));
#3582=CARTESIAN_POINT('',(-3.55,-49.,4.2));
#3583=CARTESIAN_POINT('',(-3.55,-49.,5.875));
#3584=CARTESIAN_POINT('',(3.55,-49.,4.2));
#3585=CARTESIAN_POINT('',(1.95,-49.,4.2));
#3586=CARTESIAN_POINT('',(3.55,-49.,4.625));
#3587=CARTESIAN_POINT('',(2.7,-49.,4.55));
#3588=CARTESIAN_POINT('',(2.7,-49.,5.95));
#3589=CARTESIAN_POINT('',(2.7,-49.,5.5));
#3590=CARTESIAN_POINT('',(1.3,-49.,4.55));
#3591=CARTESIAN_POINT('',(1.25,-49.,4.55));
#3592=CARTESIAN_POINT('',(1.3,-49.,5.95));
#3593=CARTESIAN_POINT('',(1.3,-49.,5.));
#3594=CARTESIAN_POINT('',(0.750000000000001,-49.,5.95));
#3595=CARTESIAN_POINT('',(-1.3,-49.,4.55));
#3596=CARTESIAN_POINT('',(-1.3,-49.,5.95));
#3597=CARTESIAN_POINT('',(-1.3,-49.,5.5));
#3598=CARTESIAN_POINT('',(-2.7,-49.,4.55));
#3599=CARTESIAN_POINT('',(-0.749999999999999,-49.,4.55));
#3600=CARTESIAN_POINT('',(-2.7,-49.,5.95));
#3601=CARTESIAN_POINT('',(-2.7,-49.,5.));
#3602=CARTESIAN_POINT('',(-1.25,-49.,5.95));
#3603=CARTESIAN_POINT('Origin',(1.4,-48.9,5.));
#3604=CARTESIAN_POINT('',(1.5,-48.8,4.75));
#3605=CARTESIAN_POINT('',(1.3,-49.,4.55));
#3606=CARTESIAN_POINT('',(1.5,-48.8,5.75));
#3607=CARTESIAN_POINT('',(1.5,-48.8,5.));
#3608=CARTESIAN_POINT('',(1.3,-49.,5.95));
#3609=CARTESIAN_POINT('Origin',(2.6,-48.9,5.5));
#3610=CARTESIAN_POINT('',(2.5,-48.8,5.75));
#3611=CARTESIAN_POINT('',(2.7,-49.,5.95));
#3612=CARTESIAN_POINT('',(2.5,-48.8,4.75));
#3613=CARTESIAN_POINT('',(2.5,-48.8,5.5));
#3614=CARTESIAN_POINT('',(2.5,-48.8,4.75));
#3615=CARTESIAN_POINT('Origin',(0.750000000000001,-48.9,5.85));
#3616=CARTESIAN_POINT('',(0.750000000000001,-48.8,5.75));
#3617=CARTESIAN_POINT('Origin',(1.25,-48.9,4.65));
#3618=CARTESIAN_POINT('',(1.25,-48.8,4.75));
#3619=CARTESIAN_POINT('Origin',(2.5,-49.,4.75));
#3620=CARTESIAN_POINT('',(2.5,-47.,4.75));
#3621=CARTESIAN_POINT('',(2.5,-49.,4.75));
#3622=CARTESIAN_POINT('',(1.5,-47.,4.75));
#3623=CARTESIAN_POINT('',(2.5,-47.,4.75));
#3624=CARTESIAN_POINT('',(1.5,-49.,4.75));
#3625=CARTESIAN_POINT('Origin',(2.5,-49.,5.75));
#3626=CARTESIAN_POINT('',(2.5,-47.,5.75));
#3627=CARTESIAN_POINT('',(2.5,-49.,5.75));
#3628=CARTESIAN_POINT('',(2.5,-47.,5.75));
#3629=CARTESIAN_POINT('Origin',(-2.6,-48.9,5.));
#3630=CARTESIAN_POINT('',(-2.5,-48.8,4.75));
#3631=CARTESIAN_POINT('',(-2.7,-49.,4.55));
#3632=CARTESIAN_POINT('',(-2.5,-48.8,5.75));
#3633=CARTESIAN_POINT('',(-2.5,-48.8,5.));
#3634=CARTESIAN_POINT('',(-2.7,-49.,5.95));
#3635=CARTESIAN_POINT('Origin',(-1.4,-48.9,5.5));
#3636=CARTESIAN_POINT('',(-1.5,-48.8,5.75));
#3637=CARTESIAN_POINT('',(-1.3,-49.,5.95));
#3638=CARTESIAN_POINT('',(-1.5,-48.8,4.75));
#3639=CARTESIAN_POINT('',(-1.5,-48.8,5.5));
#3640=CARTESIAN_POINT('',(-1.5,-48.8,4.75));
#3641=CARTESIAN_POINT('Origin',(-1.25,-48.9,5.85));
#3642=CARTESIAN_POINT('',(-1.25,-48.8,5.75));
#3643=CARTESIAN_POINT('Origin',(-0.749999999999999,-48.9,4.65));
#3644=CARTESIAN_POINT('',(-0.749999999999999,-48.8,4.75));
#3645=CARTESIAN_POINT('Origin',(-1.5,-49.,4.75));
#3646=CARTESIAN_POINT('',(-1.5,-47.,4.75));
#3647=CARTESIAN_POINT('',(-1.5,-49.,4.75));
#3648=CARTESIAN_POINT('',(-2.5,-47.,4.75));
#3649=CARTESIAN_POINT('',(-1.5,-47.,4.75));
#3650=CARTESIAN_POINT('',(-2.5,-49.,4.75));
#3651=CARTESIAN_POINT('Origin',(-1.5,-49.,5.75));
#3652=CARTESIAN_POINT('',(-1.5,-47.,5.75));
#3653=CARTESIAN_POINT('',(-1.5,-49.,5.75));
#3654=CARTESIAN_POINT('',(-1.5,-47.,5.75));
#3655=CARTESIAN_POINT('Origin',(-3.75,-48.8,6.3));
#3656=CARTESIAN_POINT('',(-3.55,-48.8,6.5));
#3657=CARTESIAN_POINT('',(-3.55,-48.8,6.5));
#3658=CARTESIAN_POINT('',(-3.75,-48.8,6.3));
#3659=CARTESIAN_POINT('',(-3.75,-48.8,6.3));
#3660=CARTESIAN_POINT('',(-3.55,-49.,6.3));
#3661=CARTESIAN_POINT('Origin',(-3.65,-40.,6.4));
#3662=CARTESIAN_POINT('',(-3.55,-40.,6.5));
#3663=CARTESIAN_POINT('',(-3.75,-40.,6.3));
#3664=CARTESIAN_POINT('',(-2.9875,-40.,7.0625));
#3665=CARTESIAN_POINT('',(-3.75,-40.,6.3));
#3666=CARTESIAN_POINT('',(-3.55,-40.,6.5));
#3667=CARTESIAN_POINT('Origin',(3.55,-48.8,6.5));
#3668=CARTESIAN_POINT('',(3.75,-48.8,6.3));
#3669=CARTESIAN_POINT('',(3.75,-48.8,6.3));
#3670=CARTESIAN_POINT('',(3.55,-48.8,6.5));
#3671=CARTESIAN_POINT('',(3.55,-48.8,6.5));
#3672=CARTESIAN_POINT('',(3.55,-49.,6.3));
#3673=CARTESIAN_POINT('Origin',(3.65,-40.,6.4));
#3674=CARTESIAN_POINT('',(3.75,-40.,6.3));
#3675=CARTESIAN_POINT('',(3.55,-40.,6.5));
#3676=CARTESIAN_POINT('',(2.9875,-40.,7.0625));
#3677=CARTESIAN_POINT('',(3.55,-40.,6.5));
#3678=CARTESIAN_POINT('',(3.75,-40.,6.3));
#3679=CARTESIAN_POINT('Origin',(1.875,-48.9,6.4));
#3680=CARTESIAN_POINT('',(1.875,-48.8,6.5));
#3681=CARTESIAN_POINT('Origin',(-3.55,-48.8,4.));
#3682=CARTESIAN_POINT('',(-3.75,-48.8,4.2));
#3683=CARTESIAN_POINT('',(-3.75,-48.8,4.2));
#3684=CARTESIAN_POINT('',(-3.55,-48.8,4.));
#3685=CARTESIAN_POINT('',(-3.55,-48.8,4.));
#3686=CARTESIAN_POINT('',(-3.55,-49.,4.2));
#3687=CARTESIAN_POINT('Origin',(-3.65,-40.,4.1));
#3688=CARTESIAN_POINT('',(-3.75,-40.,4.2));
#3689=CARTESIAN_POINT('',(-3.55,-40.,4.));
#3690=CARTESIAN_POINT('',(-3.0625,-40.,3.5125));
#3691=CARTESIAN_POINT('',(-3.55,-40.,4.));
#3692=CARTESIAN_POINT('',(-3.75,-40.,4.2));
#3693=CARTESIAN_POINT('Origin',(3.75,-48.8,4.2));
#3694=CARTESIAN_POINT('',(3.55,-48.8,4.));
#3695=CARTESIAN_POINT('',(3.55,-48.8,4.));
#3696=CARTESIAN_POINT('',(3.75,-48.8,4.2));
#3697=CARTESIAN_POINT('',(3.75,-48.8,4.2));
#3698=CARTESIAN_POINT('',(3.55,-49.,4.2));
#3699=CARTESIAN_POINT('Origin',(3.65,-40.,4.1));
#3700=CARTESIAN_POINT('',(3.55,-40.,4.));
#3701=CARTESIAN_POINT('',(3.75,-40.,4.2));
#3702=CARTESIAN_POINT('',(3.0625,-40.,3.5125));
#3703=CARTESIAN_POINT('',(3.75,-40.,4.2));
#3704=CARTESIAN_POINT('',(3.55,-40.,4.));
#3705=CARTESIAN_POINT('Origin',(3.65,-48.9,4.625));
#3706=CARTESIAN_POINT('',(3.75,-48.8,4.625));
#3707=CARTESIAN_POINT('Origin',(1.95,-48.9,4.1));
#3708=CARTESIAN_POINT('',(1.95,-48.8,4.));
#3709=CARTESIAN_POINT('Origin',(-3.65,-48.9,5.875));
#3710=CARTESIAN_POINT('',(-3.75,-48.8,5.875));
#3711=CARTESIAN_POINT('Origin',(3.75,-40.,6.5));
#3712=CARTESIAN_POINT('',(1.875,-40.,6.5));
#3713=CARTESIAN_POINT('Origin',(3.75,-40.,4.));
#3714=CARTESIAN_POINT('',(3.75,-40.,4.7));
#3715=CARTESIAN_POINT('Origin',(-2.5,-49.,5.75));
#3716=CARTESIAN_POINT('',(-2.5,-47.,5.75));
#3717=CARTESIAN_POINT('',(-2.5,-49.,5.75));
#3718=CARTESIAN_POINT('',(-2.5,-47.,5.75));
#3719=CARTESIAN_POINT('Origin',(-2.5,-49.,4.75));
#3720=CARTESIAN_POINT('',(-2.5,-47.,4.75));
#3721=CARTESIAN_POINT('Origin',(-2.,-47.,5.25));
#3722=CARTESIAN_POINT('Origin',(1.5,-49.,5.75));
#3723=CARTESIAN_POINT('',(1.5,-47.,5.75));
#3724=CARTESIAN_POINT('',(1.5,-49.,5.75));
#3725=CARTESIAN_POINT('',(1.5,-47.,5.75));
#3726=CARTESIAN_POINT('Origin',(1.5,-49.,4.75));
#3727=CARTESIAN_POINT('',(1.5,-47.,4.75));
#3728=CARTESIAN_POINT('Origin',(2.,-47.,5.25));
#3729=CARTESIAN_POINT('Origin',(-0.499999999999999,-49.,5.75));
#3730=CARTESIAN_POINT('',(-0.499999999999999,-47.,5.75));
#3731=CARTESIAN_POINT('',(-0.499999999999999,-49.,5.75));
#3732=CARTESIAN_POINT('',(-0.499999999999999,-47.,5.75));
#3733=CARTESIAN_POINT('Origin',(-0.499999999999999,-49.,4.75));
#3734=CARTESIAN_POINT('',(-0.499999999999999,-47.,4.75));
#3735=CARTESIAN_POINT('Origin',(1.11022302462516E-15,-47.,5.25));
#3736=CARTESIAN_POINT('Origin',(-3.75,-40.,6.5));
#3737=CARTESIAN_POINT('',(-3.75,-40.,5.95));
#3738=CARTESIAN_POINT('Origin',(1.11022302462516E-15,-40.,5.4));
#3739=CARTESIAN_POINT('',(3.9,-40.,4.));
#3740=CARTESIAN_POINT('',(-3.9,-40.,4.));
#3741=CARTESIAN_POINT('',(3.9,-40.,6.8));
#3742=CARTESIAN_POINT('',(3.9,-40.,4.));
#3743=CARTESIAN_POINT('',(-3.9,-40.,6.8));
#3744=CARTESIAN_POINT('',(3.9,-40.,6.8));
#3745=CARTESIAN_POINT('',(-3.9,-40.,4.));
#3746=CARTESIAN_POINT('',(-3.9,-40.,6.8));
#3747=CARTESIAN_POINT('',(-3.9,-40.,4.));
#3748=CARTESIAN_POINT('Origin',(3.9,-40.,6.8));
#3749=CARTESIAN_POINT('',(3.9,-35.,4.));
#3750=CARTESIAN_POINT('',(3.9,-40.,4.));
#3751=CARTESIAN_POINT('',(3.9,-35.,6.8));
#3752=CARTESIAN_POINT('',(3.9,-35.,4.));
#3753=CARTESIAN_POINT('',(3.9,-40.,6.8));
#3754=CARTESIAN_POINT('Origin',(-3.9,-40.,6.8));
#3755=CARTESIAN_POINT('',(-3.9,-35.,6.8));
#3756=CARTESIAN_POINT('',(3.9,-35.,6.8));
#3757=CARTESIAN_POINT('',(-3.9,-40.,6.8));
#3758=CARTESIAN_POINT('Origin',(-3.9,-40.,4.));
#3759=CARTESIAN_POINT('',(-3.9,-35.,4.));
#3760=CARTESIAN_POINT('',(-3.9,-35.,6.8));
#3761=CARTESIAN_POINT('',(-3.9,-40.,4.));
#3762=CARTESIAN_POINT('Origin',(3.9,-40.,4.));
#3763=CARTESIAN_POINT('',(-3.9,-35.,4.));
#3764=CARTESIAN_POINT('Origin',(1.11022302462516E-15,-35.,5.4));
#3765=CARTESIAN_POINT('Origin',(7.27852405346311E-16,4.,-6.));
#3766=CARTESIAN_POINT('',(-0.941305717362381,4.9,-6.));
#3767=CARTESIAN_POINT('Origin',(7.27852405346311E-16,4.9,-6.));
#3768=CARTESIAN_POINT('',(-1.1,4.,-6.));
#3769=CARTESIAN_POINT('',(-1.1,4.,-6.));
#3770=CARTESIAN_POINT('Origin',(7.27852405346311E-16,4.,-6.));
#3771=CARTESIAN_POINT('Origin',(6.93889390390723E-16,4.9,-6.));
#3772=CARTESIAN_POINT('Origin',(0.,0.,0.));
#3773=CARTESIAN_POINT('',(-2.25,4.,2.75545529808154E-16));
#3774=CARTESIAN_POINT('Origin',(0.,4.,0.));
#3775=CARTESIAN_POINT('',(-2.25,0.,2.75545529808154E-16));
#3776=CARTESIAN_POINT('',(-2.25,0.,2.75545529808154E-16));
#3777=CARTESIAN_POINT('Origin',(0.,0.,0.));
#3778=CARTESIAN_POINT('Origin',(0.,0.,0.));
#3779=CARTESIAN_POINT('',(2.47122115246188,0.,-5.191875));
#3780=CARTESIAN_POINT('',(-2.47122115246188,0.,-5.191875));
#3781=CARTESIAN_POINT('Origin',(0.,0.,0.));
#3782=CARTESIAN_POINT('',(2.47122115246188,4.,-5.191875));
#3783=CARTESIAN_POINT('',(2.47122115246188,0.,-5.191875));
#3784=CARTESIAN_POINT('',(-2.47122115246188,4.,-5.191875));
#3785=CARTESIAN_POINT('Origin',(0.,4.,0.));
#3786=CARTESIAN_POINT('',(-2.47122115246188,0.,-5.191875));
#3787=CARTESIAN_POINT('Origin',(7.27852405346311E-16,0.,-6.));
#3788=CARTESIAN_POINT('Origin',(7.27852405346311E-16,0.,-6.));
#3789=CARTESIAN_POINT('Origin',(7.27852405346311E-16,4.,-6.));
#3790=CARTESIAN_POINT('Origin',(0.,4.,-1.425));
#3791=CARTESIAN_POINT('Origin',(1.11022302462516E-15,0.,-5.35));
#3792=CARTESIAN_POINT('',(-6.,0.,-16.7));
#3793=CARTESIAN_POINT('',(-6.,0.,6.));
#3794=CARTESIAN_POINT('',(-6.,0.,-16.7));
#3795=CARTESIAN_POINT('',(6.,0.,6.));
#3796=CARTESIAN_POINT('',(-6.,0.,6.));
#3797=CARTESIAN_POINT('',(6.,0.,-16.7));
#3798=CARTESIAN_POINT('',(6.,0.,6.));
#3799=CARTESIAN_POINT('',(6.,0.,-16.7));
#3800=CARTESIAN_POINT('Origin',(-0.721110255092802,-7.,-21.35));
#3801=CARTESIAN_POINT('',(-0.721110255092802,-7.,-21.35));
#3802=CARTESIAN_POINT('',(-6.,-7.,-21.35));
#3803=CARTESIAN_POINT('',(-3.,-7.,-21.35));
#3804=CARTESIAN_POINT('',(-6.,-4.6,-21.35));
#3805=CARTESIAN_POINT('',(-6.,-7.,-21.35));
#3806=CARTESIAN_POINT('',(-0.721110255092803,-4.6,-21.35));
#3807=CARTESIAN_POINT('',(-3.,-4.6,-21.35));
#3808=CARTESIAN_POINT('',(-0.721110255092802,-7.,-21.35));
#3809=CARTESIAN_POINT('Origin',(-2.96958469271495E-15,-7.,-20.15));
#3810=CARTESIAN_POINT('',(0.721110255092796,-7.,-21.35));
#3811=CARTESIAN_POINT('Origin',(-2.96958469271495E-15,-7.,-20.15));
#3812=CARTESIAN_POINT('',(0.721110255092796,-4.6,-21.35));
#3813=CARTESIAN_POINT('Origin',(-2.96958469271495E-15,-4.6,-20.15));
#3814=CARTESIAN_POINT('',(0.721110255092796,-7.,-21.35));
#3815=CARTESIAN_POINT('Origin',(6.,-7.,-21.35));
#3816=CARTESIAN_POINT('',(6.,-7.,-21.35));
#3817=CARTESIAN_POINT('',(0.360555127546398,-7.,-21.35));
#3818=CARTESIAN_POINT('',(6.,-4.6,-21.35));
#3819=CARTESIAN_POINT('',(0.360555127546398,-4.6,-21.35));
#3820=CARTESIAN_POINT('',(6.,-7.,-21.35));
#3821=CARTESIAN_POINT('Origin',(0.,-4.6,-5.35));
#3822=CARTESIAN_POINT('',(6.,-4.6,-16.7));
#3823=CARTESIAN_POINT('',(-6.,-4.6,-16.7));
#3824=CARTESIAN_POINT('',(-3.,-4.6,-16.7));
#3825=CARTESIAN_POINT('',(6.,-4.6,-13.35));
#3826=CARTESIAN_POINT('',(-6.,-4.6,-11.025));
#3827=CARTESIAN_POINT('Origin',(0.721110255092798,-7.,10.65));
#3828=CARTESIAN_POINT('',(0.721110255092798,-7.,10.65));
#3829=CARTESIAN_POINT('',(6.,-7.,10.65));
#3830=CARTESIAN_POINT('',(3.,-7.,10.65));
#3831=CARTESIAN_POINT('',(6.,-4.6,10.65));
#3832=CARTESIAN_POINT('',(6.,-7.,10.65));
#3833=CARTESIAN_POINT('',(0.721110255092798,-4.6,10.65));
#3834=CARTESIAN_POINT('',(3.,-4.6,10.65));
#3835=CARTESIAN_POINT('',(0.721110255092798,-7.,10.65));
#3836=CARTESIAN_POINT('Origin',(-2.57047523297333E-16,-7.,9.45));
#3837=CARTESIAN_POINT('',(-0.7211102550928,-7.,10.65));
#3838=CARTESIAN_POINT('Origin',(-2.57047523297333E-16,-7.,9.45));
#3839=CARTESIAN_POINT('',(-0.721110255092799,-4.6,10.65));
#3840=CARTESIAN_POINT('Origin',(-2.57047523297333E-16,-4.6,9.45));
#3841=CARTESIAN_POINT('',(-0.7211102550928,-7.,10.65));
#3842=CARTESIAN_POINT('Origin',(-6.,-7.,10.65));
#3843=CARTESIAN_POINT('',(-6.,-7.,10.65));
#3844=CARTESIAN_POINT('',(-0.3605551275464,-7.,10.65));
#3845=CARTESIAN_POINT('',(-6.,-4.6,10.65));
#3846=CARTESIAN_POINT('',(-0.3605551275464,-4.6,10.65));
#3847=CARTESIAN_POINT('',(-6.,-7.,10.65));
#3848=CARTESIAN_POINT('Origin',(0.,-4.6,-5.35));
#3849=CARTESIAN_POINT('',(6.,-4.6,6.));
#3850=CARTESIAN_POINT('',(6.00000000000001,-4.6,0.325000000000003));
#3851=CARTESIAN_POINT('',(-6.,-4.6,6.));
#3852=CARTESIAN_POINT('',(3.,-4.6,6.));
#3853=CARTESIAN_POINT('',(-6.,-4.6,2.65));
#3854=CARTESIAN_POINT('Origin',(6.,0.,6.));
#3855=CARTESIAN_POINT('',(6.,0.,6.));
#3856=CARTESIAN_POINT('',(-6.,0.,6.));
#3857=CARTESIAN_POINT('Origin',(6.,0.,-16.7));
#3858=CARTESIAN_POINT('',(6.,-7.,-13.35));
#3859=CARTESIAN_POINT('',(6.,0.,-16.7));
#3860=CARTESIAN_POINT('Origin',(-6.,0.,-16.7));
#3861=CARTESIAN_POINT('',(-6.,0.,-16.7));
#3862=CARTESIAN_POINT('Origin',(-6.,0.,6.));
#3863=CARTESIAN_POINT('',(-6.,-7.,2.65));
#3864=CARTESIAN_POINT('Origin',(1.11022302462516E-15,0.,-5.35));
#3865=CARTESIAN_POINT('Origin',(1.11022302462516E-15,-7.,-5.35));
#3866=CARTESIAN_POINT('Origin',(-1.75,-23.3,4.5));
#3867=CARTESIAN_POINT('',(-1.75,-22.3,4.5));
#3868=CARTESIAN_POINT('',(-1.75,-20.8,6.));
#3869=CARTESIAN_POINT('',(-1.75,-22.425,4.375));
#3870=CARTESIAN_POINT('',(-1.75,-20.8,4.5));
#3871=CARTESIAN_POINT('',(-1.75,-23.3,4.5));
#3872=CARTESIAN_POINT('',(-1.75,-20.8,4.5));
#3873=CARTESIAN_POINT('Origin',(1.75,-23.3,6.));
#3874=CARTESIAN_POINT('',(1.75,-20.8,6.));
#3875=CARTESIAN_POINT('',(1.75,-22.3,4.5));
#3876=CARTESIAN_POINT('',(1.75,-22.05,4.75));
#3877=CARTESIAN_POINT('',(1.75,-20.8,4.5));
#3878=CARTESIAN_POINT('',(1.75,-20.8,6.));
#3879=CARTESIAN_POINT('',(1.75,-23.3,4.5));
#3880=CARTESIAN_POINT('Origin',(1.75,-23.3,4.5));
#3881=CARTESIAN_POINT('',(2.375,-22.3,4.5));
#3882=CARTESIAN_POINT('',(1.75,-20.8,4.5));
#3883=CARTESIAN_POINT('Origin',(1.11022302462516E-15,-20.8,5.25));
#3884=CARTESIAN_POINT('',(3.,-20.8,6.));
#3885=CARTESIAN_POINT('Origin',(3.,-22.05,4.75));
#3886=CARTESIAN_POINT('',(-3.5,-20.8,6.));
#3887=CARTESIAN_POINT('',(3.,-20.8,6.));
#3888=CARTESIAN_POINT('',(-3.5,-22.05,4.75));
#3889=CARTESIAN_POINT('',(-3.5,-22.05,4.75));
#3890=CARTESIAN_POINT('',(-4.75,-23.3,3.5));
#3891=CARTESIAN_POINT('Origin',(-4.75,-22.05,4.75));
#3892=CARTESIAN_POINT('',(4.75,-23.3,3.5));
#3893=CARTESIAN_POINT('',(3.,-23.3,3.5));
#3894=CARTESIAN_POINT('',(3.5,-22.05,4.75));
#3895=CARTESIAN_POINT('Origin',(4.75,-22.05,4.75));
#3896=CARTESIAN_POINT('',(3.5,-20.8,6.));
#3897=CARTESIAN_POINT('',(3.5,-22.05,4.75));
#3898=CARTESIAN_POINT('',(3.,-20.8,6.));
#3899=CARTESIAN_POINT('Origin',(-4.75,-23.3,4.75));
#3900=CARTESIAN_POINT('',(-3.5,-20.8,4.75));
#3901=CARTESIAN_POINT('',(-3.5,-23.3,4.75));
#3902=CARTESIAN_POINT('',(-4.75,-20.8,3.5));
#3903=CARTESIAN_POINT('Origin',(-4.75,-20.8,4.75));
#3904=CARTESIAN_POINT('',(-4.75,-23.3,3.5));
#3905=CARTESIAN_POINT('Origin',(-3.5,-23.3,6.));
#3906=CARTESIAN_POINT('',(-3.5,-20.8,4.75));
#3907=CARTESIAN_POINT('Origin',(6.,-7.,6.));
#3908=CARTESIAN_POINT('',(6.,-20.8,6.));
#3909=CARTESIAN_POINT('',(5.375,-20.8,6.));
#3910=CARTESIAN_POINT('',(6.,-7.,6.));
#3911=CARTESIAN_POINT('',(6.,-7.,6.));
#3912=CARTESIAN_POINT('',(-6.,-7.,6.));
#3913=CARTESIAN_POINT('',(3.,-7.,6.));
#3914=CARTESIAN_POINT('',(-6.,-20.8,6.));
#3915=CARTESIAN_POINT('',(-6.,-7.,6.));
#3916=CARTESIAN_POINT('',(0.625,-20.8,6.));
#3917=CARTESIAN_POINT('Origin',(4.75,-20.8,4.75));
#3918=CARTESIAN_POINT('',(4.75,-20.8,3.5));
#3919=CARTESIAN_POINT('',(3.5,-20.8,4.75));
#3920=CARTESIAN_POINT('Origin',(4.75,-20.8,4.75));
#3921=CARTESIAN_POINT('',(6.,-20.8,3.5));
#3922=CARTESIAN_POINT('',(4.75,-20.8,3.5));
#3923=CARTESIAN_POINT('',(6.,-20.8,-5.975));
#3924=CARTESIAN_POINT('',(3.5,-20.8,4.75));
#3925=CARTESIAN_POINT('Origin',(-4.75,-20.8,4.75));
#3926=CARTESIAN_POINT('',(-6.,-20.8,3.5));
#3927=CARTESIAN_POINT('',(-6.,-20.8,5.375));
#3928=CARTESIAN_POINT('',(-4.75,-20.8,3.5));
#3929=CARTESIAN_POINT('Origin',(-6.,-7.,6.));
#3930=CARTESIAN_POINT('',(-6.,-23.3,3.5));
#3931=CARTESIAN_POINT('',(-6.,-15.15,3.5));
#3932=CARTESIAN_POINT('',(-6.,-7.,-16.7));
#3933=CARTESIAN_POINT('',(-6.,-7.,0.325000000000001));
#3934=CARTESIAN_POINT('',(-6.,-22.3,-16.7));
#3935=CARTESIAN_POINT('',(-6.,-7.,-16.7));
#3936=CARTESIAN_POINT('',(-6.,-22.3,-14.2));
#3937=CARTESIAN_POINT('',(-6.,-22.3,-4.725));
#3938=CARTESIAN_POINT('',(-6.,-23.3,-14.2));
#3939=CARTESIAN_POINT('',(-6.,-15.15,-14.2));
#3940=CARTESIAN_POINT('',(-6.,-23.3,0.325000000000001));
#3941=CARTESIAN_POINT('Origin',(-4.75,-23.3,3.5));
#3942=CARTESIAN_POINT('',(-2.37499999999999,-23.3,3.5));
#3943=CARTESIAN_POINT('Origin',(3.5,-23.3,6.));
#3944=CARTESIAN_POINT('',(3.5,-23.3,4.75));
#3945=CARTESIAN_POINT('Origin',(4.75,-23.3,3.5));
#3946=CARTESIAN_POINT('',(6.,-23.3,3.5));
#3947=CARTESIAN_POINT('',(2.37499999999999,-23.3,3.5));
#3948=CARTESIAN_POINT('',(6.,-15.15,3.5));
#3949=CARTESIAN_POINT('',(4.75,-23.3,3.5));
#3950=CARTESIAN_POINT('Origin',(4.75,-23.3,4.75));
#3951=CARTESIAN_POINT('Origin',(6.,-7.,-16.7));
#3952=CARTESIAN_POINT('',(6.,-23.3,-14.2));
#3953=CARTESIAN_POINT('',(6.,-23.3,-11.025));
#3954=CARTESIAN_POINT('',(6.,-22.3,-14.2));
#3955=CARTESIAN_POINT('',(6.,-15.15,-14.2));
#3956=CARTESIAN_POINT('',(6.,-22.3,-16.7));
#3957=CARTESIAN_POINT('',(6.,-22.3,-16.075));
#3958=CARTESIAN_POINT('',(6.,-7.,-16.7));
#3959=CARTESIAN_POINT('',(6.,-7.,-16.7));
#3960=CARTESIAN_POINT('',(6.,-7.,-11.025));
#3961=CARTESIAN_POINT('Origin',(1.11022302462516E-15,-23.3,-5.35));
#3962=CARTESIAN_POINT('',(-4.75,-23.3,-14.2));
#3963=CARTESIAN_POINT('',(-2.37499999999999,-23.3,-14.2));
#3964=CARTESIAN_POINT('',(-3.5,-23.3,-15.45));
#3965=CARTESIAN_POINT('Origin',(-4.75,-23.3,-15.45));
#3966=CARTESIAN_POINT('',(-3.5,-23.3,-16.7));
#3967=CARTESIAN_POINT('',(-3.5,-23.3,-11.025));
#3968=CARTESIAN_POINT('',(3.5,-23.3,-16.7));
#3969=CARTESIAN_POINT('',(-3.,-23.3,-16.7));
#3970=CARTESIAN_POINT('',(3.5,-23.3,-15.45));
#3971=CARTESIAN_POINT('',(3.5,-23.3,-11.025));
#3972=CARTESIAN_POINT('',(4.75,-23.3,-14.2));
#3973=CARTESIAN_POINT('Origin',(4.75,-23.3,-15.45));
#3974=CARTESIAN_POINT('',(2.37499999999999,-23.3,-14.2));
#3975=CARTESIAN_POINT('Origin',(-3.5,-23.3,-16.7));
#3976=CARTESIAN_POINT('',(-3.5,-22.3,-15.45));
#3977=CARTESIAN_POINT('',(-3.5,-23.3,-15.45));
#3978=CARTESIAN_POINT('',(-3.5,-22.3,-16.7));
#3979=CARTESIAN_POINT('',(-3.5,-22.3,-15.45));
#3980=CARTESIAN_POINT('',(-3.5,-15.15,-16.7));
#3981=CARTESIAN_POINT('Origin',(-4.75,-23.3,-14.2));
#3982=CARTESIAN_POINT('',(-4.75,-22.3,-14.2));
#3983=CARTESIAN_POINT('',(-4.75,-22.3,-14.2));
#3984=CARTESIAN_POINT('',(-4.75,-23.3,-14.2));
#3985=CARTESIAN_POINT('Origin',(-4.75,-23.3,-15.45));
#3986=CARTESIAN_POINT('Origin',(-4.75,-22.3,-15.45));
#3987=CARTESIAN_POINT('Origin',(-4.75,-22.3,-15.45));
#3988=CARTESIAN_POINT('',(-5.375,-22.3,-16.7));
#3989=CARTESIAN_POINT('Origin',(3.5,-23.3,-16.7));
#3990=CARTESIAN_POINT('',(3.5,-22.3,-16.7));
#3991=CARTESIAN_POINT('',(3.5,-15.15,-16.7));
#3992=CARTESIAN_POINT('',(3.5,-22.3,-15.45));
#3993=CARTESIAN_POINT('',(3.5,-22.3,-15.45));
#3994=CARTESIAN_POINT('',(3.5,-23.3,-15.45));
#3995=CARTESIAN_POINT('Origin',(4.75,-23.3,-14.2));
#3996=CARTESIAN_POINT('',(4.75,-22.3,-14.2));
#3997=CARTESIAN_POINT('',(4.75,-23.3,-14.2));
#3998=CARTESIAN_POINT('',(4.75,-22.3,-14.2));
#3999=CARTESIAN_POINT('Origin',(4.75,-23.3,-15.45));
#4000=CARTESIAN_POINT('Origin',(4.75,-22.3,-15.45));
#4001=CARTESIAN_POINT('Origin',(4.75,-22.3,-15.45));
#4002=CARTESIAN_POINT('',(-0.624999999999999,-22.3,-16.7));
#4003=CARTESIAN_POINT('Origin',(-6.,-7.,-16.7));
#4004=CARTESIAN_POINT('',(-3.,-7.,-16.7));
#4005=CARTESIAN_POINT('Origin',(1.11022302462516E-15,-7.,-5.35));
#4006=CARTESIAN_POINT('Origin',(5.54999999999999,-23.,-15.7));
#4007=CARTESIAN_POINT('',(5.54999999999999,-22.86831064431,-15.7));
#4008=CARTESIAN_POINT('',(5.18301270189222,-23.,-15.7));
#4009=CARTESIAN_POINT('Ctrl Pts',(5.54999999999999,-22.86831064431,-15.7));
#4010=CARTESIAN_POINT('Ctrl Pts',(5.50660946404948,-22.9063348775931,-15.7));
#4011=CARTESIAN_POINT('Ctrl Pts',(5.45031184061642,-22.939918893331,-15.7));
#4012=CARTESIAN_POINT('Ctrl Pts',(5.33412698435032,-22.9858445497422,-15.7));
#4013=CARTESIAN_POINT('Ctrl Pts',(5.25225314014546,-23.,-15.7));
#4014=CARTESIAN_POINT('Ctrl Pts',(5.18301270189222,-23.,-15.7));
#4015=CARTESIAN_POINT('',(5.54999999999999,-22.6,-15.7));
#4016=CARTESIAN_POINT('',(5.54999999999999,-23.,-15.7));
#4017=CARTESIAN_POINT('',(5.,-22.6,-15.7));
#4018=CARTESIAN_POINT('',(5.54999999999999,-22.6,-15.7));
#4019=CARTESIAN_POINT('',(5.,-23.,-15.7));
#4020=CARTESIAN_POINT('',(5.,-23.,-15.7));
#4021=CARTESIAN_POINT('',(5.15,-23.,-15.7));
#4022=CARTESIAN_POINT('Origin',(5.,-23.,-16.25));
#4023=CARTESIAN_POINT('',(5.,-22.8683106443099,-16.25));
#4024=CARTESIAN_POINT('',(4.5,-22.8683106443099,-16.25));
#4025=CARTESIAN_POINT('Ctrl Pts',(5.,-22.8683106443099,-16.25));
#4026=CARTESIAN_POINT('Ctrl Pts',(4.91985616746766,-22.8902581706949,-16.25));
#4027=CARTESIAN_POINT('Ctrl Pts',(4.82879092541707,-22.9,-16.25));
#4028=CARTESIAN_POINT('Ctrl Pts',(4.67120907458294,-22.9,-16.25));
#4029=CARTESIAN_POINT('Ctrl Pts',(4.58014383253235,-22.8902581706949,-16.25));
#4030=CARTESIAN_POINT('Ctrl Pts',(4.5,-22.8683106443099,-16.25));
#4031=CARTESIAN_POINT('',(5.,-22.6,-16.25));
#4032=CARTESIAN_POINT('',(5.,-23.,-16.25));
#4033=CARTESIAN_POINT('',(4.5,-22.6,-16.25));
#4034=CARTESIAN_POINT('',(4.5,-22.6,-16.25));
#4035=CARTESIAN_POINT('',(4.5,-23.,-16.25));
#4036=CARTESIAN_POINT('Origin',(4.5,-23.,-16.25));
#4037=CARTESIAN_POINT('',(4.5,-23.,-15.8830127018922));
#4038=CARTESIAN_POINT('Ctrl Pts',(4.5,-22.8683106443099,-16.25));
#4039=CARTESIAN_POINT('Ctrl Pts',(4.5,-22.9063348775931,-16.2066094640495));
#4040=CARTESIAN_POINT('Ctrl Pts',(4.5,-22.939918893331,-16.1503118406164));
#4041=CARTESIAN_POINT('Ctrl Pts',(4.5,-22.9858445497422,-16.0341269843503));
#4042=CARTESIAN_POINT('Ctrl Pts',(4.5,-23.,-15.9522531401455));
#4043=CARTESIAN_POINT('Ctrl Pts',(4.5,-23.,-15.8830127018922));
#4044=CARTESIAN_POINT('',(4.5,-22.6,-15.7));
#4045=CARTESIAN_POINT('',(4.5,-22.6,-14.65));
#4046=CARTESIAN_POINT('',(4.5,-23.,-15.7));
#4047=CARTESIAN_POINT('',(4.5,-23.,-15.7));
#4048=CARTESIAN_POINT('',(4.5,-23.,-15.85));
#4049=CARTESIAN_POINT('Origin',(5.,-23.,-14.65));
#4050=CARTESIAN_POINT('',(5.,-22.86831064431,-14.65));
#4051=CARTESIAN_POINT('',(5.,-23.,-15.0169872981078));
#4052=CARTESIAN_POINT('Ctrl Pts',(5.,-22.86831064431,-14.65));
#4053=CARTESIAN_POINT('Ctrl Pts',(5.,-22.9063348775931,-14.6933905359505));
#4054=CARTESIAN_POINT('Ctrl Pts',(5.,-22.939918893331,-14.7496881593836));
#4055=CARTESIAN_POINT('Ctrl Pts',(5.,-22.9858445497422,-14.8658730156497));
#4056=CARTESIAN_POINT('Ctrl Pts',(5.,-23.,-14.9477468598545));
#4057=CARTESIAN_POINT('Ctrl Pts',(5.,-23.,-15.0169872981078));
#4058=CARTESIAN_POINT('',(5.,-22.6,-14.65));
#4059=CARTESIAN_POINT('',(5.,-23.,-14.65));
#4060=CARTESIAN_POINT('',(5.,-22.6,-15.2));
#4061=CARTESIAN_POINT('',(5.,-22.6,-16.25));
#4062=CARTESIAN_POINT('',(5.,-23.,-15.2));
#4063=CARTESIAN_POINT('',(5.,-23.,-15.2));
#4064=CARTESIAN_POINT('',(5.,-23.,-15.05));
#4065=CARTESIAN_POINT('Origin',(4.5,-23.,-15.7));
#4066=CARTESIAN_POINT('',(4.31698729810778,-23.,-15.7));
#4067=CARTESIAN_POINT('',(3.94999999999999,-22.8683106443099,-15.7));
#4068=CARTESIAN_POINT('Ctrl Pts',(4.31698729810778,-23.,-15.7));
#4069=CARTESIAN_POINT('Ctrl Pts',(4.24774685985454,-23.,-15.7));
#4070=CARTESIAN_POINT('Ctrl Pts',(4.16587301564969,-22.9858445497422,-15.7));
#4071=CARTESIAN_POINT('Ctrl Pts',(4.04968815938358,-22.939918893331,-15.7));
#4072=CARTESIAN_POINT('Ctrl Pts',(3.99339053595051,-22.9063348775931,-15.7));
#4073=CARTESIAN_POINT('Ctrl Pts',(3.94999999999999,-22.8683106443099,-15.7));
#4074=CARTESIAN_POINT('',(4.625,-23.,-15.7));
#4075=CARTESIAN_POINT('',(3.94999999999999,-22.6,-15.7));
#4076=CARTESIAN_POINT('',(5.54999999999999,-22.6,-15.7));
#4077=CARTESIAN_POINT('',(3.94999999999999,-23.,-15.7));
#4078=CARTESIAN_POINT('Origin',(3.94999999999999,-23.,-15.7));
#4079=CARTESIAN_POINT('',(3.94999999999999,-22.8683106443099,-15.2));
#4080=CARTESIAN_POINT('Ctrl Pts',(3.94999999999999,-22.8683106443099,-15.7));
#4081=CARTESIAN_POINT('Ctrl Pts',(3.94999999999999,-22.8902581706949,-15.6198561674677));
#4082=CARTESIAN_POINT('Ctrl Pts',(3.94999999999999,-22.9,-15.5287909254171));
#4083=CARTESIAN_POINT('Ctrl Pts',(3.94999999999999,-22.9,-15.3712090745829));
#4084=CARTESIAN_POINT('Ctrl Pts',(3.94999999999999,-22.8902581706949,-15.2801438325323));
#4085=CARTESIAN_POINT('Ctrl Pts',(3.94999999999999,-22.8683106443099,-15.2));
#4086=CARTESIAN_POINT('',(3.94999999999999,-22.6,-15.2));
#4087=CARTESIAN_POINT('',(3.94999999999999,-22.6,-15.7));
#4088=CARTESIAN_POINT('',(3.94999999999999,-23.,-15.2));
#4089=CARTESIAN_POINT('Origin',(5.,-23.,-15.7));
#4090=CARTESIAN_POINT('',(5.,-23.,-15.8830127018922));
#4091=CARTESIAN_POINT('Ctrl Pts',(5.,-23.,-15.8830127018922));
#4092=CARTESIAN_POINT('Ctrl Pts',(5.,-23.,-15.9534041096521));
#4093=CARTESIAN_POINT('Ctrl Pts',(5.,-22.9853650502654,-16.0365963368053));
#4094=CARTESIAN_POINT('Ctrl Pts',(5.,-22.938665377203,-16.1524511347231));
#4095=CARTESIAN_POINT('Ctrl Pts',(5.,-22.9058410227007,-16.2071730159377));
#4096=CARTESIAN_POINT('Ctrl Pts',(5.,-22.8683106443099,-16.25));
#4097=CARTESIAN_POINT('',(5.,-23.,-15.575));
#4098=CARTESIAN_POINT('',(5.,-22.6,-16.25));
#4099=CARTESIAN_POINT('Origin',(5.55,-23.,-15.2));
#4100=CARTESIAN_POINT('',(5.55,-22.86831064431,-15.2));
#4101=CARTESIAN_POINT('Ctrl Pts',(5.55,-22.86831064431,-15.2));
#4102=CARTESIAN_POINT('Ctrl Pts',(5.55,-22.8902581706949,-15.2801438325323));
#4103=CARTESIAN_POINT('Ctrl Pts',(5.55,-22.9,-15.3712090745829));
#4104=CARTESIAN_POINT('Ctrl Pts',(5.55,-22.9,-15.5287909254171));
#4105=CARTESIAN_POINT('Ctrl Pts',(5.54999999999999,-22.8902581706949,-15.6198561674677));
#4106=CARTESIAN_POINT('Ctrl Pts',(5.54999999999999,-22.86831064431,-15.7));
#4107=CARTESIAN_POINT('',(5.55,-22.6,-15.2));
#4108=CARTESIAN_POINT('',(5.55,-23.,-15.2));
#4109=CARTESIAN_POINT('',(5.55,-22.6,-15.2));
#4110=CARTESIAN_POINT('Origin',(5.,-23.,-15.2));
#4111=CARTESIAN_POINT('',(5.18301270189222,-23.,-15.2));
#4112=CARTESIAN_POINT('Ctrl Pts',(5.18301270189222,-23.,-15.2));
#4113=CARTESIAN_POINT('Ctrl Pts',(5.25225314014546,-23.,-15.2));
#4114=CARTESIAN_POINT('Ctrl Pts',(5.33412698435032,-22.9858445497422,-15.2));
#4115=CARTESIAN_POINT('Ctrl Pts',(5.45031184061642,-22.939918893331,-15.2));
#4116=CARTESIAN_POINT('Ctrl Pts',(5.50660946404948,-22.9063348775931,-15.2));
#4117=CARTESIAN_POINT('Ctrl Pts',(5.55,-22.86831064431,-15.2));
#4118=CARTESIAN_POINT('',(4.875,-23.,-15.2));
#4119=CARTESIAN_POINT('',(3.94999999999999,-22.6,-15.2));
#4120=CARTESIAN_POINT('Origin',(4.5,-23.,-14.65));
#4121=CARTESIAN_POINT('',(4.5,-22.86831064431,-14.65));
#4122=CARTESIAN_POINT('',(4.75,-22.9,-14.65));
#4123=CARTESIAN_POINT('Ctrl Pts',(4.5,-22.86831064431,-14.65));
#4124=CARTESIAN_POINT('Ctrl Pts',(4.58014383253234,-22.8902581706949,-14.65));
#4125=CARTESIAN_POINT('Ctrl Pts',(4.67120907458294,-22.9,-14.65));
#4126=CARTESIAN_POINT('Ctrl Pts',(4.75,-22.9,-14.65));
#4127=CARTESIAN_POINT('',(4.5,-22.6,-14.65));
#4128=CARTESIAN_POINT('',(4.5,-23.,-14.65));
#4129=CARTESIAN_POINT('',(5.,-22.6,-14.65));
#4130=CARTESIAN_POINT('Ctrl Pts',(4.75,-22.9,-14.65));
#4131=CARTESIAN_POINT('Ctrl Pts',(4.82879092541706,-22.9,-14.65));
#4132=CARTESIAN_POINT('Ctrl Pts',(4.91985616746766,-22.8902581706949,-14.65));
#4133=CARTESIAN_POINT('Ctrl Pts',(5.,-22.86831064431,-14.65));
#4134=CARTESIAN_POINT('Origin',(4.5,-23.,-15.2));
#4135=CARTESIAN_POINT('',(4.5,-23.,-15.0169872981078));
#4136=CARTESIAN_POINT('Ctrl Pts',(4.5,-23.,-15.0169872981078));
#4137=CARTESIAN_POINT('Ctrl Pts',(4.5,-23.,-14.9477468598545));
#4138=CARTESIAN_POINT('Ctrl Pts',(4.5,-22.9858445497422,-14.8658730156497));
#4139=CARTESIAN_POINT('Ctrl Pts',(4.5,-22.939918893331,-14.7496881593836));
#4140=CARTESIAN_POINT('Ctrl Pts',(4.5,-22.9063348775931,-14.6933905359505));
#4141=CARTESIAN_POINT('Ctrl Pts',(4.5,-22.86831064431,-14.65));
#4142=CARTESIAN_POINT('',(4.5,-23.,-15.2));
#4143=CARTESIAN_POINT('',(4.5,-23.,-15.325));
#4144=CARTESIAN_POINT('',(4.5,-22.6,-15.2));
#4145=CARTESIAN_POINT('',(4.5,-23.,-15.2));
#4146=CARTESIAN_POINT('',(4.5,-22.6,-14.65));
#4147=CARTESIAN_POINT('Origin',(3.94999999999999,-23.,-15.2));
#4148=CARTESIAN_POINT('',(4.31698729810778,-23.,-15.2));
#4149=CARTESIAN_POINT('Ctrl Pts',(3.94999999999999,-22.8683106443099,-15.2));
#4150=CARTESIAN_POINT('Ctrl Pts',(3.99339053595051,-22.9063348775931,-15.2));
#4151=CARTESIAN_POINT('Ctrl Pts',(4.04968815938358,-22.939918893331,-15.2));
#4152=CARTESIAN_POINT('Ctrl Pts',(4.16587301564969,-22.9858445497422,-15.2));
#4153=CARTESIAN_POINT('Ctrl Pts',(4.24774685985454,-23.,-15.2));
#4154=CARTESIAN_POINT('Ctrl Pts',(4.31698729810778,-23.,-15.2));
#4155=CARTESIAN_POINT('',(3.94999999999999,-22.6,-15.2));
#4156=CARTESIAN_POINT('',(4.35,-23.,-15.2));
#4157=CARTESIAN_POINT('Origin',(4.74999999999999,-22.6,-15.45));
#4158=CARTESIAN_POINT('Origin',(4.75,-23.,-15.45));
#4159=CARTESIAN_POINT('Origin',(4.75,-23.,-15.45));
#4160=CARTESIAN_POINT('Origin',(4.75,-23.,-15.45));
#4161=CARTESIAN_POINT('Origin',(4.75,-23.,-15.45));
#4162=CARTESIAN_POINT('Origin',(4.75,-23.,-15.45));
#4163=CARTESIAN_POINT('Origin',(4.75,-23.,-15.45));
#4164=CARTESIAN_POINT('Origin',(4.75,-23.,-15.45));
#4165=CARTESIAN_POINT('Origin',(4.75,-23.,-15.45));
#4166=CARTESIAN_POINT('Ctrl Pts',(4.75,-22.5,-14.45));
#4167=CARTESIAN_POINT('Ctrl Pts',(3.75,-22.5,-14.45));
#4168=CARTESIAN_POINT('Ctrl Pts',(3.75,-22.5,-15.45));
#4169=CARTESIAN_POINT('Ctrl Pts',(3.75,-22.5,-16.45));
#4170=CARTESIAN_POINT('Ctrl Pts',(4.75,-22.5,-16.45));
#4171=CARTESIAN_POINT('Ctrl Pts',(5.75,-22.5,-16.45));
#4172=CARTESIAN_POINT('Ctrl Pts',(5.75,-22.5,-15.45));
#4173=CARTESIAN_POINT('Ctrl Pts',(5.75,-22.5,-14.45));
#4174=CARTESIAN_POINT('Ctrl Pts',(4.75,-22.5,-14.45));
#4175=CARTESIAN_POINT('Ctrl Pts',(4.75,-23.,-14.45));
#4176=CARTESIAN_POINT('Ctrl Pts',(3.75,-23.,-14.45));
#4177=CARTESIAN_POINT('Ctrl Pts',(3.75,-23.,-15.45));
#4178=CARTESIAN_POINT('Ctrl Pts',(3.75,-23.,-16.45));
#4179=CARTESIAN_POINT('Ctrl Pts',(4.75,-23.,-16.45));
#4180=CARTESIAN_POINT('Ctrl Pts',(5.75,-23.,-16.45));
#4181=CARTESIAN_POINT('Ctrl Pts',(5.75,-23.,-15.45));
#4182=CARTESIAN_POINT('Ctrl Pts',(5.75,-23.,-14.45));
#4183=CARTESIAN_POINT('Ctrl Pts',(4.75,-23.,-14.45));
#4184=CARTESIAN_POINT('Ctrl Pts',(4.75,-23.,-14.95));
#4185=CARTESIAN_POINT('Ctrl Pts',(4.25,-23.,-14.95));
#4186=CARTESIAN_POINT('Ctrl Pts',(4.25,-23.,-15.45));
#4187=CARTESIAN_POINT('Ctrl Pts',(4.25,-23.,-15.95));
#4188=CARTESIAN_POINT('Ctrl Pts',(4.75,-23.,-15.95));
#4189=CARTESIAN_POINT('Ctrl Pts',(5.25,-23.,-15.95));
#4190=CARTESIAN_POINT('Ctrl Pts',(5.25,-23.,-15.45));
#4191=CARTESIAN_POINT('Ctrl Pts',(5.25,-23.,-14.95));
#4192=CARTESIAN_POINT('Ctrl Pts',(4.75,-23.,-14.95));
#4193=CARTESIAN_POINT('',(4.75,-22.5,-14.45));
#4194=CARTESIAN_POINT('Ctrl Pts',(4.75,-22.9,-14.65));
#4195=CARTESIAN_POINT('Ctrl Pts',(4.75,-22.75,-14.45));
#4196=CARTESIAN_POINT('Ctrl Pts',(4.75,-22.5,-14.45));
#4197=CARTESIAN_POINT('',(3.75,-22.5,-15.45));
#4198=CARTESIAN_POINT('Origin',(4.75,-22.5,-15.45));
#4199=CARTESIAN_POINT('Origin',(4.75,-22.5,-15.45));
#4200=CARTESIAN_POINT('Origin',(4.75,-22.3,-15.45));
#4201=CARTESIAN_POINT('',(3.75,-22.3,-15.45));
#4202=CARTESIAN_POINT('',(3.75,-22.3,-15.45));
#4203=CARTESIAN_POINT('Origin',(4.75,-22.3,-15.45));
#4204=CARTESIAN_POINT('Origin',(4.75,-22.3,-15.45));
#4205=CARTESIAN_POINT('Origin',(-4.00007864902855,-21.5,4.48912529901242));
#4206=CARTESIAN_POINT('',(-4.00007864902855,-21.36831064431,4.48912529901242));
#4207=CARTESIAN_POINT('',(-4.36706594713632,-21.5,4.48912529901242));
#4208=CARTESIAN_POINT('Ctrl Pts',(-4.00007864902855,-21.36831064431,4.48912529901242));
#4209=CARTESIAN_POINT('Ctrl Pts',(-4.04346918497906,-21.4063348775931,4.48912529901242));
#4210=CARTESIAN_POINT('Ctrl Pts',(-4.09976680841213,-21.439918893331,4.48912529901242));
#4211=CARTESIAN_POINT('Ctrl Pts',(-4.21595166467823,-21.4858445497422,4.48912529901242));
#4212=CARTESIAN_POINT('Ctrl Pts',(-4.29782550888309,-21.5,4.48912529901242));
#4213=CARTESIAN_POINT('Ctrl Pts',(-4.36706594713632,-21.5,4.48912529901242));
#4214=CARTESIAN_POINT('',(-4.00007864902855,-21.1,4.48912529901242));
#4215=CARTESIAN_POINT('',(-4.00007864902855,-21.5,4.48912529901242));
#4216=CARTESIAN_POINT('',(-4.55007864902854,-21.1,4.48912529901242));
#4217=CARTESIAN_POINT('',(-4.00007864902855,-21.1,4.48912529901242));
#4218=CARTESIAN_POINT('',(-4.55007864902854,-21.5,4.48912529901242));
#4219=CARTESIAN_POINT('',(-4.55007864902854,-21.5,4.48912529901242));
#4220=CARTESIAN_POINT('',(-4.40007864902855,-21.5,4.48912529901242));
#4221=CARTESIAN_POINT('Origin',(-4.55007864902854,-21.5,3.93912529901241));
#4222=CARTESIAN_POINT('',(-4.55007864902854,-21.3683106443099,3.93912529901241));
#4223=CARTESIAN_POINT('',(-5.05007864902854,-21.3683106443099,3.93912529901241));
#4224=CARTESIAN_POINT('Ctrl Pts',(-4.55007864902854,-21.3683106443099,3.93912529901241));
#4225=CARTESIAN_POINT('Ctrl Pts',(-4.63022248156088,-21.3902581706949,3.93912529901241));
#4226=CARTESIAN_POINT('Ctrl Pts',(-4.72128772361147,-21.4,3.93912529901241));
#4227=CARTESIAN_POINT('Ctrl Pts',(-4.8788695744456,-21.4,3.93912529901241));
#4228=CARTESIAN_POINT('Ctrl Pts',(-4.9699348164962,-21.3902581706949,3.93912529901241));
#4229=CARTESIAN_POINT('Ctrl Pts',(-5.05007864902854,-21.3683106443099,3.93912529901241));
#4230=CARTESIAN_POINT('',(-4.55007864902854,-21.1,3.93912529901241));
#4231=CARTESIAN_POINT('',(-4.55007864902854,-21.5,3.93912529901241));
#4232=CARTESIAN_POINT('',(-5.05007864902854,-21.1,3.93912529901241));
#4233=CARTESIAN_POINT('',(-5.05007864902854,-21.1,3.93912529901241));
#4234=CARTESIAN_POINT('',(-5.05007864902854,-21.5,3.93912529901241));
#4235=CARTESIAN_POINT('Origin',(-5.05007864902854,-21.5,3.93912529901241));
#4236=CARTESIAN_POINT('',(-5.05007864902854,-21.5,4.3061125971202));
#4237=CARTESIAN_POINT('Ctrl Pts',(-5.05007864902854,-21.3683106443099,3.93912529901241));
#4238=CARTESIAN_POINT('Ctrl Pts',(-5.05007864902854,-21.4063348775931,3.98251583496293));
#4239=CARTESIAN_POINT('Ctrl Pts',(-5.05007864902854,-21.439918893331,4.03881345839599));
#4240=CARTESIAN_POINT('Ctrl Pts',(-5.05007864902854,-21.4858445497422,4.1549983146621));
#4241=CARTESIAN_POINT('Ctrl Pts',(-5.05007864902854,-21.5,4.23687215886696));
#4242=CARTESIAN_POINT('Ctrl Pts',(-5.05007864902854,-21.5,4.30611259712019));
#4243=CARTESIAN_POINT('',(-5.05007864902854,-21.1,4.48912529901242));
#4244=CARTESIAN_POINT('',(-5.05007864902854,-21.1,5.53912529901241));
#4245=CARTESIAN_POINT('',(-5.05007864902854,-21.5,4.48912529901242));
#4246=CARTESIAN_POINT('',(-5.05007864902854,-21.5,4.48912529901242));
#4247=CARTESIAN_POINT('',(-5.05007864902854,-21.5,4.33912529901241));
#4248=CARTESIAN_POINT('Origin',(-4.55007864902854,-21.5,5.53912529901241));
#4249=CARTESIAN_POINT('',(-4.55007864902854,-21.36831064431,5.53912529901241));
#4250=CARTESIAN_POINT('',(-4.55007864902854,-21.5,5.17213800090463));
#4251=CARTESIAN_POINT('Ctrl Pts',(-4.55007864902854,-21.36831064431,5.53912529901241));
#4252=CARTESIAN_POINT('Ctrl Pts',(-4.55007864902854,-21.4063348775931,5.4957347630619));
#4253=CARTESIAN_POINT('Ctrl Pts',(-4.55007864902854,-21.439918893331,5.43943713962883));
#4254=CARTESIAN_POINT('Ctrl Pts',(-4.55007864902854,-21.4858445497422,5.32325228336273));
#4255=CARTESIAN_POINT('Ctrl Pts',(-4.55007864902854,-21.5,5.24137843915787));
#4256=CARTESIAN_POINT('Ctrl Pts',(-4.55007864902854,-21.5,5.17213800090463));
#4257=CARTESIAN_POINT('',(-4.55007864902854,-21.1,5.53912529901241));
#4258=CARTESIAN_POINT('',(-4.55007864902854,-21.5,5.53912529901241));
#4259=CARTESIAN_POINT('',(-4.55007864902854,-21.1,4.98912529901241));
#4260=CARTESIAN_POINT('',(-4.55007864902854,-21.1,3.93912529901241));
#4261=CARTESIAN_POINT('',(-4.55007864902854,-21.5,4.98912529901241));
#4262=CARTESIAN_POINT('',(-4.55007864902854,-21.5,4.98912529901241));
#4263=CARTESIAN_POINT('',(-4.55007864902854,-21.5,5.13912529901241));
#4264=CARTESIAN_POINT('Origin',(-5.05007864902854,-21.5,4.48912529901242));
#4265=CARTESIAN_POINT('',(-5.23309135092076,-21.5,4.48912529901242));
#4266=CARTESIAN_POINT('',(-5.60007864902855,-21.3683106443099,4.48912529901242));
#4267=CARTESIAN_POINT('Ctrl Pts',(-5.23309135092076,-21.5,4.48912529901242));
#4268=CARTESIAN_POINT('Ctrl Pts',(-5.302331789174,-21.5,4.48912529901242));
#4269=CARTESIAN_POINT('Ctrl Pts',(-5.38420563337886,-21.4858445497422,4.48912529901242));
#4270=CARTESIAN_POINT('Ctrl Pts',(-5.50039048964496,-21.439918893331,4.48912529901242));
#4271=CARTESIAN_POINT('Ctrl Pts',(-5.55668811307804,-21.4063348775931,4.48912529901242));
#4272=CARTESIAN_POINT('Ctrl Pts',(-5.60007864902855,-21.3683106443099,4.48912529901242));
#4273=CARTESIAN_POINT('',(-4.92507864902854,-21.5,4.48912529901242));
#4274=CARTESIAN_POINT('',(-5.60007864902855,-21.1,4.48912529901242));
#4275=CARTESIAN_POINT('',(-4.00007864902855,-21.1,4.48912529901242));
#4276=CARTESIAN_POINT('',(-5.60007864902855,-21.5,4.48912529901242));
#4277=CARTESIAN_POINT('Origin',(-5.60007864902855,-21.5,4.48912529901242));
#4278=CARTESIAN_POINT('',(-5.60007864902855,-21.3683106443099,4.98912529901242));
#4279=CARTESIAN_POINT('Ctrl Pts',(-5.60007864902855,-21.3683106443099,4.48912529901242));
#4280=CARTESIAN_POINT('Ctrl Pts',(-5.60007864902855,-21.3902581706949,4.56926913154475));
#4281=CARTESIAN_POINT('Ctrl Pts',(-5.60007864902855,-21.4,4.66033437359535));
#4282=CARTESIAN_POINT('Ctrl Pts',(-5.60007864902855,-21.4,4.81791622442948));
#4283=CARTESIAN_POINT('Ctrl Pts',(-5.60007864902855,-21.3902581706949,4.90898146648007));
#4284=CARTESIAN_POINT('Ctrl Pts',(-5.60007864902855,-21.3683106443099,4.98912529901242));
#4285=CARTESIAN_POINT('',(-5.60007864902855,-21.1,4.98912529901242));
#4286=CARTESIAN_POINT('',(-5.60007864902855,-21.1,4.48912529901242));
#4287=CARTESIAN_POINT('',(-5.60007864902855,-21.5,4.98912529901242));
#4288=CARTESIAN_POINT('Origin',(-4.55007864902854,-21.5,4.48912529901242));
#4289=CARTESIAN_POINT('',(-4.55007864902854,-21.5,4.3061125971202));
#4290=CARTESIAN_POINT('Ctrl Pts',(-4.55007864902854,-21.5,4.3061125971202));
#4291=CARTESIAN_POINT('Ctrl Pts',(-4.55007864902854,-21.5,4.23572118936031));
#4292=CARTESIAN_POINT('Ctrl Pts',(-4.55007864902854,-21.4853650502654,4.15252896220711));
#4293=CARTESIAN_POINT('Ctrl Pts',(-4.55007864902854,-21.438665377203,4.03667416428935));
#4294=CARTESIAN_POINT('Ctrl Pts',(-4.55007864902854,-21.4058410227007,3.98195228307474));
#4295=CARTESIAN_POINT('Ctrl Pts',(-4.55007864902854,-21.3683106443099,3.93912529901241));
#4296=CARTESIAN_POINT('',(-4.55007864902854,-21.5,4.61412529901241));
#4297=CARTESIAN_POINT('',(-4.55007864902854,-21.1,3.93912529901241));
#4298=CARTESIAN_POINT('Origin',(-4.00007864902855,-21.5,4.98912529901241));
#4299=CARTESIAN_POINT('',(-4.00007864902855,-21.36831064431,4.98912529901241));
#4300=CARTESIAN_POINT('Ctrl Pts',(-4.00007864902855,-21.36831064431,4.98912529901241));
#4301=CARTESIAN_POINT('Ctrl Pts',(-4.00007864902855,-21.3902581706949,4.90898146648007));
#4302=CARTESIAN_POINT('Ctrl Pts',(-4.00007864902855,-21.4,4.81791622442948));
#4303=CARTESIAN_POINT('Ctrl Pts',(-4.00007864902855,-21.4,4.66033437359535));
#4304=CARTESIAN_POINT('Ctrl Pts',(-4.00007864902855,-21.3902581706949,4.56926913154476));
#4305=CARTESIAN_POINT('Ctrl Pts',(-4.00007864902855,-21.36831064431,4.48912529901242));
#4306=CARTESIAN_POINT('',(-4.00007864902855,-21.1,4.98912529901241));
#4307=CARTESIAN_POINT('',(-4.00007864902855,-21.5,4.98912529901241));
#4308=CARTESIAN_POINT('',(-4.00007864902855,-21.1,4.98912529901241));
#4309=CARTESIAN_POINT('Origin',(-4.55007864902854,-21.5,4.98912529901241));
#4310=CARTESIAN_POINT('',(-4.36706594713632,-21.5,4.98912529901241));
#4311=CARTESIAN_POINT('Ctrl Pts',(-4.36706594713632,-21.5,4.98912529901241));
#4312=CARTESIAN_POINT('Ctrl Pts',(-4.29782550888308,-21.5,4.98912529901241));
#4313=CARTESIAN_POINT('Ctrl Pts',(-4.21595166467823,-21.4858445497422,4.98912529901241));
#4314=CARTESIAN_POINT('Ctrl Pts',(-4.09976680841213,-21.439918893331,4.98912529901241));
#4315=CARTESIAN_POINT('Ctrl Pts',(-4.04346918497906,-21.4063348775931,4.98912529901241));
#4316=CARTESIAN_POINT('Ctrl Pts',(-4.00007864902855,-21.36831064431,4.98912529901241));
#4317=CARTESIAN_POINT('',(-4.67507864902854,-21.5,4.98912529901241));
#4318=CARTESIAN_POINT('',(-5.60007864902855,-21.1,4.98912529901242));
#4319=CARTESIAN_POINT('Origin',(-5.05007864902854,-21.5,5.53912529901241));
#4320=CARTESIAN_POINT('',(-5.05007864902854,-21.36831064431,5.53912529901241));
#4321=CARTESIAN_POINT('',(-4.80007864902854,-21.4,5.53912529901241));
#4322=CARTESIAN_POINT('Ctrl Pts',(-5.05007864902854,-21.36831064431,5.53912529901241));
#4323=CARTESIAN_POINT('Ctrl Pts',(-4.9699348164962,-21.3902581706949,5.53912529901241));
#4324=CARTESIAN_POINT('Ctrl Pts',(-4.87886957444561,-21.4,5.53912529901241));
#4325=CARTESIAN_POINT('Ctrl Pts',(-4.80007864902855,-21.4,5.53912529901241));
#4326=CARTESIAN_POINT('',(-5.05007864902854,-21.1,5.53912529901241));
#4327=CARTESIAN_POINT('',(-5.05007864902854,-21.5,5.53912529901241));
#4328=CARTESIAN_POINT('',(-4.55007864902854,-21.1,5.53912529901241));
#4329=CARTESIAN_POINT('Ctrl Pts',(-4.80007864902855,-21.4,5.53912529901241));
#4330=CARTESIAN_POINT('Ctrl Pts',(-4.72128772361148,-21.4,5.53912529901241));
#4331=CARTESIAN_POINT('Ctrl Pts',(-4.63022248156089,-21.3902581706949,5.53912529901241));
#4332=CARTESIAN_POINT('Ctrl Pts',(-4.55007864902854,-21.36831064431,5.53912529901241));
#4333=CARTESIAN_POINT('Origin',(-5.05007864902854,-21.5,4.98912529901242));
#4334=CARTESIAN_POINT('',(-5.05007864902854,-21.5,5.17213800090463));
#4335=CARTESIAN_POINT('Ctrl Pts',(-5.05007864902854,-21.5,5.17213800090464));
#4336=CARTESIAN_POINT('Ctrl Pts',(-5.05007864902854,-21.5,5.24137843915787));
#4337=CARTESIAN_POINT('Ctrl Pts',(-5.05007864902854,-21.4858445497422,5.32325228336273));
#4338=CARTESIAN_POINT('Ctrl Pts',(-5.05007864902854,-21.439918893331,5.43943713962883));
#4339=CARTESIAN_POINT('Ctrl Pts',(-5.05007864902854,-21.4063348775931,5.49573476306189));
#4340=CARTESIAN_POINT('Ctrl Pts',(-5.05007864902854,-21.36831064431,5.53912529901241));
#4341=CARTESIAN_POINT('',(-5.05007864902854,-21.5,4.98912529901242));
#4342=CARTESIAN_POINT('',(-5.05007864902854,-21.5,4.86412529901242));
#4343=CARTESIAN_POINT('',(-5.05007864902854,-21.1,4.98912529901242));
#4344=CARTESIAN_POINT('',(-5.05007864902854,-21.5,4.98912529901242));
#4345=CARTESIAN_POINT('',(-5.05007864902854,-21.1,5.53912529901241));
#4346=CARTESIAN_POINT('Origin',(-5.60007864902855,-21.5,4.98912529901242));
#4347=CARTESIAN_POINT('',(-5.23309135092076,-21.5,4.98912529901241));
#4348=CARTESIAN_POINT('Ctrl Pts',(-5.60007864902855,-21.3683106443099,4.98912529901242));
#4349=CARTESIAN_POINT('Ctrl Pts',(-5.55668811307803,-21.4063348775931,4.98912529901242));
#4350=CARTESIAN_POINT('Ctrl Pts',(-5.50039048964496,-21.439918893331,4.98912529901241));
#4351=CARTESIAN_POINT('Ctrl Pts',(-5.38420563337886,-21.4858445497422,4.98912529901242));
#4352=CARTESIAN_POINT('Ctrl Pts',(-5.302331789174,-21.5,4.98912529901242));
#4353=CARTESIAN_POINT('Ctrl Pts',(-5.23309135092076,-21.5,4.98912529901242));
#4354=CARTESIAN_POINT('',(-5.60007864902855,-21.1,4.98912529901242));
#4355=CARTESIAN_POINT('',(-5.20007864902855,-21.5,4.98912529901242));
#4356=CARTESIAN_POINT('Origin',(-4.80007864902855,-21.1,4.73912529901241));
#4357=CARTESIAN_POINT('Origin',(-4.80007864902854,-21.5,4.73912529901241));
#4358=CARTESIAN_POINT('Origin',(-4.80007864902854,-21.5,4.73912529901241));
#4359=CARTESIAN_POINT('Origin',(-4.80007864902854,-21.5,4.73912529901241));
#4360=CARTESIAN_POINT('Origin',(-4.80007864902854,-21.5,4.73912529901241));
#4361=CARTESIAN_POINT('Origin',(-4.80007864902854,-21.5,4.73912529901241));
#4362=CARTESIAN_POINT('Origin',(-4.80007864902854,-21.5,4.73912529901241));
#4363=CARTESIAN_POINT('Origin',(-4.80007864902854,-21.5,4.73912529901241));
#4364=CARTESIAN_POINT('Origin',(-4.80007864902854,-21.5,4.73912529901241));
#4365=CARTESIAN_POINT('Ctrl Pts',(-4.80007864902854,-21.,5.73912529901241));
#4366=CARTESIAN_POINT('Ctrl Pts',(-5.80007864902854,-21.,5.73912529901241));
#4367=CARTESIAN_POINT('Ctrl Pts',(-5.80007864902854,-21.,4.73912529901241));
#4368=CARTESIAN_POINT('Ctrl Pts',(-5.80007864902854,-21.,3.73912529901241));
#4369=CARTESIAN_POINT('Ctrl Pts',(-4.80007864902854,-21.,3.73912529901241));
#4370=CARTESIAN_POINT('Ctrl Pts',(-3.80007864902854,-21.,3.73912529901241));
#4371=CARTESIAN_POINT('Ctrl Pts',(-3.80007864902854,-21.,4.73912529901241));
#4372=CARTESIAN_POINT('Ctrl Pts',(-3.80007864902854,-21.,5.73912529901241));
#4373=CARTESIAN_POINT('Ctrl Pts',(-4.80007864902854,-21.,5.73912529901241));
#4374=CARTESIAN_POINT('Ctrl Pts',(-4.80007864902854,-21.5,5.73912529901241));
#4375=CARTESIAN_POINT('Ctrl Pts',(-5.80007864902854,-21.5,5.73912529901241));
#4376=CARTESIAN_POINT('Ctrl Pts',(-5.80007864902854,-21.5,4.73912529901241));
#4377=CARTESIAN_POINT('Ctrl Pts',(-5.80007864902854,-21.5,3.73912529901241));
#4378=CARTESIAN_POINT('Ctrl Pts',(-4.80007864902854,-21.5,3.73912529901241));
#4379=CARTESIAN_POINT('Ctrl Pts',(-3.80007864902854,-21.5,3.73912529901241));
#4380=CARTESIAN_POINT('Ctrl Pts',(-3.80007864902854,-21.5,4.73912529901241));
#4381=CARTESIAN_POINT('Ctrl Pts',(-3.80007864902854,-21.5,5.73912529901241));
#4382=CARTESIAN_POINT('Ctrl Pts',(-4.80007864902854,-21.5,5.73912529901241));
#4383=CARTESIAN_POINT('Ctrl Pts',(-4.80007864902854,-21.5,5.23912529901241));
#4384=CARTESIAN_POINT('Ctrl Pts',(-5.30007864902854,-21.5,5.23912529901241));
#4385=CARTESIAN_POINT('Ctrl Pts',(-5.30007864902854,-21.5,4.73912529901241));
#4386=CARTESIAN_POINT('Ctrl Pts',(-5.30007864902854,-21.5,4.23912529901242));
#4387=CARTESIAN_POINT('Ctrl Pts',(-4.80007864902854,-21.5,4.23912529901242));
#4388=CARTESIAN_POINT('Ctrl Pts',(-4.30007864902854,-21.5,4.23912529901242));
#4389=CARTESIAN_POINT('Ctrl Pts',(-4.30007864902854,-21.5,4.73912529901241));
#4390=CARTESIAN_POINT('Ctrl Pts',(-4.30007864902854,-21.5,5.23912529901241));
#4391=CARTESIAN_POINT('Ctrl Pts',(-4.80007864902854,-21.5,5.23912529901241));
#4392=CARTESIAN_POINT('',(-4.80007864902854,-21.,5.73912529901241));
#4393=CARTESIAN_POINT('Ctrl Pts',(-4.80007864902854,-21.4,5.53912529901241));
#4394=CARTESIAN_POINT('Ctrl Pts',(-4.80007864902854,-21.25,5.73912529901241));
#4395=CARTESIAN_POINT('Ctrl Pts',(-4.80007864902854,-21.,5.73912529901241));
#4396=CARTESIAN_POINT('',(-5.80007864902854,-21.,4.73912529901241));
#4397=CARTESIAN_POINT('Origin',(-4.80007864902854,-21.,4.73912529901241));
#4398=CARTESIAN_POINT('Origin',(-4.80007864902854,-21.,4.73912529901241));
#4399=CARTESIAN_POINT('Origin',(-4.80007864902854,-20.8,4.73912529901241));
#4400=CARTESIAN_POINT('',(-5.80007864902854,-20.8,4.73912529901241));
#4401=CARTESIAN_POINT('',(-5.80007864902854,-20.8,4.73912529901241));
#4402=CARTESIAN_POINT('Origin',(-4.80007864902854,-20.8,4.73912529901241));
#4403=CARTESIAN_POINT('Origin',(-4.80007864902854,-20.8,4.73912529901241));
#4404=CARTESIAN_POINT('',(0.,0.,0.));
#4405=CARTESIAN_POINT('',(0.,0.,0.));
#4406=CARTESIAN_POINT('',(0.,0.,0.));
#4407=UNCERTAINTY_MEASURE_WITH_UNIT(LENGTH_MEASURE(0.01),#4417,
'DISTANCE_ACCURACY_VALUE',
'Maximum model space distance between geometric entities at asserted c
onnectivities');
#4408=UNCERTAINTY_MEASURE_WITH_UNIT(LENGTH_MEASURE(0.01),#4417,
'DISTANCE_ACCURACY_VALUE',
'Maximum model space distance between geometric entities at asserted c
onnectivities');
#4409=UNCERTAINTY_MEASURE_WITH_UNIT(LENGTH_MEASURE(0.01),#4417,
'DISTANCE_ACCURACY_VALUE',
'Maximum model space distance between geometric entities at asserted c
onnectivities');
#4410=UNCERTAINTY_MEASURE_WITH_UNIT(LENGTH_MEASURE(0.01),#4417,
'DISTANCE_ACCURACY_VALUE',
'Maximum model space distance between geometric entities at asserted c
onnectivities');
#4411=UNCERTAINTY_MEASURE_WITH_UNIT(LENGTH_MEASURE(0.01),#4417,
'DISTANCE_ACCURACY_VALUE',
'Maximum model space distance between geometric entities at asserted c
onnectivities');
#4412=(
GEOMETRIC_REPRESENTATION_CONTEXT(3)
GLOBAL_UNCERTAINTY_ASSIGNED_CONTEXT((#4407))
GLOBAL_UNIT_ASSIGNED_CONTEXT((#4417,#4419,#4420))
REPRESENTATION_CONTEXT('','3D')
);
#4413=(
GEOMETRIC_REPRESENTATION_CONTEXT(3)
GLOBAL_UNCERTAINTY_ASSIGNED_CONTEXT((#4408))
GLOBAL_UNIT_ASSIGNED_CONTEXT((#4417,#4419,#4420))
REPRESENTATION_CONTEXT('','3D')
);
#4414=(
GEOMETRIC_REPRESENTATION_CONTEXT(3)
GLOBAL_UNCERTAINTY_ASSIGNED_CONTEXT((#4409))
GLOBAL_UNIT_ASSIGNED_CONTEXT((#4417,#4419,#4420))
REPRESENTATION_CONTEXT('','3D')
);
#4415=(
GEOMETRIC_REPRESENTATION_CONTEXT(3)
GLOBAL_UNCERTAINTY_ASSIGNED_CONTEXT((#4410))
GLOBAL_UNIT_ASSIGNED_CONTEXT((#4417,#4419,#4420))
REPRESENTATION_CONTEXT('','3D')
);
#4416=(
GEOMETRIC_REPRESENTATION_CONTEXT(3)
GLOBAL_UNCERTAINTY_ASSIGNED_CONTEXT((#4411))
GLOBAL_UNIT_ASSIGNED_CONTEXT((#4417,#4419,#4420))
REPRESENTATION_CONTEXT('','3D')
);
#4417=(
LENGTH_UNIT()
NAMED_UNIT(*)
SI_UNIT(.MILLI.,.METRE.)
);
#4418=(
LENGTH_UNIT()
NAMED_UNIT(*)
SI_UNIT($,.METRE.)
);
#4419=(
NAMED_UNIT(*)
PLANE_ANGLE_UNIT()
SI_UNIT($,.RADIAN.)
);
#4420=(
NAMED_UNIT(*)
SI_UNIT($,.STERADIAN.)
SOLID_ANGLE_UNIT()
);
#4421=SHAPE_DEFINITION_REPRESENTATION(#4425,#4432);
#4422=SHAPE_DEFINITION_REPRESENTATION(#4426,#4433);
#4423=SHAPE_DEFINITION_REPRESENTATION(#4427,#4434);
#4424=SHAPE_DEFINITION_REPRESENTATION(#4428,#4435);
#4425=PRODUCT_DEFINITION_SHAPE('',$,#4437);
#4426=PRODUCT_DEFINITION_SHAPE('',$,#4438);
#4427=PRODUCT_DEFINITION_SHAPE('',$,#4439);
#4428=PRODUCT_DEFINITION_SHAPE('',$,#4440);
#4429=PRODUCT_DEFINITION_SHAPE($,$,#20);
#4430=PRODUCT_DEFINITION_SHAPE($,$,#21);
#4431=PRODUCT_DEFINITION_SHAPE($,$,#22);
#4432=SHAPE_REPRESENTATION('',(#2614,#2813,#2814,#2815),#4412);
#4433=SHAPE_REPRESENTATION('',(#2615),#4413);
#4434=SHAPE_REPRESENTATION('',(#2627),#4414);
#4435=SHAPE_REPRESENTATION('',(#2643),#4415);
#4436=PRODUCT_DEFINITION_CONTEXT('part definition',#4450,'design');
#4437=PRODUCT_DEFINITION('SG90 servo motor','SG90 servo motor v1',#4441,
#4436);
#4438=PRODUCT_DEFINITION('Component1','Component1',#4442,#4436);
#4439=PRODUCT_DEFINITION('Component2','Component2',#4443,#4436);
#4440=PRODUCT_DEFINITION('Component3','Component3',#4444,#4436);
#4441=PRODUCT_DEFINITION_FORMATION('',$,#4452);
#4442=PRODUCT_DEFINITION_FORMATION('',$,#4453);
#4443=PRODUCT_DEFINITION_FORMATION('',$,#4454);
#4444=PRODUCT_DEFINITION_FORMATION('',$,#4455);
#4445=PRODUCT_RELATED_PRODUCT_CATEGORY('SG90 servo motor v1',
'SG90 servo motor v1',(#4452));
#4446=PRODUCT_RELATED_PRODUCT_CATEGORY('Component1','Component1',(#4453));
#4447=PRODUCT_RELATED_PRODUCT_CATEGORY('Component2','Component2',(#4454));
#4448=PRODUCT_RELATED_PRODUCT_CATEGORY('Component3','Component3',(#4455));
#4449=APPLICATION_PROTOCOL_DEFINITION('international standard',
'automotive_design',2009,#4450);
#4450=APPLICATION_CONTEXT(
'Core Data for Automotive Mechanical Design Process');
#4451=PRODUCT_CONTEXT('part definition',#4450,'mechanical');
#4452=PRODUCT('SG90 servo motor','SG90 servo motor v1',$,(#4451));
#4453=PRODUCT('Component1','Component1',$,(#4451));
#4454=PRODUCT('Component2','Component2',$,(#4451));
#4455=PRODUCT('Component3','Component3',$,(#4451));
#4456=PRESENTATION_STYLE_ASSIGNMENT((#4457));
#4457=SURFACE_STYLE_USAGE(.BOTH.,#4458);
#4458=SURFACE_SIDE_STYLE('',(#4459));
#4459=SURFACE_STYLE_FILL_AREA(#4460);
#4460=FILL_AREA_STYLE('Steel - Satin',(#4461));
#4461=FILL_AREA_STYLE_COLOUR('Steel - Satin',#4462);
#4462=COLOUR_RGB('Steel - Satin',0.627450980392157,0.627450980392157,0.627450980392157);
ENDSEC;
END-ISO-10303-21;
