ISO-10303-21;
HEADER;
FILE_DESCRIPTION (( 'STEP AP214' ),
    '1' );
FILE_NAME ('Smart_Locker_Back.STEP',
    '2026-05-08T05:16:05',
    ( '' ),
    ( '' ),
    'SwSTEP 2.0',
    'SolidWorks 2025',
    '' );
FILE_SCHEMA (( 'AUTOMOTIVE_DESIGN' ));
ENDSEC;

DATA;
#1 = CARTESIAN_POINT ( 'NONE',  ( -3.249999999999999556, 0.7500000000000002220, -1.124999999999999778 ) ) ;
#2 = DIRECTION ( 'NONE',  ( 0.9342928493282386393, -0.3565064819805122687, 0.000000000000000000 ) ) ;
#3 = DIRECTION ( 'NONE',  ( 0.000000000000000000, 0.000000000000000000, -1.000000000000000000 ) ) ;
#4 = DIRECTION ( 'NONE',  ( -0.000000000000000000, 0.000000000000000000, -1.000000000000000000 ) ) ;
#5 = CIRCLE ( 'NONE', #719, 0.1573289840543414253 ) ;
#6 = VERTEX_POINT ( 'NONE', #1974 ) ;
#7 = ORIENTED_EDGE ( 'NONE', *, *, #464, .F. ) ;
#8 = ADVANCED_FACE ( 'NONE', ( #1229 ), #987, .T. ) ;
#9 = EDGE_CURVE ( 'NONE', #713, #2507, #772, .T. ) ;
#10 = EDGE_CURVE ( 'NONE', #1265, #1341, #1546, .T. ) ;
#11 = CARTESIAN_POINT ( 'NONE',  ( -0.9581979986823332407, -0.9737504070013722757, -3.937499999999999556 ) ) ;
#12 = CARTESIAN_POINT ( 'NONE',  ( -0.02971811779598500930, 0.5917144034552853649, -4.000000000000000000 ) ) ;
#13 = CARTESIAN_POINT ( 'NONE',  ( -3.374999999999999556, 0.7500000000000002220, -1.375000000000000000 ) ) ;
#14 = CARTESIAN_POINT ( 'NONE',  ( -2.250000000000000000, 1.250000000000000000, -3.750000000000000000 ) ) ;
#15 = LINE ( 'NONE', #1863, #2539 ) ;
#16 = PRODUCT_DEFINITION_CONTEXT ( 'detailed design', #442, 'design' ) ;
#17 = ORIENTED_EDGE ( 'NONE', *, *, #1287, .T. ) ;
#18 = AXIS2_PLACEMENT_3D ( 'NONE', #1675, #1445, #2061 ) ;
#19 = ORIENTED_EDGE ( 'NONE', *, *, #2217, .T. ) ;
#20 = VECTOR ( 'NONE', #2154, 39.37007874015748143 ) ;
#21 = EDGE_CURVE ( 'NONE', #46, #1931, #1572, .T. ) ;
#22 = ORIENTED_EDGE ( 'NONE', *, *, #1898, .T. ) ;
#23 = DIRECTION ( 'NONE',  ( -0.000000000000000000, -0.000000000000000000, -1.000000000000000000 ) ) ;
#24 = LINE ( 'NONE', #652, #1307 ) ;
#25 = DIRECTION ( 'NONE',  ( 0.000000000000000000, 0.000000000000000000, 1.000000000000000000 ) ) ;
#26 = CARTESIAN_POINT ( 'NONE',  ( 0.8249248618459182891, -0.5569164915532093252, -3.937499999999999556 ) ) ;
#27 = DIRECTION ( 'NONE',  ( -1.000000000000000000, 0.000000000000000000, 0.000000000000000000 ) ) ;
#28 = VECTOR ( 'NONE', #544, 39.37007874015748143 ) ;
#29 = ORIENTED_EDGE ( 'NONE', *, *, #1567, .F. ) ;
#30 = VECTOR ( 'NONE', #627, 39.37007874015748143 ) ;
#31 = ORIENTED_EDGE ( 'NONE', *, *, #1240, .F. ) ;
#32 = ORIENTED_EDGE ( 'NONE', *, *, #2192, .F. ) ;
#33 = DIRECTION ( 'NONE',  ( -0.000000000000000000, -0.000000000000000000, -1.000000000000000000 ) ) ;
#34 = ORIENTED_EDGE ( 'NONE', *, *, #1688, .T. ) ;
#35 = DIRECTION ( 'NONE',  ( -0.000000000000000000, -0.000000000000000000, -1.000000000000000000 ) ) ;
#36 = CARTESIAN_POINT ( 'NONE',  ( -1.764728204089091923, 0.1250000000000000000, -3.937499999999999556 ) ) ;
#37 = DIRECTION ( 'NONE',  ( -0.9451451239579489183, 0.3266507227276764791, 0.000000000000000000 ) ) ;
#38 = EDGE_CURVE ( 'NONE', #1059, #861, #1584, .T. ) ;
#39 = CARTESIAN_POINT ( 'NONE',  ( -2.499999999999999556, -1.500000000000000222, 0.000000000000000000 ) ) ;
#40 = AXIS2_PLACEMENT_3D ( 'NONE', #2478, #1494, #677 ) ;
#41 = CARTESIAN_POINT ( 'NONE',  ( -2.249999999999999556, -2.250000000000000000, 0.000000000000000000 ) ) ;
#42 = ADVANCED_FACE ( 'NONE', ( #1072 ), #90, .T. ) ;
#43 = VERTEX_POINT ( 'NONE', #1872 ) ;
#44 = AXIS2_PLACEMENT_3D ( 'NONE', #2503, #2130, #331 ) ;
#45 = VERTEX_POINT ( 'NONE', #2452 ) ;
#46 = VERTEX_POINT ( 'NONE', #77 ) ;
#47 = ORIENTED_EDGE ( 'NONE', *, *, #905, .F. ) ;
#48 = ORIENTED_EDGE ( 'NONE', *, *, #1021, .T. ) ;
#49 = AXIS2_PLACEMENT_3D ( 'NONE', #2454, #1015, #1232 ) ;
#50 = VECTOR ( 'NONE', #1659, 39.37007874015748143 ) ;
#51 = LINE ( 'NONE', #260, #129 ) ;
#52 = PLANE ( 'NONE',  #1156 ) ;
#53 = CARTESIAN_POINT ( 'NONE',  ( -3.000000000000000888, -2.366025403784437486, -3.750000000000000000 ) ) ;
#54 = LINE ( 'NONE', #852, #2369 ) ;
#55 = LINE ( 'NONE', #605, #871 ) ;
#56 = CARTESIAN_POINT ( 'NONE',  ( -3.249999999999999556, 1.250000000000000000, 0.000000000000000000 ) ) ;
#57 = EDGE_CURVE ( 'NONE', #607, #336, #662, .T. ) ;
#58 = ORIENTED_EDGE ( 'NONE', *, *, #89, .F. ) ;
#59 = VERTEX_POINT ( 'NONE', #891 ) ;
#60 = ORIENTED_EDGE ( 'NONE', *, *, #714, .T. ) ;
#61 = VECTOR ( 'NONE', #926, 39.37007874015748143 ) ;
#62 = ORIENTED_EDGE ( 'NONE', *, *, #1184, .F. ) ;
#63 = DIRECTION ( 'NONE',  ( 1.000000000000000000, 0.000000000000000000, 0.000000000000000000 ) ) ;
#64 = AXIS2_PLACEMENT_3D ( 'NONE', #604, #2000, #2010 ) ;
#65 = LINE ( 'NONE', #865, #602 ) ;
#66 = PLANE ( 'NONE',  #806 ) ;
#67 = DIRECTION ( 'NONE',  ( 0.000000000000000000, 1.000000000000000000, 0.000000000000000000 ) ) ;
#68 = DIRECTION ( 'NONE',  ( 2.185478394931410575E-16, 1.000000000000000000, 0.000000000000000000 ) ) ;
#69 = LINE ( 'NONE', #870, #1497 ) ;
#70 = CIRCLE ( 'NONE', #1242, 0.1561596319866148663 ) ;
#71 = VECTOR ( 'NONE', #1760, 39.37007874015748143 ) ;
#72 = EDGE_LOOP ( 'NONE', ( #2308, #2080, #2057, #2433, #1276, #305, #686, #1505 ) ) ;
#73 = ORIENTED_EDGE ( 'NONE', *, *, #1484, .T. ) ;
#74 = VECTOR ( 'NONE', #1891, 39.37007874015748143 ) ;
#75 = ORIENTED_EDGE ( 'NONE', *, *, #2436, .T. ) ;
#76 = EDGE_CURVE ( 'NONE', #1864, #2227, #687, .T. ) ;
#77 = CARTESIAN_POINT ( 'NONE',  ( 2.250000000000000444, -2.249999999999999556, -3.750000000000000000 ) ) ;
#78 = CARTESIAN_POINT ( 'NONE',  ( -0.4872496493806568463, 1.201440773689927743, -4.000000000000000000 ) ) ;
#79 = DIRECTION ( 'NONE',  ( 0.3266507227276764791, 0.9451451239579489183, 0.000000000000000000 ) ) ;
#80 = CARTESIAN_POINT ( 'NONE',  ( 3.500000000000000000, 1.125000000000000000, 0.000000000000000000 ) ) ;
#81 = LINE ( 'NONE', #881, #1549 ) ;
#82 = CARTESIAN_POINT ( 'NONE',  ( -3.124999999999999556, 0.4999999999999998335, -0.7499999999999998890 ) ) ;
#83 = ORIENTED_EDGE ( 'NONE', *, *, #1593, .T. ) ;
#84 = CLOSED_SHELL ( 'NONE', ( #2312, #2215, #207, #2401, #990, #1257, #1821, #2144, #2223, #799, #1957, #693, #825, #862, #1170, #1875, #1055, #1093, #395, #1442, #1573, #308, #1984, #1245, #629, #552, #1670, #2585, #1923, #769, #826, #2450, #159, #1185, #2366, #384, #2520, #1671, #1988, #715, #360, #441, #1096, #2052, #1995, #217, #846, #1227, #204, #2570, #243, #2522, #2327, #2364, #1139, #2535, #42, #1883, #1275, #241, #174, #555, #8, #2566, #1787, #2485, #1043, #2162, #2477, #750, #678, #1721, #2205, #1024, #660, #2238, #1660, #1291, #142, #1913, #1214 ) ) ;
#85 = EDGE_CURVE ( 'NONE', #982, #885, #2382, .T. ) ;
#86 = ORIENTED_EDGE ( 'NONE', *, *, #996, .F. ) ;
#87 = VERTEX_POINT ( 'NONE', #1297 ) ;
#88 = EDGE_CURVE ( 'NONE', #2521, #1727, #51, .T. ) ;
#89 = EDGE_CURVE ( 'NONE', #2373, #1341, #1934, .T. ) ;
#90 = PLANE ( 'NONE',  #40 ) ;
#91 = AXIS2_PLACEMENT_3D ( 'NONE', #1198, #773, #1209 ) ;
#92 = CIRCLE ( 'NONE', #1263, 0.9999999999999996669 ) ;
#93 = ORIENTED_EDGE ( 'NONE', *, *, #283, .F. ) ;
#94 = DIRECTION ( 'NONE',  ( 0.000000000000000000, 1.000000000000000000, 0.000000000000000000 ) ) ;
#95 = LINE ( 'NONE', #1889, #1941 ) ;
#96 = PLANE ( 'NONE',  #113 ) ;
#97 = DIRECTION ( 'NONE',  ( 1.000000000000000000, 0.000000000000000000, -0.000000000000000000 ) ) ;
#98 = CYLINDRICAL_SURFACE ( 'NONE', #735, 0.9999999999999996669 ) ;
#99 = VERTEX_POINT ( 'NONE', #2070 ) ;
#100 = ORIENTED_EDGE ( 'NONE', *, *, #1865, .T. ) ;
#101 = VERTEX_POINT ( 'NONE', #1479 ) ;
#102 = CARTESIAN_POINT ( 'NONE',  ( -0.8366214400099523107, -0.9737504070013722757, -3.937499999999999556 ) ) ;
#103 = DIRECTION ( 'NONE',  ( 0.000000000000000000, -0.000000000000000000, 1.000000000000000000 ) ) ;
#104 = DIRECTION ( 'NONE',  ( -2.731847993664263218E-16, 0.000000000000000000, 1.000000000000000000 ) ) ;
#105 = LINE ( 'NONE', #516, #788 ) ;
#106 = CARTESIAN_POINT ( 'NONE',  ( -0.8366214400099523107, -0.7421760095301702664, -3.937499999999999556 ) ) ;
#107 = DIRECTION ( 'NONE',  ( 0.000000000000000000, 0.000000000000000000, 1.000000000000000000 ) ) ;
#108 = DIRECTION ( 'NONE',  ( 0.000000000000000000, -1.000000000000000000, -9.106159978880878627E-17 ) ) ;
#109 = CARTESIAN_POINT ( 'NONE',  ( 1.183865177926280765, -0.9737504070013722757, -4.000000000000000000 ) ) ;
#110 = EDGE_CURVE ( 'NONE', #504, #2353, #2281, .T. ) ;
#111 = ORIENTED_EDGE ( 'NONE', *, *, #1019, .T. ) ;
#112 = ORIENTED_EDGE ( 'NONE', *, *, #2145, .T. ) ;
#113 = AXIS2_PLACEMENT_3D ( 'NONE', #287, #1691, #1089 ) ;
#114 = ORIENTED_EDGE ( 'NONE', *, *, #488, .T. ) ;
#115 = VERTEX_POINT ( 'NONE', #2248 ) ;
#116 = AXIS2_PLACEMENT_3D ( 'NONE', #683, #97, #517 ) ;
#117 = DIRECTION ( 'NONE',  ( 0.000000000000000000, 0.000000000000000000, 1.000000000000000000 ) ) ;
#118 = CARTESIAN_POINT ( 'NONE',  ( -2.500000000000000000, 2.500000000000000000, -4.000000000000000000 ) ) ;
#119 = FACE_OUTER_BOUND ( 'NONE', #218, .T. ) ;
#120 = CARTESIAN_POINT ( 'NONE',  ( -3.124999999999999556, -0.4999999999999998335, -1.125000000000000222 ) ) ;
#121 = CARTESIAN_POINT ( 'NONE',  ( 2.250000000000000000, 2.250000000000000000, 0.000000000000000000 ) ) ;
#122 = CYLINDRICAL_SURFACE ( 'NONE', #479, 0.9999999999999996669 ) ;
#123 = EDGE_CURVE ( 'NONE', #1666, #1153, #1648, .T. ) ;
#124 = LINE ( 'NONE', #932, #1455 ) ;
#125 = ORIENTED_EDGE ( 'NONE', *, *, #1450, .T. ) ;
#126 = EDGE_CURVE ( 'NONE', #589, #141, #495, .T. ) ;
#127 = EDGE_LOOP ( 'NONE', ( #359, #1025, #969, #2005 ) ) ;
#128 = ORIENTED_EDGE ( 'NONE', *, *, #1375, .F. ) ;
#129 = VECTOR ( 'NONE', #1036, 39.37007874015748143 ) ;
#130 = DIRECTION ( 'NONE',  ( 1.000000000000000000, 0.000000000000000000, 0.000000000000000000 ) ) ;
#131 = ORIENTED_EDGE ( 'NONE', *, *, #1396, .F. ) ;
#132 = DIRECTION ( 'NONE',  ( 0.000000000000000000, 0.000000000000000000, 1.000000000000000000 ) ) ;
#133 = EDGE_CURVE ( 'NONE', #1083, #1565, #668, .T. ) ;
#134 = CARTESIAN_POINT ( 'NONE',  ( -3.374999999999999556, 0.7500000000000002220, -1.124999999999999778 ) ) ;
#135 = AXIS2_PLACEMENT_3D ( 'NONE', #2385, #189, #1812 ) ;
#136 = VECTOR ( 'NONE', #1113, 39.37007874015748143 ) ;
#137 = CARTESIAN_POINT ( 'NONE',  ( 0.000000000000000000, 0.1250000000000000000, -3.937499999999999556 ) ) ;
#138 = DIRECTION ( 'NONE',  ( -1.000000000000000000, 0.000000000000000000, 0.000000000000000000 ) ) ;
#139 = CARTESIAN_POINT ( 'NONE',  ( 4.000000000000000000, -1.125000000000000000, 0.3749999999999999445 ) ) ;
#140 = FACE_OUTER_BOUND ( 'NONE', #1203, .T. ) ;
#141 = VERTEX_POINT ( 'NONE', #2046 ) ;
#142 = ADVANCED_FACE ( 'NONE', ( #459 ), #1885, .F. ) ;
#143 = ORIENTED_EDGE ( 'NONE', *, *, #2222, .F. ) ;
#144 = CARTESIAN_POINT ( 'NONE',  ( 4.000000000000000000, 1.125000000000000000, 0.3749999999999999445 ) ) ;
#145 = ORIENTED_EDGE ( 'NONE', *, *, #247, .T. ) ;
#146 = DIRECTION ( 'NONE',  ( -1.000000000000000000, 0.000000000000000000, 0.000000000000000000 ) ) ;
#147 = LINE ( 'NONE', #1555, #2446 ) ;
#148 = CYLINDRICAL_SURFACE ( 'NONE', #2295, 0.1573289840543414253 ) ;
#149 = ORIENTED_EDGE ( 'NONE', *, *, #2483, .F. ) ;
#150 = CARTESIAN_POINT ( 'NONE',  ( -3.500000000000002220, -1.499999999999999334, -4.000000000000000000 ) ) ;
#151 = FACE_OUTER_BOUND ( 'NONE', #1618, .T. ) ;
#152 = LINE ( 'NONE', #1138, #2165 ) ;
#153 = AXIS2_PLACEMENT_3D ( 'NONE', #957, #2342, #941 ) ;
#154 = ORIENTED_EDGE ( 'NONE', *, *, #1853, .T. ) ;
#155 = DIRECTION ( 'NONE',  ( -0.000000000000000000, -0.000000000000000000, -1.000000000000000000 ) ) ;
#156 = ORIENTED_EDGE ( 'NONE', *, *, #85, .F. ) ;
#157 = ORIENTED_EDGE ( 'NONE', *, *, #2145, .F. ) ;
#158 = DIRECTION ( 'NONE',  ( -0.000000000000000000, -0.000000000000000000, -1.000000000000000000 ) ) ;
#159 = ADVANCED_FACE ( 'NONE', ( #1086 ), #2085, .T. ) ;
#160 = AXIS2_PLACEMENT_3D ( 'NONE', #2500, #2289, #1695 ) ;
#161 = VECTOR ( 'NONE', #1948, 39.37007874015748143 ) ;
#162 = VECTOR ( 'NONE', #831, 39.37007874015748143 ) ;
#163 = DIRECTION ( 'NONE',  ( 0.000000000000000000, 0.000000000000000000, 1.000000000000000000 ) ) ;
#164 = LINE ( 'NONE', #2140, #866 ) ;
#165 = CARTESIAN_POINT ( 'NONE',  ( -0.5239960034238303477, 1.069893650681981390, -3.937499999999999556 ) ) ;
#166 = EDGE_LOOP ( 'NONE', ( #939, #457, #219, #1609 ) ) ;
#167 = DIRECTION ( 'NONE',  ( 0.000000000000000000, -1.000000000000000000, -9.106159978880878627E-17 ) ) ;
#168 = DIRECTION ( 'NONE',  ( 0.000000000000000000, -0.000000000000000000, 1.000000000000000000 ) ) ;
#169 = CARTESIAN_POINT ( 'NONE',  ( -0.3329471255100894256, -0.6900717700991503278, -3.937499999999999556 ) ) ;
#170 = DIRECTION ( 'NONE',  ( -1.000000000000000000, 0.000000000000000000, 0.000000000000000000 ) ) ;
#171 = ORIENTED_EDGE ( 'NONE', *, *, #2444, .T. ) ;
#172 = EDGE_CURVE ( 'NONE', #2019, #549, #637, .T. ) ;
#173 = ORIENTED_EDGE ( 'NONE', *, *, #2379, .T. ) ;
#174 = ADVANCED_FACE ( 'NONE', ( #1243 ), #1268, .T. ) ;
#175 = EDGE_CURVE ( 'NONE', #337, #1761, #1856, .T. ) ;
#176 = DIRECTION ( 'NONE',  ( -0.000000000000000000, -0.000000000000000000, -1.000000000000000000 ) ) ;
#177 = ORIENTED_EDGE ( 'NONE', *, *, #126, .F. ) ;
#178 = CARTESIAN_POINT ( 'NONE',  ( -0.2580874852164474209, 1.069893650681981390, -3.937499999999999556 ) ) ;
#179 = DIRECTION ( 'NONE',  ( 0.000000000000000000, -1.000000000000000000, -0.000000000000000000 ) ) ;
#180 = PLANE ( 'NONE',  #1958 ) ;
#181 = AXIS2_PLACEMENT_3D ( 'NONE', #841, #2426, #2241 ) ;
#182 = AXIS2_PLACEMENT_3D ( 'NONE', #1594, #2383, #591 ) ;
#183 = PLANE ( 'NONE',  #1545 ) ;
#184 = VERTEX_POINT ( 'NONE', #470 ) ;
#185 = VERTEX_POINT ( 'NONE', #937 ) ;
#186 = DIRECTION ( 'NONE',  ( 0.000000000000000000, -1.000000000000000000, 0.000000000000000000 ) ) ;
#187 = VECTOR ( 'NONE', #722, 39.37007874015748143 ) ;
#188 = CARTESIAN_POINT ( 'NONE',  ( -0.9581979986823332407, -0.9737504070013722757, -4.000000000000000000 ) ) ;
#189 = DIRECTION ( 'NONE',  ( 0.000000000000000000, 0.000000000000000000, -1.000000000000000000 ) ) ;
#190 = CARTESIAN_POINT ( 'NONE',  ( 3.875000000000000000, 1.125000000000000000, 0.3749999999999999445 ) ) ;
#191 = LINE ( 'NONE', #586, #1205 ) ;
#192 = EDGE_CURVE ( 'NONE', #743, #702, #2152, .T. ) ;
#193 = ORIENTED_EDGE ( 'NONE', *, *, #1870, .F. ) ;
#194 = VERTEX_POINT ( 'NONE', #1551 ) ;
#195 = VECTOR ( 'NONE', #1007, 39.37007874015748143 ) ;
#196 = AXIS2_PLACEMENT_3D ( 'NONE', #1146, #1752, #2541 ) ;
#197 = CARTESIAN_POINT ( 'NONE',  ( -0.3997005068726479093, -0.5989552686954916494, -3.937499999999999556 ) ) ;
#198 = VECTOR ( 'NONE', #1090, 39.37007874015748143 ) ;
#199 = EDGE_CURVE ( 'NONE', #607, #961, #1143, .T. ) ;
#200 = CARTESIAN_POINT ( 'NONE',  ( 2.500000000000000000, 1.500000000000000444, -4.000000000000000000 ) ) ;
#201 = CARTESIAN_POINT ( 'NONE',  ( -2.500000000000000000, -2.500000000000000000, 0.000000000000000000 ) ) ;
#202 = DIRECTION ( 'NONE',  ( 0.000000000000000000, 0.000000000000000000, 1.000000000000000000 ) ) ;
#203 = CARTESIAN_POINT ( 'NONE',  ( -0.8366214400099523107, -0.9737504070013722757, -4.000000000000000000 ) ) ;
#204 = ADVANCED_FACE ( 'NONE', ( #2322 ), #703, .F. ) ;
#205 = EDGE_CURVE ( 'NONE', #1718, #1600, #539, .T. ) ;
#206 = VERTEX_POINT ( 'NONE', #1522 ) ;
#207 = ADVANCED_FACE ( 'NONE', ( #2123 ), #1508, .F. ) ;
#208 = ORIENTED_EDGE ( 'NONE', *, *, #600, .F. ) ;
#209 = AXIS2_PLACEMENT_3D ( 'NONE', #2464, #1456, #284 ) ;
#210 = DIRECTION ( 'NONE',  ( 0.000000000000000000, -9.106159978880877395E-17, 1.000000000000000000 ) ) ;
#211 = CARTESIAN_POINT ( 'NONE',  ( -0.02971811779598500930, 0.5917144034552853649, -3.937499999999999556 ) ) ;
#212 = DIRECTION ( 'NONE',  ( -1.000000000000000000, 0.000000000000000000, 0.000000000000000000 ) ) ;
#213 = DIRECTION ( 'NONE',  ( 1.000000000000000000, 0.000000000000000000, 0.000000000000000000 ) ) ;
#214 = VECTOR ( 'NONE', #1063, 39.37007874015748143 ) ;
#215 = ORIENTED_EDGE ( 'NONE', *, *, #1672, .F. ) ;
#216 = AXIS2_PLACEMENT_3D ( 'NONE', #2496, #158, #1916 ) ;
#217 = ADVANCED_FACE ( 'NONE', ( #2340 ), #2294, .F. ) ;
#218 = EDGE_LOOP ( 'NONE', ( #2157, #7, #520, #1032 ) ) ;
#219 = ORIENTED_EDGE ( 'NONE', *, *, #2343, .F. ) ;
#220 = CARTESIAN_POINT ( 'NONE',  ( 3.749999999999999556, -1.125000000000000000, 0.2500000000000000000 ) ) ;
#221 = CARTESIAN_POINT ( 'NONE',  ( -3.374999999999999556, -0.7499999999999998890, -1.125000000000000000 ) ) ;
#222 = LINE ( 'NONE', #868, #915 ) ;
#223 = DIRECTION ( 'NONE',  ( 0.000000000000000000, 0.000000000000000000, 1.000000000000000000 ) ) ;
#224 = DIRECTION ( 'NONE',  ( 0.000000000000000000, -0.000000000000000000, 1.000000000000000000 ) ) ;
#225 = UNCERTAINTY_MEASURE_WITH_UNIT (LENGTH_MEASURE( 1.000000000000000082E-05 ), #956, 'distance_accuracy_value', 'NONE');
#226 = ORIENTED_EDGE ( 'NONE', *, *, #898, .F. ) ;
#227 = VECTOR ( 'NONE', #1335, 39.37007874015748143 ) ;
#228 = ORIENTED_EDGE ( 'NONE', *, *, #2331, .T. ) ;
#229 = ORIENTED_EDGE ( 'NONE', *, *, #1314, .F. ) ;
#230 = AXIS2_PLACEMENT_3D ( 'NONE', #348, #1150, #775 ) ;
#231 = EDGE_CURVE ( 'NONE', #2525, #1022, #1327, .T. ) ;
#232 = DIRECTION ( 'NONE',  ( 0.000000000000000000, 0.000000000000000000, 1.000000000000000000 ) ) ;
#233 = VECTOR ( 'NONE', #1029, 39.37007874015748143 ) ;
#234 = EDGE_CURVE ( 'NONE', #506, #1943, #1765, .T. ) ;
#235 = LINE ( 'NONE', #1269, #397 ) ;
#236 = CARTESIAN_POINT ( 'NONE',  ( -2.500000000000001332, -1.499999999999999556, -4.000000000000000000 ) ) ;
#237 = DIRECTION ( 'NONE',  ( -0.000000000000000000, -0.000000000000000000, -1.000000000000000000 ) ) ;
#238 = CARTESIAN_POINT ( 'NONE',  ( 3.500000000000000000, 1.125000000000000000, -1.000000000000000000 ) ) ;
#239 = DIRECTION ( 'NONE',  ( 0.000000000000000000, 0.000000000000000000, -1.000000000000000000 ) ) ;
#240 = VERTEX_POINT ( 'NONE', #2551 ) ;
#241 = ADVANCED_FACE ( 'NONE', ( #569 ), #1311, .T. ) ;
#242 = ORIENTED_EDGE ( 'NONE', *, *, #1762, .F. ) ;
#243 = ADVANCED_FACE ( 'NONE', ( #1566, #325 ), #952, .T. ) ;
#244 = ORIENTED_EDGE ( 'NONE', *, *, #630, .T. ) ;
#245 = DIRECTION ( 'NONE',  ( 0.000000000000000000, 0.000000000000000000, 1.000000000000000000 ) ) ;
#246 = ORIENTED_EDGE ( 'NONE', *, *, #893, .T. ) ;
#247 = EDGE_CURVE ( 'NONE', #2564, #87, #1101, .T. ) ;
#248 = EDGE_CURVE ( 'NONE', #2391, #961, #1700, .T. ) ;
#249 = FACE_OUTER_BOUND ( 'NONE', #873, .T. ) ;
#250 = CARTESIAN_POINT ( 'NONE',  ( 4.000000000000000000, 1.125000000000000000, 0.000000000000000000 ) ) ;
#251 = CARTESIAN_POINT ( 'NONE',  ( 0.6713126717974154944, -0.6234941308261797710, -4.000000000000000000 ) ) ;
#252 = CYLINDRICAL_SURFACE ( 'NONE', #1759, 0.9999999999999996669 ) ;
#253 = AXIS2_PLACEMENT_3D ( 'NONE', #2032, #559, #2529 ) ;
#254 = DIRECTION ( 'NONE',  ( -0.000000000000000000, -0.000000000000000000, -1.000000000000000000 ) ) ;
#255 = ORIENTED_EDGE ( 'NONE', *, *, #375, .T. ) ;
#256 = ORIENTED_EDGE ( 'NONE', *, *, #1915, .F. ) ;
#257 = VERTEX_POINT ( 'NONE', #1717 ) ;
#258 = CIRCLE ( 'NONE', #1354, 1.764728204089091923 ) ;
#259 = VECTOR ( 'NONE', #1985, 39.37007874015748143 ) ;
#260 = CARTESIAN_POINT ( 'NONE',  ( 2.000000000000000888, -2.750000000000000000, -4.000000000000000000 ) ) ;
#261 = DIRECTION ( 'NONE',  ( -0.2927142720941113274, 0.9561999555074317536, 0.000000000000000000 ) ) ;
#262 = FACE_OUTER_BOUND ( 'NONE', #319, .T. ) ;
#263 = DIRECTION ( 'NONE',  ( 0.000000000000000000, 0.000000000000000000, 1.000000000000000000 ) ) ;
#264 = DIRECTION ( 'NONE',  ( 0.000000000000000000, 1.000000000000000000, 0.000000000000000000 ) ) ;
#265 = CARTESIAN_POINT ( 'NONE',  ( -3.000000000000001332, -2.366025403784437486, 0.000000000000000000 ) ) ;
#266 = EDGE_LOOP ( 'NONE', ( #2334, #860, #1685, #1298 ) ) ;
#267 = ORIENTED_EDGE ( 'NONE', *, *, #1181, .F. ) ;
#268 = ORIENTED_EDGE ( 'NONE', *, *, #349, .T. ) ;
#269 = VECTOR ( 'NONE', #2142, 39.37007874015748143 ) ;
#270 = CARTESIAN_POINT ( 'NONE',  ( -0.8974097193461427757, -0.5983336800247694987, -3.937499999999999556 ) ) ;
#271 = VECTOR ( 'NONE', #796, 39.37007874015748143 ) ;
#272 = LINE ( 'NONE', #1848, #356 ) ;
#273 = DIRECTION ( 'NONE',  ( -1.000000000000000000, 0.000000000000000000, 0.000000000000000000 ) ) ;
#274 = CARTESIAN_POINT ( 'NONE',  ( 3.250000000000000000, 1.250000000000000000, 0.000000000000000000 ) ) ;
#275 = CARTESIAN_POINT ( 'NONE',  ( -2.500000000000000444, -2.499999999999999556, -4.000000000000000000 ) ) ;
#276 = DIRECTION ( 'NONE',  ( -1.000000000000000000, 0.000000000000000000, 0.000000000000000000 ) ) ;
#277 = CIRCLE ( 'NONE', #64, 0.1250000000000000278 ) ;
#278 = VECTOR ( 'NONE', #577, 39.37007874015748143 ) ;
#279 = EDGE_CURVE ( 'NONE', #336, #505, #92, .T. ) ;
#280 = ORIENTED_EDGE ( 'NONE', *, *, #708, .T. ) ;
#281 = EDGE_LOOP ( 'NONE', ( #417, #340, #2492, #447 ) ) ;
#282 = ORIENTED_EDGE ( 'NONE', *, *, #234, .T. ) ;
#283 = EDGE_CURVE ( 'NONE', #1011, #185, #1734, .T. ) ;
#284 = DIRECTION ( 'NONE',  ( 0.000000000000000000, 0.000000000000000000, 1.000000000000000000 ) ) ;
#285 = CARTESIAN_POINT ( 'NONE',  ( 0.000000000000000000, 0.1250000000000000000, -3.937499999999999556 ) ) ;
#286 = CARTESIAN_POINT ( 'NONE',  ( -0.8366214400099523107, -0.9737504070013722757, -3.937499999999999556 ) ) ;
#287 = CARTESIAN_POINT ( 'NONE',  ( -0.3329471255100894256, -0.6900717700991503278, -3.937499999999999556 ) ) ;
#288 = LINE ( 'NONE', #1678, #1339 ) ;
#289 = CARTESIAN_POINT ( 'NONE',  ( 3.750000000000000000, -1.125000000000000000, 0.2500000000000000000 ) ) ;
#290 = ORIENTED_EDGE ( 'NONE', *, *, #248, .T. ) ;
#291 = VERTEX_POINT ( 'NONE', #1538 ) ;
#292 = VERTEX_POINT ( 'NONE', #339 ) ;
#293 = VERTEX_POINT ( 'NONE', #1945 ) ;
#294 = DIRECTION ( 'NONE',  ( -1.000000000000000000, 0.000000000000000000, -0.000000000000000000 ) ) ;
#295 = VECTOR ( 'NONE', #2036, 39.37007874015748143 ) ;
#296 = VERTEX_POINT ( 'NONE', #144 ) ;
#297 = DIRECTION ( 'NONE',  ( 0.000000000000000000, 0.000000000000000000, -1.000000000000000000 ) ) ;
#298 = CARTESIAN_POINT ( 'NONE',  ( -2.000000000000000000, -2.750000000000000000, -4.000000000000000888 ) ) ;
#299 = CARTESIAN_POINT ( 'NONE',  ( -1.230297915710995227, -0.9737504070013722757, -3.937499999999999556 ) ) ;
#300 = PLANE ( 'NONE',  #1622 ) ;
#301 = CYLINDRICAL_SURFACE ( 'NONE', #1830, 1.000000000000000222 ) ;
#302 = LINE ( 'NONE', #1708, #1369 ) ;
#303 = CARTESIAN_POINT ( 'NONE',  ( 3.500000000000000000, 1.125000000000000000, 0.000000000000000000 ) ) ;
#304 = APPLICATION_CONTEXT ( 'automotive_design' ) ;
#305 = ORIENTED_EDGE ( 'NONE', *, *, #1520, .F. ) ;
#306 = EDGE_LOOP ( 'NONE', ( #455, #1744, #2233 ) ) ;
#307 = ORIENTED_EDGE ( 'NONE', *, *, #1453, .T. ) ;
#308 = ADVANCED_FACE ( 'NONE', ( #2536 ), #748, .F. ) ;
#309 = CARTESIAN_POINT ( 'NONE',  ( -2.500000000000000000, 2.500000000000000000, 0.000000000000000000 ) ) ;
#310 = ORIENTED_EDGE ( 'NONE', *, *, #1836, .T. ) ;
#311 = EDGE_CURVE ( 'NONE', #1854, #99, #421, .T. ) ;
#312 = CARTESIAN_POINT ( 'NONE',  ( 0.5038931777632406073, -0.6234941308261797710, -3.937499999999999556 ) ) ;
#313 = CARTESIAN_POINT ( 'NONE',  ( 1.764728204089091923, 0.1250000000000002220, -3.937499999999999556 ) ) ;
#314 = CYLINDRICAL_SURFACE ( 'NONE', #966, 0.9999999999999996669 ) ;
#315 = CARTESIAN_POINT ( 'NONE',  ( -3.124999999999999556, -0.4999999999999998335, -1.125000000000000222 ) ) ;
#316 = DIRECTION ( 'NONE',  ( 1.000000000000000000, 0.000000000000000000, 0.000000000000000000 ) ) ;
#317 = CARTESIAN_POINT ( 'NONE',  ( 3.750000000000000000, -1.125000000000000000, 0.3946850393700785942 ) ) ;
#318 = CARTESIAN_POINT ( 'NONE',  ( 3.749999999999999556, -1.125000000000000000, 0.5000000000000000000 ) ) ;
#319 = EDGE_LOOP ( 'NONE', ( #282, #1438, #823, #1476 ) ) ;
#320 = VERTEX_POINT ( 'NONE', #1373 ) ;
#321 = CIRCLE ( 'NONE', #1535, 0.1609212389290061718 ) ;
#322 = ORIENTED_EDGE ( 'NONE', *, *, #1405, .F. ) ;
#323 = VERTEX_POINT ( 'NONE', #11 ) ;
#324 = VECTOR ( 'NONE', #1527, 39.37007874015748143 ) ;
#325 = FACE_OUTER_BOUND ( 'NONE', #1970, .T. ) ;
#326 = ORIENTED_EDGE ( 'NONE', *, *, #175, .F. ) ;
#327 = CARTESIAN_POINT ( 'NONE',  ( -0.8366214400099523107, -0.9737504070013722757, -3.937499999999999556 ) ) ;
#328 = CARTESIAN_POINT ( 'NONE',  ( 1.097024778874580164, -0.6900717700991503278, -4.000000000000000000 ) ) ;
#329 = EDGE_CURVE ( 'NONE', #1059, #506, #2008, .T. ) ;
#330 = DIRECTION ( 'NONE',  ( 1.000000000000000000, 0.000000000000000000, 0.000000000000000000 ) ) ;
#331 = DIRECTION ( 'NONE',  ( 1.000000000000000000, 0.000000000000000000, 0.000000000000000000 ) ) ;
#332 = DIRECTION ( 'NONE',  ( 0.000000000000000000, 0.000000000000000000, 1.000000000000000000 ) ) ;
#333 = DIRECTION ( 'NONE',  ( 0.000000000000000000, -0.000000000000000000, 1.000000000000000000 ) ) ;
#334 = ORIENTED_EDGE ( 'NONE', *, *, #1100, .F. ) ;
#335 = VECTOR ( 'NONE', #2516, 39.37007874015748143 ) ;
#336 = VERTEX_POINT ( 'NONE', #396 ) ;
#337 = VERTEX_POINT ( 'NONE', #1005 ) ;
#338 = VECTOR ( 'NONE', #232, 39.37007874015748143 ) ;
#339 = CARTESIAN_POINT ( 'NONE',  ( 0.5038931777632406073, -0.6234941308261797710, -3.937499999999999556 ) ) ;
#340 = ORIENTED_EDGE ( 'NONE', *, *, #2222, .T. ) ;
#341 = VECTOR ( 'NONE', #977, 39.37007874015748143 ) ;
#342 = APPLICATION_PROTOCOL_DEFINITION ( 'draft international standard', 'automotive_design', 1998, #304 ) ;
#343 = CARTESIAN_POINT ( 'NONE',  ( 0.3369300638415009264, 1.506990325908874162, -3.937499999999999556 ) ) ;
#344 = LINE ( 'NONE', #2332, #161 ) ;
#345 = CARTESIAN_POINT ( 'NONE',  ( -0.2369461204350682137, -0.2633492636761396999, -3.937499999999999556 ) ) ;
#346 = VERTEX_POINT ( 'NONE', #1790 ) ;
#347 = DIRECTION ( 'NONE',  ( 0.000000000000000000, -0.000000000000000000, -1.000000000000000000 ) ) ;
#348 = CARTESIAN_POINT ( 'NONE',  ( 3.749999999999999556, 1.125000000000000000, 0.2500000000000000000 ) ) ;
#349 = EDGE_CURVE ( 'NONE', #2432, #1634, #2020, .T. ) ;
#350 = ORIENTED_EDGE ( 'NONE', *, *, #199, .F. ) ;
#351 = EDGE_CURVE ( 'NONE', #240, #2525, #1420, .T. ) ;
#352 = ORIENTED_EDGE ( 'NONE', *, *, #2436, .F. ) ;
#353 = CARTESIAN_POINT ( 'NONE',  ( -0.4872496493806568463, 1.201440773689927743, -4.000000000000000000 ) ) ;
#354 = ORIENTED_EDGE ( 'NONE', *, *, #857, .F. ) ;
#355 = LENGTH_MEASURE_WITH_UNIT ( LENGTH_MEASURE( 0.02539999999999999897 ), #2169 );
#356 = VECTOR ( 'NONE', #1481, 39.37007874015748143 ) ;
#357 = LINE ( 'NONE', #1359, #1799 ) ;
#358 = CARTESIAN_POINT ( 'NONE',  ( -3.249999999999999556, -0.7499999999999998890, -1.375000000000000000 ) ) ;
#359 = ORIENTED_EDGE ( 'NONE', *, *, #1674, .T. ) ;
#360 = ADVANCED_FACE ( 'NONE', ( #1208 ), #601, .F. ) ;
#361 = FACE_OUTER_BOUND ( 'NONE', #2164, .T. ) ;
#362 = FACE_OUTER_BOUND ( 'NONE', #1735, .T. ) ;
#363 = DIRECTION ( 'NONE',  ( -0.000000000000000000, -0.000000000000000000, -1.000000000000000000 ) ) ;
#364 = VECTOR ( 'NONE', #564, 39.37007874015748143 ) ;
#365 = EDGE_CURVE ( 'NONE', #1944, #141, #1518, .T. ) ;
#366 = CARTESIAN_POINT ( 'NONE',  ( 3.875000000000000000, -1.125000000000000000, 0.5000000000000000000 ) ) ;
#367 = ORIENTED_EDGE ( 'NONE', *, *, #1568, .F. ) ;
#368 = EDGE_CURVE ( 'NONE', #1195, #1490, #2357, .T. ) ;
#369 = EDGE_CURVE ( 'NONE', #861, #1943, #1810, .T. ) ;
#370 = EDGE_LOOP ( 'NONE', ( #2565, #47, #729, #114 ) ) ;
#371 = CIRCLE ( 'NONE', #612, 0.1561596319866148663 ) ;
#372 = PRESENTATION_LAYER_ASSIGNMENT (  '', '', ( #2086 ) ) ;
#373 = CARTESIAN_POINT ( 'NONE',  ( 1.044920539443559671, -0.5569164915532093252, -3.937499999999999556 ) ) ;
#374 = CARTESIAN_POINT ( 'NONE',  ( -3.374999999999999556, 0.7500000000000002220, -1.124999999999999778 ) ) ;
#375 = EDGE_CURVE ( 'NONE', #961, #713, #2102, .T. ) ;
#376 = VERTEX_POINT ( 'NONE', #792 ) ;
#377 = DIRECTION ( 'NONE',  ( -1.000000000000000000, 0.000000000000000000, 0.000000000000000000 ) ) ;
#378 = DIRECTION ( 'NONE',  ( -0.2747211278973760717, -0.9615239476408237174, 0.000000000000000000 ) ) ;
#379 = DIRECTION ( 'NONE',  ( 0.000000000000000000, 0.000000000000000000, 1.000000000000000000 ) ) ;
#380 = ORIENTED_EDGE ( 'NONE', *, *, #110, .F. ) ;
#381 = DIRECTION ( 'NONE',  ( 0.000000000000000000, 0.000000000000000000, 1.000000000000000000 ) ) ;
#382 = ORIENTED_EDGE ( 'NONE', *, *, #1133, .F. ) ;
#383 = EDGE_LOOP ( 'NONE', ( #2311, #528, #2447, #745 ) ) ;
#384 = ADVANCED_FACE ( 'NONE', ( #1173 ), #1973, .F. ) ;
#385 = EDGE_CURVE ( 'NONE', #2056, #2509, #802, .T. ) ;
#386 = CARTESIAN_POINT ( 'NONE',  ( -2.249999999999999556, -2.250000000000000000, -3.750000000000000000 ) ) ;
#387 = CARTESIAN_POINT ( 'NONE',  ( -0.6339938422226513159, -0.9737504070013722757, -3.937499999999999556 ) ) ;
#388 = CARTESIAN_POINT ( 'NONE',  ( 3.500000000000000000, -1.125000000000000000, -0.000000000000000000 ) ) ;
#389 = CARTESIAN_POINT ( 'NONE',  ( -0.4872496493806568463, -0.7421760095301702664, -3.937499999999999556 ) ) ;
#390 = AXIS2_PLACEMENT_3D ( 'NONE', #2228, #1246, #2035 ) ;
#391 = DIRECTION ( 'NONE',  ( 0.000000000000000000, -0.000000000000000000, -1.000000000000000000 ) ) ;
#392 = ORIENTED_EDGE ( 'NONE', *, *, #133, .F. ) ;
#393 = ORIENTED_EDGE ( 'NONE', *, *, #2217, .F. ) ;
#394 = EDGE_CURVE ( 'NONE', #206, #607, #1431, .T. ) ;
#395 = ADVANCED_FACE ( 'NONE', ( #1387 ), #1187, .F. ) ;
#396 = CARTESIAN_POINT ( 'NONE',  ( 2.500000000000000000, 2.500000000000000000, -4.000000000000000000 ) ) ;
#397 = VECTOR ( 'NONE', #433, 39.37007874015748143 ) ;
#398 = FACE_BOUND ( 'NONE', #306, .T. ) ;
#399 = DIRECTION ( 'NONE',  ( 0.000000000000000000, 0.000000000000000000, 1.000000000000000000 ) ) ;
#400 = EDGE_CURVE ( 'NONE', #885, #46, #1397, .T. ) ;
#401 = CARTESIAN_POINT ( 'NONE',  ( -1.053569351332757531, -0.5983336800247694987, -4.000000000000000000 ) ) ;
#402 = LINE ( 'NONE', #2024, #2209 ) ;
#403 = ORIENTED_EDGE ( 'NONE', *, *, #2431, .F. ) ;
#404 = VECTOR ( 'NONE', #1016, 39.37007874015748143 ) ;
#405 = ORIENTED_EDGE ( 'NONE', *, *, #1682, .T. ) ;
#406 = VECTOR ( 'NONE', #1803, 39.37007874015748143 ) ;
#407 = ORIENTED_EDGE ( 'NONE', *, *, #1777, .T. ) ;
#408 = AXIS2_PLACEMENT_3D ( 'NONE', #2163, #1414, #1152 ) ;
#409 = ORIENTED_EDGE ( 'NONE', *, *, #1915, .T. ) ;
#410 = CARTESIAN_POINT ( 'NONE',  ( -0.2580874852164474209, 1.201440773689927743, -3.937499999999999556 ) ) ;
#411 = VECTOR ( 'NONE', #1211, 39.37007874015748143 ) ;
#412 = EDGE_CURVE ( 'NONE', #522, #1868, #984, .T. ) ;
#413 = LINE ( 'NONE', #150, #341 ) ;
#414 = LINE ( 'NONE', #989, #2445 ) ;
#415 = SURFACE_STYLE_FILL_AREA ( #1042 ) ;
#416 = DIRECTION ( 'NONE',  ( -1.000000000000000000, -1.821231995776175479E-16, 0.000000000000000000 ) ) ;
#417 = ORIENTED_EDGE ( 'NONE', *, *, #789, .F. ) ;
#418 = ORIENTED_EDGE ( 'NONE', *, *, #810, .T. ) ;
#419 = ORIENTED_EDGE ( 'NONE', *, *, #751, .F. ) ;
#420 = EDGE_LOOP ( 'NONE', ( #2236, #1507, #2081, #1130 ) ) ;
#421 = LINE ( 'NONE', #197, #259 ) ;
#422 = PLANE ( 'NONE',  #49 ) ;
#423 = DIRECTION ( 'NONE',  ( 2.185478394931410575E-16, 1.000000000000000000, -0.000000000000000000 ) ) ;
#424 = DIRECTION ( 'NONE',  ( -1.000000000000000000, 0.000000000000000000, 0.000000000000000000 ) ) ;
#425 = DIRECTION ( 'NONE',  ( -0.2747211278973760717, -0.9615239476408237174, 0.000000000000000000 ) ) ;
#426 = AXIS2_PLACEMENT_3D ( 'NONE', #2313, #895, #2329 ) ;
#427 = ORIENTED_EDGE ( 'NONE', *, *, #893, .F. ) ;
#428 = VECTOR ( 'NONE', #1770, 39.37007874015748143 ) ;
#429 = EDGE_CURVE ( 'NONE', #1264, #292, #512, .T. ) ;
#430 = ORIENTED_EDGE ( 'NONE', *, *, #2291, .T. ) ;
#431 = EDGE_CURVE ( 'NONE', #323, #1634, #2392, .T. ) ;
#432 = VERTEX_POINT ( 'NONE', #2271 ) ;
#433 = DIRECTION ( 'NONE',  ( 1.000000000000000000, 0.000000000000000000, 0.000000000000000000 ) ) ;
#434 = CARTESIAN_POINT ( 'NONE',  ( -1.764728204089091923, 0.1250000000000000000, -4.000000000000000000 ) ) ;
#435 = PLANE ( 'NONE',  #2034 ) ;
#436 = LINE ( 'NONE', #1234, #1080 ) ;
#437 = FACE_OUTER_BOUND ( 'NONE', #1045, .T. ) ;
#438 = ORIENTED_EDGE ( 'NONE', *, *, #1421, .T. ) ;
#439 = VECTOR ( 'NONE', #894, 39.37007874015748143 ) ;
#440 = VERTEX_POINT ( 'NONE', #2087 ) ;
#441 = ADVANCED_FACE ( 'NONE', ( #483 ), #1283, .F. ) ;
#442 = APPLICATION_CONTEXT ( 'automotive_design' ) ;
#443 = EDGE_CURVE ( 'NONE', #440, #337, #2425, .T. ) ;
#444 = ORIENTED_EDGE ( 'NONE', *, *, #960, .F. ) ;
#445 = CIRCLE ( 'NONE', #1582, 0.9999999999999996669 ) ;
#446 = DIRECTION ( 'NONE',  ( -0.000000000000000000, -0.000000000000000000, -1.000000000000000000 ) ) ;
#447 = ORIENTED_EDGE ( 'NONE', *, *, #696, .F. ) ;
#448 = CIRCLE ( 'NONE', #2493, 1.000000000000000000 ) ;
#449 = LINE ( 'NONE', #651, #2314 ) ;
#450 = LINE ( 'NONE', #36, #1013 ) ;
#451 = FACE_OUTER_BOUND ( 'NONE', #281, .T. ) ;
#452 = PRESENTATION_STYLE_ASSIGNMENT (( #2243 ) ) ;
#453 = CARTESIAN_POINT ( 'NONE',  ( -3.249999999999999556, 0.5000000000000000000, -1.124999999999999778 ) ) ;
#454 = AXIS2_PLACEMENT_3D ( 'NONE', #2220, #2207, #2231 ) ;
#455 = ORIENTED_EDGE ( 'NONE', *, *, #1023, .F. ) ;
#456 = VERTEX_POINT ( 'NONE', #827 ) ;
#457 = ORIENTED_EDGE ( 'NONE', *, *, #1747, .F. ) ;
#458 = ORIENTED_EDGE ( 'NONE', *, *, #649, .F. ) ;
#459 = FACE_OUTER_BOUND ( 'NONE', #611, .T. ) ;
#460 = DIRECTION ( 'NONE',  ( -0.000000000000000000, -0.000000000000000000, -1.000000000000000000 ) ) ;
#461 = CARTESIAN_POINT ( 'NONE',  ( -3.000000000000001332, -2.750000000000000000, 0.000000000000000000 ) ) ;
#462 = CARTESIAN_POINT ( 'NONE',  ( 3.750000000000000000, -1.125000000000000000, 0.2500000000000000000 ) ) ;
#463 = DIRECTION ( 'NONE',  ( 0.000000000000000000, 0.000000000000000000, -1.000000000000000000 ) ) ;
#464 = EDGE_CURVE ( 'NONE', #2042, #185, #679, .T. ) ;
#465 = CYLINDRICAL_SURFACE ( 'NONE', #2372, 0.2500000000000000000 ) ;
#466 = ORIENTED_EDGE ( 'NONE', *, *, #38, .T. ) ;
#467 = EDGE_LOOP ( 'NONE', ( #2173, #2583, #1946, #676 ) ) ;
#468 = ORIENTED_EDGE ( 'NONE', *, *, #1287, .F. ) ;
#469 = VECTOR ( 'NONE', #1999, 39.37007874015748143 ) ;
#470 = CARTESIAN_POINT ( 'NONE',  ( -3.374999999999999556, -0.7499999999999998890, -1.375000000000000000 ) ) ;
#471 = EDGE_CURVE ( 'NONE', #456, #535, #2250, .T. ) ;
#472 = CARTESIAN_POINT ( 'NONE',  ( -0.8366214400099523107, -0.7421760095301702664, -3.937499999999999556 ) ) ;
#473 = CARTESIAN_POINT ( 'NONE',  ( 0.000000000000000000, -1.125000000000000000, 0.5000000000000000000 ) ) ;
#474 = CARTESIAN_POINT ( 'NONE',  ( 0.5038931777632406073, -0.6234941308261797710, -4.000000000000000000 ) ) ;
#475 = EDGE_CURVE ( 'NONE', #1457, #480, #2240, .T. ) ;
#476 = DIRECTION ( 'NONE',  ( 0.000000000000000000, 0.000000000000000000, -1.000000000000000000 ) ) ;
#477 = EDGE_CURVE ( 'NONE', #2397, #689, #449, .T. ) ;
#478 = ORIENTED_EDGE ( 'NONE', *, *, #2031, .F. ) ;
#479 = AXIS2_PLACEMENT_3D ( 'NONE', #1556, #695, #1962 ) ;
#480 = VERTEX_POINT ( 'NONE', #1459 ) ;
#481 = DIRECTION ( 'NONE',  ( 0.2355354436712874533, 0.9718657596471694804, 0.000000000000000000 ) ) ;
#482 = AXIS2_PLACEMENT_3D ( 'NONE', #1390, #379, #2176 ) ;
#483 = FACE_OUTER_BOUND ( 'NONE', #699, .T. ) ;
#484 = CARTESIAN_POINT ( 'NONE',  ( 2.000000000000000888, -2.750000000000000000, -4.000000000000000000 ) ) ;
#485 = DIRECTION ( 'NONE',  ( 1.000000000000000000, 0.000000000000000000, 0.000000000000000000 ) ) ;
#486 = CARTESIAN_POINT ( 'NONE',  ( -0.5239960034238303477, 1.069893650681981390, -3.937499999999999556 ) ) ;
#487 = CARTESIAN_POINT ( 'NONE',  ( 2.500000000000000000, -1.500000000000000222, -3.750000000000000000 ) ) ;
#488 = EDGE_CURVE ( 'NONE', #1264, #658, #1258, .T. ) ;
#489 = VECTOR ( 'NONE', #212, 39.37007874015748143 ) ;
#490 = AXIS2_PLACEMENT_3D ( 'NONE', #1250, #416, #2053 ) ;
#491 = VERTEX_POINT ( 'NONE', #1050 ) ;
#492 = ORIENTED_EDGE ( 'NONE', *, *, #1385, .T. ) ;
#493 = VECTOR ( 'NONE', #1106, 39.37007874015748143 ) ;
#494 = EDGE_LOOP ( 'NONE', ( #2451, #1312, #1180, #2120, #111, #1440, #836, #2490 ) ) ;
#495 = LINE ( 'NONE', #2437, #338 ) ;
#496 = ORIENTED_EDGE ( 'NONE', *, *, #1486, .T. ) ;
#497 = DIRECTION ( 'NONE',  ( -0.000000000000000000, -0.000000000000000000, -1.000000000000000000 ) ) ;
#498 = FACE_OUTER_BOUND ( 'NONE', #1884, .T. ) ;
#499 = FACE_OUTER_BOUND ( 'NONE', #1142, .T. ) ;
#500 = LINE ( 'NONE', #1500, #2282 ) ;
#501 = CARTESIAN_POINT ( 'NONE',  ( -3.249999999999999556, 0.4999999999999998335, -0.7499999999999998890 ) ) ;
#502 = CARTESIAN_POINT ( 'NONE',  ( 3.875000000000000000, -1.125000000000000000, 0.3749999999999999445 ) ) ;
#503 = DIRECTION ( 'NONE',  ( 0.000000000000000000, -1.000000000000000000, 0.000000000000000000 ) ) ;
#504 = VERTEX_POINT ( 'NONE', #1874 ) ;
#505 = VERTEX_POINT ( 'NONE', #1625 ) ;
#506 = VERTEX_POINT ( 'NONE', #78 ) ;
#507 = EDGE_CURVE ( 'NONE', #2153, #2475, #1432, .T. ) ;
#508 = ORIENTED_EDGE ( 'NONE', *, *, #953, .T. ) ;
#509 = DIRECTION ( 'NONE',  ( -1.000000000000000000, -0.000000000000000000, 0.000000000000000000 ) ) ;
#510 = EDGE_CURVE ( 'NONE', #257, #2224, #235, .T. ) ;
#511 = AXIS2_PLACEMENT_3D ( 'NONE', #2127, #2499, #706 ) ;
#512 = CIRCLE ( 'NONE', #1057, 0.1674194940341748872 ) ;
#513 = EDGE_LOOP ( 'NONE', ( #2435, #1340, #1169, #2151 ) ) ;
#514 = FACE_OUTER_BOUND ( 'NONE', #2093, .T. ) ;
#515 = DIRECTION ( 'NONE',  ( -1.000000000000000000, 0.000000000000000000, 0.000000000000000000 ) ) ;
#516 = CARTESIAN_POINT ( 'NONE',  ( -3.374999999999999556, 0.7500000000000002220, -1.375000000000000000 ) ) ;
#517 = DIRECTION ( 'NONE',  ( -0.000000000000000000, 0.000000000000000000, -1.000000000000000000 ) ) ;
#518 = CARTESIAN_POINT ( 'NONE',  ( -0.1151670603967097917, 1.135667212185954567, -3.937499999999999556 ) ) ;
#519 = DIRECTION ( 'NONE',  ( -0.000000000000000000, -0.000000000000000000, -1.000000000000000000 ) ) ;
#520 = ORIENTED_EDGE ( 'NONE', *, *, #2508, .F. ) ;
#521 = ORIENTED_EDGE ( 'NONE', *, *, #2479, .T. ) ;
#522 = VERTEX_POINT ( 'NONE', #1039 ) ;
#523 = ORIENTED_EDGE ( 'NONE', *, *, #1766, .T. ) ;
#524 = ORIENTED_EDGE ( 'NONE', *, *, #1574, .F. ) ;
#525 = AXIS2_PLACEMENT_3D ( 'NONE', #2498, #2113, #2283 ) ;
#526 = EDGE_CURVE ( 'NONE', #845, #2307, #1062, .T. ) ;
#527 = CARTESIAN_POINT ( 'NONE',  ( -0.3329471255100894256, -0.6900717700991503278, -3.937499999999999556 ) ) ;
#528 = ORIENTED_EDGE ( 'NONE', *, *, #1453, .F. ) ;
#529 = DIRECTION ( 'NONE',  ( -1.000000000000000000, 0.000000000000000000, 0.000000000000000000 ) ) ;
#530 = LINE ( 'NONE', #1526, #907 ) ;
#531 = DIRECTION ( 'NONE',  ( -0.000000000000000000, -0.000000000000000000, -1.000000000000000000 ) ) ;
#532 = DIRECTION ( 'NONE',  ( -1.000000000000000000, 0.000000000000000000, 0.000000000000000000 ) ) ;
#533 = DIRECTION ( 'NONE',  ( -0.000000000000000000, -1.000000000000000000, 0.000000000000000000 ) ) ;
#534 = AXIS2_PLACEMENT_3D ( 'NONE', #1109, #1149, #1909 ) ;
#535 = VERTEX_POINT ( 'NONE', #878 ) ;
#536 = VECTOR ( 'NONE', #570, 39.37007874015748143 ) ;
#537 = ORIENTED_EDGE ( 'NONE', *, *, #936, .F. ) ;
#538 = CIRCLE ( 'NONE', #747, 0.1561596319866148663 ) ;
#539 = LINE ( 'NONE', #527, #2302 ) ;
#540 = VERTEX_POINT ( 'NONE', #2048 ) ;
#541 =( NAMED_UNIT ( * ) SI_UNIT ( $, .STERADIAN. ) SOLID_ANGLE_UNIT ( ) );
#542 = CARTESIAN_POINT ( 'NONE',  ( 3.749999999999999556, -1.125000000000000000, 0.5000000000000000000 ) ) ;
#543 = EDGE_CURVE ( 'NONE', #2411, #1092, #272, .T. ) ;
#544 = DIRECTION ( 'NONE',  ( 0.000000000000000000, 1.000000000000000000, 0.000000000000000000 ) ) ;
#545 = FACE_OUTER_BOUND ( 'NONE', #1154, .T. ) ;
#546 = ORIENTED_EDGE ( 'NONE', *, *, #2471, .F. ) ;
#547 = CARTESIAN_POINT ( 'NONE',  ( -0.5606217458016541366, -0.5989552686954916494, -4.000000000000000000 ) ) ;
#548 = LINE ( 'NONE', #2160, #364 ) ;
#549 = VERTEX_POINT ( 'NONE', #2072 ) ;
#550 = DIRECTION ( 'NONE',  ( 0.000000000000000000, -1.000000000000000000, -3.642463991552351451E-16 ) ) ;
#551 = EDGE_LOOP ( 'NONE', ( #1368, #2246 ) ) ;
#552 = ADVANCED_FACE ( 'NONE', ( #1858 ), #638, .T. ) ;
#553 = CIRCLE ( 'NONE', #1430, 0.1609212389290061718 ) ;
#554 = AXIS2_PLACEMENT_3D ( 'NONE', #924, #1157, #1960 ) ;
#555 = ADVANCED_FACE ( 'NONE', ( #249 ), #52, .T. ) ;
#556 = CARTESIAN_POINT ( 'NONE',  ( -1.053569351332757531, -0.5983336800247694987, -3.937499999999999556 ) ) ;
#557 = CARTESIAN_POINT ( 'NONE',  ( 2.000000000000000888, -2.500000000000000000, -4.000000000000000000 ) ) ;
#558 = CARTESIAN_POINT ( 'NONE',  ( 0.3791441467138554344, -0.9737504070013722757, -4.000000000000000000 ) ) ;
#559 = DIRECTION ( 'NONE',  ( 0.000000000000000000, 1.000000000000000000, 0.000000000000000000 ) ) ;
#560 = EDGE_CURVE ( 'NONE', #206, #713, #65, .T. ) ;
#561 = EDGE_CURVE ( 'NONE', #1125, #432, #664, .T. ) ;
#562 = DIRECTION ( 'NONE',  ( 0.000000000000000000, 1.000000000000000000, 0.000000000000000000 ) ) ;
#563 = CARTESIAN_POINT ( 'NONE',  ( -2.500000000000000000, -2.500000000000000000, -3.750000000000000000 ) ) ;
#564 = DIRECTION ( 'NONE',  ( 0.000000000000000000, 0.000000000000000000, 1.000000000000000000 ) ) ;
#565 = EDGE_LOOP ( 'NONE', ( #949, #2549, #787, #2108 ) ) ;
#566 = PLANE ( 'NONE',  #408 ) ;
#567 = ORIENTED_EDGE ( 'NONE', *, *, #1049, .T. ) ;
#568 = ORIENTED_EDGE ( 'NONE', *, *, #2290, .F. ) ;
#569 = FACE_OUTER_BOUND ( 'NONE', #1959, .T. ) ;
#570 = DIRECTION ( 'NONE',  ( 0.3266507227276764791, 0.9451451239579489183, 0.000000000000000000 ) ) ;
#571 = DIRECTION ( 'NONE',  ( 0.000000000000000000, -1.000000000000000000, 0.000000000000000000 ) ) ;
#572 = ORIENTED_EDGE ( 'NONE', *, *, #890, .F. ) ;
#573 = DIRECTION ( 'NONE',  ( 1.000000000000000000, 0.000000000000000000, 0.000000000000000000 ) ) ;
#574 = LINE ( 'NONE', #804, #1619 ) ;
#575 = CARTESIAN_POINT ( 'NONE',  ( -3.249999999999999556, -1.250000000000000000, 0.000000000000000000 ) ) ;
#576 = VECTOR ( 'NONE', #363, 39.37007874015748143 ) ;
#577 = DIRECTION ( 'NONE',  ( -1.000000000000000000, 0.000000000000000000, 0.000000000000000000 ) ) ;
#578 = ORIENTED_EDGE ( 'NONE', *, *, #412, .T. ) ;
#579 = VECTOR ( 'NONE', #626, 39.37007874015748854 ) ;
#580 = ORIENTED_EDGE ( 'NONE', *, *, #1294, .T. ) ;
#581 = EDGE_CURVE ( 'NONE', #1844, #43, #1719, .T. ) ;
#582 = DIRECTION ( 'NONE',  ( 1.000000000000000000, -0.000000000000000000, -0.000000000000000000 ) ) ;
#583 = CARTESIAN_POINT ( 'NONE',  ( -3.249999999999999556, 1.250000000000000000, -3.750000000000000000 ) ) ;
#584 = FACE_OUTER_BOUND ( 'NONE', #908, .T. ) ;
#585 = CARTESIAN_POINT ( 'NONE',  ( -0.9581979986823332407, -0.9737504070013722757, -4.000000000000000000 ) ) ;
#586 = CARTESIAN_POINT ( 'NONE',  ( 1.044920539443559671, -0.5569164915532093252, -3.937499999999999556 ) ) ;
#587 = ORIENTED_EDGE ( 'NONE', *, *, #781, .T. ) ;
#588 = EDGE_CURVE ( 'NONE', #934, #1868, #1918, .T. ) ;
#589 = VERTEX_POINT ( 'NONE', #1509 ) ;
#590 = EDGE_CURVE ( 'NONE', #292, #1843, #2097, .T. ) ;
#591 = DIRECTION ( 'NONE',  ( 1.000000000000000000, 0.000000000000000000, 0.000000000000000000 ) ) ;
#592 = DIRECTION ( 'NONE',  ( 0.000000000000000000, -1.000000000000000000, 0.000000000000000000 ) ) ;
#593 = PLANE ( 'NONE',  #1262 ) ;
#594 = CARTESIAN_POINT ( 'NONE',  ( 3.500000000000000000, -1.125000000000000000, -1.000000000000000000 ) ) ;
#595 = CIRCLE ( 'NONE', #2301, 0.1674194940341748872 ) ;
#596 = CARTESIAN_POINT ( 'NONE',  ( -0.4872496493806568463, 1.201440773689927743, -3.937499999999999556 ) ) ;
#597 = ORIENTED_EDGE ( 'NONE', *, *, #734, .F. ) ;
#598 = EDGE_CURVE ( 'NONE', #858, #194, #1703, .T. ) ;
#599 = ORIENTED_EDGE ( 'NONE', *, *, #2078, .F. ) ;
#600 = EDGE_CURVE ( 'NONE', #658, #1843, #2071, .T. ) ;
#601 = PLANE ( 'NONE',  #1731 ) ;
#602 = VECTOR ( 'NONE', #1662, 39.37007874015748143 ) ;
#603 = FACE_OUTER_BOUND ( 'NONE', #1982, .T. ) ;
#604 = CARTESIAN_POINT ( 'NONE',  ( 3.875000000000000000, -1.125000000000000000, 0.3749999999999999445 ) ) ;
#605 = CARTESIAN_POINT ( 'NONE',  ( -2.000000000000000000, -2.750000000000000000, -4.000000000000000888 ) ) ;
#606 = DIRECTION ( 'NONE',  ( 1.000000000000000000, 0.000000000000000000, -0.000000000000000000 ) ) ;
#607 = VERTEX_POINT ( 'NONE', #118 ) ;
#608 = CIRCLE ( 'NONE', #153, 0.1446850393700785942 ) ;
#609 = ORIENTED_EDGE ( 'NONE', *, *, #1762, .T. ) ;
#610 = CIRCLE ( 'NONE', #1862, 1.250000000000000666 ) ;
#611 = EDGE_LOOP ( 'NONE', ( #2213, #1047, #1477, #892 ) ) ;
#612 = AXIS2_PLACEMENT_3D ( 'NONE', #2418, #224, #213 ) ;
#613 = DIRECTION ( 'NONE',  ( 0.000000000000000000, -0.000000000000000000, -1.000000000000000000 ) ) ;
#614 = VECTOR ( 'NONE', #3, 39.37007874015748143 ) ;
#615 = LINE ( 'NONE', #1422, #295 ) ;
#616 = DIRECTION ( 'NONE',  ( -0.000000000000000000, -0.000000000000000000, -1.000000000000000000 ) ) ;
#617 = EDGE_CURVE ( 'NONE', #2353, #540, #1299, .T. ) ;
#618 = DIRECTION ( 'NONE',  ( -0.2355354436712874533, -0.9718657596471694804, 0.000000000000000000 ) ) ;
#619 = CARTESIAN_POINT ( 'NONE',  ( -0.8974097193461427757, -0.5983336800247694987, -3.937499999999999556 ) ) ;
#620 = ORIENTED_EDGE ( 'NONE', *, *, #1956, .F. ) ;
#621 = ORIENTED_EDGE ( 'NONE', *, *, #663, .T. ) ;
#622 = ORIENTED_EDGE ( 'NONE', *, *, #311, .F. ) ;
#623 = EDGE_CURVE ( 'NONE', #293, #2564, #1488, .T. ) ;
#624 = CARTESIAN_POINT ( 'NONE',  ( 0.8249248618459182891, -0.5569164915532093252, -3.937499999999999556 ) ) ;
#625 = DIRECTION ( 'NONE',  ( -1.000000000000000000, 0.000000000000000000, 0.000000000000000000 ) ) ;
#626 = DIRECTION ( 'NONE',  ( 0.3244741204682964342, -0.9458945740125193069, 0.000000000000000000 ) ) ;
#627 = DIRECTION ( 'NONE',  ( -1.365923996832131609E-16, -0.000000000000000000, 1.000000000000000000 ) ) ;
#628 = DIRECTION ( 'NONE',  ( 0.000000000000000000, 0.000000000000000000, -1.000000000000000000 ) ) ;
#629 = ADVANCED_FACE ( 'NONE', ( #514 ), #1087, .F. ) ;
#630 = EDGE_CURVE ( 'NONE', #589, #858, #1689, .T. ) ;
#631 = ORIENTED_EDGE ( 'NONE', *, *, #1764, .F. ) ;
#632 = VECTOR ( 'NONE', #2403, 39.37007874015748143 ) ;
#633 = PRODUCT ( 'Smart_Locker_Back', 'Smart_Locker_Back', '', ( #1569 ) ) ;
#634 = ORIENTED_EDGE ( 'NONE', *, *, #1983, .T. ) ;
#635 = ORIENTED_EDGE ( 'NONE', *, *, #248, .F. ) ;
#636 = ORIENTED_EDGE ( 'NONE', *, *, #1832, .T. ) ;
#637 = LINE ( 'NONE', #2237, #1886 ) ;
#638 = PLANE ( 'NONE',  #18 ) ;
#639 = DIRECTION ( 'NONE',  ( -0.000000000000000000, -0.000000000000000000, -1.000000000000000000 ) ) ;
#640 = CARTESIAN_POINT ( 'NONE',  ( -1.053569351332757531, -0.5983336800247694987, -3.937499999999999556 ) ) ;
#641 = CARTESIAN_POINT ( 'NONE',  ( -3.500000000000001332, -1.499999999999999556, -4.000000000000000000 ) ) ;
#642 = DIRECTION ( 'NONE',  ( 1.000000000000000000, 0.000000000000000000, 0.000000000000000000 ) ) ;
#643 = EDGE_LOOP ( 'NONE', ( #2399, #537, #1374, #93 ) ) ;
#644 = ORIENTED_EDGE ( 'NONE', *, *, #1100, .T. ) ;
#645 = ORIENTED_EDGE ( 'NONE', *, *, #1836, .F. ) ;
#646 = ORIENTED_EDGE ( 'NONE', *, *, #365, .T. ) ;
#647 = ORIENTED_EDGE ( 'NONE', *, *, #971, .F. ) ;
#648 = DIRECTION ( 'NONE',  ( 0.000000000000000000, -0.000000000000000000, 1.000000000000000000 ) ) ;
#649 = EDGE_CURVE ( 'NONE', #480, #2449, #1610, .T. ) ;
#650 = AXIS2_PLACEMENT_3D ( 'NONE', #1411, #179, #1399 ) ;
#651 = CARTESIAN_POINT ( 'NONE',  ( -3.249999999999999556, -0.7499999999999998890, -1.125000000000000000 ) ) ;
#652 = CARTESIAN_POINT ( 'NONE',  ( -0.9581979986823332407, -0.7421760095301702664, -3.937499999999999556 ) ) ;
#653 = CARTESIAN_POINT ( 'NONE',  ( 2.000000000000000888, -2.500000000000000000, 6.735557395310445967E-16 ) ) ;
#654 = DIRECTION ( 'NONE',  ( 1.000000000000000000, 0.000000000000000000, 0.000000000000000000 ) ) ;
#655 = CYLINDRICAL_SURFACE ( 'NONE', #1620, 0.1609212389290061718 ) ;
#656 = CIRCLE ( 'NONE', #196, 0.9999999999999994449 ) ;
#657 = ORIENTED_EDGE ( 'NONE', *, *, #2380, .F. ) ;
#658 = VERTEX_POINT ( 'NONE', #1514 ) ;
#659 = EDGE_LOOP ( 'NONE', ( #1128, #310, #1562, #2278 ) ) ;
#660 = ADVANCED_FACE ( 'NONE', ( #2304 ), #1544, .F. ) ;
#661 = EDGE_CURVE ( 'NONE', #522, #2083, #2542, .T. ) ;
#662 = LINE ( 'NONE', #877, #933 ) ;
#663 = EDGE_CURVE ( 'NONE', #540, #504, #1949, .T. ) ;
#664 = LINE ( 'NONE', #1468, #61 ) ;
#665 = LINE ( 'NONE', #221, #2148 ) ;
#666 = CARTESIAN_POINT ( 'NONE',  ( 2.000000000000000888, -2.750000000000000000, 6.735557395310445967E-16 ) ) ;
#667 = DIRECTION ( 'NONE',  ( 0.000000000000000000, -0.000000000000000000, 1.000000000000000000 ) ) ;
#668 = CIRCLE ( 'NONE', #2137, 0.1561596319866148663 ) ;
#669 = PLANE ( 'NONE',  #490 ) ;
#670 = AXIS2_PLACEMENT_3D ( 'NONE', #1924, #1501, #883 ) ;
#671 = ORIENTED_EDGE ( 'NONE', *, *, #172, .T. ) ;
#672 = VERTEX_POINT ( 'NONE', #755 ) ;
#673 = ORIENTED_EDGE ( 'NONE', *, *, #1240, .T. ) ;
#674 = VECTOR ( 'NONE', #997, 39.37007874015748143 ) ;
#675 = ORIENTED_EDGE ( 'NONE', *, *, #1870, .T. ) ;
#676 = ORIENTED_EDGE ( 'NONE', *, *, #123, .F. ) ;
#677 = DIRECTION ( 'NONE',  ( 0.000000000000000000, -0.000000000000000000, -1.000000000000000000 ) ) ;
#678 = ADVANCED_FACE ( 'NONE', ( #1348 ), #2517, .T. ) ;
#679 = LINE ( 'NONE', #1074, #1907 ) ;
#680 = LINE ( 'NONE', #298, #2259 ) ;
#681 = DIRECTION ( 'NONE',  ( 0.000000000000000000, 0.000000000000000000, 1.000000000000000000 ) ) ;
#682 = LINE ( 'NONE', #1485, #1290 ) ;
#683 = CARTESIAN_POINT ( 'NONE',  ( 2.000000000000000888, -2.750000000000000000, -4.000000000000000000 ) ) ;
#684 = EDGE_LOOP ( 'NONE', ( #1581, #2491, #1557, #1590 ) ) ;
#685 = ORIENTED_EDGE ( 'NONE', *, *, #1293, .F. ) ;
#686 = ORIENTED_EDGE ( 'NONE', *, *, #1216, .F. ) ;
#687 = LINE ( 'NONE', #1846, #1012 ) ;
#688 = AXIS2_PLACEMENT_3D ( 'NONE', #1774, #333, #991 ) ;
#689 = VERTEX_POINT ( 'NONE', #358 ) ;
#690 = CARTESIAN_POINT ( 'NONE',  ( -0.8974097193461427757, -0.5983336800247694987, -4.000000000000000000 ) ) ;
#691 = DIRECTION ( 'NONE',  ( 0.000000000000000000, 1.000000000000000000, 0.000000000000000000 ) ) ;
#692 = CARTESIAN_POINT ( 'NONE',  ( 0.3791441467138554344, -0.9737504070013722757, -3.937499999999999556 ) ) ;
#693 = ADVANCED_FACE ( 'NONE', ( #1925 ), #122, .T. ) ;
#694 = PLANE ( 'NONE',  #116 ) ;
#695 = DIRECTION ( 'NONE',  ( 0.000000000000000000, 0.000000000000000000, 1.000000000000000000 ) ) ;
#696 = EDGE_CURVE ( 'NONE', #2121, #2096, #1739, .T. ) ;
#697 = CARTESIAN_POINT ( 'NONE',  ( -0.7215429847306602529, -0.5989552686954916494, -3.937499999999999556 ) ) ;
#698 = AXIS2_PLACEMENT_3D ( 'NONE', #1641, #2221, #628 ) ;
#699 = EDGE_LOOP ( 'NONE', ( #2013, #1126, #2133, #1071 ) ) ;
#700 = EDGE_CURVE ( 'NONE', #2122, #1218, #2345, .T. ) ;
#701 = AXIS2_PLACEMENT_3D ( 'NONE', #1640, #1851, #618 ) ;
#702 = VERTEX_POINT ( 'NONE', #558 ) ;
#703 = PLANE ( 'NONE',  #1847 ) ;
#704 = ORIENTED_EDGE ( 'NONE', *, *, #2014, .F. ) ;
#705 = CARTESIAN_POINT ( 'NONE',  ( -0.02971811779598500930, 0.5917144034552853649, -3.937499999999999556 ) ) ;
#706 = DIRECTION ( 'NONE',  ( -1.000000000000000000, 0.000000000000000000, 0.000000000000000000 ) ) ;
#707 = CARTESIAN_POINT ( 'NONE',  ( -0.3997005068726479093, -0.5989552686954916494, -3.937499999999999556 ) ) ;
#708 = EDGE_CURVE ( 'NONE', #1308, #2507, #1108, .T. ) ;
#709 = DIRECTION ( 'NONE',  ( 1.000000000000000000, 0.000000000000000000, 0.000000000000000000 ) ) ;
#710 = LINE ( 'NONE', #2487, #1383 ) ;
#711 = LINE ( 'NONE', #345, #1724 ) ;
#712 = DIRECTION ( 'NONE',  ( 0.000000000000000000, 0.000000000000000000, -1.000000000000000000 ) ) ;
#713 = VERTEX_POINT ( 'NONE', #1503 ) ;
#714 = EDGE_CURVE ( 'NONE', #1489, #1217, #2288, .T. ) ;
#715 = ADVANCED_FACE ( 'NONE', ( #2333 ), #1528, .T. ) ;
#716 = ORIENTED_EDGE ( 'NONE', *, *, #561, .F. ) ;
#717 = ORIENTED_EDGE ( 'NONE', *, *, #1333, .F. ) ;
#718 = DIRECTION ( 'NONE',  ( -0.000000000000000000, -0.000000000000000000, -1.000000000000000000 ) ) ;
#719 = AXIS2_PLACEMENT_3D ( 'NONE', #1270, #2298, #515 ) ;
#720 = VECTOR ( 'NONE', #2261, 39.37007874015748143 ) ;
#721 = ORIENTED_EDGE ( 'NONE', *, *, #1184, .T. ) ;
#722 = DIRECTION ( 'NONE',  ( 0.000000000000000000, -1.000000000000000000, 0.000000000000000000 ) ) ;
#723 = DIRECTION ( 'NONE',  ( -1.000000000000000000, 0.000000000000000000, 0.000000000000000000 ) ) ;
#724 = DIRECTION ( 'NONE',  ( 0.000000000000000000, 1.000000000000000000, 0.000000000000000000 ) ) ;
#725 = CYLINDRICAL_SURFACE ( 'NONE', #1919, 0.9999999999999996669 ) ;
#726 = DIRECTION ( 'NONE',  ( -1.000000000000000000, 0.000000000000000000, -6.123233995736770966E-17 ) ) ;
#727 = DIRECTION ( 'NONE',  ( 0.000000000000000000, 1.000000000000000000, 0.000000000000000000 ) ) ;
#728 = ORIENTED_EDGE ( 'NONE', *, *, #1728, .F. ) ;
#729 = ORIENTED_EDGE ( 'NONE', *, *, #996, .T. ) ;
#730 = ORIENTED_EDGE ( 'NONE', *, *, #1213, .T. ) ;
#731 = VECTOR ( 'NONE', #1496, 39.37007874015747433 ) ;
#732 = DIRECTION ( 'NONE',  ( -2.731847993664263218E-16, 0.000000000000000000, 1.000000000000000000 ) ) ;
#733 = ORIENTED_EDGE ( 'NONE', *, *, #429, .F. ) ;
#734 = EDGE_CURVE ( 'NONE', #2083, #6, #302, .T. ) ;
#735 = AXIS2_PLACEMENT_3D ( 'NONE', #2146, #918, #2131 ) ;
#736 = CARTESIAN_POINT ( 'NONE',  ( -2.000000000000000000, -2.750000000000000000, -4.000000000000000888 ) ) ;
#737 = DIRECTION ( 'NONE',  ( -3.642463991552351451E-16, 1.000000000000000000, -0.000000000000000000 ) ) ;
#738 = CARTESIAN_POINT ( 'NONE',  ( 3.500000000000000000, 1.500000000000000222, -3.750000000000000000 ) ) ;
#739 = DIRECTION ( 'NONE',  ( -0.000000000000000000, -0.000000000000000000, -1.000000000000000000 ) ) ;
#740 = DIRECTION ( 'NONE',  ( 1.821231995776175725E-16, -1.000000000000000000, 0.000000000000000000 ) ) ;
#741 = CARTESIAN_POINT ( 'NONE',  ( 1.097024778874580164, -0.6900717700991503278, -3.937499999999999556 ) ) ;
#742 = DIRECTION ( 'NONE',  ( 0.000000000000000000, 0.000000000000000000, 1.000000000000000000 ) ) ;
#743 = VERTEX_POINT ( 'NONE', #1908 ) ;
#744 = AXIS2_PLACEMENT_3D ( 'NONE', #1189, #2, #1199 ) ;
#745 = ORIENTED_EDGE ( 'NONE', *, *, #1715, .T. ) ;
#746 = AXIS2_PLACEMENT_3D ( 'NONE', #992, #1578, #1978 ) ;
#747 = AXIS2_PLACEMENT_3D ( 'NONE', #1692, #667, #709 ) ;
#748 = PLANE ( 'NONE',  #2515 ) ;
#749 = EDGE_LOOP ( 'NONE', ( #393, #1539, #976, #1402 ) ) ;
#750 = ADVANCED_FACE ( 'NONE', ( #2317 ), #148, .F. ) ;
#751 = EDGE_CURVE ( 'NONE', #337, #2067, #1182, .T. ) ;
#752 = DIRECTION ( 'NONE',  ( 0.000000000000000000, 0.000000000000000000, 1.000000000000000000 ) ) ;
#753 = EDGE_CURVE ( 'NONE', #504, #944, #711, .T. ) ;
#754 = CARTESIAN_POINT ( 'NONE',  ( -0.2369461204350682137, -0.2633492636761396999, -4.000000000000000000 ) ) ;
#755 = CARTESIAN_POINT ( 'NONE',  ( -3.000000000000000888, -2.366025403784437486, -4.000000000000000888 ) ) ;
#756 = ORIENTED_EDGE ( 'NONE', *, *, #714, .F. ) ;
#757 = CYLINDRICAL_SURFACE ( 'NONE', #91, 0.1561596319866148663 ) ;
#758 = CARTESIAN_POINT ( 'NONE',  ( -2.000000000000000888, -2.750000000000000000, 1.836970198721030181E-16 ) ) ;
#759 = CARTESIAN_POINT ( 'NONE',  ( -0.2580874852164474209, 1.069893650681981390, -3.937499999999999556 ) ) ;
#760 = DIRECTION ( 'NONE',  ( 0.000000000000000000, -1.000000000000000000, 0.000000000000000000 ) ) ;
#761 = ORIENTED_EDGE ( 'NONE', *, *, #2192, .T. ) ;
#762 = EDGE_CURVE ( 'NONE', #1808, #901, #1753, .T. ) ;
#763 = ORIENTED_EDGE ( 'NONE', *, *, #2379, .F. ) ;
#764 = AXIS2_PLACEMENT_3D ( 'NONE', #1048, #1255, #2058 ) ;
#765 = CARTESIAN_POINT ( 'NONE',  ( 0.3791441467138554344, -0.9737504070013722757, -3.937499999999999556 ) ) ;
#766 = AXIS2_PLACEMENT_3D ( 'NONE', #327, #273, #132 ) ;
#767 = AXIS2_PLACEMENT_3D ( 'NONE', #1409, #771, #1571 ) ;
#768 =( NAMED_UNIT ( * ) PLANE_ANGLE_UNIT ( ) SI_UNIT ( $, .RADIAN. ) );
#769 = ADVANCED_FACE ( 'NONE', ( #545 ), #1147, .T. ) ;
#770 = CARTESIAN_POINT ( 'NONE',  ( -0.3706583728760588503, 1.506990325908874162, -4.000000000000000000 ) ) ;
#771 = DIRECTION ( 'NONE',  ( 0.000000000000000000, 0.000000000000000000, 1.000000000000000000 ) ) ;
#772 = LINE ( 'NONE', #1161, #882 ) ;
#773 = DIRECTION ( 'NONE',  ( -0.000000000000000000, -0.000000000000000000, -1.000000000000000000 ) ) ;
#774 = CARTESIAN_POINT ( 'NONE',  ( -3.374999999999999556, 0.7500000000000002220, -1.124999999999999778 ) ) ;
#775 = DIRECTION ( 'NONE',  ( 0.000000000000000000, 0.000000000000000000, 1.000000000000000000 ) ) ;
#776 = LINE ( 'NONE', #807, #1871 ) ;
#777 = ORIENTED_EDGE ( 'NONE', *, *, #2249, .T. ) ;
#778 = ORIENTED_EDGE ( 'NONE', *, *, #1764, .T. ) ;
#779 = DIRECTION ( 'NONE',  ( -0.000000000000000000, -1.000000000000000000, 0.000000000000000000 ) ) ;
#780 = DIRECTION ( 'NONE',  ( 0.000000000000000000, 0.000000000000000000, 1.000000000000000000 ) ) ;
#781 = EDGE_CURVE ( 'NONE', #2353, #1266, #1681, .T. ) ;
#782 = DIRECTION ( 'NONE',  ( -0.000000000000000000, -0.000000000000000000, -1.000000000000000000 ) ) ;
#783 = LINE ( 'NONE', #2175, #1332 ) ;
#784 = DIRECTION ( 'NONE',  ( -1.000000000000000000, 0.000000000000000000, -1.365923996832131609E-16 ) ) ;
#785 = AXIS2_PLACEMENT_3D ( 'NONE', #2526, #2139, #752 ) ;
#786 = LINE ( 'NONE', #965, #71 ) ;
#787 = ORIENTED_EDGE ( 'NONE', *, *, #912, .F. ) ;
#788 = VECTOR ( 'NONE', #2089, 39.37007874015748143 ) ;
#789 = EDGE_CURVE ( 'NONE', #821, #2121, #2460, .T. ) ;
#790 = ORIENTED_EDGE ( 'NONE', *, *, #2031, .T. ) ;
#791 = AXIS2_PLACEMENT_3D ( 'NONE', #2396, #381, #1589 ) ;
#792 = CARTESIAN_POINT ( 'NONE',  ( 3.249999999999999556, -1.250000000000000000, 0.000000000000000000 ) ) ;
#793 = EDGE_CURVE ( 'NONE', #184, #2056, #916, .T. ) ;
#794 = DIRECTION ( 'NONE',  ( 0.000000000000000000, 0.000000000000000000, -1.000000000000000000 ) ) ;
#795 = LINE ( 'NONE', #774, #404 ) ;
#796 = DIRECTION ( 'NONE',  ( -1.000000000000000000, 0.000000000000000000, 0.000000000000000000 ) ) ;
#797 = DIRECTION ( 'NONE',  ( -1.000000000000000000, 0.000000000000000000, 0.000000000000000000 ) ) ;
#798 = ORIENTED_EDGE ( 'NONE', *, *, #1375, .T. ) ;
#799 = ADVANCED_FACE ( 'NONE', ( #1487 ), #2527, .T. ) ;
#800 = ORIENTED_EDGE ( 'NONE', *, *, #10, .F. ) ;
#801 = CIRCLE ( 'NONE', #2350, 0.1446850393700785942 ) ;
#802 = LINE ( 'NONE', #1781, #2190 ) ;
#803 = CARTESIAN_POINT ( 'NONE',  ( -2.250000000000000444, 2.250000000000000000, -3.750000000000000000 ) ) ;
#804 = CARTESIAN_POINT ( 'NONE',  ( -0.3329471255100894256, -0.6900717700991503278, -3.937499999999999556 ) ) ;
#805 = CARTESIAN_POINT ( 'NONE',  ( 0.2923037476621550002, -0.6900717700991503278, -3.937499999999999556 ) ) ;
#806 = AXIS2_PLACEMENT_3D ( 'NONE', #940, #691, #910 ) ;
#807 = CARTESIAN_POINT ( 'NONE',  ( 0.000000000000000000, -1.125000000000000000, 0.5000000000000000000 ) ) ;
#808 = ORIENTED_EDGE ( 'NONE', *, *, #2479, .F. ) ;
#809 = ORIENTED_EDGE ( 'NONE', *, *, #2558, .F. ) ;
#810 = EDGE_CURVE ( 'NONE', #115, #954, #710, .T. ) ;
#811 = EDGE_LOOP ( 'NONE', ( #1517, #578, #73, #244, #2473, #19, #290, #255, #2321, #673, #1845, #546, #1776, #2378, #1911, #597 ) ) ;
#812 = EDGE_CURVE ( 'NONE', #1215, #346, #2103, .T. ) ;
#813 = DIRECTION ( 'NONE',  ( 1.000000000000000000, 0.000000000000000000, 0.000000000000000000 ) ) ;
#814 = VECTOR ( 'NONE', #108, 39.37007874015748143 ) ;
#815 = CYLINDRICAL_SURFACE ( 'NONE', #938, 0.1609212389290061718 ) ;
#816 = CARTESIAN_POINT ( 'NONE',  ( 3.750000000000000000, 1.125000000000000000, 0.3946850393700785942 ) ) ;
#817 = DIRECTION ( 'NONE',  ( 1.000000000000000000, 0.000000000000000000, 0.000000000000000000 ) ) ;
#818 = FACE_OUTER_BOUND ( 'NONE', #1729, .T. ) ;
#819 = ORIENTED_EDGE ( 'NONE', *, *, #1807, .T. ) ;
#820 = CIRCLE ( 'NONE', #1371, 0.1250000000000000278 ) ;
#821 = VERTEX_POINT ( 'NONE', #1894 ) ;
#822 = EDGE_CURVE ( 'NONE', #2177, #491, #1107, .T. ) ;
#823 = ORIENTED_EDGE ( 'NONE', *, *, #38, .F. ) ;
#824 = VECTOR ( 'NONE', #1814, 39.37007874015748143 ) ;
#825 = ADVANCED_FACE ( 'NONE', ( #2303 ), #301, .T. ) ;
#826 = ADVANCED_FACE ( 'NONE', ( #1289 ), #694, .F. ) ;
#827 = CARTESIAN_POINT ( 'NONE',  ( -3.249999999999999556, 1.250000000000000000, -3.750000000000000000 ) ) ;
#828 = VECTOR ( 'NONE', #202, 39.37007874015748143 ) ;
#829 = DIRECTION ( 'NONE',  ( 0.2499748417047449600, -0.9682523320471208006, 0.000000000000000000 ) ) ;
#830 = DIRECTION ( 'NONE',  ( -1.000000000000000000, 0.000000000000000000, 0.000000000000000000 ) ) ;
#831 = DIRECTION ( 'NONE',  ( 0.000000000000000000, -3.642463991552351451E-16, 1.000000000000000000 ) ) ;
#832 = LINE ( 'NONE', #1054, #2280 ) ;
#833 = UNCERTAINTY_MEASURE_WITH_UNIT (LENGTH_MEASURE( 1.000000000000000082E-05 ), #2442, 'distance_accuracy_value', 'NONE');
#834 = VERTEX_POINT ( 'NONE', #899 ) ;
#835 = EDGE_LOOP ( 'NONE', ( #1382, #229, #1144, #2045 ) ) ;
#836 = ORIENTED_EDGE ( 'NONE', *, *, #400, .T. ) ;
#837 = EDGE_LOOP ( 'NONE', ( #2519, #468, #1712, #1267 ) ) ;
#838 = CARTESIAN_POINT ( 'NONE',  ( 0.1910346733558308252, -0.2633492636761396999, -3.937499999999999556 ) ) ;
#839 = EDGE_LOOP ( 'NONE', ( #1295, #903, #1393, #847 ) ) ;
#840 = DIRECTION ( 'NONE',  ( -1.000000000000000000, -0.000000000000000000, -0.000000000000000000 ) ) ;
#841 = CARTESIAN_POINT ( 'NONE',  ( 0.000000000000000000, -2.750000000000000000, 0.000000000000000000 ) ) ;
#842 = DIRECTION ( 'NONE',  ( -1.000000000000000000, 0.000000000000000000, 0.000000000000000000 ) ) ;
#843 = DIRECTION ( 'NONE',  ( -1.000000000000000000, 0.000000000000000000, 0.000000000000000000 ) ) ;
#844 = DIRECTION ( 'NONE',  ( 0.000000000000000000, -1.000000000000000000, 0.000000000000000000 ) ) ;
#845 = VERTEX_POINT ( 'NONE', #121 ) ;
#846 = ADVANCED_FACE ( 'NONE', ( #2265 ), #1318, .F. ) ;
#847 = ORIENTED_EDGE ( 'NONE', *, *, #2189, .T. ) ;
#848 = VERTEX_POINT ( 'NONE', #501 ) ;
#849 = CARTESIAN_POINT ( 'NONE',  ( 4.750000000000000000, 1.125000000000000000, -1.000000000000000222 ) ) ;
#850 = CARTESIAN_POINT ( 'NONE',  ( 1.097024778874580164, -0.6900717700991503278, -3.937499999999999556 ) ) ;
#851 = CARTESIAN_POINT ( 'NONE',  ( -0.9581979986823333517, -0.7421760095301701554, -4.000000000000000000 ) ) ;
#852 = CARTESIAN_POINT ( 'NONE',  ( 3.875000000000000000, 1.125000000000000000, 0.5000000000000000000 ) ) ;
#853 = FACE_OUTER_BOUND ( 'NONE', #1178, .T. ) ;
#854 = CARTESIAN_POINT ( 'NONE',  ( -3.249999999999999556, 0.7500000000000002220, -1.124999999999999778 ) ) ;
#855 = VECTOR ( 'NONE', #2480, 39.37007874015748143 ) ;
#856 = ORIENTED_EDGE ( 'NONE', *, *, #1412, .F. ) ;
#857 = EDGE_CURVE ( 'NONE', #2525, #1457, #1906, .T. ) ;
#858 = VERTEX_POINT ( 'NONE', #1303 ) ;
#859 = VECTOR ( 'NONE', #1559, 39.37007874015748143 ) ;
#860 = ORIENTED_EDGE ( 'NONE', *, *, #1611, .F. ) ;
#861 = VERTEX_POINT ( 'NONE', #942 ) ;
#862 = ADVANCED_FACE ( 'NONE', ( #930 ), #725, .T. ) ;
#863 = CARTESIAN_POINT ( 'NONE',  ( 3.250000000000000000, 1.250000000000000000, -3.750000000000000000 ) ) ;
#864 = VECTOR ( 'NONE', #423, 39.37007874015748143 ) ;
#865 = CARTESIAN_POINT ( 'NONE',  ( -3.500000000000000000, 1.500000000000000222, -3.750000000000000000 ) ) ;
#866 = VECTOR ( 'NONE', #1769, 39.37007874015748143 ) ;
#867 = CARTESIAN_POINT ( 'NONE',  ( -0.5606217458016541366, -0.5989552686954916494, -3.937499999999999556 ) ) ;
#868 = CARTESIAN_POINT ( 'NONE',  ( 0.000000000000000000, 1.125000000000000000, 0.5000000000000000000 ) ) ;
#869 = CARTESIAN_POINT ( 'NONE',  ( -3.374999999999999556, -0.7499999999999998890, -1.375000000000000000 ) ) ;
#870 = CARTESIAN_POINT ( 'NONE',  ( -0.3706583728760588503, 1.506990325908874162, -4.000000000000000000 ) ) ;
#871 = VECTOR ( 'NONE', #2395, 39.37007874015748143 ) ;
#872 = ORIENTED_EDGE ( 'NONE', *, *, #898, .T. ) ;
#873 = EDGE_LOOP ( 'NONE', ( #29, #2412, #2134, #1910 ) ) ;
#874 = EDGE_LOOP ( 'NONE', ( #730, #1647, #1816, #761 ) ) ;
#875 = EDGE_CURVE ( 'NONE', #2019, #45, #1723, .T. ) ;
#876 = ORIENTED_EDGE ( 'NONE', *, *, #1865, .F. ) ;
#877 = CARTESIAN_POINT ( 'NONE',  ( 2.500000000000000000, 2.500000000000000000, -4.000000000000000000 ) ) ;
#878 = CARTESIAN_POINT ( 'NONE',  ( -3.249999999999999556, 1.250000000000000000, 0.000000000000000000 ) ) ;
#879 = CARTESIAN_POINT ( 'NONE',  ( -3.249999999999999556, 0.7500000000000002220, -1.375000000000000000 ) ) ;
#880 = DIRECTION ( 'NONE',  ( -0.3266507227276764791, -0.9451451239579489183, 0.000000000000000000 ) ) ;
#881 = CARTESIAN_POINT ( 'NONE',  ( 0.8249248618459182891, -0.6900717700991503278, -3.937499999999999556 ) ) ;
#882 = VECTOR ( 'NONE', #740, 39.37007874015748143 ) ;
#883 = DIRECTION ( 'NONE',  ( 1.365923996832131609E-16, 0.000000000000000000, -1.000000000000000000 ) ) ;
#884 = ORIENTED_EDGE ( 'NONE', *, *, #2569, .T. ) ;
#885 = VERTEX_POINT ( 'NONE', #1134 ) ;
#886 = AXIS2_PLACEMENT_3D ( 'NONE', #473, #1028, #2229 ) ;
#887 = AXIS2_PLACEMENT_3D ( 'NONE', #2567, #1583, #2371 ) ;
#888 = ORIENTED_EDGE ( 'NONE', *, *, #76, .F. ) ;
#889 = ORIENTED_EDGE ( 'NONE', *, *, #734, .T. ) ;
#890 = EDGE_CURVE ( 'NONE', #2564, #293, #968, .T. ) ;
#891 = CARTESIAN_POINT ( 'NONE',  ( -2.249999999999999556, -2.250000000000000000, 0.000000000000000000 ) ) ;
#892 = ORIENTED_EDGE ( 'NONE', *, *, #1099, .T. ) ;
#893 = EDGE_CURVE ( 'NONE', #2227, #2153, #1079, .T. ) ;
#894 = DIRECTION ( 'NONE',  ( 0.000000000000000000, 0.000000000000000000, 1.000000000000000000 ) ) ;
#895 = DIRECTION ( 'NONE',  ( 0.9458945740125194179, 0.3244741204682964897, -0.000000000000000000 ) ) ;
#896 = CARTESIAN_POINT ( 'NONE',  ( -0.8974097193461427757, -0.5983336800247694987, -3.937499999999999556 ) ) ;
#897 = CARTESIAN_POINT ( 'NONE',  ( -0.5606217458016541366, -0.5989552686954916494, -4.000000000000000000 ) ) ;
#898 = EDGE_CURVE ( 'NONE', #1092, #2576, #357, .T. ) ;
#899 = CARTESIAN_POINT ( 'NONE',  ( 3.500000000000000000, 1.125000000000000000, 0.2500000000000000000 ) ) ;
#900 = LINE ( 'NONE', #303, #1378 ) ;
#901 = VERTEX_POINT ( 'NONE', #1372 ) ;
#902 = ORIENTED_EDGE ( 'NONE', *, *, #1085, .F. ) ;
#903 = ORIENTED_EDGE ( 'NONE', *, *, #623, .F. ) ;
#904 = EDGE_LOOP ( 'NONE', ( #1955, #2458, #609, #1111 ) ) ;
#905 = EDGE_CURVE ( 'NONE', #954, #1309, #974, .T. ) ;
#906 = DIRECTION ( 'NONE',  ( -0.000000000000000000, -0.000000000000000000, -1.000000000000000000 ) ) ;
#907 = VECTOR ( 'NONE', #2315, 39.37007874015748143 ) ;
#908 = EDGE_LOOP ( 'NONE', ( #2268, #171, #777, #2106, #1828, #1355, #409, #1732, #1880, #2358, #1599, #1633, #1366, #716 ) ) ;
#909 = CARTESIAN_POINT ( 'NONE',  ( 3.500000000000000444, -1.500000000000000222, -3.750000000000000000 ) ) ;
#910 = DIRECTION ( 'NONE',  ( 0.000000000000000000, -0.000000000000000000, 1.000000000000000000 ) ) ;
#911 = DIRECTION ( 'NONE',  ( 1.000000000000000000, 0.000000000000000000, 0.000000000000000000 ) ) ;
#912 = EDGE_CURVE ( 'NONE', #1010, #2411, #344, .T. ) ;
#913 = LINE ( 'NONE', #2501, #2486 ) ;
#914 = EDGE_CURVE ( 'NONE', #2293, #456, #656, .T. ) ;
#915 = VECTOR ( 'NONE', #830, 39.37007874015748143 ) ;
#916 = LINE ( 'NONE', #2129, #1325 ) ;
#917 = CARTESIAN_POINT ( 'NONE',  ( -3.124999999999999556, 0.5000000000000000000, -1.124999999999999778 ) ) ;
#918 = DIRECTION ( 'NONE',  ( 0.000000000000000000, 0.000000000000000000, 1.000000000000000000 ) ) ;
#919 = VECTOR ( 'NONE', #844, 39.37007874015748143 ) ;
#920 = VERTEX_POINT ( 'NONE', #770 ) ;
#921 = EDGE_LOOP ( 'NONE', ( #2212, #1310, #215, #1896 ) ) ;
#922 = ORIENTED_EDGE ( 'NONE', *, *, #1346, .F. ) ;
#923 = ORIENTED_EDGE ( 'NONE', *, *, #175, .T. ) ;
#924 = CARTESIAN_POINT ( 'NONE',  ( 0.3791441467138554344, -0.9737504070013722757, -3.937499999999999556 ) ) ;
#925 = ORIENTED_EDGE ( 'NONE', *, *, #2149, .F. ) ;
#926 = DIRECTION ( 'NONE',  ( 1.000000000000000000, 0.000000000000000000, 0.000000000000000000 ) ) ;
#927 = FACE_OUTER_BOUND ( 'NONE', #1755, .T. ) ;
#928 = DIRECTION ( 'NONE',  ( -1.000000000000000000, -0.000000000000000000, -0.000000000000000000 ) ) ;
#929 = LINE ( 'NONE', #869, #198 ) ;
#930 = FACE_OUTER_BOUND ( 'NONE', #1897, .T. ) ;
#931 = DIRECTION ( 'NONE',  ( 0.000000000000000000, 1.000000000000000000, 0.000000000000000000 ) ) ;
#932 = CARTESIAN_POINT ( 'NONE',  ( 4.000000000000000000, -1.125000000000000000, 0.000000000000000000 ) ) ;
#933 = VECTOR ( 'NONE', #1466, 39.37007874015748143 ) ;
#934 = VERTEX_POINT ( 'NONE', #2155 ) ;
#935 = ORIENTED_EDGE ( 'NONE', *, *, #234, .F. ) ;
#936 = EDGE_CURVE ( 'NONE', #1835, #1727, #1570, .T. ) ;
#937 = CARTESIAN_POINT ( 'NONE',  ( -2.000000000000000888, -2.500000000000000000, 1.836970198721030181E-16 ) ) ;
#938 = AXIS2_PLACEMENT_3D ( 'NONE', #867, #1650, #625 ) ;
#939 = ORIENTED_EDGE ( 'NONE', *, *, #985, .T. ) ;
#940 = CARTESIAN_POINT ( 'NONE',  ( -0.4872496493806568463, 1.201440773689927743, -3.937499999999999556 ) ) ;
#941 = DIRECTION ( 'NONE',  ( 0.000000000000000000, 0.000000000000000000, 1.000000000000000000 ) ) ;
#942 = CARTESIAN_POINT ( 'NONE',  ( -0.2580874852164474209, 1.201440773689927743, -3.937499999999999556 ) ) ;
#943 = CARTESIAN_POINT ( 'NONE',  ( -0.8974097193461427757, -0.5983336800247694987, -3.937499999999999556 ) ) ;
#944 = VERTEX_POINT ( 'NONE', #754 ) ;
#945 = PLANE ( 'NONE',  #1657 ) ;
#946 = DIRECTION ( 'NONE',  ( 0.9682523320471208006, 0.2499748417047449045, -0.000000000000000000 ) ) ;
#947 = ORIENTED_EDGE ( 'NONE', *, *, #1484, .F. ) ;
#948 = EDGE_CURVE ( 'NONE', #6, #2521, #1159, .T. ) ;
#949 = ORIENTED_EDGE ( 'NONE', *, *, #1797, .T. ) ;
#950 = EDGE_CURVE ( 'NONE', #2026, #920, #147, .T. ) ;
#951 = AXIS2_PLACEMENT_3D ( 'NONE', #165, #975, #1938 ) ;
#952 = PLANE ( 'NONE',  #1395 ) ;
#953 = EDGE_CURVE ( 'NONE', #491, #1153, #2344, .T. ) ;
#954 = VERTEX_POINT ( 'NONE', #1347 ) ;
#955 = VECTOR ( 'NONE', #146, 39.37007874015748143 ) ;
#956 =( CONVERSION_BASED_UNIT ( 'INCH', #355 ) LENGTH_UNIT ( ) NAMED_UNIT ( #1709 ) );
#957 = CARTESIAN_POINT ( 'NONE',  ( 3.750000000000000000, 1.125000000000000000, 0.2500000000000000000 ) ) ;
#958 = DIRECTION ( 'NONE',  ( -0.000000000000000000, 5.463695987328527423E-16, -1.000000000000000000 ) ) ;
#959 = DIRECTION ( 'NONE',  ( -0.000000000000000000, -0.000000000000000000, -1.000000000000000000 ) ) ;
#960 = EDGE_CURVE ( 'NONE', #45, #743, #164, .T. ) ;
#961 = VERTEX_POINT ( 'NONE', #2553 ) ;
#962 = DIRECTION ( 'NONE',  ( 0.000000000000000000, 0.000000000000000000, 1.000000000000000000 ) ) ;
#963 = DIRECTION ( 'NONE',  ( 0.000000000000000000, 0.000000000000000000, -1.000000000000000000 ) ) ;
#964 = CARTESIAN_POINT ( 'NONE',  ( -2.250000000000000000, 2.249999999999999556, -3.750000000000000000 ) ) ;
#965 = CARTESIAN_POINT ( 'NONE',  ( -0.7412500873595279094, -0.5983336800247694987, -3.937499999999999556 ) ) ;
#966 = AXIS2_PLACEMENT_3D ( 'NONE', #1286, #1117, #911 ) ;
#967 = EDGE_LOOP ( 'NONE', ( #1094, #267, #1353, #1292, #2055, #1669, #1927, #1046, #524, #1621, #444, #1474, #1444, #2269, #733, #86, #2214, #496, #1550, #466, #884, #2497, #1882, #2543, #1716, #876, #392, #334, #354 ) ) ;
#968 = CIRCLE ( 'NONE', #2448, 1.764728204089091923 ) ;
#969 = ORIENTED_EDGE ( 'NONE', *, *, #914, .F. ) ;
#970 = VECTOR ( 'NONE', #1922, 39.37007874015748143 ) ;
#971 = EDGE_CURVE ( 'NONE', #901, #549, #2377, .T. ) ;
#972 = DIRECTION ( 'NONE',  ( 0.000000000000000000, 3.642463991552351451E-16, -1.000000000000000000 ) ) ;
#973 = DIRECTION ( 'NONE',  ( 1.000000000000000000, 0.000000000000000000, 0.000000000000000000 ) ) ;
#974 = LINE ( 'NONE', #373, #1336 ) ;
#975 = DIRECTION ( 'NONE',  ( 0.000000000000000000, 1.000000000000000000, 0.000000000000000000 ) ) ;
#976 = ORIENTED_EDGE ( 'NONE', *, *, #279, .F. ) ;
#977 = DIRECTION ( 'NONE',  ( 7.284927983104702902E-16, 1.000000000000000000, 0.000000000000000000 ) ) ;
#978 = LINE ( 'NONE', #388, #406 ) ;
#979 = PLANE ( 'NONE',  #2400 ) ;
#980 = CARTESIAN_POINT ( 'NONE',  ( -3.249999999999999556, -0.5000000000000001110, -0.7500000000000002220 ) ) ;
#981 = ORIENTED_EDGE ( 'NONE', *, *, #1797, .F. ) ;
#982 = VERTEX_POINT ( 'NONE', #2187 ) ;
#983 = AXIS2_PLACEMENT_3D ( 'NONE', #2512, #1076, #723 ) ;
#984 = CIRCLE ( 'NONE', #2423, 1.000000000000000222 ) ;
#985 = EDGE_CURVE ( 'NONE', #1931, #376, #1658, .T. ) ;
#986 = DIRECTION ( 'NONE',  ( 0.000000000000000000, 1.000000000000000000, 0.000000000000000000 ) ) ;
#987 = PLANE ( 'NONE',  #253 ) ;
#988 = CARTESIAN_POINT ( 'NONE',  ( -0.5606217458016541366, -0.5989552686954916494, -3.937499999999999556 ) ) ;
#989 = CARTESIAN_POINT ( 'NONE',  ( -3.124999999999999556, 0.5000000000000000000, -1.124999999999999778 ) ) ;
#990 = ADVANCED_FACE ( 'NONE', ( #1954 ), #2352, .F. ) ;
#991 = DIRECTION ( 'NONE',  ( 1.000000000000000000, 0.000000000000000000, 0.000000000000000000 ) ) ;
#992 = CARTESIAN_POINT ( 'NONE',  ( 2.500000000000000000, 1.500000000000000222, 0.000000000000000000 ) ) ;
#993 = ORIENTED_EDGE ( 'NONE', *, *, #431, .T. ) ;
#994 = ORIENTED_EDGE ( 'NONE', *, *, #1574, .T. ) ;
#995 = CARTESIAN_POINT ( 'NONE',  ( 3.750000000000000000, -1.125000000000000000, 0.2500000000000000000 ) ) ;
#996 = EDGE_CURVE ( 'NONE', #954, #1264, #191, .T. ) ;
#997 = DIRECTION ( 'NONE',  ( -1.000000000000000000, 0.000000000000000000, 0.000000000000000000 ) ) ;
#998 = PLANE ( 'NONE',  #744 ) ;
#999 = CYLINDRICAL_SURFACE ( 'NONE', #482, 0.9999999999999994449 ) ;
#1000 = CARTESIAN_POINT ( 'NONE',  ( 4.000000000000000000, -1.125000000000000000, 0.3749999999999999445 ) ) ;
#1001 = EDGE_LOOP ( 'NONE', ( #2200, #350, #1081, #1930 ) ) ;
#1002 = VECTOR ( 'NONE', #1377, 39.37007874015748143 ) ;
#1003 = VECTOR ( 'NONE', #2582, 39.37007874015748143 ) ;
#1004 = ORIENTED_EDGE ( 'NONE', *, *, #2111, .T. ) ;
#1005 = CARTESIAN_POINT ( 'NONE',  ( 3.250000000000000000, 1.250000000000000000, -3.750000000000000000 ) ) ;
#1006 = LINE ( 'NONE', #1362, #1980 ) ;
#1007 = DIRECTION ( 'NONE',  ( 1.000000000000000000, 0.000000000000000000, 0.000000000000000000 ) ) ;
#1008 = PLANE ( 'NONE',  #1418 ) ;
#1009 = CARTESIAN_POINT ( 'NONE',  ( 0.8249248618459182891, -0.6900717700991503278, -4.000000000000000000 ) ) ;
#1010 = VERTEX_POINT ( 'NONE', #1365 ) ;
#1011 = VERTEX_POINT ( 'NONE', #2548 ) ;
#1012 = VECTOR ( 'NONE', #2424, 39.37007874015748143 ) ;
#1013 = VECTOR ( 'NONE', #639, 39.37007874015748143 ) ;
#1014 = DIRECTION ( 'NONE',  ( 0.000000000000000000, 0.000000000000000000, 1.000000000000000000 ) ) ;
#1015 = DIRECTION ( 'NONE',  ( 1.000000000000000000, 0.000000000000000000, -0.000000000000000000 ) ) ;
#1016 = DIRECTION ( 'NONE',  ( 1.000000000000000000, -0.000000000000000000, -0.000000000000000000 ) ) ;
#1017 = CARTESIAN_POINT ( 'NONE',  ( -0.3706583728760588503, 1.506990325908874162, -3.937499999999999556 ) ) ;
#1018 = DIRECTION ( 'NONE',  ( 1.000000000000000000, 0.000000000000000000, 0.000000000000000000 ) ) ;
#1019 = EDGE_CURVE ( 'NONE', #456, #982, #1598, .T. ) ;
#1020 = ORIENTED_EDGE ( 'NONE', *, *, #89, .T. ) ;
#1021 = EDGE_CURVE ( 'NONE', #1083, #2449, #786, .T. ) ;
#1022 = VERTEX_POINT ( 'NONE', #203 ) ;
#1023 = EDGE_CURVE ( 'NONE', #1714, #944, #1607, .T. ) ;
#1024 = ADVANCED_FACE ( 'NONE', ( #1381 ), #183, .T. ) ;
#1025 = ORIENTED_EDGE ( 'NONE', *, *, #471, .F. ) ;
#1026 = CARTESIAN_POINT ( 'NONE',  ( 3.250000000000000000, 1.250000000000000000, -3.750000000000000000 ) ) ;
#1027 = AXIS2_PLACEMENT_3D ( 'NONE', #502, #1304, #2104 ) ;
#1028 = DIRECTION ( 'NONE',  ( 0.000000000000000000, 0.000000000000000000, -1.000000000000000000 ) ) ;
#1029 = DIRECTION ( 'NONE',  ( 0.000000000000000000, -1.000000000000000000, -2.731847993664263218E-16 ) ) ;
#1030 = LINE ( 'NONE', #2428, #614 ) ;
#1031 = DIRECTION ( 'NONE',  ( 0.000000000000000000, -0.000000000000000000, 1.000000000000000000 ) ) ;
#1032 = ORIENTED_EDGE ( 'NONE', *, *, #1326, .T. ) ;
#1033 = CIRCLE ( 'NONE', #230, 0.2500000000000000000 ) ;
#1034 = ORIENTED_EDGE ( 'NONE', *, *, #475, .T. ) ;
#1035 = AXIS2_PLACEMENT_3D ( 'NONE', #462, #1860, #1248 ) ;
#1036 = DIRECTION ( 'NONE',  ( -0.000000000000000000, 1.000000000000000000, -0.000000000000000000 ) ) ;
#1037 = ORIENTED_EDGE ( 'NONE', *, *, #2182, .T. ) ;
#1038 = CIRCLE ( 'NONE', #1075, 0.1561596319866148663 ) ;
#1039 = CARTESIAN_POINT ( 'NONE',  ( 3.000000000000001332, -2.366025403784438375, 0.000000000000000000 ) ) ;
#1040 = DIRECTION ( 'NONE',  ( -1.000000000000000000, 0.000000000000000000, 0.000000000000000000 ) ) ;
#1041 = DIRECTION ( 'NONE',  ( 0.000000000000000000, 0.000000000000000000, -1.000000000000000000 ) ) ;
#1042 = FILL_AREA_STYLE ('',( #1413 ) ) ;
#1043 = ADVANCED_FACE ( 'NONE', ( #1391 ), #2363, .F. ) ;
#1044 = LINE ( 'NONE', #56, #919 ) ;
#1045 = EDGE_LOOP ( 'NONE', ( #1881, #2143, #1531, #645 ) ) ;
#1046 = ORIENTED_EDGE ( 'NONE', *, *, #2111, .F. ) ;
#1047 = ORIENTED_EDGE ( 'NONE', *, *, #753, .F. ) ;
#1048 = CARTESIAN_POINT ( 'NONE',  ( 1.183865177926280765, -0.9737504070013722757, -3.937499999999999556 ) ) ;
#1049 = EDGE_CURVE ( 'NONE', #296, #2015, #1786, .T. ) ;
#1050 = CARTESIAN_POINT ( 'NONE',  ( -0.4872496493806568463, -0.9737504070013722757, -4.000000000000000000 ) ) ;
#1051 = LINE ( 'NONE', #1433, #2389 ) ;
#1052 = CARTESIAN_POINT ( 'NONE',  ( 2.250000000000000000, 1.250000000000000000, 0.000000000000000000 ) ) ;
#1053 = FACE_OUTER_BOUND ( 'NONE', #2235, .T. ) ;
#1054 = CARTESIAN_POINT ( 'NONE',  ( -0.3329471255100894256, -0.6900717700991503278, -4.000000000000000000 ) ) ;
#1055 = ADVANCED_FACE ( 'NONE', ( #2178 ), #566, .T. ) ;
#1056 = CIRCLE ( 'NONE', #2465, 0.1609212389290061718 ) ;
#1057 = AXIS2_PLACEMENT_3D ( 'NONE', #2202, #1613, #1603 ) ;
#1058 = ORIENTED_EDGE ( 'NONE', *, *, #581, .F. ) ;
#1059 = VERTEX_POINT ( 'NONE', #596 ) ;
#1060 = ORIENTED_EDGE ( 'NONE', *, *, #1554, .F. ) ;
#1061 = CARTESIAN_POINT ( 'NONE',  ( -0.4872496493806568463, -0.7421760095301702664, -3.937499999999999556 ) ) ;
#1062 = LINE ( 'NONE', #1838, #1532 ) ;
#1063 = DIRECTION ( 'NONE',  ( 0.000000000000000000, 0.000000000000000000, 1.000000000000000000 ) ) ;
#1064 = CYLINDRICAL_SURFACE ( 'NONE', #1035, 0.1446850393700785942 ) ;
#1065 = CARTESIAN_POINT ( 'NONE',  ( 3.250000000000000000, 1.250000000000000000, -3.750000000000000000 ) ) ;
#1066 = DIRECTION ( 'NONE',  ( -0.000000000000000000, -0.000000000000000000, -1.000000000000000000 ) ) ;
#1067 = VECTOR ( 'NONE', #931, 39.37007874015748143 ) ;
#1068 = PRODUCT_DEFINITION ( 'UNKNOWN', '', #1436, #16 ) ;
#1069 = ORIENTED_EDGE ( 'NONE', *, *, #2027, .T. ) ;
#1070 = VECTOR ( 'NONE', #2115, 39.37007874015748854 ) ;
#1071 = ORIENTED_EDGE ( 'NONE', *, *, #385, .T. ) ;
#1072 = FACE_OUTER_BOUND ( 'NONE', #2463, .T. ) ;
#1073 = VECTOR ( 'NONE', #25, 39.37007874015748143 ) ;
#1074 = CARTESIAN_POINT ( 'NONE',  ( -2.000000000000000888, -2.750000000000000000, 1.836970198721030181E-16 ) ) ;
#1075 = AXIS2_PLACEMENT_3D ( 'NONE', #619, #1031, #1018 ) ;
#1076 = DIRECTION ( 'NONE',  ( -0.000000000000000000, -0.000000000000000000, -1.000000000000000000 ) ) ;
#1077 = LINE ( 'NONE', #2470, #1751 ) ;
#1078 = LINE ( 'NONE', #1471, #493 ) ;
#1079 = LINE ( 'NONE', #1879, #536 ) ;
#1080 = VECTOR ( 'NONE', #2002, 39.37007874015748143 ) ;
#1081 = ORIENTED_EDGE ( 'NONE', *, *, #394, .F. ) ;
#1082 = VERTEX_POINT ( 'NONE', #366 ) ;
#1083 = VERTEX_POINT ( 'NONE', #1969 ) ;
#1084 = ORIENTED_EDGE ( 'NONE', *, *, #1630, .T. ) ;
#1085 = EDGE_CURVE ( 'NONE', #1082, #1944, #776, .T. ) ;
#1086 = FACE_OUTER_BOUND ( 'NONE', #659, .T. ) ;
#1087 = PLANE ( 'NONE',  #1992 ) ;
#1088 = PLANE ( 'NONE',  #1778 ) ;
#1089 = DIRECTION ( 'NONE',  ( 0.2747211278973761273, 0.9615239476408237174, 0.000000000000000000 ) ) ;
#1090 = DIRECTION ( 'NONE',  ( 1.000000000000000000, -0.000000000000000000, -0.000000000000000000 ) ) ;
#1091 = DIRECTION ( 'NONE',  ( 0.3244741204682964342, -0.9458945740125193069, 0.000000000000000000 ) ) ;
#1092 = VERTEX_POINT ( 'NONE', #980 ) ;
#1093 = ADVANCED_FACE ( 'NONE', ( #1990, #1775 ), #1191, .F. ) ;
#1094 = ORIENTED_EDGE ( 'NONE', *, *, #351, .F. ) ;
#1095 = VECTOR ( 'NONE', #399, 39.37007874015748143 ) ;
#1096 = ADVANCED_FACE ( 'NONE', ( #2574 ), #1796, .F. ) ;
#1097 = ORIENTED_EDGE ( 'NONE', *, *, #1728, .T. ) ;
#1098 =( GEOMETRIC_REPRESENTATION_CONTEXT ( 3 ) GLOBAL_UNCERTAINTY_ASSIGNED_CONTEXT ( ( #225 ) ) GLOBAL_UNIT_ASSIGNED_CONTEXT ( ( #956, #768, #541 ) ) REPRESENTATION_CONTEXT ( 'NONE', 'WORKASPACE' ) );
#1099 = EDGE_CURVE ( 'NONE', #540, #1714, #402, .T. ) ;
#1100 = EDGE_CURVE ( 'NONE', #1457, #1083, #1038, .T. ) ;
#1101 = LINE ( 'NONE', #1899, #1981 ) ;
#1102 = ORIENTED_EDGE ( 'NONE', *, *, #2149, .T. ) ;
#1103 = DIRECTION ( 'NONE',  ( -1.000000000000000000, 0.000000000000000000, 0.000000000000000000 ) ) ;
#1104 = DIRECTION ( 'NONE',  ( 0.000000000000000000, 0.000000000000000000, 1.000000000000000000 ) ) ;
#1105 = FACE_OUTER_BOUND ( 'NONE', #1979, .T. ) ;
#1106 = DIRECTION ( 'NONE',  ( -1.000000000000000000, 0.000000000000000000, 0.000000000000000000 ) ) ;
#1107 = LINE ( 'NONE', #1693, #1167 ) ;
#1108 = LINE ( 'NONE', #2488, #1953 ) ;
#1109 = CARTESIAN_POINT ( 'NONE',  ( 0.000000000000000000, 1.125000000000000000, 0.000000000000000000 ) ) ;
#1110 = EDGE_LOOP ( 'NONE', ( #1464, #808, #922, #1060, #1516, #568, #226, #981 ) ) ;
#1111 = ORIENTED_EDGE ( 'NONE', *, *, #1136, .F. ) ;
#1112 = ORIENTED_EDGE ( 'NONE', *, *, #385, .F. ) ;
#1113 = DIRECTION ( 'NONE',  ( -0.000000000000000000, -0.000000000000000000, -1.000000000000000000 ) ) ;
#1114 = ORIENTED_EDGE ( 'NONE', *, *, #948, .F. ) ;
#1115 = DIRECTION ( 'NONE',  ( -3.642463991552351451E-16, 1.000000000000000000, -0.000000000000000000 ) ) ;
#1116 = CARTESIAN_POINT ( 'NONE',  ( -3.249999999999999556, -0.4999999999999993339, -1.125000000000000000 ) ) ;
#1117 = DIRECTION ( 'NONE',  ( 0.000000000000000000, 0.000000000000000000, 1.000000000000000000 ) ) ;
#1118 = DIRECTION ( 'NONE',  ( 1.000000000000000000, 0.000000000000000000, 0.000000000000000000 ) ) ;
#1119 = CIRCLE ( 'NONE', #1994, 0.1573289840543414253 ) ;
#1120 = DIRECTION ( 'NONE',  ( 0.000000000000000000, 1.000000000000000000, 0.000000000000000000 ) ) ;
#1121 = CARTESIAN_POINT ( 'NONE',  ( 0.1910346733558308252, -0.2633492636761396999, -3.937499999999999556 ) ) ;
#1122 = FACE_BOUND ( 'NONE', #1183, .T. ) ;
#1123 = EDGE_CURVE ( 'NONE', #2411, #1452, #15, .T. ) ;
#1124 = AXIS2_PLACEMENT_3D ( 'NONE', #39, #2051, #1813 ) ;
#1125 = VERTEX_POINT ( 'NONE', #1425 ) ;
#1126 = ORIENTED_EDGE ( 'NONE', *, *, #2182, .F. ) ;
#1127 = ORIENTED_EDGE ( 'NONE', *, *, #192, .T. ) ;
#1128 = ORIENTED_EDGE ( 'NONE', *, *, #126, .T. ) ;
#1129 = CARTESIAN_POINT ( 'NONE',  ( 2.500000000000000000, 1.500000000000000444, -4.000000000000000000 ) ) ;
#1130 = ORIENTED_EDGE ( 'NONE', *, *, #1314, .T. ) ;
#1131 = DIRECTION ( 'NONE',  ( -1.000000000000000000, 0.000000000000000000, -2.731847993664263218E-16 ) ) ;
#1132 = DIRECTION ( 'NONE',  ( 0.2927142720941113274, -0.9561999555074317536, 0.000000000000000000 ) ) ;
#1133 = EDGE_CURVE ( 'NONE', #920, #506, #69, .T. ) ;
#1134 = CARTESIAN_POINT ( 'NONE',  ( -2.249999999999999556, -2.250000000000000000, -3.750000000000000000 ) ) ;
#1135 = DIRECTION ( 'NONE',  ( -0.000000000000000000, -0.000000000000000000, -1.000000000000000000 ) ) ;
#1136 = EDGE_CURVE ( 'NONE', #2449, #1357, #371, .T. ) ;
#1137 = LINE ( 'NONE', #1547, #1196 ) ;
#1138 = CARTESIAN_POINT ( 'NONE',  ( 0.3791441467138554344, -0.9737504070013722757, -4.000000000000000000 ) ) ;
#1139 = ADVANCED_FACE ( 'NONE', ( #2429 ), #655, .F. ) ;
#1140 = ORIENTED_EDGE ( 'NONE', *, *, #2030, .T. ) ;
#1141 = VECTOR ( 'NONE', #2098, 39.37007874015748143 ) ;
#1142 = EDGE_LOOP ( 'NONE', ( #2191, #621, #1415 ) ) ;
#1143 = LINE ( 'NONE', #2094, #2351 ) ;
#1144 = ORIENTED_EDGE ( 'NONE', *, *, #1486, .F. ) ;
#1145 = LINE ( 'NONE', #542, #20 ) ;
#1146 = CARTESIAN_POINT ( 'NONE',  ( -2.250000000000000000, 1.250000000000000000, -3.750000000000000000 ) ) ;
#1147 = PLANE ( 'NONE',  #670 ) ;
#1148 = ORIENTED_EDGE ( 'NONE', *, *, #76, .T. ) ;
#1149 = DIRECTION ( 'NONE',  ( 0.000000000000000000, 1.000000000000000000, -0.000000000000000000 ) ) ;
#1150 = DIRECTION ( 'NONE',  ( 0.000000000000000000, 1.000000000000000000, -0.000000000000000000 ) ) ;
#1151 = EDGE_CURVE ( 'NONE', #101, #1195, #1449, .T. ) ;
#1152 = DIRECTION ( 'NONE',  ( 0.000000000000000000, -0.000000000000000000, 1.000000000000000000 ) ) ;
#1153 = VERTEX_POINT ( 'NONE', #1665 ) ;
#1154 = EDGE_LOOP ( 'NONE', ( #2267, #1631, #717, #1058 ) ) ;
#1155 = ORIENTED_EDGE ( 'NONE', *, *, #762, .T. ) ;
#1156 = AXIS2_PLACEMENT_3D ( 'NONE', #850, #1649, #261 ) ;
#1157 = DIRECTION ( 'NONE',  ( -0.9561999555074318646, -0.2927142720941112719, 0.000000000000000000 ) ) ;
#1158 = CIRCLE ( 'NONE', #1491, 0.9999999999999994449 ) ;
#1159 = LINE ( 'NONE', #1972, #2126 ) ;
#1160 = CARTESIAN_POINT ( 'NONE',  ( 3.000000000000001332, 2.500078740157480439, 7.347880794884122694E-16 ) ) ;
#1161 = CARTESIAN_POINT ( 'NONE',  ( -3.499999999999999112, 1.500000000000000222, 0.000000000000000000 ) ) ;
#1162 = DIRECTION ( 'NONE',  ( 1.000000000000000000, 0.000000000000000000, -0.000000000000000000 ) ) ;
#1163 = LINE ( 'NONE', #1337, #1869 ) ;
#1164 = LINE ( 'NONE', #1795, #2076 ) ;
#1165 = DIRECTION ( 'NONE',  ( -0.000000000000000000, -1.000000000000000000, 0.000000000000000000 ) ) ;
#1166 = ORIENTED_EDGE ( 'NONE', *, *, #793, .T. ) ;
#1167 = VECTOR ( 'NONE', #531, 39.37007874015748143 ) ;
#1168 = VECTOR ( 'NONE', #1904, 39.37007874015748143 ) ;
#1169 = ORIENTED_EDGE ( 'NONE', *, *, #1181, .T. ) ;
#1170 = ADVANCED_FACE ( 'NONE', ( #1261 ), #669, .T. ) ;
#1171 = EDGE_CURVE ( 'NONE', #1917, #320, #1827, .T. ) ;
#1172 = DIRECTION ( 'NONE',  ( -0.000000000000000000, -0.000000000000000000, -1.000000000000000000 ) ) ;
#1173 = FACE_OUTER_BOUND ( 'NONE', #1624, .T. ) ;
#1174 = ORIENTED_EDGE ( 'NONE', *, *, #1523, .T. ) ;
#1175 = CARTESIAN_POINT ( 'NONE',  ( -0.5606217458016541366, -0.5989552686954916494, -3.937499999999999556 ) ) ;
#1176 = FACE_OUTER_BOUND ( 'NONE', #420, .T. ) ;
#1177 = LINE ( 'NONE', #2132, #1745 ) ;
#1178 = EDGE_LOOP ( 'NONE', ( #728, #704, #994, #1579 ) ) ;
#1179 = DIRECTION ( 'NONE',  ( -1.000000000000000000, 0.000000000000000000, 0.000000000000000000 ) ) ;
#1180 = ORIENTED_EDGE ( 'NONE', *, *, #1384, .T. ) ;
#1181 = EDGE_CURVE ( 'NONE', #101, #240, #1852, .T. ) ;
#1182 = CIRCLE ( 'NONE', #44, 1.000000000000000000 ) ;
#1183 = EDGE_LOOP ( 'NONE', ( #149, #1253 ) ) ;
#1184 = EDGE_CURVE ( 'NONE', #1600, #1655, #832, .T. ) ;
#1185 = ADVANCED_FACE ( 'NONE', ( #818 ), #1629, .T. ) ;
#1186 = VECTOR ( 'NONE', #460, 39.37007874015748143 ) ;
#1187 = CYLINDRICAL_SURFACE ( 'NONE', #182, 1.000000000000000000 ) ;
#1188 = DIRECTION ( 'NONE',  ( 0.000000000000000000, -0.000000000000000000, -1.000000000000000000 ) ) ;
#1189 = CARTESIAN_POINT ( 'NONE',  ( -0.3706583728760588503, 1.506990325908874162, -3.937499999999999556 ) ) ;
#1190 = PLANE ( 'NONE',  #1279 ) ;
#1191 = PLANE ( 'NONE',  #746 ) ;
#1192 = ORIENTED_EDGE ( 'NONE', *, *, #953, .F. ) ;
#1193 = EDGE_LOOP ( 'NONE', ( #1696, #1329, #1996, #993 ) ) ;
#1194 = VECTOR ( 'NONE', #2414, 39.37007874015748143 ) ;
#1195 = VERTEX_POINT ( 'NONE', #1225 ) ;
#1196 = VECTOR ( 'NONE', #2335, 39.37007874015748143 ) ;
#1197 = CARTESIAN_POINT ( 'NONE',  ( 2.500000000000000000, -1.500000000000000222, 0.000000000000000000 ) ) ;
#1198 = CARTESIAN_POINT ( 'NONE',  ( -0.8974097193461427757, -0.5983336800247694987, -3.937499999999999556 ) ) ;
#1199 = DIRECTION ( 'NONE',  ( 0.3565064819805122132, 0.9342928493282385283, 0.000000000000000000 ) ) ;
#1200 = LINE ( 'NONE', #1017, #411 ) ;
#1201 = CARTESIAN_POINT ( 'NONE',  ( -0.5606217458016541366, -0.5989552686954916494, -3.937499999999999556 ) ) ;
#1202 = EDGE_CURVE ( 'NONE', #346, #1125, #1842, .T. ) ;
#1203 = EDGE_LOOP ( 'NONE', ( #1780, #1084, #2180, #2234 ) ) ;
#1204 = AXIS2_PLACEMENT_3D ( 'NONE', #1877, #1677, #2242 ) ;
#1205 = VECTOR ( 'NONE', #797, 39.37007874015748143 ) ;
#1206 = ORIENTED_EDGE ( 'NONE', *, *, #431, .F. ) ;
#1207 = VECTOR ( 'NONE', #2064, 39.37007874015748143 ) ;
#1208 = FACE_OUTER_BOUND ( 'NONE', #1668, .T. ) ;
#1209 = DIRECTION ( 'NONE',  ( -1.000000000000000000, 0.000000000000000000, 0.000000000000000000 ) ) ;
#1210 = LINE ( 'NONE', #1423, #864 ) ;
#1211 = DIRECTION ( 'NONE',  ( -0.000000000000000000, -0.000000000000000000, -1.000000000000000000 ) ) ;
#1212 = DIRECTION ( 'NONE',  ( -0.3565064819805122132, -0.9342928493282385283, 0.000000000000000000 ) ) ;
#1213 = EDGE_CURVE ( 'NONE', #59, #1931, #2232, .T. ) ;
#1214 = ADVANCED_FACE ( 'NONE', ( #437 ), #465, .T. ) ;
#1215 = VERTEX_POINT ( 'NONE', #265 ) ;
#1216 = EDGE_CURVE ( 'NONE', #535, #1702, #1044, .T. ) ;
#1217 = VERTEX_POINT ( 'NONE', #2244 ) ;
#1218 = VERTEX_POINT ( 'NONE', #453 ) ;
#1219 = VECTOR ( 'NONE', #167, 39.37007874015748143 ) ;
#1220 = VECTOR ( 'NONE', #732, 39.37007874015748143 ) ;
#1221 = CARTESIAN_POINT ( 'NONE',  ( -0.6339938422226513159, -0.9737504070013722757, -3.937499999999999556 ) ) ;
#1222 = LINE ( 'NONE', #12, #1730 ) ;
#1223 = CARTESIAN_POINT ( 'NONE',  ( 2.000000000000000888, -2.500000000000000000, -4.000000000000000000 ) ) ;
#1224 = LINE ( 'NONE', #1652, #162 ) ;
#1225 = CARTESIAN_POINT ( 'NONE',  ( -0.6339938422226512049, -0.7421760095301702664, -4.000000000000000000 ) ) ;
#1226 = VERTEX_POINT ( 'NONE', #854 ) ;
#1227 = ADVANCED_FACE ( 'NONE', ( #1653 ), #2443, .F. ) ;
#1228 = ORIENTED_EDGE ( 'NONE', *, *, #590, .T. ) ;
#1229 = FACE_OUTER_BOUND ( 'NONE', #1323, .T. ) ;
#1230 = DIRECTION ( 'NONE',  ( 0.000000000000000000, 0.000000000000000000, -1.000000000000000000 ) ) ;
#1231 = VECTOR ( 'NONE', #23, 39.37007874015748143 ) ;
#1232 = DIRECTION ( 'NONE',  ( -0.000000000000000000, 0.000000000000000000, -1.000000000000000000 ) ) ;
#1233 = LINE ( 'NONE', #2037, #2537 ) ;
#1234 = CARTESIAN_POINT ( 'NONE',  ( 3.500000000000000000, 1.500000000000000222, -3.750000000000000000 ) ) ;
#1235 = CARTESIAN_POINT ( 'NONE',  ( 3.749999999999999556, -1.125000000000000000, 0.2500000000000000000 ) ) ;
#1236 = ORIENTED_EDGE ( 'NONE', *, *, #1123, .F. ) ;
#1237 = VECTOR ( 'NONE', #2330, 39.37007874015748143 ) ;
#1238 = ORIENTED_EDGE ( 'NONE', *, *, #1567, .T. ) ;
#1239 = ORIENTED_EDGE ( 'NONE', *, *, #2338, .T. ) ;
#1240 = EDGE_CURVE ( 'NONE', #2507, #1215, #2245, .T. ) ;
#1241 = ORIENTED_EDGE ( 'NONE', *, *, #1682, .F. ) ;
#1242 = AXIS2_PLACEMENT_3D ( 'NONE', #896, #2482, #485 ) ;
#1243 = FACE_OUTER_BOUND ( 'NONE', #2324, .T. ) ;
#1244 = VECTOR ( 'NONE', #2003, 39.37007874015748143 ) ;
#1245 = ADVANCED_FACE ( 'NONE', ( #1826 ), #252, .F. ) ;
#1246 = DIRECTION ( 'NONE',  ( 0.000000000000000000, 1.000000000000000000, -0.000000000000000000 ) ) ;
#1247 = FACE_OUTER_BOUND ( 'NONE', #1763, .T. ) ;
#1248 = DIRECTION ( 'NONE',  ( 0.000000000000000000, 0.000000000000000000, 1.000000000000000000 ) ) ;
#1249 = CYLINDRICAL_SURFACE ( 'NONE', #2211, 1.764728204089091923 ) ;
#1250 = CARTESIAN_POINT ( 'NONE',  ( -3.499999999999999112, 1.500000000000000222, -3.750000000000000000 ) ) ;
#1251 = ORIENTED_EDGE ( 'NONE', *, *, #10, .T. ) ;
#1252 = ORIENTED_EDGE ( 'NONE', *, *, #2444, .F. ) ;
#1253 = ORIENTED_EDGE ( 'NONE', *, *, #1480, .F. ) ;
#1254 = EDGE_CURVE ( 'NONE', #505, #194, #436, .T. ) ;
#1255 = DIRECTION ( 'NONE',  ( 0.000000000000000000, -1.000000000000000000, 0.000000000000000000 ) ) ;
#1256 = AXIS2_PLACEMENT_3D ( 'NONE', #1281, #245, #63 ) ;
#1257 = ADVANCED_FACE ( 'NONE', ( #1053 ), #1249, .F. ) ;
#1258 = LINE ( 'NONE', #624, #1580 ) ;
#1259 = DIRECTION ( 'NONE',  ( -1.000000000000000000, -0.000000000000000000, -1.836970198721029688E-16 ) ) ;
#1260 = CARTESIAN_POINT ( 'NONE',  ( 3.500000000000000000, 1.125000000000000000, 0.2500000000000000000 ) ) ;
#1261 = FACE_OUTER_BOUND ( 'NONE', #1426, .T. ) ;
#1262 = AXIS2_PLACEMENT_3D ( 'NONE', #2195, #1398, #1388 ) ;
#1263 = AXIS2_PLACEMENT_3D ( 'NONE', #1129, #1932, #130 ) ;
#1264 = VERTEX_POINT ( 'NONE', #26 ) ;
#1265 = VERTEX_POINT ( 'NONE', #594 ) ;
#1266 = VERTEX_POINT ( 'NONE', #1435 ) ;
#1267 = ORIENTED_EDGE ( 'NONE', *, *, #471, .T. ) ;
#1268 = PLANE ( 'NONE',  #764 ) ;
#1269 = CARTESIAN_POINT ( 'NONE',  ( -0.5239960034238303477, 1.069893650681981390, -3.937499999999999556 ) ) ;
#1270 = CARTESIAN_POINT ( 'NONE',  ( -0.1151670603967097917, 1.135667212185954567, -3.937499999999999556 ) ) ;
#1271 = CARTESIAN_POINT ( 'NONE',  ( 3.000000000000001776, -2.366025403784438375, -4.000000000000000000 ) ) ;
#1272 = CARTESIAN_POINT ( 'NONE',  ( -0.6339938422226513159, -0.9737504070013722757, -3.937499999999999556 ) ) ;
#1273 = DIRECTION ( 'NONE',  ( 0.000000000000000000, -1.000000000000000000, 0.000000000000000000 ) ) ;
#1274 = AXIS2_PLACEMENT_3D ( 'NONE', #285, #297, #1103 ) ;
#1275 = ADVANCED_FACE ( 'NONE', ( #853 ), #1008, .T. ) ;
#1276 = ORIENTED_EDGE ( 'NONE', *, *, #1213, .F. ) ;
#1277 = ORIENTED_EDGE ( 'NONE', *, *, #507, .T. ) ;
#1278 = ORIENTED_EDGE ( 'NONE', *, *, #1767, .T. ) ;
#1279 = AXIS2_PLACEMENT_3D ( 'NONE', #2531, #2361, #742 ) ;
#1280 = EDGE_LOOP ( 'NONE', ( #83, #2368, #380, #1991 ) ) ;
#1281 = CARTESIAN_POINT ( 'NONE',  ( -2.249999999999999556, -1.250000000000000000, -3.750000000000000000 ) ) ;
#1282 = CIRCLE ( 'NONE', #1587, 0.1609212389290061718 ) ;
#1283 = PLANE ( 'NONE',  #390 ) ;
#1284 = VECTOR ( 'NONE', #1463, 39.37007874015748143 ) ;
#1285 = CARTESIAN_POINT ( 'NONE',  ( -1.230297915710995227, -0.9737504070013722757, -3.937499999999999556 ) ) ;
#1286 = CARTESIAN_POINT ( 'NONE',  ( -2.500000000000000000, 1.500000000000000222, -3.750000000000000000 ) ) ;
#1287 = EDGE_CURVE ( 'NONE', #982, #1702, #2196, .T. ) ;
#1288 = CARTESIAN_POINT ( 'NONE',  ( -2.250000000000000000, 2.250000000000000000, -3.750000000000000000 ) ) ;
#1289 = FACE_OUTER_BOUND ( 'NONE', #2279, .T. ) ;
#1290 = VECTOR ( 'NONE', #463, 39.37007874015748143 ) ;
#1291 = ADVANCED_FACE ( 'NONE', ( #2406 ), #1841, .F. ) ;
#1292 = ORIENTED_EDGE ( 'NONE', *, *, #2326, .F. ) ;
#1293 = EDGE_CURVE ( 'NONE', #1217, #184, #1030, .T. ) ;
#1294 = EDGE_CURVE ( 'NONE', #323, #1864, #2038, .T. ) ;
#1295 = ORIENTED_EDGE ( 'NONE', *, *, #247, .F. ) ;
#1296 = EDGE_LOOP ( 'NONE', ( #635, #367, #1592, #1380 ) ) ;
#1297 = CARTESIAN_POINT ( 'NONE',  ( 1.764728204089091923, 0.1250000000000002220, -4.000000000000000000 ) ) ;
#1298 = ORIENTED_EDGE ( 'NONE', *, *, #412, .F. ) ;
#1299 = LINE ( 'NONE', #705, #731 ) ;
#1300 = DIRECTION ( 'NONE',  ( 0.000000000000000000, 0.000000000000000000, 1.000000000000000000 ) ) ;
#1301 = PLANE ( 'NONE',  #160 ) ;
#1302 =( LENGTH_UNIT ( ) NAMED_UNIT ( * ) SI_UNIT ( $, .METRE. ) );
#1303 = CARTESIAN_POINT ( 'NONE',  ( 3.500000000000000000, 1.125000000000000222, 0.000000000000000000 ) ) ;
#1304 = DIRECTION ( 'NONE',  ( 0.000000000000000000, -1.000000000000000000, 0.000000000000000000 ) ) ;
#1305 = DIRECTION ( 'NONE',  ( 3.642463991552351451E-16, -1.000000000000000000, -0.000000000000000000 ) ) ;
#1306 = ORIENTED_EDGE ( 'NONE', *, *, #1412, .T. ) ;
#1307 = VECTOR ( 'NONE', #1469, 39.37007874015748143 ) ;
#1308 = VERTEX_POINT ( 'NONE', #641 ) ;
#1309 = VERTEX_POINT ( 'NONE', #1606 ) ;
#1310 = ORIENTED_EDGE ( 'NONE', *, *, #1049, .F. ) ;
#1311 = PLANE ( 'NONE',  #554 ) ;
#1312 = ORIENTED_EDGE ( 'NONE', *, *, #751, .T. ) ;
#1313 = CARTESIAN_POINT ( 'NONE',  ( 3.500000000000000000, 1.500000000000000222, 0.000000000000000000 ) ) ;
#1314 = EDGE_CURVE ( 'NONE', #2198, #920, #1200, .T. ) ;
#1315 = FACE_OUTER_BOUND ( 'NONE', #839, .T. ) ;
#1316 = CARTESIAN_POINT ( 'NONE',  ( -0.3706583728760588503, 1.506990325908874162, -3.937499999999999556 ) ) ;
#1317 = LINE ( 'NONE', #1272, #970 ) ;
#1318 = PLANE ( 'NONE',  #1754 ) ;
#1319 = DIRECTION ( 'NONE',  ( -0.000000000000000000, -0.000000000000000000, -1.000000000000000000 ) ) ;
#1320 = LINE ( 'NONE', #2305, #859 ) ;
#1321 = ORIENTED_EDGE ( 'NONE', *, *, #600, .T. ) ;
#1322 = EDGE_LOOP ( 'NONE', ( #622, #1417, #1645, #131 ) ) ;
#1323 = EDGE_LOOP ( 'NONE', ( #647, #1656, #2079, #671 ) ) ;
#1324 = ORIENTED_EDGE ( 'NONE', *, *, #1747, .T. ) ;
#1325 = VECTOR ( 'NONE', #1120, 39.37007874015748143 ) ;
#1326 = EDGE_CURVE ( 'NONE', #432, #1011, #55, .T. ) ;
#1327 = LINE ( 'NONE', #102, #136 ) ;
#1328 = EDGE_CURVE ( 'NONE', #1218, #848, #1224, .T. ) ;
#1329 = ORIENTED_EDGE ( 'NONE', *, *, #1777, .F. ) ;
#1330 = FACE_OUTER_BOUND ( 'NONE', #2388, .T. ) ;
#1331 = LINE ( 'NONE', #328, #2532 ) ;
#1332 = VECTOR ( 'NONE', #616, 39.37007874015748143 ) ;
#1333 = EDGE_CURVE ( 'NONE', #43, #2083, #1628, .T. ) ;
#1334 = CARTESIAN_POINT ( 'NONE',  ( -0.02971811779598500930, 0.5917144034552853649, -3.937499999999999556 ) ) ;
#1335 = DIRECTION ( 'NONE',  ( -1.000000000000000000, 0.000000000000000000, 0.000000000000000000 ) ) ;
#1336 = VECTOR ( 'NONE', #2170, 39.37007874015748143 ) ;
#1337 = CARTESIAN_POINT ( 'NONE',  ( 3.500000000000000888, -1.500000000000000222, -4.000000000000000000 ) ) ;
#1338 = CARTESIAN_POINT ( 'NONE',  ( -3.000000000000001332, 2.500078740157480439, 0.000000000000000000 ) ) ;
#1339 = VECTOR ( 'NONE', #2090, 39.37007874015748143 ) ;
#1340 = ORIENTED_EDGE ( 'NONE', *, *, #1151, .F. ) ;
#1341 = VERTEX_POINT ( 'NONE', #238 ) ;
#1342 = DIRECTION ( 'NONE',  ( -0.000000000000000000, -0.000000000000000000, -1.000000000000000000 ) ) ;
#1343 = ORIENTED_EDGE ( 'NONE', *, *, #429, .T. ) ;
#1344 = MANIFOLD_SOLID_BREP ( 'Fillet2', #84 ) ;
#1345 = DIRECTION ( 'NONE',  ( 0.000000000000000000, 0.000000000000000000, 1.000000000000000000 ) ) ;
#1346 = EDGE_CURVE ( 'NONE', #2509, #1226, #288, .T. ) ;
#1347 = CARTESIAN_POINT ( 'NONE',  ( 1.044920539443559671, -0.5569164915532093252, -3.937499999999999556 ) ) ;
#1348 = FACE_OUTER_BOUND ( 'NONE', #383, .T. ) ;
#1349 = ORIENTED_EDGE ( 'NONE', *, *, #960, .T. ) ;
#1350 = DIRECTION ( 'NONE',  ( 0.000000000000000000, -0.000000000000000000, 1.000000000000000000 ) ) ;
#1351 = FACE_OUTER_BOUND ( 'NONE', #166, .T. ) ;
#1352 = VECTOR ( 'NONE', #1635, 39.37007874015748143 ) ;
#1353 = ORIENTED_EDGE ( 'NONE', *, *, #2277, .F. ) ;
#1354 = AXIS2_PLACEMENT_3D ( 'NONE', #1792, #794, #1614 ) ;
#1355 = ORIENTED_EDGE ( 'NONE', *, *, #279, .T. ) ;
#1356 = DIRECTION ( 'NONE',  ( 0.000000000000000000, 0.000000000000000000, -1.000000000000000000 ) ) ;
#1357 = VERTEX_POINT ( 'NONE', #401 ) ;
#1358 = CARTESIAN_POINT ( 'NONE',  ( -0.6339938422226513159, -0.9737504070013722757, -4.000000000000000000 ) ) ;
#1359 = CARTESIAN_POINT ( 'NONE',  ( -3.249999999999999556, -0.4999999999999998335, -1.125000000000000222 ) ) ;
#1360 = DIRECTION ( 'NONE',  ( 0.000000000000000000, 0.000000000000000000, 1.000000000000000000 ) ) ;
#1361 = CARTESIAN_POINT ( 'NONE',  ( 3.500000000000000000, -1.125000000000000000, -1.000000000000000000 ) ) ;
#1362 = CARTESIAN_POINT ( 'NONE',  ( 3.750000000000000000, -1.125000000000000000, 0.1053149606299213781 ) ) ;
#1363 = PLANE ( 'NONE',  #534 ) ;
#1364 = LINE ( 'NONE', #1560, #271 ) ;
#1365 = CARTESIAN_POINT ( 'NONE',  ( -3.124999999999999556, 0.4999999999999998335, -0.7499999999999998890 ) ) ;
#1366 = ORIENTED_EDGE ( 'NONE', *, *, #1326, .F. ) ;
#1367 = EDGE_CURVE ( 'NONE', #1808, #2019, #81, .T. ) ;
#1368 = ORIENTED_EDGE ( 'NONE', *, *, #1537, .T. ) ;
#1369 = VECTOR ( 'NONE', #726, 39.37007874015748143 ) ;
#1370 = ORIENTED_EDGE ( 'NONE', *, *, #1998, .F. ) ;
#1371 = AXIS2_PLACEMENT_3D ( 'NONE', #190, #1588, #2376 ) ;
#1372 = CARTESIAN_POINT ( 'NONE',  ( 0.8249248618459182891, -0.6900717700991503278, -4.000000000000000000 ) ) ;
#1373 = CARTESIAN_POINT ( 'NONE',  ( -0.7215429847306602529, -0.5989552686954916494, -4.000000000000000000 ) ) ;
#1374 = ORIENTED_EDGE ( 'NONE', *, *, #2107, .F. ) ;
#1375 = EDGE_CURVE ( 'NONE', #184, #689, #929, .T. ) ;
#1376 = FACE_OUTER_BOUND ( 'NONE', #684, .T. ) ;
#1377 = DIRECTION ( 'NONE',  ( -1.000000000000000000, 0.000000000000000000, 0.000000000000000000 ) ) ;
#1378 = VECTOR ( 'NONE', #1951, 39.37007874015748143 ) ;
#1379 = DIRECTION ( 'NONE',  ( 0.000000000000000000, 0.000000000000000000, 1.000000000000000000 ) ) ;
#1380 = ORIENTED_EDGE ( 'NONE', *, *, #199, .T. ) ;
#1381 = FACE_OUTER_BOUND ( 'NONE', #1193, .T. ) ;
#1382 = ORIENTED_EDGE ( 'NONE', *, *, #950, .T. ) ;
#1383 = VECTOR ( 'NONE', #1091, 39.37007874015748854 ) ;
#1384 = EDGE_CURVE ( 'NONE', #2067, #2293, #2116, .T. ) ;
#1385 = EDGE_CURVE ( 'NONE', #1490, #1022, #2253, .T. ) ;
#1386 = ORIENTED_EDGE ( 'NONE', *, *, #1293, .T. ) ;
#1387 = FACE_OUTER_BOUND ( 'NONE', #1441, .T. ) ;
#1388 = DIRECTION ( 'NONE',  ( 0.000000000000000000, -0.000000000000000000, -1.000000000000000000 ) ) ;
#1389 = PLANE ( 'NONE',  #1542 ) ;
#1390 = CARTESIAN_POINT ( 'NONE',  ( 2.250000000000000444, -1.250000000000000000, -3.750000000000000000 ) ) ;
#1391 = FACE_OUTER_BOUND ( 'NONE', #835, .T. ) ;
#1392 = ORIENTED_EDGE ( 'NONE', *, *, #1328, .T. ) ;
#1393 = ORIENTED_EDGE ( 'NONE', *, *, #2380, .T. ) ;
#1394 = AXIS2_PLACEMENT_3D ( 'NONE', #387, #592, #1188 ) ;
#1395 = AXIS2_PLACEMENT_3D ( 'NONE', #2112, #1356, #294 ) ;
#1396 = EDGE_CURVE ( 'NONE', #99, #320, #1873, .T. ) ;
#1397 = LINE ( 'NONE', #2193, #1779 ) ;
#1398 = DIRECTION ( 'NONE',  ( 0.000000000000000000, -1.000000000000000000, 0.000000000000000000 ) ) ;
#1399 = DIRECTION ( 'NONE',  ( 0.000000000000000000, 0.000000000000000000, -1.000000000000000000 ) ) ;
#1400 = DIRECTION ( 'NONE',  ( 0.000000000000000000, -0.000000000000000000, -1.000000000000000000 ) ) ;
#1401 = DIRECTION ( 'NONE',  ( 0.000000000000000000, 0.000000000000000000, -1.000000000000000000 ) ) ;
#1402 = ORIENTED_EDGE ( 'NONE', *, *, #1568, .T. ) ;
#1403 = ORIENTED_EDGE ( 'NONE', *, *, #2025, .T. ) ;
#1404 = AXIS2_PLACEMENT_3D ( 'NONE', #690, #103, #2156 ) ;
#1405 = EDGE_CURVE ( 'NONE', #1357, #2432, #538, .T. ) ;
#1406 = EDGE_CURVE ( 'NONE', #240, #1490, #1317, .T. ) ;
#1407 = EDGE_CURVE ( 'NONE', #1727, #1011, #2075, .T. ) ;
#1408 = VECTOR ( 'NONE', #737, 39.37007874015748143 ) ;
#1409 = CARTESIAN_POINT ( 'NONE',  ( -2.500000000000000000, 1.500000000000000222, 0.000000000000000000 ) ) ;
#1410 = CYLINDRICAL_SURFACE ( 'NONE', #1472, 0.1561596319866148663 ) ;
#1411 = CARTESIAN_POINT ( 'NONE',  ( -3.374999999999999556, -0.7499999999999998890, -1.125000000000000000 ) ) ;
#1412 = EDGE_CURVE ( 'NONE', #2015, #2266, #682, .T. ) ;
#1413 = FILL_AREA_STYLE_COLOUR ( '', #1502 ) ;
#1414 = DIRECTION ( 'NONE',  ( 0.000000000000000000, 1.000000000000000000, 0.000000000000000000 ) ) ;
#1415 = ORIENTED_EDGE ( 'NONE', *, *, #110, .T. ) ;
#1416 = VECTOR ( 'NONE', #1470, 39.37007874015748143 ) ;
#1417 = ORIENTED_EDGE ( 'NONE', *, *, #2326, .T. ) ;
#1418 = AXIS2_PLACEMENT_3D ( 'NONE', #805, #2023, #1400 ) ;
#1419 = CARTESIAN_POINT ( 'NONE',  ( -0.4872496493806568463, 1.201440773689927743, -3.937499999999999556 ) ) ;
#1420 = LINE ( 'NONE', #1221, #428 ) ;
#1421 = EDGE_CURVE ( 'NONE', #2177, #1666, #500, .T. ) ;
#1422 = CARTESIAN_POINT ( 'NONE',  ( -3.124999999999999556, 0.4999999999999998335, -0.7499999999999998890 ) ) ;
#1423 = CARTESIAN_POINT ( 'NONE',  ( 3.250000000000000000, 1.250000000000000000, 0.000000000000000000 ) ) ;
#1424 = CARTESIAN_POINT ( 'NONE',  ( -0.9581979986823332407, -0.9737504070013722757, -3.937499999999999556 ) ) ;
#1425 = CARTESIAN_POINT ( 'NONE',  ( -3.000000000000000888, -2.750000000000000000, -4.000000000000000888 ) ) ;
#1426 = EDGE_LOOP ( 'NONE', ( #2033, #1495, #2161, #280 ) ) ;
#1427 = ORIENTED_EDGE ( 'NONE', *, *, #1818, .F. ) ;
#1428 = VECTOR ( 'NONE', #780, 39.37007874015748143 ) ;
#1429 = ORIENTED_EDGE ( 'NONE', *, *, #2078, .T. ) ;
#1430 = AXIS2_PLACEMENT_3D ( 'NONE', #1175, #1575, #573 ) ;
#1431 = CIRCLE ( 'NONE', #887, 0.9999999999999992228 ) ;
#1432 = LINE ( 'NONE', #2468, #1194 ) ;
#1433 = CARTESIAN_POINT ( 'NONE',  ( 1.183865177926280765, -0.9737504070013722757, -4.000000000000000000 ) ) ;
#1434 = CARTESIAN_POINT ( 'NONE',  ( 0.8249248618459182891, -0.6900717700991503278, -3.937499999999999556 ) ) ;
#1435 = CARTESIAN_POINT ( 'NONE',  ( -0.02971811779598500930, 0.5917144034552853649, -4.000000000000000000 ) ) ;
#1436 = PRODUCT_DEFINITION_FORMATION_WITH_SPECIFIED_SOURCE ( 'ANY', '', #633, .NOT_KNOWN. ) ;
#1437 = CARTESIAN_POINT ( 'NONE',  ( -3.000000000000001332, -2.750000000000000000, 0.000000000000000000 ) ) ;
#1438 = ORIENTED_EDGE ( 'NONE', *, *, #369, .F. ) ;
#1439 = ORIENTED_EDGE ( 'NONE', *, *, #905, .T. ) ;
#1440 = ORIENTED_EDGE ( 'NONE', *, *, #85, .T. ) ;
#1441 = EDGE_LOOP ( 'NONE', ( #2320, #1241, #419, #923 ) ) ;
#1442 = ADVANCED_FACE ( 'NONE', ( #1512 ), #300, .F. ) ;
#1443 = DIRECTION ( 'NONE',  ( 0.000000000000000000, -1.000000000000000000, 0.000000000000000000 ) ) ;
#1444 = ORIENTED_EDGE ( 'NONE', *, *, #1367, .F. ) ;
#1445 = DIRECTION ( 'NONE',  ( 0.000000000000000000, -0.000000000000000000, 1.000000000000000000 ) ) ;
#1446 = CARTESIAN_POINT ( 'NONE',  ( -0.7412500873595279094, -0.5983336800247694987, -4.000000000000000000 ) ) ;
#1447 = LINE ( 'NONE', #1461, #1701 ) ;
#1448 = CARTESIAN_POINT ( 'NONE',  ( 3.000000000000001332, -2.750000000000000000, 7.347880794884122694E-16 ) ) ;
#1449 = LINE ( 'NONE', #1617, #1284 ) ;
#1450 = EDGE_CURVE ( 'NONE', #1309, #658, #1078, .T. ) ;
#1451 = ORIENTED_EDGE ( 'NONE', *, *, #2181, .T. ) ;
#1452 = VERTEX_POINT ( 'NONE', #315 ) ;
#1453 = EDGE_CURVE ( 'NONE', #257, #2153, #2274, .T. ) ;
#1454 = EDGE_LOOP ( 'NONE', ( #1914, #2306, #1552, #478 ) ) ;
#1455 = VECTOR ( 'NONE', #727, 39.37007874015748143 ) ;
#1456 = DIRECTION ( 'NONE',  ( -1.000000000000000000, 0.000000000000000000, 0.000000000000000000 ) ) ;
#1457 = VERTEX_POINT ( 'NONE', #106 ) ;
#1458 = VECTOR ( 'NONE', #1273, 39.37007874015748143 ) ;
#1459 = CARTESIAN_POINT ( 'NONE',  ( -0.8366214400099523107, -0.7421760095301702664, -4.000000000000000000 ) ) ;
#1460 = CARTESIAN_POINT ( 'NONE',  ( 0.2923037476621550002, -0.6900717700991503278, -3.937499999999999556 ) ) ;
#1461 = CARTESIAN_POINT ( 'NONE',  ( -0.9581979986823333517, -0.7421760095301701554, -3.937499999999999556 ) ) ;
#1462 = LENGTH_MEASURE_WITH_UNIT ( LENGTH_MEASURE( 0.02539999999999999897 ), #1302 );
#1463 = DIRECTION ( 'NONE',  ( -0.000000000000000000, -0.000000000000000000, -1.000000000000000000 ) ) ;
#1464 = ORIENTED_EDGE ( 'NONE', *, *, #1328, .F. ) ;
#1465 = EDGE_LOOP ( 'NONE', ( #2292, #326, #2365, #1324 ) ) ;
#1466 = DIRECTION ( 'NONE',  ( 1.000000000000000000, -0.000000000000000000, -0.000000000000000000 ) ) ;
#1467 = VECTOR ( 'NONE', #33, 39.37007874015748143 ) ;
#1468 = CARTESIAN_POINT ( 'NONE',  ( -3.000000000000000888, -2.750000000000000000, -4.000000000000000888 ) ) ;
#1469 = DIRECTION ( 'NONE',  ( 0.000000000000000000, -1.000000000000000000, 0.000000000000000000 ) ) ;
#1470 = DIRECTION ( 'NONE',  ( -0.000000000000000000, 1.000000000000000000, -0.000000000000000000 ) ) ;
#1471 = CARTESIAN_POINT ( 'NONE',  ( 1.044920539443559671, -0.5569164915532093252, -4.000000000000000000 ) ) ;
#1472 = AXIS2_PLACEMENT_3D ( 'NONE', #2556, #782, #2194 ) ;
#1473 = CARTESIAN_POINT ( 'NONE',  ( -0.7215429847306602529, -0.5989552686954916494, -3.937499999999999556 ) ) ;
#1474 = ORIENTED_EDGE ( 'NONE', *, *, #875, .F. ) ;
#1475 = ORIENTED_EDGE ( 'NONE', *, *, #2066, .T. ) ;
#1476 = ORIENTED_EDGE ( 'NONE', *, *, #329, .T. ) ;
#1477 = ORIENTED_EDGE ( 'NONE', *, *, #663, .F. ) ;
#1478 = EDGE_CURVE ( 'NONE', #522, #1844, #913, .T. ) ;
#1479 = CARTESIAN_POINT ( 'NONE',  ( -0.6339938422226512049, -0.7421760095301702664, -3.937499999999999556 ) ) ;
#1480 = EDGE_CURVE ( 'NONE', #2494, #2096, #608, .T. ) ;
#1481 = DIRECTION ( 'NONE',  ( -1.000000000000000000, -0.000000000000000000, -0.000000000000000000 ) ) ;
#1482 = DIRECTION ( 'NONE',  ( 0.000000000000000000, 1.000000000000000000, -0.000000000000000000 ) ) ;
#1483 = LINE ( 'NONE', #80, #1073 ) ;
#1484 = EDGE_CURVE ( 'NONE', #1868, #589, #1553, .T. ) ;
#1485 = CARTESIAN_POINT ( 'NONE',  ( 4.000000000000000000, -1.125000000000000000, 0.000000000000000000 ) ) ;
#1486 = EDGE_CURVE ( 'NONE', #115, #2198, #2128, .T. ) ;
#1487 = FACE_OUTER_BOUND ( 'NONE', #2068, .T. ) ;
#1488 = CIRCLE ( 'NONE', #1274, 1.764728204089091923 ) ;
#1489 = VERTEX_POINT ( 'NONE', #134 ) ;
#1490 = VERTEX_POINT ( 'NONE', #1358 ) ;
#1491 = AXIS2_PLACEMENT_3D ( 'NONE', #1548, #2581, #2336 ) ;
#1492 = ORIENTED_EDGE ( 'NONE', *, *, #2014, .T. ) ;
#1493 = EDGE_CURVE ( 'NONE', #2434, #1944, #1145, .T. ) ;
#1494 = DIRECTION ( 'NONE',  ( 0.000000000000000000, -1.000000000000000000, 0.000000000000000000 ) ) ;
#1495 = ORIENTED_EDGE ( 'NONE', *, *, #560, .F. ) ;
#1496 = DIRECTION ( 'NONE',  ( 0.2499748417047449600, -0.9682523320471208006, 0.000000000000000000 ) ) ;
#1497 = VECTOR ( 'NONE', #1212, 39.37007874015748854 ) ;
#1498 = LINE ( 'NONE', #2284, #1141 ) ;
#1499 = DIRECTION ( 'NONE',  ( -0.2927142720941112164, 0.9561999555074317536, 0.000000000000000000 ) ) ;
#1500 = CARTESIAN_POINT ( 'NONE',  ( -0.4872496493806568463, -0.9737504070013722757, -3.937499999999999556 ) ) ;
#1501 = DIRECTION ( 'NONE',  ( 1.000000000000000000, 0.000000000000000000, 1.365923996832131609E-16 ) ) ;
#1502 = COLOUR_RGB ( '',0.7921568627450980005, 0.8196078431372548767, 0.9333333333333333481 ) ;
#1503 = CARTESIAN_POINT ( 'NONE',  ( -3.500000000000000000, 1.500000000000000222, 0.000000000000000000 ) ) ;
#1504 = CARTESIAN_POINT ( 'NONE',  ( 0.000000000000000000, -2.750000000000000000, 0.000000000000000000 ) ) ;
#1505 = ORIENTED_EDGE ( 'NONE', *, *, #1674, .F. ) ;
#1506 = ORIENTED_EDGE ( 'NONE', *, *, #700, .T. ) ;
#1507 = ORIENTED_EDGE ( 'NONE', *, *, #329, .F. ) ;
#1508 = CYLINDRICAL_SURFACE ( 'NONE', #216, 0.1674194940341748872 ) ;
#1509 = CARTESIAN_POINT ( 'NONE',  ( 3.500000000000000000, -1.125000000000000000, 0.000000000000000000 ) ) ;
#1510 = LINE ( 'NONE', #1285, #2226 ) ;
#1511 = FACE_OUTER_BOUND ( 'NONE', #1001, .T. ) ;
#1512 = FACE_OUTER_BOUND ( 'NONE', #1465, .T. ) ;
#1513 = CARTESIAN_POINT ( 'NONE',  ( -3.000000000000001332, 2.500078740157480439, 0.000000000000000000 ) ) ;
#1514 = CARTESIAN_POINT ( 'NONE',  ( 0.8249248618459182891, -0.5569164915532093252, -4.000000000000000000 ) ) ;
#1515 = CARTESIAN_POINT ( 'NONE',  ( 0.2923037476621550002, -0.6900717700991503278, -3.937499999999999556 ) ) ;
#1516 = ORIENTED_EDGE ( 'NONE', *, *, #477, .F. ) ;
#1517 = ORIENTED_EDGE ( 'NONE', *, *, #661, .F. ) ;
#1518 = CIRCLE ( 'NONE', #1893, 0.2500000000000000000 ) ;
#1519 = VERTEX_POINT ( 'NONE', #1722 ) ;
#1520 = EDGE_CURVE ( 'NONE', #1702, #59, #445, .T. ) ;
#1521 = ORIENTED_EDGE ( 'NONE', *, *, #369, .T. ) ;
#1522 = CARTESIAN_POINT ( 'NONE',  ( -3.500000000000000000, 1.500000000000000888, -4.000000000000000000 ) ) ;
#1523 = EDGE_CURVE ( 'NONE', #1022, #480, #2540, .T. ) ;
#1524 = ORIENTED_EDGE ( 'NONE', *, *, #1710, .F. ) ;
#1525 = FACE_OUTER_BOUND ( 'NONE', #1771, .T. ) ;
#1526 = CARTESIAN_POINT ( 'NONE',  ( -3.249999999999999556, -0.7499999999999998890, -1.375000000000000000 ) ) ;
#1527 = DIRECTION ( 'NONE',  ( 0.000000000000000000, 1.000000000000000000, 0.000000000000000000 ) ) ;
#1528 = CYLINDRICAL_SURFACE ( 'NONE', #1027, 0.1250000000000000000 ) ;
#1529 = DIMENSIONAL_EXPONENTS ( 1.000000000000000000, 0.000000000000000000, 0.000000000000000000, 0.000000000000000000, 0.000000000000000000, 0.000000000000000000, 0.000000000000000000 ) ;
#1530 = CARTESIAN_POINT ( 'NONE',  ( 4.750000000000000000, -1.125000000000000000, -1.000000000000000222 ) ) ;
#1531 = ORIENTED_EDGE ( 'NONE', *, *, #1688, .F. ) ;
#1532 = VECTOR ( 'NONE', #840, 39.37007874015748143 ) ;
#1533 = EDGE_LOOP ( 'NONE', ( #1632, #1933, #1536, #587 ) ) ;
#1534 = ORIENTED_EDGE ( 'NONE', *, *, #1672, .T. ) ;
#1535 = AXIS2_PLACEMENT_3D ( 'NONE', #547, #1350, #2545 ) ;
#1536 = ORIENTED_EDGE ( 'NONE', *, *, #617, .F. ) ;
#1537 = EDGE_CURVE ( 'NONE', #2121, #821, #1912, .T. ) ;
#1538 = CARTESIAN_POINT ( 'NONE',  ( 3.875000000000000000, 1.125000000000000000, 0.5000000000000000000 ) ) ;
#1539 = ORIENTED_EDGE ( 'NONE', *, *, #1254, .F. ) ;
#1540 = PLANE ( 'NONE',  #766 ) ;
#1541 = CARTESIAN_POINT ( 'NONE',  ( 2.500000000000000000, 2.500000000000000000, -3.750000000000000000 ) ) ;
#1542 = AXIS2_PLACEMENT_3D ( 'NONE', #2185, #168, #1586 ) ;
#1543 = CARTESIAN_POINT ( 'NONE',  ( -0.4872496493806568463, -0.9737504070013722757, -4.000000000000000000 ) ) ;
#1544 = CYLINDRICAL_SURFACE ( 'NONE', #2199, 0.1561596319866148663 ) ;
#1545 = AXIS2_PLACEMENT_3D ( 'NONE', #2208, #606, #4 ) ;
#1546 = LINE ( 'NONE', #1361, #2552 ) ;
#1547 = CARTESIAN_POINT ( 'NONE',  ( 3.000000000000001776, -2.750000000000000000, -4.000000000000000000 ) ) ;
#1548 = CARTESIAN_POINT ( 'NONE',  ( -2.250000000000000000, 1.250000000000000000, 0.000000000000000000 ) ) ;
#1549 = VECTOR ( 'NONE', #1118, 39.37007874015748143 ) ;
#1550 = ORIENTED_EDGE ( 'NONE', *, *, #1900, .T. ) ;
#1551 = CARTESIAN_POINT ( 'NONE',  ( 3.500000000000000000, 1.500000000000000222, 0.000000000000000000 ) ) ;
#1552 = ORIENTED_EDGE ( 'NONE', *, *, #1151, .T. ) ;
#1553 = LINE ( 'NONE', #1737, #1408 ) ;
#1554 = EDGE_CURVE ( 'NONE', #689, #2509, #530, .T. ) ;
#1555 = CARTESIAN_POINT ( 'NONE',  ( 0.3369300638415009264, 1.506990325908874162, -4.000000000000000000 ) ) ;
#1556 = CARTESIAN_POINT ( 'NONE',  ( 2.500000000000000000, 1.500000000000000222, -3.750000000000000000 ) ) ;
#1557 = ORIENTED_EDGE ( 'NONE', *, *, #351, .T. ) ;
#1558 = FACE_OUTER_BOUND ( 'NONE', #837, .T. ) ;
#1559 = DIRECTION ( 'NONE',  ( -0.000000000000000000, -0.000000000000000000, -1.000000000000000000 ) ) ;
#1560 = CARTESIAN_POINT ( 'NONE',  ( 0.2923037476621550002, -0.6900717700991503278, -3.937499999999999556 ) ) ;
#1561 = CARTESIAN_POINT ( 'NONE',  ( -3.249999999999999556, 1.250000000000000000, -3.750000000000000000 ) ) ;
#1562 = ORIENTED_EDGE ( 'NONE', *, *, #1983, .F. ) ;
#1563 = AXIS2_PLACEMENT_3D ( 'NONE', #1663, #2021, #2263 ) ;
#1564 = VECTOR ( 'NONE', #176, 39.37007874015748143 ) ;
#1565 = VERTEX_POINT ( 'NONE', #556 ) ;
#1566 = FACE_BOUND ( 'NONE', #967, .T. ) ;
#1567 = EDGE_CURVE ( 'NONE', #549, #1993, #1331, .T. ) ;
#1568 = EDGE_CURVE ( 'NONE', #336, #2391, #1936, .T. ) ;
#1569 = PRODUCT_CONTEXT ( 'NONE', #304, 'mechanical' ) ;
#1570 = LINE ( 'NONE', #557, #2004 ) ;
#1571 = DIRECTION ( 'NONE',  ( 1.000000000000000000, 0.000000000000000000, 0.000000000000000000 ) ) ;
#1572 = LINE ( 'NONE', #1782, #1428 ) ;
#1573 = ADVANCED_FACE ( 'NONE', ( #1351 ), #999, .F. ) ;
#1574 = EDGE_CURVE ( 'NONE', #2421, #1718, #1364, .T. ) ;
#1575 = DIRECTION ( 'NONE',  ( 0.000000000000000000, -0.000000000000000000, 1.000000000000000000 ) ) ;
#1576 = CARTESIAN_POINT ( 'NONE',  ( 3.000000000000001332, -2.750000000000000000, 7.347880794884122694E-16 ) ) ;
#1577 = CARTESIAN_POINT ( 'NONE',  ( -0.3329471255100894256, -0.6900717700991503278, -4.000000000000000000 ) ) ;
#1578 = DIRECTION ( 'NONE',  ( -0.000000000000000000, 0.000000000000000000, -1.000000000000000000 ) ) ;
#1579 = ORIENTED_EDGE ( 'NONE', *, *, #205, .T. ) ;
#1580 = VECTOR ( 'NONE', #35, 39.37007874015748143 ) ;
#1581 = ORIENTED_EDGE ( 'NONE', *, *, #1385, .F. ) ;
#1582 = AXIS2_PLACEMENT_3D ( 'NONE', #1750, #1345, #1947 ) ;
#1583 = DIRECTION ( 'NONE',  ( 0.000000000000000000, 0.000000000000000000, -1.000000000000000000 ) ) ;
#1584 = LINE ( 'NONE', #1419, #1352 ) ;
#1585 = DIRECTION ( 'NONE',  ( 0.000000000000000000, -0.000000000000000000, 1.000000000000000000 ) ) ;
#1586 = DIRECTION ( 'NONE',  ( 1.000000000000000000, 0.000000000000000000, -0.000000000000000000 ) ) ;
#1587 = AXIS2_PLACEMENT_3D ( 'NONE', #2299, #2285, #1706 ) ;
#1588 = DIRECTION ( 'NONE',  ( 0.000000000000000000, 1.000000000000000000, -0.000000000000000000 ) ) ;
#1589 = DIRECTION ( 'NONE',  ( 1.000000000000000000, 0.000000000000000000, 0.000000000000000000 ) ) ;
#1590 = ORIENTED_EDGE ( 'NONE', *, *, #231, .T. ) ;
#1591 = AXIS2_PLACEMENT_3D ( 'NONE', #1805, #760, #391 ) ;
#1592 = ORIENTED_EDGE ( 'NONE', *, *, #57, .F. ) ;
#1593 = EDGE_CURVE ( 'NONE', #944, #1266, #1177, .T. ) ;
#1594 = CARTESIAN_POINT ( 'NONE',  ( 2.250000000000000000, 1.250000000000000000, -3.750000000000000000 ) ) ;
#1595 = DIRECTION ( 'NONE',  ( 1.000000000000000000, 0.000000000000000000, 0.000000000000000000 ) ) ;
#1596 = FACE_OUTER_BOUND ( 'NONE', #2109, .T. ) ;
#1597 = FACE_OUTER_BOUND ( 'NONE', #1533, .T. ) ;
#1598 = LINE ( 'NONE', #1561, #1244 ) ;
#1599 = ORIENTED_EDGE ( 'NONE', *, *, #88, .T. ) ;
#1600 = VERTEX_POINT ( 'NONE', #1577 ) ;
#1601 = EDGE_CURVE ( 'NONE', #1666, #1854, #1822, .T. ) ;
#1602 = AXIS2_PLACEMENT_3D ( 'NONE', #236, #2440, #1040 ) ;
#1603 = DIRECTION ( 'NONE',  ( 1.000000000000000000, 0.000000000000000000, 0.000000000000000000 ) ) ;
#1604 = DIRECTION ( 'NONE',  ( 0.000000000000000000, -0.000000000000000000, 1.000000000000000000 ) ) ;
#1605 = LINE ( 'NONE', #201, #195 ) ;
#1606 = CARTESIAN_POINT ( 'NONE',  ( 1.044920539443559671, -0.5569164915532093252, -4.000000000000000000 ) ) ;
#1607 = LINE ( 'NONE', #2562, #278 ) ;
#1608 = ORIENTED_EDGE ( 'NONE', *, *, #1715, .F. ) ;
#1609 = ORIENTED_EDGE ( 'NONE', *, *, #21, .T. ) ;
#1610 = CIRCLE ( 'NONE', #1404, 0.1561596319866148663 ) ;
#1611 = EDGE_CURVE ( 'NONE', #934, #1844, #1612, .T. ) ;
#1612 = CIRCLE ( 'NONE', #2275, 1.000000000000000222 ) ;
#1613 = DIRECTION ( 'NONE',  ( 0.000000000000000000, -0.000000000000000000, 1.000000000000000000 ) ) ;
#1614 = DIRECTION ( 'NONE',  ( -1.000000000000000000, 0.000000000000000000, 0.000000000000000000 ) ) ;
#1615 = CARTESIAN_POINT ( 'NONE',  ( -0.4139981646250093239, -0.9737504070013722757, -3.937499999999999556 ) ) ;
#1616 = CARTESIAN_POINT ( 'NONE',  ( -3.249999999999999556, -1.250000000000000000, -3.750000000000000000 ) ) ;
#1617 = CARTESIAN_POINT ( 'NONE',  ( -0.6339938422226512049, -0.7421760095301702664, -3.937499999999999556 ) ) ;
#1618 = EDGE_LOOP ( 'NONE', ( #1895, #32, #156, #17 ) ) ;
#1619 = VECTOR ( 'NONE', #378, 39.37007874015748854 ) ;
#1620 = AXIS2_PLACEMENT_3D ( 'NONE', #2254, #1066, #27 ) ;
#1621 = ORIENTED_EDGE ( 'NONE', *, *, #1898, .F. ) ;
#1622 = AXIS2_PLACEMENT_3D ( 'NONE', #1065, #1861, #68 ) ;
#1623 = ORIENTED_EDGE ( 'NONE', *, *, #1818, .T. ) ;
#1624 = EDGE_LOOP ( 'NONE', ( #143, #2341, #2150, #1867 ) ) ;
#1625 = CARTESIAN_POINT ( 'NONE',  ( 3.500000000000000000, 1.500000000000000222, -4.000000000000000000 ) ) ;
#1626 = CARTESIAN_POINT ( 'NONE',  ( -3.249999999999999556, -0.7499999999999998890, -1.125000000000000222 ) ) ;
#1627 = CARTESIAN_POINT ( 'NONE',  ( 0.2923037476621550002, -0.6900717700991503278, -4.000000000000000000 ) ) ;
#1628 = LINE ( 'NONE', #1448, #30 ) ;
#1629 = PLANE ( 'NONE',  #698 ) ;
#1630 = EDGE_CURVE ( 'NONE', #672, #1125, #1164, .T. ) ;
#1631 = ORIENTED_EDGE ( 'NONE', *, *, #661, .T. ) ;
#1632 = ORIENTED_EDGE ( 'NONE', *, *, #2370, .T. ) ;
#1633 = ORIENTED_EDGE ( 'NONE', *, *, #1407, .T. ) ;
#1634 = VERTEX_POINT ( 'NONE', #585 ) ;
#1635 = DIRECTION ( 'NONE',  ( 1.000000000000000000, 0.000000000000000000, 0.000000000000000000 ) ) ;
#1636 = VECTOR ( 'NONE', #186, 39.37007874015748143 ) ;
#1637 = DIRECTION ( 'NONE',  ( 0.000000000000000000, 0.000000000000000000, 1.000000000000000000 ) ) ;
#1638 = FACE_OUTER_BOUND ( 'NONE', #513, .T. ) ;
#1639 = CARTESIAN_POINT ( 'NONE',  ( -1.230297915710995227, -0.9737504070013722757, -3.937499999999999556 ) ) ;
#1640 = CARTESIAN_POINT ( 'NONE',  ( -0.2369461204350682137, -0.2633492636761396999, -3.937499999999999556 ) ) ;
#1641 = CARTESIAN_POINT ( 'NONE',  ( 4.000000000000000000, -1.125000000000000000, 0.000000000000000000 ) ) ;
#1642 = EDGE_CURVE ( 'NONE', #702, #2247, #152, .T. ) ;
#1643 = ORIENTED_EDGE ( 'NONE', *, *, #1493, .T. ) ;
#1644 = ORIENTED_EDGE ( 'NONE', *, *, #2189, .F. ) ;
#1645 = ORIENTED_EDGE ( 'NONE', *, *, #1171, .T. ) ;
#1646 = ORIENTED_EDGE ( 'NONE', *, *, #2331, .F. ) ;
#1647 = ORIENTED_EDGE ( 'NONE', *, *, #21, .F. ) ;
#1648 = LINE ( 'NONE', #1061, #1467 ) ;
#1649 = DIRECTION ( 'NONE',  ( 0.9561999555074318646, 0.2927142720941113829, -0.000000000000000000 ) ) ;
#1650 = DIRECTION ( 'NONE',  ( -0.000000000000000000, -0.000000000000000000, -1.000000000000000000 ) ) ;
#1651 = DIRECTION ( 'NONE',  ( 1.000000000000000000, 0.000000000000000000, 0.000000000000000000 ) ) ;
#1652 = CARTESIAN_POINT ( 'NONE',  ( -3.249999999999999556, 0.5000000000000000000, -1.124999999999999778 ) ) ;
#1653 = FACE_OUTER_BOUND ( 'NONE', #1733, .T. ) ;
#1654 = ORIENTED_EDGE ( 'NONE', *, *, #950, .F. ) ;
#1655 = VERTEX_POINT ( 'NONE', #1785 ) ;
#1656 = ORIENTED_EDGE ( 'NONE', *, *, #762, .F. ) ;
#1657 = AXIS2_PLACEMENT_3D ( 'NONE', #1504, #1726, #2489 ) ;
#1658 = CIRCLE ( 'NONE', #791, 0.9999999999999994449 ) ;
#1659 = DIRECTION ( 'NONE',  ( 0.000000000000000000, 0.000000000000000000, 1.000000000000000000 ) ) ;
#1660 = ADVANCED_FACE ( 'NONE', ( #1597 ), #979, .F. ) ;
#1661 = AXIS2_PLACEMENT_3D ( 'NONE', #897, #2456, #654 ) ;
#1662 = DIRECTION ( 'NONE',  ( 0.000000000000000000, 0.000000000000000000, 1.000000000000000000 ) ) ;
#1663 = CARTESIAN_POINT ( 'NONE',  ( 2.250000000000000444, -1.250000000000000000, -3.750000000000000000 ) ) ;
#1664 = LINE ( 'NONE', #1840, #233 ) ;
#1665 = CARTESIAN_POINT ( 'NONE',  ( -0.4872496493806568463, -0.7421760095301702664, -4.000000000000000000 ) ) ;
#1666 = VERTEX_POINT ( 'NONE', #389 ) ;
#1667 = ORIENTED_EDGE ( 'NONE', *, *, #2338, .F. ) ;
#1668 = EDGE_LOOP ( 'NONE', ( #521, #2054, #809, #675, #2082, #763, #756, #1037 ) ) ;
#1669 = ORIENTED_EDGE ( 'NONE', *, *, #1421, .F. ) ;
#1670 = ADVANCED_FACE ( 'NONE', ( #140 ), #180, .T. ) ;
#1671 = ADVANCED_FACE ( 'NONE', ( #2386, #1742 ), #1190, .F. ) ;
#1672 = EDGE_CURVE ( 'NONE', #291, #296, #820, .T. ) ;
#1673 = DIRECTION ( 'NONE',  ( 0.000000000000000000, 0.000000000000000000, 1.000000000000000000 ) ) ;
#1674 = EDGE_CURVE ( 'NONE', #2307, #535, #1158, .T. ) ;
#1675 = CARTESIAN_POINT ( 'NONE',  ( 2.500000000000000000, 1.500000000000000444, -3.750000000000000000 ) ) ;
#1676 = CARTESIAN_POINT ( 'NONE',  ( 3.750000000000000000, 1.125000000000000000, 0.2500000000000000000 ) ) ;
#1677 = DIRECTION ( 'NONE',  ( 0.000000000000000000, -1.000000000000000000, 0.000000000000000000 ) ) ;
#1678 = CARTESIAN_POINT ( 'NONE',  ( -3.249999999999999556, 0.7500000000000002220, -1.375000000000000000 ) ) ;
#1679 = CIRCLE ( 'NONE', #2560, 0.9999999999999996669 ) ;
#1680 = VECTOR ( 'NONE', #2355, 39.37007874015748143 ) ;
#1681 = LINE ( 'NONE', #1334, #335 ) ;
#1682 = EDGE_CURVE ( 'NONE', #2067, #845, #548, .T. ) ;
#1683 = ORIENTED_EDGE ( 'NONE', *, *, #477, .T. ) ;
#1684 = ORIENTED_EDGE ( 'NONE', *, *, #912, .T. ) ;
#1685 = ORIENTED_EDGE ( 'NONE', *, *, #588, .T. ) ;
#1686 = DIRECTION ( 'NONE',  ( -0.000000000000000000, -1.000000000000000000, 0.000000000000000000 ) ) ;
#1687 = EDGE_LOOP ( 'NONE', ( #2125, #1429, #1684, #2092 ) ) ;
#1688 = EDGE_CURVE ( 'NONE', #834, #2434, #1033, .T. ) ;
#1689 = LINE ( 'NONE', #1313, #855 ) ;
#1690 = CARTESIAN_POINT ( 'NONE',  ( 4.750000000000000000, -1.125000000000000000, -1.000000000000000222 ) ) ;
#1691 = DIRECTION ( 'NONE',  ( 0.9615239476408237174, -0.2747211278973761273, 0.000000000000000000 ) ) ;
#1692 = CARTESIAN_POINT ( 'NONE',  ( -0.8974097193461427757, -0.5983336800247694987, -4.000000000000000000 ) ) ;
#1693 = CARTESIAN_POINT ( 'NONE',  ( -0.4872496493806568463, -0.9737504070013722757, -3.937499999999999556 ) ) ;
#1694 = AXIS2_PLACEMENT_3D ( 'NONE', #738, #1707, #2502 ) ;
#1695 = DIRECTION ( 'NONE',  ( -1.000000000000000000, 0.000000000000000000, 0.000000000000000000 ) ) ;
#1696 = ORIENTED_EDGE ( 'NONE', *, *, #349, .F. ) ;
#1697 = VECTOR ( 'NONE', #1379, 39.37007874015748143 ) ;
#1698 = ORIENTED_EDGE ( 'NONE', *, *, #971, .T. ) ;
#1699 = ORIENTED_EDGE ( 'NONE', *, *, #2524, .T. ) ;
#1700 = LINE ( 'NONE', #309, #2017 ) ;
#1701 = VECTOR ( 'NONE', #237, 39.37007874015748143 ) ;
#1702 = VERTEX_POINT ( 'NONE', #575 ) ;
#1703 = LINE ( 'NONE', #2297, #1857 ) ;
#1704 = VECTOR ( 'NONE', #642, 39.37007874015748143 ) ;
#1705 = DIRECTION ( 'NONE',  ( 0.000000000000000000, -1.000000000000000000, -9.106159978880878627E-17 ) ) ;
#1706 = DIRECTION ( 'NONE',  ( 1.000000000000000000, 0.000000000000000000, 0.000000000000000000 ) ) ;
#1707 = DIRECTION ( 'NONE',  ( 1.000000000000000000, 3.642463991552350958E-16, -0.000000000000000000 ) ) ;
#1708 = CARTESIAN_POINT ( 'NONE',  ( 3.000000000000001332, -2.750000000000000000, 7.347880794884122694E-16 ) ) ;
#1709 = DIMENSIONAL_EXPONENTS ( 1.000000000000000000, 0.000000000000000000, 0.000000000000000000, 0.000000000000000000, 0.000000000000000000, 0.000000000000000000, 0.000000000000000000 ) ;
#1710 = EDGE_CURVE ( 'NONE', #2293, #2307, #1952, .T. ) ;
#1711 = FACE_OUTER_BOUND ( 'NONE', #2007, .T. ) ;
#1712 = ORIENTED_EDGE ( 'NONE', *, *, #1019, .F. ) ;
#1713 = ORIENTED_EDGE ( 'NONE', *, *, #1766, .F. ) ;
#1714 = VERTEX_POINT ( 'NONE', #1758 ) ;
#1715 = EDGE_CURVE ( 'NONE', #2224, #2475, #2546, .T. ) ;
#1716 = ORIENTED_EDGE ( 'NONE', *, *, #2402, .F. ) ;
#1717 = CARTESIAN_POINT ( 'NONE',  ( -0.5239960034238303477, 1.069893650681981390, -3.937499999999999556 ) ) ;
#1718 = VERTEX_POINT ( 'NONE', #169 ) ;
#1719 = LINE ( 'NONE', #2511, #187 ) ;
#1720 = PLANE ( 'NONE',  #2101 ) ;
#1721 = ADVANCED_FACE ( 'NONE', ( #1825 ), #435, .T. ) ;
#1722 = CARTESIAN_POINT ( 'NONE',  ( -0.4139981646250093239, -0.9737504070013722757, -3.937499999999999556 ) ) ;
#1723 = LINE ( 'NONE', #2077, #2043 ) ;
#1724 = VECTOR ( 'NONE', #739, 39.37007874015748143 ) ;
#1725 = DIRECTION ( 'NONE',  ( 0.000000000000000000, -1.000000000000000000, 0.000000000000000000 ) ) ;
#1726 = DIRECTION ( 'NONE',  ( 0.000000000000000000, 1.000000000000000000, -0.000000000000000000 ) ) ;
#1727 = VERTEX_POINT ( 'NONE', #1223 ) ;
#1728 = EDGE_CURVE ( 'NONE', #2247, #1600, #2063, .T. ) ;
#1729 = EDGE_LOOP ( 'NONE', ( #1427, #567, #1306, #1403 ) ) ;
#1730 = VECTOR ( 'NONE', #829, 39.37007874015747433 ) ;
#1731 = AXIS2_PLACEMENT_3D ( 'NONE', #374, #210, #2216 ) ;
#1732 = ORIENTED_EDGE ( 'NONE', *, *, #1611, .T. ) ;
#1733 = EDGE_LOOP ( 'NONE', ( #872, #193, #1236, #1820 ) ) ;
#1734 = LINE ( 'NONE', #2523, #1220 ) ;
#1735 = EDGE_LOOP ( 'NONE', ( #2339, #1971, #2584, #1806 ) ) ;
#1736 = CYLINDRICAL_SURFACE ( 'NONE', #983, 1.764728204089091923 ) ;
#1737 = CARTESIAN_POINT ( 'NONE',  ( 3.500000000000000000, 1.500000000000000222, 0.000000000000000000 ) ) ;
#1738 = CARTESIAN_POINT ( 'NONE',  ( -0.8366214400099523107, -0.9737504070013722757, -3.937499999999999556 ) ) ;
#1739 = LINE ( 'NONE', #317, #1067 ) ;
#1740 = ORIENTED_EDGE ( 'NONE', *, *, #1642, .T. ) ;
#1741 = DIRECTION ( 'NONE',  ( -1.000000000000000000, 0.000000000000000000, 0.000000000000000000 ) ) ;
#1742 = FACE_OUTER_BOUND ( 'NONE', #2506, .T. ) ;
#1743 = ORIENTED_EDGE ( 'NONE', *, *, #588, .F. ) ;
#1744 = ORIENTED_EDGE ( 'NONE', *, *, #2370, .F. ) ;
#1745 = VECTOR ( 'NONE', #1977, 39.37007874015748143 ) ;
#1746 = CARTESIAN_POINT ( 'NONE',  ( -3.124999999999999556, 0.5000000000000000000, -1.124999999999999778 ) ) ;
#1747 = EDGE_CURVE ( 'NONE', #440, #376, #1077, .T. ) ;
#1748 = ORIENTED_EDGE ( 'NONE', *, *, #890, .T. ) ;
#1749 = APPLICATION_PROTOCOL_DEFINITION ( 'draft international standard', 'automotive_design', 1998, #442 ) ;
#1750 = CARTESIAN_POINT ( 'NONE',  ( -2.249999999999999556, -1.250000000000000000, 0.000000000000000000 ) ) ;
#1751 = VECTOR ( 'NONE', #681, 39.37007874015748143 ) ;
#1752 = DIRECTION ( 'NONE',  ( 0.000000000000000000, 0.000000000000000000, 1.000000000000000000 ) ) ;
#1753 = LINE ( 'NONE', #2118, #2141 ) ;
#1754 = AXIS2_PLACEMENT_3D ( 'NONE', #82, #2287, #2117 ) ;
#1755 = EDGE_LOOP ( 'NONE', ( #2257, #2346, #1942, #1034 ) ) ;
#1756 = CARTESIAN_POINT ( 'NONE',  ( 0.3369300638415009264, 1.506990325908874162, -3.937499999999999556 ) ) ;
#1757 = CARTESIAN_POINT ( 'NONE',  ( 0.3369300638415009264, 1.506990325908874162, -4.000000000000000000 ) ) ;
#1758 = CARTESIAN_POINT ( 'NONE',  ( 0.1910346733558307142, -0.2633492636761397554, -4.000000000000000000 ) ) ;
#1759 = AXIS2_PLACEMENT_3D ( 'NONE', #14, #223, #817 ) ;
#1760 = DIRECTION ( 'NONE',  ( -0.000000000000000000, -0.000000000000000000, -1.000000000000000000 ) ) ;
#1761 = VERTEX_POINT ( 'NONE', #274 ) ;
#1762 = EDGE_CURVE ( 'NONE', #1565, #1357, #2074, .T. ) ;
#1763 = EDGE_LOOP ( 'NONE', ( #1928, #889, #2474, #1140 ) ) ;
#1764 = EDGE_CURVE ( 'NONE', #1341, #858, #1483, .T. ) ;
#1765 = LINE ( 'NONE', #353, #1680 ) ;
#1766 = EDGE_CURVE ( 'NONE', #1843, #901, #2206, .T. ) ;
#1767 = EDGE_CURVE ( 'NONE', #291, #2434, #222, .T. ) ;
#1768 = SHAPE_DEFINITION_REPRESENTATION ( #2262, #2018 ) ;
#1769 = DIRECTION ( 'NONE',  ( -1.000000000000000000, 0.000000000000000000, 0.000000000000000000 ) ) ;
#1770 = DIRECTION ( 'NONE',  ( -1.000000000000000000, 0.000000000000000000, 0.000000000000000000 ) ) ;
#1771 = EDGE_LOOP ( 'NONE', ( #1192, #2430, #438, #2538 ) ) ;
#1772 = CARTESIAN_POINT ( 'NONE',  ( 0.6713126717974154944, -0.6234941308261797710, -3.937499999999999556 ) ) ;
#1773 = CARTESIAN_POINT ( 'NONE',  ( -0.5239960034238303477, 1.069893650681981390, -4.000000000000000000 ) ) ;
#1774 = CARTESIAN_POINT ( 'NONE',  ( -0.5606217458016541366, -0.5989552686954916494, -3.937499999999999556 ) ) ;
#1775 = FACE_BOUND ( 'NONE', #72, .T. ) ;
#1776 = ORIENTED_EDGE ( 'NONE', *, *, #464, .T. ) ;
#1777 = EDGE_CURVE ( 'NONE', #1831, #2432, #1447, .T. ) ;
#1778 = AXIS2_PLACEMENT_3D ( 'NONE', #2481, #529, #2114 ) ;
#1779 = VECTOR ( 'NONE', #813, 39.37007874015748143 ) ;
#1780 = ORIENTED_EDGE ( 'NONE', *, *, #2467, .F. ) ;
#1781 = CARTESIAN_POINT ( 'NONE',  ( -3.374999999999999556, 0.7500000000000002220, -1.375000000000000000 ) ) ;
#1782 = CARTESIAN_POINT ( 'NONE',  ( 2.250000000000000444, -2.249999999999999556, -3.750000000000000000 ) ) ;
#1783 = DIRECTION ( 'NONE',  ( -1.000000000000000000, 0.000000000000000000, 0.000000000000000000 ) ) ;
#1784 = FACE_BOUND ( 'NONE', #1950, .T. ) ;
#1785 = CARTESIAN_POINT ( 'NONE',  ( -0.4139981646250093239, -0.9737504070013722757, -4.000000000000000000 ) ) ;
#1786 = LINE ( 'NONE', #1000, #2495 ) ;
#1787 = ADVANCED_FACE ( 'NONE', ( #2416 ), #2230, .T. ) ;
#1788 = EDGE_LOOP ( 'NONE', ( #2575, #1608, #2534, #1521 ) ) ;
#1789 = ORIENTED_EDGE ( 'NONE', *, *, #1837, .T. ) ;
#1790 = CARTESIAN_POINT ( 'NONE',  ( -3.000000000000001332, -2.750000000000000000, 0.000000000000000000 ) ) ;
#1791 = EDGE_CURVE ( 'NONE', #1761, #845, #448, .T. ) ;
#1792 = CARTESIAN_POINT ( 'NONE',  ( 0.000000000000000000, 0.1250000000000000000, -4.000000000000000000 ) ) ;
#1793 = CARTESIAN_POINT ( 'NONE',  ( -0.3706583728760588503, 1.506990325908874162, -3.937499999999999556 ) ) ;
#1794 = VECTOR ( 'NONE', #1499, 39.37007874015748854 ) ;
#1795 = CARTESIAN_POINT ( 'NONE',  ( -3.000000000000000888, 2.500078740157480439, -4.000000000000000888 ) ) ;
#1796 = PLANE ( 'NONE',  #2408 ) ;
#1797 = EDGE_CURVE ( 'NONE', #848, #1092, #1664, .T. ) ;
#1798 = EDGE_LOOP ( 'NONE', ( #1646, #1206, #580, #1148 ) ) ;
#1799 = VECTOR ( 'NONE', #958, 39.37007874015748143 ) ;
#1800 = ORIENTED_EDGE ( 'NONE', *, *, #1956, .T. ) ;
#1801 = CARTESIAN_POINT ( 'NONE',  ( -0.6339938422226513159, -0.7421760095301702664, -4.000000000000000000 ) ) ;
#1802 = CARTESIAN_POINT ( 'NONE',  ( 4.000000000000000000, -1.125000000000000000, 0.000000000000000000 ) ) ;
#1803 = DIRECTION ( 'NONE',  ( 0.000000000000000000, 0.000000000000000000, 1.000000000000000000 ) ) ;
#1804 = CARTESIAN_POINT ( 'NONE',  ( 0.000000000000000000, 0.1250000000000000000, -3.937499999999999556 ) ) ;
#1805 = CARTESIAN_POINT ( 'NONE',  ( 0.3369300638415009264, 1.506990325908874162, -3.937499999999999556 ) ) ;
#1806 = ORIENTED_EDGE ( 'NONE', *, *, #561, .T. ) ;
#1807 = EDGE_CURVE ( 'NONE', #2026, #1309, #2264, .T. ) ;
#1808 = VERTEX_POINT ( 'NONE', #1434 ) ;
#1809 = CIRCLE ( 'NONE', #1602, 1.000000000000000222 ) ;
#1810 = LINE ( 'NONE', #410, #2561 ) ;
#1811 = FACE_OUTER_BOUND ( 'NONE', #467, .T. ) ;
#1812 = DIRECTION ( 'NONE',  ( -1.000000000000000000, 0.000000000000000000, 0.000000000000000000 ) ) ;
#1813 = DIRECTION ( 'NONE',  ( 1.000000000000000000, 0.000000000000000000, 0.000000000000000000 ) ) ;
#1814 = DIRECTION ( 'NONE',  ( 0.000000000000000000, -1.000000000000000000, 0.000000000000000000 ) ) ;
#1815 = ORIENTED_EDGE ( 'NONE', *, *, #1554, .T. ) ;
#1816 = ORIENTED_EDGE ( 'NONE', *, *, #400, .F. ) ;
#1817 = VECTOR ( 'NONE', #1725, 39.37007874015748143 ) ;
#1818 = EDGE_CURVE ( 'NONE', #296, #2373, #1233, .T. ) ;
#1819 = EDGE_LOOP ( 'NONE', ( #427, #888, #1699, #307 ) ) ;
#1820 = ORIENTED_EDGE ( 'NONE', *, *, #543, .T. ) ;
#1821 = ADVANCED_FACE ( 'NONE', ( #451 ), #1064, .F. ) ;
#1822 = CIRCLE ( 'NONE', #688, 0.1609212389290061718 ) ;
#1823 = DIRECTION ( 'NONE',  ( -0.000000000000000000, 1.000000000000000000, -0.000000000000000000 ) ) ;
#1824 = FACE_OUTER_BOUND ( 'NONE', #2337, .T. ) ;
#1825 = FACE_OUTER_BOUND ( 'NONE', #1819, .T. ) ;
#1826 = FACE_OUTER_BOUND ( 'NONE', #127, .T. ) ;
#1827 = LINE ( 'NONE', #1473, #1963 ) ;
#1828 = ORIENTED_EDGE ( 'NONE', *, *, #57, .T. ) ;
#1829 = ORIENTED_EDGE ( 'NONE', *, *, #1642, .F. ) ;
#1830 = AXIS2_PLACEMENT_3D ( 'NONE', #487, #2091, #330 ) ;
#1831 = VERTEX_POINT ( 'NONE', #2050 ) ;
#1832 = EDGE_CURVE ( 'NONE', #1082, #291, #54, .T. ) ;
#1833 = MECHANICAL_DESIGN_GEOMETRIC_PRESENTATION_REPRESENTATION (  '', ( #2086 ), #2006 ) ;
#1834 = CARTESIAN_POINT ( 'NONE',  ( -0.2369461204350682137, -0.2633492636761396999, -3.937499999999999556 ) ) ;
#1835 = VERTEX_POINT ( 'NONE', #653 ) ;
#1836 = EDGE_CURVE ( 'NONE', #141, #834, #2252, .T. ) ;
#1837 = EDGE_CURVE ( 'NONE', #6, #1835, #2455, .T. ) ;
#1838 = CARTESIAN_POINT ( 'NONE',  ( -2.250000000000000000, 2.250000000000000000, 0.000000000000000000 ) ) ;
#1839 = PLANE ( 'NONE',  #181 ) ;
#1840 = CARTESIAN_POINT ( 'NONE',  ( -3.249999999999999556, 0.4999999999999998335, -0.7499999999999998890 ) ) ;
#1841 = PLANE ( 'NONE',  #701 ) ;
#1842 = LINE ( 'NONE', #1437, #2172 ) ;
#1843 = VERTEX_POINT ( 'NONE', #474 ) ;
#1844 = VERTEX_POINT ( 'NONE', #1271 ) ;
#1845 = ORIENTED_EDGE ( 'NONE', *, *, #812, .T. ) ;
#1846 = CARTESIAN_POINT ( 'NONE',  ( -1.230297915710995227, -0.9737504070013722757, -3.937499999999999556 ) ) ;
#1847 = AXIS2_PLACEMENT_3D ( 'NONE', #2310, #509, #2510 ) ;
#1848 = CARTESIAN_POINT ( 'NONE',  ( -3.124999999999999556, -0.5000000000000001110, -0.7500000000000002220 ) ) ;
#1849 = DIRECTION ( 'NONE',  ( -1.000000000000000000, 0.000000000000000000, 0.000000000000000000 ) ) ;
#1850 = CARTESIAN_POINT ( 'NONE',  ( 0.3369300638415009264, 1.506990325908874162, -4.000000000000000000 ) ) ;
#1851 = DIRECTION ( 'NONE',  ( -0.9718657596471694804, 0.2355354436712874533, 0.000000000000000000 ) ) ;
#1852 = LINE ( 'NONE', #2012, #824 ) ;
#1853 = EDGE_CURVE ( 'NONE', #2056, #1489, #105, .T. ) ;
#1854 = VERTEX_POINT ( 'NONE', #707 ) ;
#1855 = ORIENTED_EDGE ( 'NONE', *, *, #1807, .F. ) ;
#1856 = LINE ( 'NONE', #863, #50 ) ;
#1857 = VECTOR ( 'NONE', #1115, 39.37007874015748143 ) ;
#1858 = FACE_OUTER_BOUND ( 'NONE', #494, .T. ) ;
#1859 = CARTESIAN_POINT ( 'NONE',  ( -3.124999999999999556, -0.5000000000000001110, -0.7500000000000002220 ) ) ;
#1860 = DIRECTION ( 'NONE',  ( 0.000000000000000000, 1.000000000000000000, 0.000000000000000000 ) ) ;
#1861 = DIRECTION ( 'NONE',  ( 1.000000000000000000, -2.185478394931410575E-16, 0.000000000000000000 ) ) ;
#1862 = AXIS2_PLACEMENT_3D ( 'NONE', #1530, #533, #332 ) ;
#1863 = CARTESIAN_POINT ( 'NONE',  ( -3.124999999999999556, -0.4999999999999998335, -1.125000000000000222 ) ) ;
#1864 = VERTEX_POINT ( 'NONE', #299 ) ;
#1865 = EDGE_CURVE ( 'NONE', #1565, #1831, #70, .T. ) ;
#1866 = EDGE_LOOP ( 'NONE', ( #1815, #1112, #2047, #798 ) ) ;
#1867 = ORIENTED_EDGE ( 'NONE', *, *, #2483, .T. ) ;
#1868 = VERTEX_POINT ( 'NONE', #2099 ) ;
#1869 = VECTOR ( 'NONE', #1305, 39.37007874015748143 ) ;
#1870 = EDGE_CURVE ( 'NONE', #1452, #2576, #1921, .T. ) ;
#1871 = VECTOR ( 'NONE', #170, 39.37007874015748143 ) ;
#1872 = CARTESIAN_POINT ( 'NONE',  ( 3.000000000000001776, -2.750000000000000000, -4.000000000000000000 ) ) ;
#1873 = CIRCLE ( 'NONE', #1661, 0.1609212389290061718 ) ;
#1874 = CARTESIAN_POINT ( 'NONE',  ( -0.2369461204350682137, -0.2633492636761396999, -3.937499999999999556 ) ) ;
#1875 = ADVANCED_FACE ( 'NONE', ( #1511 ), #314, .T. ) ;
#1876 = PLANE ( 'NONE',  #426 ) ;
#1877 = CARTESIAN_POINT ( 'NONE',  ( 1.044920539443559671, -0.5569164915532093252, -3.937499999999999556 ) ) ;
#1878 =( NAMED_UNIT ( * ) PLANE_ANGLE_UNIT ( ) SI_UNIT ( $, .RADIAN. ) );
#1879 = CARTESIAN_POINT ( 'NONE',  ( -1.230297915710995227, -0.9737504070013722757, -4.000000000000000000 ) ) ;
#1880 = ORIENTED_EDGE ( 'NONE', *, *, #581, .T. ) ;
#1881 = ORIENTED_EDGE ( 'NONE', *, *, #365, .F. ) ;
#1882 = ORIENTED_EDGE ( 'NONE', *, *, #2524, .F. ) ;
#1883 = ADVANCED_FACE ( 'NONE', ( #1105 ), #96, .T. ) ;
#1884 = EDGE_LOOP ( 'NONE', ( #1251, #58, #2136, #1069 ) ) ;
#1885 = PLANE ( 'NONE',  #2462 ) ;
#1886 = VECTOR ( 'NONE', #446, 39.37007874015748143 ) ;
#1887 = EDGE_LOOP ( 'NONE', ( #1855, #2533, #418, #1439 ) ) ;
#1888 = CARTESIAN_POINT ( 'NONE',  ( -2.250000000000000000, 2.250000000000000000, -3.750000000000000000 ) ) ;
#1889 = CARTESIAN_POINT ( 'NONE',  ( -3.249999999999999556, 0.7500000000000002220, -1.124999999999999778 ) ) ;
#1890 = LINE ( 'NONE', #692, #1794 ) ;
#1891 = DIRECTION ( 'NONE',  ( -1.000000000000000000, -0.000000000000000000, -0.000000000000000000 ) ) ;
#1892 = AXIS2_PLACEMENT_3D ( 'NONE', #1690, #2073, #1300 ) ;
#1893 = AXIS2_PLACEMENT_3D ( 'NONE', #220, #779, #1014 ) ;
#1894 = CARTESIAN_POINT ( 'NONE',  ( 3.750000000000000000, -1.125000000000000000, 0.1053149606299213781 ) ) ;
#1895 = ORIENTED_EDGE ( 'NONE', *, *, #1520, .T. ) ;
#1896 = ORIENTED_EDGE ( 'NONE', *, *, #1832, .F. ) ;
#1897 = EDGE_LOOP ( 'NONE', ( #2188, #31, #2239, #1252 ) ) ;
#1898 = EDGE_CURVE ( 'NONE', #743, #2421, #1890, .T. ) ;
#1899 = CARTESIAN_POINT ( 'NONE',  ( 1.764728204089091923, 0.1250000000000002220, -3.937499999999999556 ) ) ;
#1900 = EDGE_CURVE ( 'NONE', #2198, #1059, #1903, .T. ) ;
#1901 = DIRECTION ( 'NONE',  ( 0.000000000000000000, -0.000000000000000000, 1.000000000000000000 ) ) ;
#1902 = CYLINDRICAL_SURFACE ( 'NONE', #511, 0.1674194940341748872 ) ;
#1903 = LINE ( 'NONE', #1316, #1070 ) ;
#1904 = DIRECTION ( 'NONE',  ( -0.000000000000000000, -0.000000000000000000, -1.000000000000000000 ) ) ;
#1905 = EDGE_CURVE ( 'NONE', #1153, #99, #1282, .T. ) ;
#1906 = LINE ( 'NONE', #1738, #324 ) ;
#1907 = VECTOR ( 'NONE', #1823, 39.37007874015748143 ) ;
#1908 = CARTESIAN_POINT ( 'NONE',  ( 0.3791441467138554344, -0.9737504070013722757, -3.937499999999999556 ) ) ;
#1909 = DIRECTION ( 'NONE',  ( 0.000000000000000000, 0.000000000000000000, 1.000000000000000000 ) ) ;
#1910 = ORIENTED_EDGE ( 'NONE', *, *, #2095, .T. ) ;
#1911 = ORIENTED_EDGE ( 'NONE', *, *, #1837, .F. ) ;
#1912 = CIRCLE ( 'NONE', #785, 0.1446850393700785942 ) ;
#1913 = ADVANCED_FACE ( 'NONE', ( #499 ), #1301, .T. ) ;
#1914 = ORIENTED_EDGE ( 'NONE', *, *, #1171, .F. ) ;
#1915 = EDGE_CURVE ( 'NONE', #505, #934, #1163, .T. ) ;
#1916 = DIRECTION ( 'NONE',  ( -1.000000000000000000, 0.000000000000000000, 0.000000000000000000 ) ) ;
#1917 = VERTEX_POINT ( 'NONE', #697 ) ;
#1918 = LINE ( 'NONE', #909, #439 ) ;
#1919 = AXIS2_PLACEMENT_3D ( 'NONE', #1937, #107, #316 ) ;
#1920 = CARTESIAN_POINT ( 'NONE',  ( 3.750000000000000000, 1.125000000000000000, 0.1053149606299213781 ) ) ;
#1921 = LINE ( 'NONE', #120, #2201 ) ;
#1922 = DIRECTION ( 'NONE',  ( -0.000000000000000000, -0.000000000000000000, -1.000000000000000000 ) ) ;
#1923 = ADVANCED_FACE ( 'NONE', ( #362 ), #945, .F. ) ;
#1924 = CARTESIAN_POINT ( 'NONE',  ( 3.000000000000001332, 2.500078740157480439, 7.347880794884122694E-16 ) ) ;
#1925 = FACE_OUTER_BOUND ( 'NONE', #749, .T. ) ;
#1926 = PLANE ( 'NONE',  #2124 ) ;
#1927 = ORIENTED_EDGE ( 'NONE', *, *, #2066, .F. ) ;
#1928 = ORIENTED_EDGE ( 'NONE', *, *, #1333, .T. ) ;
#1929 = EDGE_LOOP ( 'NONE', ( #634, #34, #2409, #1534, #1623, #1020, #778 ) ) ;
#1930 = ORIENTED_EDGE ( 'NONE', *, *, #560, .T. ) ;
#1931 = VERTEX_POINT ( 'NONE', #1939 ) ;
#1932 = DIRECTION ( 'NONE',  ( -0.000000000000000000, 0.000000000000000000, -1.000000000000000000 ) ) ;
#1933 = ORIENTED_EDGE ( 'NONE', *, *, #1099, .F. ) ;
#1934 = CIRCLE ( 'NONE', #2256, 1.250000000000000666 ) ;
#1935 = DIRECTION ( 'NONE',  ( -2.731847993664263218E-16, 0.000000000000000000, 1.000000000000000000 ) ) ;
#1936 = LINE ( 'NONE', #1541, #1237 ) ;
#1937 = CARTESIAN_POINT ( 'NONE',  ( -2.499999999999999556, -1.500000000000000222, -3.750000000000000000 ) ) ;
#1938 = DIRECTION ( 'NONE',  ( 0.000000000000000000, -0.000000000000000000, 1.000000000000000000 ) ) ;
#1939 = CARTESIAN_POINT ( 'NONE',  ( 2.250000000000000444, -2.249999999999999556, 0.000000000000000000 ) ) ;
#1940 = DIRECTION ( 'NONE',  ( -0.2499748417047449045, 0.9682523320471208006, 0.000000000000000000 ) ) ;
#1941 = VECTOR ( 'NONE', #1705, 39.37007874015748143 ) ;
#1942 = ORIENTED_EDGE ( 'NONE', *, *, #857, .T. ) ;
#1943 = VERTEX_POINT ( 'NONE', #2105 ) ;
#1944 = VERTEX_POINT ( 'NONE', #318 ) ;
#1945 = CARTESIAN_POINT ( 'NONE',  ( -1.764728204089091923, 0.1250000000000000000, -3.937499999999999556 ) ) ;
#1946 = ORIENTED_EDGE ( 'NONE', *, *, #1905, .F. ) ;
#1947 = DIRECTION ( 'NONE',  ( 1.000000000000000000, 0.000000000000000000, 0.000000000000000000 ) ) ;
#1948 = DIRECTION ( 'NONE',  ( 0.000000000000000000, -1.000000000000000000, -2.731847993664263218E-16 ) ) ;
#1949 = LINE ( 'NONE', #1121, #227 ) ;
#1950 = EDGE_LOOP ( 'NONE', ( #1644, #1667 ) ) ;
#1951 = DIRECTION ( 'NONE',  ( 0.000000000000000000, 0.000000000000000000, 1.000000000000000000 ) ) ;
#1952 = LINE ( 'NONE', #964, #1697 ) ;
#1953 = VECTOR ( 'NONE', #1360, 39.37007874015748143 ) ;
#1954 = FACE_OUTER_BOUND ( 'NONE', #1322, .T. ) ;
#1955 = ORIENTED_EDGE ( 'NONE', *, *, #1021, .F. ) ;
#1956 = EDGE_CURVE ( 'NONE', #1519, #1655, #1320, .T. ) ;
#1957 = ADVANCED_FACE ( 'NONE', ( #2530 ), #1926, .T. ) ;
#1958 = AXIS2_PLACEMENT_3D ( 'NONE', #1338, #784, #2186 ) ;
#1959 = EDGE_LOOP ( 'NONE', ( #1829, #2028, #22, #1492 ) ) ;
#1960 = DIRECTION ( 'NONE',  ( 0.2927142720941112164, -0.9561999555074317536, 0.000000000000000000 ) ) ;
#1961 = DIRECTION ( 'NONE',  ( -1.000000000000000000, 0.000000000000000000, 0.000000000000000000 ) ) ;
#1962 = DIRECTION ( 'NONE',  ( 1.000000000000000000, 0.000000000000000000, 0.000000000000000000 ) ) ;
#1963 = VECTOR ( 'NONE', #2407, 39.37007874015748143 ) ;
#1964 = DIRECTION ( 'NONE',  ( 0.000000000000000000, 1.000000000000000000, 0.000000000000000000 ) ) ;
#1965 = LINE ( 'NONE', #1756, #469 ) ;
#1966 = CARTESIAN_POINT ( 'NONE',  ( -3.124999999999999556, 0.5000000000000000000, -1.124999999999999778 ) ) ;
#1967 = CARTESIAN_POINT ( 'NONE',  ( -0.02971811779598500930, 0.5917144034552853649, -3.937499999999999556 ) ) ;
#1968 = PRODUCT_RELATED_PRODUCT_CATEGORY ( 'part', '', ( #633 ) ) ;
#1969 = CARTESIAN_POINT ( 'NONE',  ( -0.7412500873595279094, -0.5983336800247694987, -3.937499999999999556 ) ) ;
#1970 = EDGE_LOOP ( 'NONE', ( #2476, #1748 ) ) ;
#1971 = ORIENTED_EDGE ( 'NONE', *, *, #2471, .T. ) ;
#1972 = CARTESIAN_POINT ( 'NONE',  ( 2.000000000000000888, -2.750000000000000000, -4.000000000000000000 ) ) ;
#1973 = CYLINDRICAL_SURFACE ( 'NONE', #2390, 0.1446850393700785942 ) ;
#1974 = CARTESIAN_POINT ( 'NONE',  ( 2.000000000000000888, -2.750000000000000000, 6.735557395310445967E-16 ) ) ;
#1975 = FACE_BOUND ( 'NONE', #1110, .T. ) ;
#1976 = LINE ( 'NONE', #1987, #1095 ) ;
#1977 = DIRECTION ( 'NONE',  ( 0.2355354436712874533, 0.9718657596471694804, 0.000000000000000000 ) ) ;
#1978 = DIRECTION ( 'NONE',  ( -1.000000000000000000, 0.000000000000000000, 0.000000000000000000 ) ) ;
#1979 = EDGE_LOOP ( 'NONE', ( #62, #2179, #1004, #1800 ) ) ;
#1980 = VECTOR ( 'NONE', #562, 39.37007874015748143 ) ;
#1981 = VECTOR ( 'NONE', #906, 39.37007874015748143 ) ;
#1982 = EDGE_LOOP ( 'NONE', ( #644, #48, #458, #2547 ) ) ;
#1983 = EDGE_CURVE ( 'NONE', #858, #834, #900, .T. ) ;
#1984 = ADVANCED_FACE ( 'NONE', ( #151 ), #98, .F. ) ;
#1985 = DIRECTION ( 'NONE',  ( -0.000000000000000000, -0.000000000000000000, -1.000000000000000000 ) ) ;
#1986 = LINE ( 'NONE', #188, #674 ) ;
#1987 = CARTESIAN_POINT ( 'NONE',  ( -2.249999999999999556, -2.250000000000000000, -3.750000000000000000 ) ) ;
#1988 = ADVANCED_FACE ( 'NONE', ( #1122, #2348 ), #1363, .T. ) ;
#1989 = DIRECTION ( 'NONE',  ( -0.000000000000000000, 0.000000000000000000, -1.000000000000000000 ) ) ;
#1990 = FACE_OUTER_BOUND ( 'NONE', #811, .T. ) ;
#1991 = ORIENTED_EDGE ( 'NONE', *, *, #753, .T. ) ;
#1992 = AXIS2_PLACEMENT_3D ( 'NONE', #1888, #94, #1901 ) ;
#1993 = VERTEX_POINT ( 'NONE', #109 ) ;
#1994 = AXIS2_PLACEMENT_3D ( 'NONE', #2518, #712, #1741 ) ;
#1995 = ADVANCED_FACE ( 'NONE', ( #1711 ), #2119, .T. ) ;
#1996 = ORIENTED_EDGE ( 'NONE', *, *, #2402, .T. ) ;
#1997 = DIRECTION ( 'NONE',  ( 0.000000000000000000, 0.000000000000000000, 1.000000000000000000 ) ) ;
#1998 = EDGE_CURVE ( 'NONE', #1943, #2475, #1119, .T. ) ;
#1999 = DIRECTION ( 'NONE',  ( -0.000000000000000000, -0.000000000000000000, -1.000000000000000000 ) ) ;
#2000 = DIRECTION ( 'NONE',  ( -0.000000000000000000, -1.000000000000000000, 0.000000000000000000 ) ) ;
#2001 = VECTOR ( 'NONE', #67, 39.37007874015748143 ) ;
#2002 = DIRECTION ( 'NONE',  ( 0.000000000000000000, 0.000000000000000000, 1.000000000000000000 ) ) ;
#2003 = DIRECTION ( 'NONE',  ( 0.000000000000000000, -1.000000000000000000, 0.000000000000000000 ) ) ;
#2004 = VECTOR ( 'NONE', #1172, 39.37007874015748143 ) ;
#2005 = ORIENTED_EDGE ( 'NONE', *, *, #1710, .T. ) ;
#2006 =( GEOMETRIC_REPRESENTATION_CONTEXT ( 3 ) GLOBAL_UNCERTAINTY_ASSIGNED_CONTEXT ( ( #833 ) ) GLOBAL_UNIT_ASSIGNED_CONTEXT ( ( #2442, #1878, #2286 ) ) REPRESENTATION_CONTEXT ( 'NONE', 'WORKASPACE' ) );
#2007 = EDGE_LOOP ( 'NONE', ( #60, #1386, #1166, #154 ) ) ;
#2008 = LINE ( 'NONE', #2171, #1564 ) ;
#2009 = CARTESIAN_POINT ( 'NONE',  ( 2.500000000000000000, 2.500000000000000000, 0.000000000000000000 ) ) ;
#2010 = DIRECTION ( 'NONE',  ( 0.000000000000000000, 0.000000000000000000, 1.000000000000000000 ) ) ;
#2011 = SURFACE_SIDE_STYLE ('',( #415 ) ) ;
#2012 = CARTESIAN_POINT ( 'NONE',  ( -0.6339938422226513159, -0.7421760095301702664, -3.937499999999999556 ) ) ;
#2013 = ORIENTED_EDGE ( 'NONE', *, *, #1346, .T. ) ;
#2014 = EDGE_CURVE ( 'NONE', #2421, #2247, #2159, .T. ) ;
#2015 = VERTEX_POINT ( 'NONE', #139 ) ;
#2016 = VECTOR ( 'NONE', #1259, 39.37007874015748143 ) ;
#2017 = VECTOR ( 'NONE', #2135, 39.37007874015748143 ) ;
#2018 = ADVANCED_BREP_SHAPE_REPRESENTATION ( 'Smart_Locker_Back', ( #1344, #2563 ), #1098 ) ;
#2019 = VERTEX_POINT ( 'NONE', #741 ) ;
#2020 = LINE ( 'NONE', #2554, #1636 ) ;
#2021 = DIRECTION ( 'NONE',  ( 0.000000000000000000, 0.000000000000000000, 1.000000000000000000 ) ) ;
#2022 = DIRECTION ( 'NONE',  ( 1.000000000000000000, 0.000000000000000000, 0.000000000000000000 ) ) ;
#2023 = DIRECTION ( 'NONE',  ( 0.000000000000000000, -1.000000000000000000, 0.000000000000000000 ) ) ;
#2024 = CARTESIAN_POINT ( 'NONE',  ( 0.1910346733558308252, -0.2633492636761396999, -3.937499999999999556 ) ) ;
#2025 = EDGE_CURVE ( 'NONE', #2266, #2373, #124, .T. ) ;
#2026 = VERTEX_POINT ( 'NONE', #1757 ) ;
#2027 = EDGE_CURVE ( 'NONE', #2266, #1265, #610, .T. ) ;
#2028 = ORIENTED_EDGE ( 'NONE', *, *, #192, .F. ) ;
#2029 = ORIENTED_EDGE ( 'NONE', *, *, #1085, .T. ) ;
#2030 = EDGE_CURVE ( 'NONE', #2521, #43, #1137, .T. ) ;
#2031 = EDGE_CURVE ( 'NONE', #320, #1195, #321, .T. ) ;
#2032 = CARTESIAN_POINT ( 'NONE',  ( 0.8249248618459182891, -0.6900717700991503278, -3.937499999999999556 ) ) ;
#2033 = ORIENTED_EDGE ( 'NONE', *, *, #9, .F. ) ;
#2034 = AXIS2_PLACEMENT_3D ( 'NONE', #1639, #37, #880 ) ;
#2035 = DIRECTION ( 'NONE',  ( 0.000000000000000000, 0.000000000000000000, 1.000000000000000000 ) ) ;
#2036 = DIRECTION ( 'NONE',  ( -1.000000000000000000, -0.000000000000000000, -0.000000000000000000 ) ) ;
#2037 = CARTESIAN_POINT ( 'NONE',  ( 4.000000000000000000, 1.125000000000000000, 0.000000000000000000 ) ) ;
#2038 = LINE ( 'NONE', #1424, #2328 ) ;
#2039 = DIRECTION ( 'NONE',  ( 0.000000000000000000, -1.000000000000000000, 0.000000000000000000 ) ) ;
#2040 = AXIS2_PLACEMENT_3D ( 'NONE', #251, #2273, #2022 ) ;
#2041 = ORIENTED_EDGE ( 'NONE', *, *, #590, .F. ) ;
#2042 = VERTEX_POINT ( 'NONE', #758 ) ;
#2043 = VECTOR ( 'NONE', #2316, 39.37007874015748854 ) ;
#2044 = ORIENTED_EDGE ( 'NONE', *, *, #936, .T. ) ;
#2045 = ORIENTED_EDGE ( 'NONE', *, *, #2260, .T. ) ;
#2046 = CARTESIAN_POINT ( 'NONE',  ( 3.500000000000000000, -1.125000000000000000, 0.2500000000000000000 ) ) ;
#2047 = ORIENTED_EDGE ( 'NONE', *, *, #793, .F. ) ;
#2048 = CARTESIAN_POINT ( 'NONE',  ( 0.1910346733558308252, -0.2633492636761396999, -3.937499999999999556 ) ) ;
#2049 = LINE ( 'NONE', #53, #214 ) ;
#2050 = CARTESIAN_POINT ( 'NONE',  ( -0.9581979986823333517, -0.7421760095301701554, -3.937499999999999556 ) ) ;
#2051 = DIRECTION ( 'NONE',  ( 0.000000000000000000, 0.000000000000000000, 1.000000000000000000 ) ) ;
#2052 = ADVANCED_FACE ( 'NONE', ( #1596 ), #2219, .F. ) ;
#2053 = DIRECTION ( 'NONE',  ( 1.821231995776175479E-16, -1.000000000000000000, 0.000000000000000000 ) ) ;
#2054 = ORIENTED_EDGE ( 'NONE', *, *, #700, .F. ) ;
#2055 = ORIENTED_EDGE ( 'NONE', *, *, #1601, .F. ) ;
#2056 = VERTEX_POINT ( 'NONE', #13 ) ;
#2057 = ORIENTED_EDGE ( 'NONE', *, *, #2110, .F. ) ;
#2058 = DIRECTION ( 'NONE',  ( 0.000000000000000000, -0.000000000000000000, -1.000000000000000000 ) ) ;
#2059 = AXIS2_PLACEMENT_3D ( 'NONE', #583, #377, #2158 ) ;
#2060 = AXIS2_PLACEMENT_3D ( 'NONE', #1746, #550, #972 ) ;
#2061 = DIRECTION ( 'NONE',  ( 1.000000000000000000, 0.000000000000000000, -0.000000000000000000 ) ) ;
#2062 = CARTESIAN_POINT ( 'NONE',  ( -0.2580874852164474209, 1.069893650681981390, -4.000000000000000000 ) ) ;
#2063 = LINE ( 'NONE', #1627, #2168 ) ;
#2064 = DIRECTION ( 'NONE',  ( -1.000000000000000000, 0.000000000000000000, 0.000000000000000000 ) ) ;
#2065 = DIRECTION ( 'NONE',  ( 1.365923996832131609E-16, 0.000000000000000000, -1.000000000000000000 ) ) ;
#2066 = EDGE_CURVE ( 'NONE', #1519, #2177, #2572, .T. ) ;
#2067 = VERTEX_POINT ( 'NONE', #2204 ) ;
#2068 = EDGE_LOOP ( 'NONE', ( #800, #1102, #947, #1743, #256, #2419, #2420, #631 ) ) ;
#2069 = ORIENTED_EDGE ( 'NONE', *, *, #1905, .T. ) ;
#2070 = CARTESIAN_POINT ( 'NONE',  ( -0.3997005068726479093, -0.5989552686954916494, -4.000000000000000000 ) ) ;
#2071 = CIRCLE ( 'NONE', #525, 0.1674194940341748872 ) ;
#2072 = CARTESIAN_POINT ( 'NONE',  ( 1.097024778874580164, -0.6900717700991503278, -4.000000000000000000 ) ) ;
#2073 = DIRECTION ( 'NONE',  ( 0.000000000000000000, 1.000000000000000000, 0.000000000000000000 ) ) ;
#2074 = LINE ( 'NONE', #640, #2323 ) ;
#2075 = LINE ( 'NONE', #275, #2410 ) ;
#2076 = VECTOR ( 'NONE', #2559, 39.37007874015748143 ) ;
#2077 = CARTESIAN_POINT ( 'NONE',  ( 1.097024778874580164, -0.6900717700991503278, -3.937499999999999556 ) ) ;
#2078 = EDGE_CURVE ( 'NONE', #2122, #1010, #414, .T. ) ;
#2079 = ORIENTED_EDGE ( 'NONE', *, *, #1367, .T. ) ;
#2080 = ORIENTED_EDGE ( 'NONE', *, *, #1791, .F. ) ;
#2081 = ORIENTED_EDGE ( 'NONE', *, *, #1900, .F. ) ;
#2082 = ORIENTED_EDGE ( 'NONE', *, *, #2290, .T. ) ;
#2083 = VERTEX_POINT ( 'NONE', #1576 ) ;
#2084 = CIRCLE ( 'NONE', #135, 1.764728204089091923 ) ;
#2085 = PLANE ( 'NONE',  #209 ) ;
#2086 = STYLED_ITEM ( 'NONE', ( #452 ), #1344 ) ;
#2087 = CARTESIAN_POINT ( 'NONE',  ( 3.249999999999999556, -1.250000000000000000, -3.750000000000000000 ) ) ;
#2088 = CARTESIAN_POINT ( 'NONE',  ( -3.499999999999998668, -1.500000000000000222, 0.000000000000000000 ) ) ;
#2089 = DIRECTION ( 'NONE',  ( 0.000000000000000000, 0.000000000000000000, 1.000000000000000000 ) ) ;
#2090 = DIRECTION ( 'NONE',  ( 0.000000000000000000, 0.000000000000000000, 1.000000000000000000 ) ) ;
#2091 = DIRECTION ( 'NONE',  ( 0.000000000000000000, 0.000000000000000000, 1.000000000000000000 ) ) ;
#2092 = ORIENTED_EDGE ( 'NONE', *, *, #1123, .T. ) ;
#2093 = EDGE_LOOP ( 'NONE', ( #2555, #1524, #2550, #405 ) ) ;
#2094 = CARTESIAN_POINT ( 'NONE',  ( -2.500000000000000000, 2.500000000000000000, -3.750000000000000000 ) ) ;
#2095 = EDGE_CURVE ( 'NONE', #45, #1993, #783, .T. ) ;
#2096 = VERTEX_POINT ( 'NONE', #816 ) ;
#2097 = LINE ( 'NONE', #312, #2398 ) ;
#2098 = DIRECTION ( 'NONE',  ( -0.000000000000000000, 1.000000000000000000, 2.731847993664263711E-16 ) ) ;
#2099 = CARTESIAN_POINT ( 'NONE',  ( 3.500000000000000444, -1.500000000000000222, 0.000000000000000000 ) ) ;
#2100 = CARTESIAN_POINT ( 'NONE',  ( -0.6339938422226513159, -0.9737504070013722757, -4.000000000000000000 ) ) ;
#2101 = AXIS2_PLACEMENT_3D ( 'NONE', #736, #1131, #1935 ) ;
#2102 = CIRCLE ( 'NONE', #767, 0.9999999999999996669 ) ;
#2103 = LINE ( 'NONE', #1513, #1458 ) ;
#2104 = DIRECTION ( 'NONE',  ( 0.000000000000000000, 0.000000000000000000, -1.000000000000000000 ) ) ;
#2105 = CARTESIAN_POINT ( 'NONE',  ( -0.2580874852164474209, 1.201440773689927743, -4.000000000000000000 ) ) ;
#2106 = ORIENTED_EDGE ( 'NONE', *, *, #394, .T. ) ;
#2107 = EDGE_CURVE ( 'NONE', #185, #1835, #1605, .T. ) ;
#2108 = ORIENTED_EDGE ( 'NONE', *, *, #2431, .T. ) ;
#2109 = EDGE_LOOP ( 'NONE', ( #1683, #128, #685, #173 ) ) ;
#2110 = EDGE_CURVE ( 'NONE', #376, #1761, #1210, .T. ) ;
#2111 = EDGE_CURVE ( 'NONE', #1718, #1519, #574, .T. ) ;
#2112 = CARTESIAN_POINT ( 'NONE',  ( 0.000000000000000000, 0.1250000000000000000, -3.937499999999999556 ) ) ;
#2113 = DIRECTION ( 'NONE',  ( 0.000000000000000000, -0.000000000000000000, 1.000000000000000000 ) ) ;
#2114 = DIRECTION ( 'NONE',  ( 0.000000000000000000, 0.000000000000000000, 1.000000000000000000 ) ) ;
#2115 = DIRECTION ( 'NONE',  ( -0.3565064819805122132, -0.9342928493282385283, 0.000000000000000000 ) ) ;
#2116 = LINE ( 'NONE', #1288, #74 ) ;
#2117 = DIRECTION ( 'NONE',  ( 0.000000000000000000, 1.000000000000000000, 2.731847993664263218E-16 ) ) ;
#2118 = CARTESIAN_POINT ( 'NONE',  ( 0.8249248618459182891, -0.6900717700991503278, -3.937499999999999556 ) ) ;
#2119 = PLANE ( 'NONE',  #2319 ) ;
#2120 = ORIENTED_EDGE ( 'NONE', *, *, #914, .T. ) ;
#2121 = VERTEX_POINT ( 'NONE', #2375 ) ;
#2122 = VERTEX_POINT ( 'NONE', #1966 ) ;
#2123 = FACE_OUTER_BOUND ( 'NONE', #2166, .T. ) ;
#2124 = AXIS2_PLACEMENT_3D ( 'NONE', #563, #503, #347 ) ;
#2125 = ORIENTED_EDGE ( 'NONE', *, *, #2558, .T. ) ;
#2126 = VECTOR ( 'NONE', #2356, 39.37007874015748143 ) ;
#2127 = CARTESIAN_POINT ( 'NONE',  ( 0.6713126717974154944, -0.6234941308261797710, -3.937499999999999556 ) ) ;
#2128 = LINE ( 'NONE', #343, #955 ) ;
#2129 = CARTESIAN_POINT ( 'NONE',  ( -3.374999999999999556, -0.7499999999999998890, -1.375000000000000000 ) ) ;
#2130 = DIRECTION ( 'NONE',  ( 0.000000000000000000, 0.000000000000000000, 1.000000000000000000 ) ) ;
#2131 = DIRECTION ( 'NONE',  ( 1.000000000000000000, 0.000000000000000000, 0.000000000000000000 ) ) ;
#2132 = CARTESIAN_POINT ( 'NONE',  ( -0.2369461204350682137, -0.2633492636761396999, -4.000000000000000000 ) ) ;
#2133 = ORIENTED_EDGE ( 'NONE', *, *, #1853, .F. ) ;
#2134 = ORIENTED_EDGE ( 'NONE', *, *, #875, .T. ) ;
#2135 = DIRECTION ( 'NONE',  ( -1.000000000000000000, -0.000000000000000000, -0.000000000000000000 ) ) ;
#2136 = ORIENTED_EDGE ( 'NONE', *, *, #2025, .F. ) ;
#2137 = AXIS2_PLACEMENT_3D ( 'NONE', #270, #648, #2258 ) ;
#2138 = CARTESIAN_POINT ( 'NONE',  ( 0.000000000000000000, 0.000000000000000000, 0.000000000000000000 ) ) ;
#2139 = DIRECTION ( 'NONE',  ( 0.000000000000000000, 1.000000000000000000, -0.000000000000000000 ) ) ;
#2140 = CARTESIAN_POINT ( 'NONE',  ( 1.183865177926280765, -0.9737504070013722757, -3.937499999999999556 ) ) ;
#2141 = VECTOR ( 'NONE', #1135, 39.37007874015748143 ) ;
#2142 = DIRECTION ( 'NONE',  ( -1.000000000000000000, -0.000000000000000000, -0.000000000000000000 ) ) ;
#2143 = ORIENTED_EDGE ( 'NONE', *, *, #1493, .F. ) ;
#2144 = ADVANCED_FACE ( 'NONE', ( #584, #1784 ), #1389, .F. ) ;
#2145 = EDGE_CURVE ( 'NONE', #1655, #491, #2394, .T. ) ;
#2146 = CARTESIAN_POINT ( 'NONE',  ( -2.249999999999999556, -1.250000000000000000, -3.750000000000000000 ) ) ;
#2147 = DIRECTION ( 'NONE',  ( -0.2927142720941112164, 0.9561999555074317536, 0.000000000000000000 ) ) ;
#2148 = VECTOR ( 'NONE', #2218, 39.37007874015748143 ) ;
#2149 = EDGE_CURVE ( 'NONE', #1265, #589, #978, .T. ) ;
#2150 = ORIENTED_EDGE ( 'NONE', *, *, #696, .T. ) ;
#2151 = ORIENTED_EDGE ( 'NONE', *, *, #1406, .T. ) ;
#2152 = LINE ( 'NONE', #765, #2466 ) ;
#2153 = VERTEX_POINT ( 'NONE', #1773 ) ;
#2154 = DIRECTION ( 'NONE',  ( 0.000000000000000000, -1.000000000000000000, -0.000000000000000000 ) ) ;
#2155 = CARTESIAN_POINT ( 'NONE',  ( 3.500000000000000888, -1.500000000000000222, -4.000000000000000000 ) ) ;
#2156 = DIRECTION ( 'NONE',  ( 1.000000000000000000, 0.000000000000000000, 0.000000000000000000 ) ) ;
#2157 = ORIENTED_EDGE ( 'NONE', *, *, #283, .T. ) ;
#2158 = DIRECTION ( 'NONE',  ( 0.000000000000000000, 0.000000000000000000, 1.000000000000000000 ) ) ;
#2159 = LINE ( 'NONE', #1515, #2577 ) ;
#2160 = CARTESIAN_POINT ( 'NONE',  ( 2.250000000000000000, 2.250000000000000000, -3.750000000000000000 ) ) ;
#2161 = ORIENTED_EDGE ( 'NONE', *, *, #2249, .F. ) ;
#2162 = ADVANCED_FACE ( 'NONE', ( #1176 ), #998, .F. ) ;
#2163 = CARTESIAN_POINT ( 'NONE',  ( -2.500000000000000000, 2.500000000000000000, -3.750000000000000000 ) ) ;
#2164 = EDGE_LOOP ( 'NONE', ( #1174, #2381, #2255, #2459, #268, #228, #246, #1277, #1370, #935, #382, #1654, #819, #125, #1321, #523, #1698, #1238, #75, #1740, #1097, #721, #112, #508, #2069, #2354, #790, #2210, #492 ) ) ;
#2165 = VECTOR ( 'NONE', #2147, 39.37007874015748854 ) ;
#2166 = EDGE_LOOP ( 'NONE', ( #1343, #1228, #208, #2505 ) ) ;
#2167 = ORIENTED_EDGE ( 'NONE', *, *, #2027, .F. ) ;
#2168 = VECTOR ( 'NONE', #842, 39.37007874015748143 ) ;
#2169 =( LENGTH_UNIT ( ) NAMED_UNIT ( * ) SI_UNIT ( $, .METRE. ) );
#2170 = DIRECTION ( 'NONE',  ( -0.000000000000000000, -0.000000000000000000, -1.000000000000000000 ) ) ;
#2171 = CARTESIAN_POINT ( 'NONE',  ( -0.4872496493806568463, 1.201440773689927743, -3.937499999999999556 ) ) ;
#2172 = VECTOR ( 'NONE', #2065, 39.37007874015748143 ) ;
#2173 = ORIENTED_EDGE ( 'NONE', *, *, #1601, .T. ) ;
#2174 = LINE ( 'NONE', #1, #1219 ) ;
#2175 = CARTESIAN_POINT ( 'NONE',  ( 1.183865177926280765, -0.9737504070013722757, -3.937499999999999556 ) ) ;
#2176 = DIRECTION ( 'NONE',  ( 1.000000000000000000, 0.000000000000000000, 0.000000000000000000 ) ) ;
#2177 = VERTEX_POINT ( 'NONE', #2557 ) ;
#2178 = FACE_OUTER_BOUND ( 'NONE', #1296, .T. ) ;
#2179 = ORIENTED_EDGE ( 'NONE', *, *, #205, .F. ) ;
#2180 = ORIENTED_EDGE ( 'NONE', *, *, #1202, .F. ) ;
#2181 = EDGE_CURVE ( 'NONE', #2015, #1082, #277, .T. ) ;
#2182 = EDGE_CURVE ( 'NONE', #1489, #1226, #795, .T. ) ;
#2183 = DIRECTION ( 'NONE',  ( 0.000000000000000000, 0.000000000000000000, 1.000000000000000000 ) ) ;
#2184 = CARTESIAN_POINT ( 'NONE',  ( 2.500000000000000000, 1.500000000000000222, 0.000000000000000000 ) ) ;
#2185 = CARTESIAN_POINT ( 'NONE',  ( 2.500000000000000000, 1.500000000000000444, -4.000000000000000000 ) ) ;
#2186 = DIRECTION ( 'NONE',  ( -1.365923996832131609E-16, 0.000000000000000000, 1.000000000000000000 ) ) ;
#2187 = CARTESIAN_POINT ( 'NONE',  ( -3.249999999999999556, -1.250000000000000000, -3.750000000000000000 ) ) ;
#2188 = ORIENTED_EDGE ( 'NONE', *, *, #2467, .T. ) ;
#2189 = EDGE_CURVE ( 'NONE', #2413, #87, #2084, .T. ) ;
#2190 = VECTOR ( 'NONE', #582, 39.37007874015748143 ) ;
#2191 = ORIENTED_EDGE ( 'NONE', *, *, #617, .T. ) ;
#2192 = EDGE_CURVE ( 'NONE', #885, #59, #1976, .T. ) ;
#2193 = CARTESIAN_POINT ( 'NONE',  ( -2.249999999999999556, -2.250000000000000000, -3.750000000000000000 ) ) ;
#2194 = DIRECTION ( 'NONE',  ( -1.000000000000000000, 0.000000000000000000, 0.000000000000000000 ) ) ;
#2195 = CARTESIAN_POINT ( 'NONE',  ( -0.9581979986823332407, -0.9737504070013722757, -3.937499999999999556 ) ) ;
#2196 = LINE ( 'NONE', #1616, #828 ) ;
#2197 = DIRECTION ( 'NONE',  ( -1.000000000000000000, 0.000000000000000000, -0.000000000000000000 ) ) ;
#2198 = VERTEX_POINT ( 'NONE', #1793 ) ;
#2199 = AXIS2_PLACEMENT_3D ( 'NONE', #943, #1319, #138 ) ;
#2200 = ORIENTED_EDGE ( 'NONE', *, *, #375, .F. ) ;
#2201 = VECTOR ( 'NONE', #928, 39.37007874015748143 ) ;
#2202 = CARTESIAN_POINT ( 'NONE',  ( 0.6713126717974154944, -0.6234941308261797710, -3.937499999999999556 ) ) ;
#2203 = PLANE ( 'NONE',  #2514 ) ;
#2204 = CARTESIAN_POINT ( 'NONE',  ( 2.250000000000000000, 2.250000000000000000, -3.750000000000000000 ) ) ;
#2205 = ADVANCED_FACE ( 'NONE', ( #2580 ), #593, .T. ) ;
#2206 = CIRCLE ( 'NONE', #2040, 0.1674194940341748872 ) ;
#2207 = DIRECTION ( 'NONE',  ( -0.000000000000000000, 1.000000000000000000, 5.463695987328527423E-16 ) ) ;
#2208 = CARTESIAN_POINT ( 'NONE',  ( -0.9581979986823332407, -0.7421760095301702664, -3.937499999999999556 ) ) ;
#2209 = VECTOR ( 'NONE', #254, 39.37007874015748143 ) ;
#2210 = ORIENTED_EDGE ( 'NONE', *, *, #368, .T. ) ;
#2211 = AXIS2_PLACEMENT_3D ( 'NONE', #1804, #2417, #843 ) ;
#2212 = ORIENTED_EDGE ( 'NONE', *, *, #2181, .F. ) ;
#2213 = ORIENTED_EDGE ( 'NONE', *, *, #1023, .T. ) ;
#2214 = ORIENTED_EDGE ( 'NONE', *, *, #810, .F. ) ;
#2215 = ADVANCED_FACE ( 'NONE', ( #2384 ), #757, .F. ) ;
#2216 = DIRECTION ( 'NONE',  ( 0.000000000000000000, -1.000000000000000000, -9.106159978880877395E-17 ) ) ;
#2217 = EDGE_CURVE ( 'NONE', #194, #2391, #1679, .T. ) ;
#2218 = DIRECTION ( 'NONE',  ( 1.000000000000000000, -0.000000000000000000, -0.000000000000000000 ) ) ;
#2219 = PLANE ( 'NONE',  #650 ) ;
#2220 = CARTESIAN_POINT ( 'NONE',  ( -3.124999999999999556, -0.4999999999999998335, -1.125000000000000222 ) ) ;
#2221 = DIRECTION ( 'NONE',  ( 1.000000000000000000, -0.000000000000000000, 0.000000000000000000 ) ) ;
#2222 = EDGE_CURVE ( 'NONE', #821, #2494, #1006, .T. ) ;
#2223 = ADVANCED_FACE ( 'NONE', ( #1558, #1975 ), #2579, .F. ) ;
#2224 = VERTEX_POINT ( 'NONE', #178 ) ;
#2225 = EDGE_LOOP ( 'NONE', ( #242, #100, #407, #322 ) ) ;
#2226 = VECTOR ( 'NONE', #79, 39.37007874015748143 ) ;
#2227 = VERTEX_POINT ( 'NONE', #2393 ) ;
#2228 = CARTESIAN_POINT ( 'NONE',  ( -3.374999999999999556, 0.7500000000000002220, -1.375000000000000000 ) ) ;
#2229 = DIRECTION ( 'NONE',  ( -1.000000000000000000, 0.000000000000000000, -0.000000000000000000 ) ) ;
#2230 = PLANE ( 'NONE',  #1204 ) ;
#2231 = DIRECTION ( 'NONE',  ( 0.000000000000000000, -5.463695987328527423E-16, 1.000000000000000000 ) ) ;
#2232 = LINE ( 'NONE', #41, #1704 ) ;
#2233 = ORIENTED_EDGE ( 'NONE', *, *, #1593, .F. ) ;
#2234 = ORIENTED_EDGE ( 'NONE', *, *, #812, .F. ) ;
#2235 = EDGE_LOOP ( 'NONE', ( #572, #145, #1239, #657 ) ) ;
#2236 = ORIENTED_EDGE ( 'NONE', *, *, #1133, .T. ) ;
#2237 = CARTESIAN_POINT ( 'NONE',  ( 1.097024778874580164, -0.6900717700991503278, -3.937499999999999556 ) ) ;
#2238 = ADVANCED_FACE ( 'NONE', ( #361, #398 ), #2203, .F. ) ;
#2239 = ORIENTED_EDGE ( 'NONE', *, *, #708, .F. ) ;
#2240 = LINE ( 'NONE', #472, #1231 ) ;
#2241 = DIRECTION ( 'NONE',  ( 0.000000000000000000, -0.000000000000000000, 1.000000000000000000 ) ) ;
#2242 = DIRECTION ( 'NONE',  ( 0.000000000000000000, -0.000000000000000000, -1.000000000000000000 ) ) ;
#2243 = SURFACE_STYLE_USAGE ( .BOTH. , #2011 ) ;
#2244 = CARTESIAN_POINT ( 'NONE',  ( -3.374999999999999556, -0.7499999999999998890, -1.125000000000000000 ) ) ;
#2245 = CIRCLE ( 'NONE', #1124, 0.9999999999999996669 ) ;
#2246 = ORIENTED_EDGE ( 'NONE', *, *, #789, .T. ) ;
#2247 = VERTEX_POINT ( 'NONE', #2571 ) ;
#2248 = CARTESIAN_POINT ( 'NONE',  ( 0.3369300638415009264, 1.506990325908874162, -3.937499999999999556 ) ) ;
#2249 = EDGE_CURVE ( 'NONE', #1308, #206, #413, .T. ) ;
#2250 = LINE ( 'NONE', #2439, #2362 ) ;
#2251 = LINE ( 'NONE', #461, #2016 ) ;
#2252 = LINE ( 'NONE', #1260, #2001 ) ;
#2253 = LINE ( 'NONE', #2100, #1207 ) ;
#2254 = CARTESIAN_POINT ( 'NONE',  ( -0.5606217458016541366, -0.5989552686954916494, -3.937499999999999556 ) ) ;
#2255 = ORIENTED_EDGE ( 'NONE', *, *, #1136, .T. ) ;
#2256 = AXIS2_PLACEMENT_3D ( 'NONE', #849, #1686, #1673 ) ;
#2257 = ORIENTED_EDGE ( 'NONE', *, *, #1523, .F. ) ;
#2258 = DIRECTION ( 'NONE',  ( 1.000000000000000000, 0.000000000000000000, 0.000000000000000000 ) ) ;
#2259 = VECTOR ( 'NONE', #104, 39.37007874015748143 ) ;
#2260 = EDGE_CURVE ( 'NONE', #115, #2026, #1965, .T. ) ;
#2261 = DIRECTION ( 'NONE',  ( 2.185478394931410575E-16, 1.000000000000000000, -0.000000000000000000 ) ) ;
#2262 = PRODUCT_DEFINITION_SHAPE ( 'NONE', 'NONE',  #1068 ) ;
#2263 = DIRECTION ( 'NONE',  ( 1.000000000000000000, 0.000000000000000000, 0.000000000000000000 ) ) ;
#2264 = LINE ( 'NONE', #1850, #579 ) ;
#2265 = FACE_OUTER_BOUND ( 'NONE', #565, .T. ) ;
#2266 = VERTEX_POINT ( 'NONE', #1802 ) ;
#2267 = ORIENTED_EDGE ( 'NONE', *, *, #1478, .F. ) ;
#2268 = ORIENTED_EDGE ( 'NONE', *, *, #1630, .F. ) ;
#2269 = ORIENTED_EDGE ( 'NONE', *, *, #2291, .F. ) ;
#2270 = DIRECTION ( 'NONE',  ( 0.000000000000000000, -0.000000000000000000, -1.000000000000000000 ) ) ;
#2271 = CARTESIAN_POINT ( 'NONE',  ( -2.000000000000000000, -2.750000000000000000, -4.000000000000000888 ) ) ;
#2272 = CYLINDRICAL_SURFACE ( 'NONE', #1892, 1.250000000000000666 ) ;
#2273 = DIRECTION ( 'NONE',  ( 0.000000000000000000, -0.000000000000000000, 1.000000000000000000 ) ) ;
#2274 = LINE ( 'NONE', #486, #1168 ) ;
#2275 = AXIS2_PLACEMENT_3D ( 'NONE', #2573, #1989, #2349 ) ;
#2276 = DIRECTION ( 'NONE',  ( 0.000000000000000000, 1.000000000000000000, -0.000000000000000000 ) ) ;
#2277 = EDGE_CURVE ( 'NONE', #1917, #101, #1056, .T. ) ;
#2278 = ORIENTED_EDGE ( 'NONE', *, *, #630, .F. ) ;
#2279 = EDGE_LOOP ( 'NONE', ( #2044, #2568, #1114, #1789 ) ) ;
#2280 = VECTOR ( 'NONE', #425, 39.37007874015748854 ) ;
#2281 = LINE ( 'NONE', #1834, #2586 ) ;
#2282 = VECTOR ( 'NONE', #264, 39.37007874015748143 ) ;
#2283 = DIRECTION ( 'NONE',  ( 1.000000000000000000, 0.000000000000000000, 0.000000000000000000 ) ) ;
#2284 = CARTESIAN_POINT ( 'NONE',  ( -3.124999999999999556, 0.5000000000000000000, -1.124999999999999778 ) ) ;
#2285 = DIRECTION ( 'NONE',  ( 0.000000000000000000, -0.000000000000000000, 1.000000000000000000 ) ) ;
#2286 =( NAMED_UNIT ( * ) SI_UNIT ( $, .STERADIAN. ) SOLID_ANGLE_UNIT ( ) );
#2287 = DIRECTION ( 'NONE',  ( 0.000000000000000000, 2.731847993664263218E-16, -1.000000000000000000 ) ) ;
#2288 = LINE ( 'NONE', #2528, #814 ) ;
#2289 = DIRECTION ( 'NONE',  ( -0.000000000000000000, 0.000000000000000000, -1.000000000000000000 ) ) ;
#2290 = EDGE_CURVE ( 'NONE', #2576, #2397, #2174, .T. ) ;
#2291 = EDGE_CURVE ( 'NONE', #292, #1808, #595, .T. ) ;
#2292 = ORIENTED_EDGE ( 'NONE', *, *, #2110, .T. ) ;
#2293 = VERTEX_POINT ( 'NONE', #803 ) ;
#2294 = PLANE ( 'NONE',  #2060 ) ;
#2295 = AXIS2_PLACEMENT_3D ( 'NONE', #518, #959, #532 ) ;
#2296 = ORIENTED_EDGE ( 'NONE', *, *, #822, .T. ) ;
#2297 = CARTESIAN_POINT ( 'NONE',  ( 3.500000000000000000, 1.500000000000000222, 0.000000000000000000 ) ) ;
#2298 = DIRECTION ( 'NONE',  ( 0.000000000000000000, 0.000000000000000000, -1.000000000000000000 ) ) ;
#2299 = CARTESIAN_POINT ( 'NONE',  ( -0.5606217458016541366, -0.5989552686954916494, -4.000000000000000000 ) ) ;
#2300 = DIRECTION ( 'NONE',  ( -0.000000000000000000, -0.000000000000000000, -1.000000000000000000 ) ) ;
#2301 = AXIS2_PLACEMENT_3D ( 'NONE', #1772, #1604, #1595 ) ;
#2302 = VECTOR ( 'NONE', #718, 39.37007874015748143 ) ;
#2303 = FACE_OUTER_BOUND ( 'NONE', #266, .T. ) ;
#2304 = FACE_OUTER_BOUND ( 'NONE', #2225, .T. ) ;
#2305 = CARTESIAN_POINT ( 'NONE',  ( -0.4139981646250093239, -0.9737504070013722757, -3.937499999999999556 ) ) ;
#2306 = ORIENTED_EDGE ( 'NONE', *, *, #2277, .T. ) ;
#2307 = VERTEX_POINT ( 'NONE', #2359 ) ;
#2308 = ORIENTED_EDGE ( 'NONE', *, *, #526, .F. ) ;
#2309 = EDGE_LOOP ( 'NONE', ( #1392, #403, #599, #1506 ) ) ;
#2310 = CARTESIAN_POINT ( 'NONE',  ( -3.124999999999999556, 0.000000000000000000, 0.000000000000000000 ) ) ;
#2311 = ORIENTED_EDGE ( 'NONE', *, *, #507, .F. ) ;
#2312 = ADVANCED_FACE ( 'NONE', ( #603 ), #1410, .F. ) ;
#2313 = CARTESIAN_POINT ( 'NONE',  ( 0.3369300638415009264, 1.506990325908874162, -3.937499999999999556 ) ) ;
#2314 = VECTOR ( 'NONE', #1230, 39.37007874015748143 ) ;
#2315 = DIRECTION ( 'NONE',  ( 0.000000000000000000, 1.000000000000000000, 0.000000000000000000 ) ) ;
#2316 = DIRECTION ( 'NONE',  ( 0.2927142720941113274, -0.9561999555074317536, 0.000000000000000000 ) ) ;
#2317 = FACE_OUTER_BOUND ( 'NONE', #1788, .T. ) ;
#2318 = CARTESIAN_POINT ( 'NONE',  ( -3.374999999999999556, 0.000000000000000000, 0.000000000000000000 ) ) ;
#2319 = AXIS2_PLACEMENT_3D ( 'NONE', #2318, #2504, #963 ) ;
#2320 = ORIENTED_EDGE ( 'NONE', *, *, #1791, .T. ) ;
#2321 = ORIENTED_EDGE ( 'NONE', *, *, #9, .T. ) ;
#2322 = FACE_OUTER_BOUND ( 'NONE', #1687, .T. ) ;
#2323 = VECTOR ( 'NONE', #2427, 39.37007874015748143 ) ;
#2324 = EDGE_LOOP ( 'NONE', ( #352, #2461, #1349, #1127 ) ) ;
#2325 = AXIS2_PLACEMENT_3D ( 'NONE', #1201, #155, #1179 ) ;
#2326 = EDGE_CURVE ( 'NONE', #1854, #1917, #553, .T. ) ;
#2327 = ADVANCED_FACE ( 'NONE', ( #1376 ), #2374, .T. ) ;
#2328 = VECTOR ( 'NONE', #424, 39.37007874015748143 ) ;
#2329 = DIRECTION ( 'NONE',  ( -0.3244741204682964342, 0.9458945740125193069, 0.000000000000000000 ) ) ;
#2330 = DIRECTION ( 'NONE',  ( 0.000000000000000000, 0.000000000000000000, 1.000000000000000000 ) ) ;
#2331 = EDGE_CURVE ( 'NONE', #1634, #2227, #1986, .T. ) ;
#2332 = CARTESIAN_POINT ( 'NONE',  ( -3.124999999999999556, 0.4999999999999998335, -0.7499999999999998890 ) ) ;
#2333 = FACE_OUTER_BOUND ( 'NONE', #921, .T. ) ;
#2334 = ORIENTED_EDGE ( 'NONE', *, *, #1478, .T. ) ;
#2335 = DIRECTION ( 'NONE',  ( 1.000000000000000000, -0.000000000000000000, -0.000000000000000000 ) ) ;
#2336 = DIRECTION ( 'NONE',  ( -1.000000000000000000, 0.000000000000000000, 0.000000000000000000 ) ) ;
#2337 = EDGE_LOOP ( 'NONE', ( #1278, #1643, #902, #636 ) ) ;
#2338 = EDGE_CURVE ( 'NONE', #87, #2413, #258, .T. ) ;
#2339 = ORIENTED_EDGE ( 'NONE', *, *, #2508, .T. ) ;
#2340 = FACE_OUTER_BOUND ( 'NONE', #2309, .T. ) ;
#2341 = ORIENTED_EDGE ( 'NONE', *, *, #1537, .F. ) ;
#2342 = DIRECTION ( 'NONE',  ( 0.000000000000000000, 1.000000000000000000, -0.000000000000000000 ) ) ;
#2343 = EDGE_CURVE ( 'NONE', #46, #440, #2422, .T. ) ;
#2344 = LINE ( 'NONE', #1543, #28 ) ;
#2345 = LINE ( 'NONE', #917, #269 ) ;
#2346 = ORIENTED_EDGE ( 'NONE', *, *, #231, .F. ) ;
#2347 = DIRECTION ( 'NONE',  ( 1.000000000000000000, 0.000000000000000000, 0.000000000000000000 ) ) ;
#2348 = FACE_OUTER_BOUND ( 'NONE', #1929, .T. ) ;
#2349 = DIRECTION ( 'NONE',  ( 1.000000000000000000, 0.000000000000000000, 0.000000000000000000 ) ) ;
#2350 = AXIS2_PLACEMENT_3D ( 'NONE', #1676, #1482, #1104 ) ;
#2351 = VECTOR ( 'NONE', #117, 39.37007874015748143 ) ;
#2352 = CYLINDRICAL_SURFACE ( 'NONE', #2325, 0.1609212389290061718 ) ;
#2353 = VERTEX_POINT ( 'NONE', #211 ) ;
#2354 = ORIENTED_EDGE ( 'NONE', *, *, #1396, .T. ) ;
#2355 = DIRECTION ( 'NONE',  ( 1.000000000000000000, 0.000000000000000000, 0.000000000000000000 ) ) ;
#2356 = DIRECTION ( 'NONE',  ( -0.000000000000000000, -0.000000000000000000, -1.000000000000000000 ) ) ;
#2357 = LINE ( 'NONE', #1801, #632 ) ;
#2358 = ORIENTED_EDGE ( 'NONE', *, *, #2030, .F. ) ;
#2359 = CARTESIAN_POINT ( 'NONE',  ( -2.250000000000000000, 2.249999999999999556, 0.000000000000000000 ) ) ;
#2360 = CARTESIAN_POINT ( 'NONE',  ( -0.4139981646250093239, -0.9737504070013722757, -4.000000000000000000 ) ) ;
#2361 = DIRECTION ( 'NONE',  ( 0.000000000000000000, 1.000000000000000000, -0.000000000000000000 ) ) ;
#2362 = VECTOR ( 'NONE', #1637, 39.37007874015748143 ) ;
#2363 = PLANE ( 'NONE',  #1591 ) ;
#2364 = ADVANCED_FACE ( 'NONE', ( #1638 ), #422, .T. ) ;
#2365 = ORIENTED_EDGE ( 'NONE', *, *, #443, .F. ) ;
#2366 = ADVANCED_FACE ( 'NONE', ( #1824 ), #2404, .F. ) ;
#2367 = VECTOR ( 'NONE', #724, 39.37007874015748143 ) ;
#2368 = ORIENTED_EDGE ( 'NONE', *, *, #781, .F. ) ;
#2369 = VECTOR ( 'NONE', #2441, 39.37007874015748143 ) ;
#2370 = EDGE_CURVE ( 'NONE', #1266, #1714, #1222, .T. ) ;
#2371 = DIRECTION ( 'NONE',  ( -1.000000000000000000, 0.000000000000000000, 0.000000000000000000 ) ) ;
#2372 = AXIS2_PLACEMENT_3D ( 'NONE', #1235, #2039, #239 ) ;
#2373 = VERTEX_POINT ( 'NONE', #250 ) ;
#2374 = PLANE ( 'NONE',  #1394 ) ;
#2375 = CARTESIAN_POINT ( 'NONE',  ( 3.750000000000000000, -1.125000000000000000, 0.3946850393700785942 ) ) ;
#2376 = DIRECTION ( 'NONE',  ( 0.000000000000000000, 0.000000000000000000, 1.000000000000000000 ) ) ;
#2377 = LINE ( 'NONE', #1009, #1003 ) ;
#2378 = ORIENTED_EDGE ( 'NONE', *, *, #2107, .T. ) ;
#2379 = EDGE_CURVE ( 'NONE', #1217, #2397, #665, .T. ) ;
#2380 = EDGE_CURVE ( 'NONE', #293, #2413, #450, .T. ) ;
#2381 = ORIENTED_EDGE ( 'NONE', *, *, #649, .T. ) ;
#2382 = CIRCLE ( 'NONE', #1256, 0.9999999999999996669 ) ;
#2383 = DIRECTION ( 'NONE',  ( 0.000000000000000000, 0.000000000000000000, 1.000000000000000000 ) ) ;
#2384 = FACE_OUTER_BOUND ( 'NONE', #904, .T. ) ;
#2385 = CARTESIAN_POINT ( 'NONE',  ( 0.000000000000000000, 0.1250000000000000000, -4.000000000000000000 ) ) ;
#2386 = FACE_BOUND ( 'NONE', #551, .T. ) ;
#2387 = CARTESIAN_POINT ( 'NONE',  ( -3.374999999999999556, -0.7499999999999998890, -1.375000000000000000 ) ) ;
#2388 = EDGE_LOOP ( 'NONE', ( #2041, #430, #1155, #1713 ) ) ;
#2389 = VECTOR ( 'NONE', #1849, 39.37007874015748143 ) ;
#2390 = AXIS2_PLACEMENT_3D ( 'NONE', #995, #986, #2183 ) ;
#2391 = VERTEX_POINT ( 'NONE', #2009 ) ;
#2392 = LINE ( 'NONE', #2453, #1186 ) ;
#2393 = CARTESIAN_POINT ( 'NONE',  ( -1.230297915710995227, -0.9737504070013722757, -4.000000000000000000 ) ) ;
#2394 = LINE ( 'NONE', #2360, #489 ) ;
#2395 = DIRECTION ( 'NONE',  ( -0.000000000000000000, 1.000000000000000000, -0.000000000000000000 ) ) ;
#2396 = CARTESIAN_POINT ( 'NONE',  ( 2.250000000000000444, -1.250000000000000000, 0.000000000000000000 ) ) ;
#2397 = VERTEX_POINT ( 'NONE', #1626 ) ;
#2398 = VECTOR ( 'NONE', #497, 39.37007874015748143 ) ;
#2399 = ORIENTED_EDGE ( 'NONE', *, *, #1407, .F. ) ;
#2400 = AXIS2_PLACEMENT_3D ( 'NONE', #1967, #946, #1940 ) ;
#2401 = ADVANCED_FACE ( 'NONE', ( #1811 ), #815, .F. ) ;
#2402 = EDGE_CURVE ( 'NONE', #1831, #323, #24, .T. ) ;
#2403 = DIRECTION ( 'NONE',  ( 0.000000000000000000, -1.000000000000000000, 0.000000000000000000 ) ) ;
#2404 = PLANE ( 'NONE',  #886 ) ;
#2405 = DIRECTION ( 'NONE',  ( 0.000000000000000000, -3.642463991552351451E-16, 1.000000000000000000 ) ) ;
#2406 = FACE_OUTER_BOUND ( 'NONE', #1280, .T. ) ;
#2407 = DIRECTION ( 'NONE',  ( -0.000000000000000000, -0.000000000000000000, -1.000000000000000000 ) ) ;
#2408 = AXIS2_PLACEMENT_3D ( 'NONE', #2387, #1401, #2197 ) ;
#2409 = ORIENTED_EDGE ( 'NONE', *, *, #1767, .F. ) ;
#2410 = VECTOR ( 'NONE', #2484, 39.37007874015748143 ) ;
#2411 = VERTEX_POINT ( 'NONE', #1859 ) ;
#2412 = ORIENTED_EDGE ( 'NONE', *, *, #172, .F. ) ;
#2413 = VERTEX_POINT ( 'NONE', #434 ) ;
#2414 = DIRECTION ( 'NONE',  ( 1.000000000000000000, 0.000000000000000000, 0.000000000000000000 ) ) ;
#2415 = CARTESIAN_POINT ( 'NONE',  ( 3.749999999999999556, 1.125000000000000000, 0.5000000000000000000 ) ) ;
#2416 = FACE_OUTER_BOUND ( 'NONE', #370, .T. ) ;
#2417 = DIRECTION ( 'NONE',  ( -0.000000000000000000, -0.000000000000000000, -1.000000000000000000 ) ) ;
#2418 = CARTESIAN_POINT ( 'NONE',  ( -0.8974097193461427757, -0.5983336800247694987, -4.000000000000000000 ) ) ;
#2419 = ORIENTED_EDGE ( 'NONE', *, *, #1254, .T. ) ;
#2420 = ORIENTED_EDGE ( 'NONE', *, *, #598, .F. ) ;
#2421 = VERTEX_POINT ( 'NONE', #1460 ) ;
#2422 = CIRCLE ( 'NONE', #1563, 0.9999999999999994449 ) ;
#2423 = AXIS2_PLACEMENT_3D ( 'NONE', #1197, #1997, #2587 ) ;
#2424 = DIRECTION ( 'NONE',  ( -0.000000000000000000, -0.000000000000000000, -1.000000000000000000 ) ) ;
#2425 = LINE ( 'NONE', #1026, #720 ) ;
#2426 = DIRECTION ( 'NONE',  ( 0.000000000000000000, 1.000000000000000000, 0.000000000000000000 ) ) ;
#2427 = DIRECTION ( 'NONE',  ( -0.000000000000000000, -0.000000000000000000, -1.000000000000000000 ) ) ;
#2428 = CARTESIAN_POINT ( 'NONE',  ( -3.374999999999999556, -0.7499999999999998890, -1.125000000000000000 ) ) ;
#2429 = FACE_OUTER_BOUND ( 'NONE', #1454, .T. ) ;
#2430 = ORIENTED_EDGE ( 'NONE', *, *, #822, .F. ) ;
#2431 = EDGE_CURVE ( 'NONE', #1010, #848, #615, .T. ) ;
#2432 = VERTEX_POINT ( 'NONE', #851 ) ;
#2433 = ORIENTED_EDGE ( 'NONE', *, *, #985, .F. ) ;
#2434 = VERTEX_POINT ( 'NONE', #2415 ) ;
#2435 = ORIENTED_EDGE ( 'NONE', *, *, #368, .F. ) ;
#2436 = EDGE_CURVE ( 'NONE', #1993, #702, #1051, .T. ) ;
#2437 = CARTESIAN_POINT ( 'NONE',  ( 3.500000000000000000, -1.125000000000000000, -0.000000000000000000 ) ) ;
#2438 = AXIS2_PLACEMENT_3D ( 'NONE', #289, #2276, #2472 ) ;
#2439 = CARTESIAN_POINT ( 'NONE',  ( -3.249999999999999556, 1.250000000000000000, -3.750000000000000000 ) ) ;
#2440 = DIRECTION ( 'NONE',  ( 0.000000000000000000, 0.000000000000000000, -1.000000000000000000 ) ) ;
#2441 = DIRECTION ( 'NONE',  ( -0.000000000000000000, 1.000000000000000000, 0.000000000000000000 ) ) ;
#2442 =( CONVERSION_BASED_UNIT ( 'INCH', #1462 ) LENGTH_UNIT ( ) NAMED_UNIT ( #1529 ) );
#2443 = PLANE ( 'NONE',  #454 ) ;
#2444 = EDGE_CURVE ( 'NONE', #672, #1308, #1809, .T. ) ;
#2445 = VECTOR ( 'NONE', #2405, 39.37007874015748143 ) ;
#2446 = VECTOR ( 'NONE', #1961, 39.37007874015748143 ) ;
#2447 = ORIENTED_EDGE ( 'NONE', *, *, #510, .T. ) ;
#2448 = AXIS2_PLACEMENT_3D ( 'NONE', #137, #476, #276 ) ;
#2449 = VERTEX_POINT ( 'NONE', #1446 ) ;
#2450 = ADVANCED_FACE ( 'NONE', ( #1247 ), #1839, .F. ) ;
#2451 = ORIENTED_EDGE ( 'NONE', *, *, #443, .T. ) ;
#2452 = CARTESIAN_POINT ( 'NONE',  ( 1.183865177926280765, -0.9737504070013722757, -3.937499999999999556 ) ) ;
#2453 = CARTESIAN_POINT ( 'NONE',  ( -0.9581979986823332407, -0.9737504070013722757, -3.937499999999999556 ) ) ;
#2454 = CARTESIAN_POINT ( 'NONE',  ( -0.6339938422226513159, -0.7421760095301702664, -3.937499999999999556 ) ) ;
#2455 = LINE ( 'NONE', #666, #1416 ) ;
#2456 = DIRECTION ( 'NONE',  ( 0.000000000000000000, -0.000000000000000000, 1.000000000000000000 ) ) ;
#2457 = DIRECTION ( 'NONE',  ( -0.000000000000000000, 5.463695987328527423E-16, -1.000000000000000000 ) ) ;
#2458 = ORIENTED_EDGE ( 'NONE', *, *, #133, .T. ) ;
#2459 = ORIENTED_EDGE ( 'NONE', *, *, #1405, .T. ) ;
#2460 = CIRCLE ( 'NONE', #2438, 0.1446850393700785942 ) ;
#2461 = ORIENTED_EDGE ( 'NONE', *, *, #2095, .F. ) ;
#2462 = AXIS2_PLACEMENT_3D ( 'NONE', #838, #1443, #2270 ) ;
#2463 = EDGE_LOOP ( 'NONE', ( #157, #620, #1475, #2296 ) ) ;
#2464 = CARTESIAN_POINT ( 'NONE',  ( 3.500000000000000000, -1.125000000000000000, 0.000000000000000000 ) ) ;
#2465 = AXIS2_PLACEMENT_3D ( 'NONE', #988, #2544, #2347 ) ;
#2466 = VECTOR ( 'NONE', #1342, 39.37007874015748143 ) ;
#2467 = EDGE_CURVE ( 'NONE', #672, #1215, #2049, .T. ) ;
#2468 = CARTESIAN_POINT ( 'NONE',  ( -0.5239960034238303477, 1.069893650681981390, -4.000000000000000000 ) ) ;
#2469 = FACE_OUTER_BOUND ( 'NONE', #1887, .T. ) ;
#2470 = CARTESIAN_POINT ( 'NONE',  ( 3.249999999999999556, -1.250000000000000000, -3.750000000000000000 ) ) ;
#2471 = EDGE_CURVE ( 'NONE', #2042, #346, #2251, .T. ) ;
#2472 = DIRECTION ( 'NONE',  ( 0.000000000000000000, 0.000000000000000000, 1.000000000000000000 ) ) ;
#2473 = ORIENTED_EDGE ( 'NONE', *, *, #598, .T. ) ;
#2474 = ORIENTED_EDGE ( 'NONE', *, *, #948, .T. ) ;
#2475 = VERTEX_POINT ( 'NONE', #2062 ) ;
#2476 = ORIENTED_EDGE ( 'NONE', *, *, #623, .T. ) ;
#2477 = ADVANCED_FACE ( 'NONE', ( #262 ), #66, .F. ) ;
#2478 = CARTESIAN_POINT ( 'NONE',  ( -0.4139981646250093239, -0.9737504070013722757, -3.937499999999999556 ) ) ;
#2479 = EDGE_CURVE ( 'NONE', #1226, #1218, #95, .T. ) ;
#2480 = DIRECTION ( 'NONE',  ( -3.642463991552351451E-16, 1.000000000000000000, -0.000000000000000000 ) ) ;
#2481 = CARTESIAN_POINT ( 'NONE',  ( -0.4872496493806568463, -0.9737504070013722757, -3.937499999999999556 ) ) ;
#2482 = DIRECTION ( 'NONE',  ( 0.000000000000000000, -0.000000000000000000, 1.000000000000000000 ) ) ;
#2483 = EDGE_CURVE ( 'NONE', #2096, #2494, #801, .T. ) ;
#2484 = DIRECTION ( 'NONE',  ( -1.000000000000000000, 1.092739197465705287E-16, -0.000000000000000000 ) ) ;
#2485 = ADVANCED_FACE ( 'NONE', ( #2469 ), #1876, .T. ) ;
#2486 = VECTOR ( 'NONE', #2300, 39.37007874015748143 ) ;
#2487 = CARTESIAN_POINT ( 'NONE',  ( 0.3369300638415009264, 1.506990325908874162, -3.937499999999999556 ) ) ;
#2488 = CARTESIAN_POINT ( 'NONE',  ( -3.499999999999998668, -1.500000000000000222, -3.750000000000000000 ) ) ;
#2489 = DIRECTION ( 'NONE',  ( 0.000000000000000000, 0.000000000000000000, 1.000000000000000000 ) ) ;
#2490 = ORIENTED_EDGE ( 'NONE', *, *, #2343, .T. ) ;
#2491 = ORIENTED_EDGE ( 'NONE', *, *, #1406, .F. ) ;
#2492 = ORIENTED_EDGE ( 'NONE', *, *, #1480, .T. ) ;
#2493 = AXIS2_PLACEMENT_3D ( 'NONE', #1052, #263, #1651 ) ;
#2494 = VERTEX_POINT ( 'NONE', #1920 ) ;
#2495 = VECTOR ( 'NONE', #1165, 39.37007874015748143 ) ;
#2496 = CARTESIAN_POINT ( 'NONE',  ( 0.6713126717974154944, -0.6234941308261797710, -3.937499999999999556 ) ) ;
#2497 = ORIENTED_EDGE ( 'NONE', *, *, #510, .F. ) ;
#2498 = CARTESIAN_POINT ( 'NONE',  ( 0.6713126717974154944, -0.6234941308261797710, -4.000000000000000000 ) ) ;
#2499 = DIRECTION ( 'NONE',  ( -0.000000000000000000, -0.000000000000000000, -1.000000000000000000 ) ) ;
#2500 = CARTESIAN_POINT ( 'NONE',  ( 0.000000000000000000, 0.000000000000000000, -3.937499999999999556 ) ) ;
#2501 = CARTESIAN_POINT ( 'NONE',  ( 3.000000000000001776, -2.366025403784438375, -3.750000000000000000 ) ) ;
#2502 = DIRECTION ( 'NONE',  ( -3.642463991552350958E-16, 1.000000000000000000, 0.000000000000000000 ) ) ;
#2503 = CARTESIAN_POINT ( 'NONE',  ( 2.250000000000000000, 1.250000000000000000, -3.750000000000000000 ) ) ;
#2504 = DIRECTION ( 'NONE',  ( 1.000000000000000000, 0.000000000000000000, 0.000000000000000000 ) ) ;
#2505 = ORIENTED_EDGE ( 'NONE', *, *, #488, .F. ) ;
#2506 = EDGE_LOOP ( 'NONE', ( #2029, #646, #177, #925, #2167, #856, #1451 ) ) ;
#2507 = VERTEX_POINT ( 'NONE', #2088 ) ;
#2508 = EDGE_CURVE ( 'NONE', #432, #2042, #680, .T. ) ;
#2509 = VERTEX_POINT ( 'NONE', #879 ) ;
#2510 = DIRECTION ( 'NONE',  ( 0.000000000000000000, 0.000000000000000000, 1.000000000000000000 ) ) ;
#2511 = CARTESIAN_POINT ( 'NONE',  ( 3.000000000000001776, 2.500078740157480439, -4.000000000000000000 ) ) ;
#2512 = CARTESIAN_POINT ( 'NONE',  ( 0.000000000000000000, 0.1250000000000000000, -3.937499999999999556 ) ) ;
#2513 = CARTESIAN_POINT ( 'NONE',  ( -0.8366214400099523107, -0.9737504070013722757, -4.000000000000000000 ) ) ;
#2514 = AXIS2_PLACEMENT_3D ( 'NONE', #200, #1585, #1162 ) ;
#2515 = AXIS2_PLACEMENT_3D ( 'NONE', #386, #571, #613 ) ;
#2516 = DIRECTION ( 'NONE',  ( -0.000000000000000000, -0.000000000000000000, -1.000000000000000000 ) ) ;
#2517 = PLANE ( 'NONE',  #951 ) ;
#2518 = CARTESIAN_POINT ( 'NONE',  ( -0.1151670603967097917, 1.135667212185954567, -4.000000000000000000 ) ) ;
#2519 = ORIENTED_EDGE ( 'NONE', *, *, #1216, .T. ) ;
#2520 = ADVANCED_FACE ( 'NONE', ( #498 ), #2272, .F. ) ;
#2521 = VERTEX_POINT ( 'NONE', #484 ) ;
#2522 = ADVANCED_FACE ( 'NONE', ( #927 ), #1540, .T. ) ;
#2523 = CARTESIAN_POINT ( 'NONE',  ( -2.000000000000000000, -2.500000000000000000, -4.000000000000000888 ) ) ;
#2524 = EDGE_CURVE ( 'NONE', #1864, #257, #1510, .T. ) ;
#2525 = VERTEX_POINT ( 'NONE', #286 ) ;
#2526 = CARTESIAN_POINT ( 'NONE',  ( 3.750000000000000000, -1.125000000000000000, 0.2500000000000000000 ) ) ;
#2527 = PLANE ( 'NONE',  #1694 ) ;
#2528 = CARTESIAN_POINT ( 'NONE',  ( -3.374999999999999556, 0.7500000000000002220, -1.124999999999999778 ) ) ;
#2529 = DIRECTION ( 'NONE',  ( 0.000000000000000000, -0.000000000000000000, 1.000000000000000000 ) ) ;
#2530 = FACE_OUTER_BOUND ( 'NONE', #643, .T. ) ;
#2531 = CARTESIAN_POINT ( 'NONE',  ( 0.000000000000000000, -1.125000000000000000, 0.000000000000000000 ) ) ;
#2532 = VECTOR ( 'NONE', #1132, 39.37007874015748854 ) ;
#2533 = ORIENTED_EDGE ( 'NONE', *, *, #2260, .F. ) ;
#2534 = ORIENTED_EDGE ( 'NONE', *, *, #2569, .F. ) ;
#2535 = ADVANCED_FACE ( 'NONE', ( #1525 ), #1088, .T. ) ;
#2536 = FACE_OUTER_BOUND ( 'NONE', #874, .T. ) ;
#2537 = VECTOR ( 'NONE', #1041, 39.37007874015748143 ) ;
#2538 = ORIENTED_EDGE ( 'NONE', *, *, #123, .T. ) ;
#2539 = VECTOR ( 'NONE', #2457, 39.37007874015748143 ) ;
#2540 = LINE ( 'NONE', #2513, #2367 ) ;
#2541 = DIRECTION ( 'NONE',  ( -1.000000000000000000, 0.000000000000000000, 0.000000000000000000 ) ) ;
#2542 = LINE ( 'NONE', #1160, #1817 ) ;
#2543 = ORIENTED_EDGE ( 'NONE', *, *, #1294, .F. ) ;
#2544 = DIRECTION ( 'NONE',  ( 0.000000000000000000, -0.000000000000000000, 1.000000000000000000 ) ) ;
#2545 = DIRECTION ( 'NONE',  ( 1.000000000000000000, 0.000000000000000000, 0.000000000000000000 ) ) ;
#2546 = LINE ( 'NONE', #759, #576 ) ;
#2547 = ORIENTED_EDGE ( 'NONE', *, *, #475, .F. ) ;
#2548 = CARTESIAN_POINT ( 'NONE',  ( -2.000000000000000000, -2.500000000000000000, -4.000000000000000888 ) ) ;
#2549 = ORIENTED_EDGE ( 'NONE', *, *, #543, .F. ) ;
#2550 = ORIENTED_EDGE ( 'NONE', *, *, #1384, .F. ) ;
#2551 = CARTESIAN_POINT ( 'NONE',  ( -0.6339938422226513159, -0.9737504070013722757, -3.937499999999999556 ) ) ;
#2552 = VECTOR ( 'NONE', #1964, 39.37007874015748143 ) ;
#2553 = CARTESIAN_POINT ( 'NONE',  ( -2.500000000000000000, 2.500000000000000000, 0.000000000000000000 ) ) ;
#2554 = CARTESIAN_POINT ( 'NONE',  ( -0.9581979986823332407, -0.7421760095301702664, -4.000000000000000000 ) ) ;
#2555 = ORIENTED_EDGE ( 'NONE', *, *, #526, .T. ) ;
#2556 = CARTESIAN_POINT ( 'NONE',  ( -0.8974097193461427757, -0.5983336800247694987, -3.937499999999999556 ) ) ;
#2557 = CARTESIAN_POINT ( 'NONE',  ( -0.4872496493806568463, -0.9737504070013722757, -3.937499999999999556 ) ) ;
#2558 = EDGE_CURVE ( 'NONE', #1452, #2122, #1498, .T. ) ;
#2559 = DIRECTION ( 'NONE',  ( 0.000000000000000000, -1.000000000000000000, 0.000000000000000000 ) ) ;
#2560 = AXIS2_PLACEMENT_3D ( 'NONE', #2184, #962, #1783 ) ;
#2561 = VECTOR ( 'NONE', #2578, 39.37007874015748143 ) ;
#2562 = CARTESIAN_POINT ( 'NONE',  ( 0.1910346733558308252, -0.2633492636761396999, -4.000000000000000000 ) ) ;
#2563 = AXIS2_PLACEMENT_3D ( 'NONE', #2138, #163, #973 ) ;
#2564 = VERTEX_POINT ( 'NONE', #313 ) ;
#2565 = ORIENTED_EDGE ( 'NONE', *, *, #1450, .F. ) ;
#2566 = ADVANCED_FACE ( 'NONE', ( #1330 ), #1902, .F. ) ;
#2567 = CARTESIAN_POINT ( 'NONE',  ( -2.500000000000000000, 1.500000000000000888, -4.000000000000000000 ) ) ;
#2568 = ORIENTED_EDGE ( 'NONE', *, *, #88, .F. ) ;
#2569 = EDGE_CURVE ( 'NONE', #861, #2224, #5, .T. ) ;
#2570 = ADVANCED_FACE ( 'NONE', ( #1315 ), #1736, .F. ) ;
#2571 = CARTESIAN_POINT ( 'NONE',  ( 0.2923037476621550002, -0.6900717700991503278, -4.000000000000000000 ) ) ;
#2572 = LINE ( 'NONE', #1615, #1002 ) ;
#2573 = CARTESIAN_POINT ( 'NONE',  ( 2.500000000000000000, -1.500000000000000222, -4.000000000000000000 ) ) ;
#2574 = FACE_OUTER_BOUND ( 'NONE', #1866, .T. ) ;
#2575 = ORIENTED_EDGE ( 'NONE', *, *, #1998, .T. ) ;
#2576 = VERTEX_POINT ( 'NONE', #1116 ) ;
#2577 = VECTOR ( 'NONE', #519, 39.37007874015748143 ) ;
#2578 = DIRECTION ( 'NONE',  ( -0.000000000000000000, -0.000000000000000000, -1.000000000000000000 ) ) ;
#2579 = PLANE ( 'NONE',  #2059 ) ;
#2580 = FACE_OUTER_BOUND ( 'NONE', #1798, .T. ) ;
#2581 = DIRECTION ( 'NONE',  ( 0.000000000000000000, 0.000000000000000000, 1.000000000000000000 ) ) ;
#2582 = DIRECTION ( 'NONE',  ( 1.000000000000000000, 0.000000000000000000, 0.000000000000000000 ) ) ;
#2583 = ORIENTED_EDGE ( 'NONE', *, *, #311, .T. ) ;
#2584 = ORIENTED_EDGE ( 'NONE', *, *, #1202, .T. ) ;
#2585 = ADVANCED_FACE ( 'NONE', ( #119 ), #1720, .F. ) ;
#2586 = VECTOR ( 'NONE', #481, 39.37007874015748143 ) ;
#2587 = DIRECTION ( 'NONE',  ( 1.000000000000000000, 0.000000000000000000, 0.000000000000000000 ) ) ;
ENDSEC;
END-ISO-10303-21;
