ISO-10303-21;
HEADER;
FILE_DESCRIPTION (( 'STEP AP214' ),
    '1' );
FILE_NAME ('Smart_Locker_Door.STEP',
    '2026-05-08T05:16:31',
    ( '' ),
    ( '' ),
    'SwSTEP 2.0',
    'SolidWorks 2025',
    '' );
FILE_SCHEMA (( 'AUTOMOTIVE_DESIGN' ));
ENDSEC;

DATA;
#1 = ORIENTED_EDGE ( 'NONE', *, *, #242, .F. ) ;
#2 = DIRECTION ( 'NONE',  ( -0.000000000000000000, -1.000000000000000000, -0.000000000000000000 ) ) ;
#3 = LINE ( 'NONE', #2544, #93 ) ;
#4 = LINE ( 'NONE', #2819, #1887 ) ;
#5 = DIRECTION ( 'NONE',  ( -0.000000000000000000, -0.000000000000000000, -1.000000000000000000 ) ) ;
#6 = ORIENTED_EDGE ( 'NONE', *, *, #2849, .F. ) ;
#7 = CARTESIAN_POINT ( 'NONE',  ( -0.9803149606299221830, -2.205000000000001847, 1.000000000000000000 ) ) ;
#8 = B_SPLINE_CURVE_WITH_KNOTS ( 'NONE', 3,
 ( #1788, #2930, #1510, #2650 ),
 .UNSPECIFIED., .F., .F.,
 ( 4, 4 ),
 ( 0.000000000000000000, 0.001672011815512645634 ),
 .UNSPECIFIED. ) ;
#9 = FACE_OUTER_BOUND ( 'NONE', #1119, .T. ) ;
#10 = DIRECTION ( 'NONE',  ( 1.208866533781747157E-16, -1.000000000000000000, 0.000000000000000000 ) ) ;
#11 = ORIENTED_EDGE ( 'NONE', *, *, #1345, .F. ) ;
#12 = ORIENTED_EDGE ( 'NONE', *, *, #1314, .T. ) ;
#13 = CARTESIAN_POINT ( 'NONE',  ( 4.000000000000000888, -1.140000000000000124, -0.1250000000000000278 ) ) ;
#14 = EDGE_CURVE ( 'NONE', #374, #3531, #2318, .T. ) ;
#15 = VERTEX_POINT ( 'NONE', #872 ) ;
#16 = ORIENTED_EDGE ( 'NONE', *, *, #687, .F. ) ;
#17 = DIRECTION ( 'NONE',  ( 0.000000000000000000, 1.000000000000000000, 0.000000000000000000 ) ) ;
#18 = ADVANCED_FACE ( 'NONE', ( #1131 ), #2890, .F. ) ;
#19 = ORIENTED_EDGE ( 'NONE', *, *, #242, .T. ) ;
#20 = DIRECTION ( 'NONE',  ( -1.000000000000000000, -9.106159978880878627E-17, 0.000000000000000000 ) ) ;
#21 = EDGE_CURVE ( 'NONE', #255, #1908, #399, .T. ) ;
#22 = DIRECTION ( 'NONE',  ( -0.000000000000000000, -0.000000000000000000, 1.000000000000000000 ) ) ;
#23 = CARTESIAN_POINT ( 'NONE',  ( 2.207185039370077817, -0.6250000000000005551, 0.2500000000000000000 ) ) ;
#24 = CYLINDRICAL_SURFACE ( 'NONE', #1179, 0.9999999999999996669 ) ;
#25 = EDGE_LOOP ( 'NONE', ( #137, #2107, #914, #797, #1116, #1836, #1367, #37, #1396, #1541 ) ) ;
#26 = PLANE ( 'NONE',  #2840 ) ;
#27 = CARTESIAN_POINT ( 'NONE',  ( -0.9803149606299221830, -2.080000000000001847, 1.000000000000000000 ) ) ;
#28 =( NAMED_UNIT ( * ) PLANE_ANGLE_UNIT ( ) SI_UNIT ( $, .RADIAN. ) );
#29 = CARTESIAN_POINT ( 'NONE',  ( 3.500000000000001332, -1.140000000000000124, -0.5000000000000000000 ) ) ;
#30 = ORIENTED_EDGE ( 'NONE', *, *, #1865, .T. ) ;
#31 = CARTESIAN_POINT ( 'NONE',  ( 2.269685039370077373, 1.832185039370078261, 0.2500000000000000000 ) ) ;
#32 = CARTESIAN_POINT ( 'NONE',  ( -1.750000000000001332, 0.2696850393700783721, 0.8750000000000000000 ) ) ;
#33 = AXIS2_PLACEMENT_3D ( 'NONE', #3681, #2027, #607 ) ;
#34 = ORIENTED_EDGE ( 'NONE', *, *, #2860, .F. ) ;
#35 = AXIS2_PLACEMENT_3D ( 'NONE', #2214, #3315, #263 ) ;
#36 = AXIS2_PLACEMENT_3D ( 'NONE', #208, #1073, #2757 ) ;
#37 = ORIENTED_EDGE ( 'NONE', *, *, #315, .T. ) ;
#38 = PLANE ( 'NONE',  #1462 ) ;
#39 = VERTEX_POINT ( 'NONE', #31 ) ;
#40 = DIRECTION ( 'NONE',  ( 1.000000000000000000, 3.642463991552351451E-16, 0.000000000000000000 ) ) ;
#41 = VECTOR ( 'NONE', #1665, 39.37007874015748143 ) ;
#42 = EDGE_CURVE ( 'NONE', #870, #2390, #1895, .T. ) ;
#43 = CIRCLE ( 'NONE', #2788, 0.1250000000000000000 ) ;
#44 = CARTESIAN_POINT ( 'NONE',  ( -1.750000000000001554, 1.894685039370077817, 0.2500000000000000000 ) ) ;
#45 = EDGE_CURVE ( 'NONE', #672, #1976, #578, .T. ) ;
#46 = CARTESIAN_POINT ( 'NONE',  ( -2.750000000000001332, 0.1446850393700783444, 0.000000000000000000 ) ) ;
#47 = LINE ( 'NONE', #903, #1643 ) ;
#48 = EDGE_LOOP ( 'NONE', ( #3545, #30, #3303, #979, #3412, #1092, #1978, #2413 ) ) ;
#49 = CARTESIAN_POINT ( 'NONE',  ( 2.269685039370077817, -0.5625000000000006661, 0.2500000000000000000 ) ) ;
#50 = DIRECTION ( 'NONE',  ( 1.000000000000000000, 9.106159978880878627E-17, -0.000000000000000000 ) ) ;
#51 = B_SPLINE_CURVE_WITH_KNOTS ( 'NONE', 3,
 ( #846, #2587, #1745, #2628, #67, #920, #1202, #309, #2886, #2331, #292, #2066, #2825, #548, #3686, #2609, #2288, #268, #3466, #2048, #351, #1408 ),
 .UNSPECIFIED., .F., .F.,
 ( 4, 2, 2, 2, 2, 2, 2, 2, 2, 2, 4 ),
 ( 0.000000000000000000, 0.001275766842712339373, 0.001913650264068509277, 0.002551533685424678746, 0.003827300528136998604, 0.004465183949493158749, 0.005103067370849319329, 0.006378834213561628344, 0.007654601056273938227, 0.008930367898986249844, 0.01020613474169855886 ),
 .UNSPECIFIED. ) ;
#52 = DIMENSIONAL_EXPONENTS ( 1.000000000000000000, 0.000000000000000000, 0.000000000000000000, 0.000000000000000000, 0.000000000000000000, 0.000000000000000000, 0.000000000000000000 ) ;
#53 = LINE ( 'NONE', #1713, #345 ) ;
#54 = VERTEX_POINT ( 'NONE', #599 ) ;
#55 = ORIENTED_EDGE ( 'NONE', *, *, #3530, .T. ) ;
#56 = FACE_OUTER_BOUND ( 'NONE', #3272, .T. ) ;
#57 = VERTEX_POINT ( 'NONE', #2872 ) ;
#58 = DIRECTION ( 'NONE',  ( 0.000000000000000000, 0.000000000000000000, 1.000000000000000000 ) ) ;
#59 = ORIENTED_EDGE ( 'NONE', *, *, #974, .F. ) ;
#60 = DIRECTION ( 'NONE',  ( 0.000000000000000000, 0.000000000000000000, 1.000000000000000000 ) ) ;
#61 = DIRECTION ( 'NONE',  ( -0.000000000000000000, -0.000000000000000000, 1.000000000000000000 ) ) ;
#62 = CIRCLE ( 'NONE', #3489, 0.1250000000000000000 ) ;
#63 = DIRECTION ( 'NONE',  ( -1.000000000000000000, 0.000000000000000000, 0.000000000000000000 ) ) ;
#64 = CARTESIAN_POINT ( 'NONE',  ( -0.9803149606299221830, -0.6250000000000011102, 0.8750000000000000000 ) ) ;
#65 = EDGE_CURVE ( 'NONE', #1275, #2292, #1171, .T. ) ;
#66 = LINE ( 'NONE', #2122, #1831 ) ;
#67 = CARTESIAN_POINT ( 'NONE',  ( -1.566427422745552356, -1.499928209561783632, -0.2588387457386742696 ) ) ;
#68 = CARTESIAN_POINT ( 'NONE',  ( -2.000000000000001332, -0.8750000000000012212, 0.1982233047033631068 ) ) ;
#69 = ORIENTED_EDGE ( 'NONE', *, *, #2209, .F. ) ;
#70 = ORIENTED_EDGE ( 'NONE', *, *, #2380, .F. ) ;
#71 = CARTESIAN_POINT ( 'NONE',  ( 2.467908344073440396, 2.092908344073441285, 0.2500000000000000555 ) ) ;
#72 = CARTESIAN_POINT ( 'NONE',  ( -2.250000000000000000, 1.000000000000000222, -1.000000000000000222 ) ) ;
#73 = ORIENTED_EDGE ( 'NONE', *, *, #3001, .T. ) ;
#74 = LINE ( 'NONE', #1154, #629 ) ;
#75 = VERTEX_POINT ( 'NONE', #1847 ) ;
#76 = PLANE ( 'NONE',  #284 ) ;
#77 = DIRECTION ( 'NONE',  ( 9.106159978880879367E-16, -1.000000000000000000, 0.000000000000000000 ) ) ;
#78 = DIRECTION ( 'NONE',  ( 0.000000000000000000, 0.000000000000000000, 1.000000000000000000 ) ) ;
#79 = CARTESIAN_POINT ( 'NONE',  ( 3.875000000000001332, 1.139999999999999902, -0.3749999999999999445 ) ) ;
#80 = FACE_OUTER_BOUND ( 'NONE', #1473, .T. ) ;
#81 = LINE ( 'NONE', #2087, #3197 ) ;
#82 = EDGE_CURVE ( 'NONE', #3246, #2427, #3025, .T. ) ;
#83 = DIRECTION ( 'NONE',  ( -1.000000000000000000, -0.000000000000000000, -0.000000000000000000 ) ) ;
#84 = CARTESIAN_POINT ( 'NONE',  ( -2.000000000000001776, -0.5000000000000011102, 1.000000000000000000 ) ) ;
#85 = ORIENTED_EDGE ( 'NONE', *, *, #658, .T. ) ;
#86 = ORIENTED_EDGE ( 'NONE', *, *, #2754, .T. ) ;
#87 = CARTESIAN_POINT ( 'NONE',  ( -2.500000000000000000, -1.968245836551854477, -0.2500000000000000000 ) ) ;
#88 = EDGE_CURVE ( 'NONE', #146, #172, #168, .T. ) ;
#89 = DIRECTION ( 'NONE',  ( 0.000000000000000000, 1.000000000000000000, 0.000000000000000000 ) ) ;
#90 = AXIS2_PLACEMENT_3D ( 'NONE', #474, #784, #3579 ) ;
#91 = ORIENTED_EDGE ( 'NONE', *, *, #3215, .T. ) ;
#92 = DIRECTION ( 'NONE',  ( -1.000000000000000000, 0.000000000000000000, 0.000000000000000000 ) ) ;
#93 = VECTOR ( 'NONE', #1664, 39.37007874015748143 ) ;
#94 = ORIENTED_EDGE ( 'NONE', *, *, #900, .T. ) ;
#95 = PLANE ( 'NONE',  #515 ) ;
#96 = CIRCLE ( 'NONE', #1540, 0.4999999999999999445 ) ;
#97 = VECTOR ( 'NONE', #1055, 39.37007874015748143 ) ;
#98 = VECTOR ( 'NONE', #3511, 39.37007874015748143 ) ;
#99 = CARTESIAN_POINT ( 'NONE',  ( -1.712405342399958563, -1.755840494151896136, -0.3226423537605237479 ) ) ;
#100 = CIRCLE ( 'NONE', #1170, 0.1250000000000000278 ) ;
#101 = CARTESIAN_POINT ( 'NONE',  ( 2.269685039370077817, -0.6250000000000005551, 0.2500000000000000000 ) ) ;
#102 = VECTOR ( 'NONE', #2666, 39.37007874015748143 ) ;
#103 = CIRCLE ( 'NONE', #219, 0.06249999999999995143 ) ;
#104 = CYLINDRICAL_SURFACE ( 'NONE', #637, 0.2500000000000000000 ) ;
#105 = EDGE_CURVE ( 'NONE', #1584, #252, #1804, .T. ) ;
#106 = DIRECTION ( 'NONE',  ( 0.000000000000000000, -1.000000000000000000, 0.000000000000000000 ) ) ;
#107 = FACE_BOUND ( 'NONE', #187, .T. ) ;
#108 = VECTOR ( 'NONE', #368, 39.37007874015748143 ) ;
#109 = DIRECTION ( 'NONE',  ( 0.000000000000000000, 0.000000000000000000, 1.000000000000000000 ) ) ;
#110 = ORIENTED_EDGE ( 'NONE', *, *, #2222, .T. ) ;
#111 = ORIENTED_EDGE ( 'NONE', *, *, #2395, .T. ) ;
#112 = CARTESIAN_POINT ( 'NONE',  ( -2.297744921422300024, 1.489675157217478230, -0.3521144059012443761 ) ) ;
#113 = DIRECTION ( 'NONE',  ( 9.106159978880879367E-16, -1.000000000000000000, -0.000000000000000000 ) ) ;
#114 = EDGE_CURVE ( 'NONE', #152, #3533, #2119, .T. ) ;
#115 = ORIENTED_EDGE ( 'NONE', *, *, #1620, .T. ) ;
#116 = CARTESIAN_POINT ( 'NONE',  ( -1.750000000000001554, 1.832185039370077817, 0.2500000000000000000 ) ) ;
#117 = ORIENTED_EDGE ( 'NONE', *, *, #3163, .T. ) ;
#118 = EDGE_CURVE ( 'NONE', #522, #3670, #729, .T. ) ;
#119 = DIRECTION ( 'NONE',  ( -1.000000000000000000, 0.000000000000000000, 0.000000000000000000 ) ) ;
#120 = EDGE_LOOP ( 'NONE', ( #1019, #2256, #721, #1689, #1087 ) ) ;
#121 = PLANE ( 'NONE',  #2900 ) ;
#122 = FACE_OUTER_BOUND ( 'NONE', #1366, .T. ) ;
#123 = CARTESIAN_POINT ( 'NONE',  ( -1.750000000000000222, -1.000000000000000222, -1.000000000000000222 ) ) ;
#124 = CARTESIAN_POINT ( 'NONE',  ( -0.9803149606299220720, -2.205000000000001847, 0.000000000000000000 ) ) ;
#125 = CARTESIAN_POINT ( 'NONE',  ( -1.750000000000001554, 0.01968503937007829580, 0.7650000000000001243 ) ) ;
#126 = LINE ( 'NONE', #3525, #108 ) ;
#127 = EDGE_CURVE ( 'NONE', #1618, #615, #1551, .T. ) ;
#128 = ORIENTED_EDGE ( 'NONE', *, *, #1651, .F. ) ;
#129 = EDGE_LOOP ( 'NONE', ( #300, #1570, #428, #535, #3329, #1004, #2478 ) ) ;
#130 = CARTESIAN_POINT ( 'NONE',  ( -1.750000000000001776, 0.1446850393700777060, 0.6400000000000000133 ) ) ;
#131 = DIRECTION ( 'NONE',  ( -1.000000000000000000, -9.106159978880878627E-17, -0.000000000000000000 ) ) ;
#132 = ORIENTED_EDGE ( 'NONE', *, *, #2188, .F. ) ;
#133 = LINE ( 'NONE', #2713, #448 ) ;
#134 = EDGE_CURVE ( 'NONE', #522, #1917, #2711, .T. ) ;
#135 = ORIENTED_EDGE ( 'NONE', *, *, #2552, .F. ) ;
#136 = EDGE_CURVE ( 'NONE', #1908, #3031, #2726, .T. ) ;
#137 = ORIENTED_EDGE ( 'NONE', *, *, #2523, .F. ) ;
#138 = DIRECTION ( 'NONE',  ( -1.000000000000000000, -1.365923996832131363E-16, 0.000000000000000000 ) ) ;
#139 = ADVANCED_FACE ( 'NONE', ( #3546 ), #3266, .F. ) ;
#140 = CARTESIAN_POINT ( 'NONE',  ( 0.7696850393700778170, -0.7500000000000007772, 0.3749999999999999445 ) ) ;
#141 = EDGE_CURVE ( 'NONE', #1284, #3603, #1645, .T. ) ;
#142 = DIRECTION ( 'NONE',  ( 0.000000000000000000, 0.000000000000000000, -1.000000000000000000 ) ) ;
#143 = CARTESIAN_POINT ( 'NONE',  ( 0.8946850393700779280, 0.000000000000000000, 0.2500000000000000000 ) ) ;
#144 = LINE ( 'NONE', #1547, #1166 ) ;
#145 = DIRECTION ( 'NONE',  ( 0.000000000000000000, 0.000000000000000000, -1.000000000000000000 ) ) ;
#146 = VERTEX_POINT ( 'NONE', #3281 ) ;
#147 = ORIENTED_EDGE ( 'NONE', *, *, #2146, .F. ) ;
#148 = DIRECTION ( 'NONE',  ( -0.000000000000000000, 1.000000000000000000, -0.000000000000000000 ) ) ;
#149 = DIRECTION ( 'NONE',  ( -1.000000000000000000, -1.359234848953423774E-16, 0.000000000000000000 ) ) ;
#150 = CYLINDRICAL_SURFACE ( 'NONE', #3606, 0.1446850393700786497 ) ;
#151 = EDGE_LOOP ( 'NONE', ( #593, #1117, #2710, #3416 ) ) ;
#152 = VERTEX_POINT ( 'NONE', #2074 ) ;
#153 = VECTOR ( 'NONE', #175, 39.37007874015748143 ) ;
#154 = ORIENTED_EDGE ( 'NONE', *, *, #1185, .F. ) ;
#155 = CARTESIAN_POINT ( 'NONE',  ( -1.750000000000000444, 1.441495752531809726, -0.4853069252890498397 ) ) ;
#156 = CARTESIAN_POINT ( 'NONE',  ( 4.000000000000000888, -1.739999999999999991, -0.3749999999999999445 ) ) ;
#157 = EDGE_CURVE ( 'NONE', #3675, #2506, #8, .T. ) ;
#158 = CIRCLE ( 'NONE', #2956, 0.1250000000000000000 ) ;
#159 = CARTESIAN_POINT ( 'NONE',  ( 0.5196850393700778170, -0.8750000000000012212, 1.000000000000000000 ) ) ;
#160 = CIRCLE ( 'NONE', #508, 0.1250000000000000278 ) ;
#161 = VECTOR ( 'NONE', #2775, 39.37007874015748143 ) ;
#162 = CARTESIAN_POINT ( 'NONE',  ( 1.304685039370077737, 2.082185039370078261, 0.2500393700787401641 ) ) ;
#163 = LINE ( 'NONE', #2406, #867 ) ;
#164 = VECTOR ( 'NONE', #3349, 39.37007874015748143 ) ;
#165 = DIRECTION ( 'NONE',  ( -1.000000000000000000, 0.000000000000000000, 0.000000000000000000 ) ) ;
#166 = VERTEX_POINT ( 'NONE', #656 ) ;
#167 = AXIS2_PLACEMENT_3D ( 'NONE', #1747, #10, #2532 ) ;
#168 = LINE ( 'NONE', #2109, #2485 ) ;
#169 = LINE ( 'NONE', #3243, #2424 ) ;
#170 = CARTESIAN_POINT ( 'NONE',  ( 3.730314960629926180, -2.500039370078741552, -0.2499999999999999722 ) ) ;
#171 = VERTEX_POINT ( 'NONE', #87 ) ;
#172 = VERTEX_POINT ( 'NONE', #2373 ) ;
#173 = CARTESIAN_POINT ( 'NONE',  ( 4.000000000000000888, 1.140000000000000124, -0.5000000000000000000 ) ) ;
#174 = LINE ( 'NONE', #2492, #3499 ) ;
#175 = DIRECTION ( 'NONE',  ( -0.000000000000000000, -0.000000000000000000, -1.000000000000000000 ) ) ;
#176 = EDGE_CURVE ( 'NONE', #728, #2577, #2135, .T. ) ;
#177 = DIRECTION ( 'NONE',  ( 0.000000000000000000, 0.000000000000000000, 1.000000000000000000 ) ) ;
#178 = CARTESIAN_POINT ( 'NONE',  ( -2.250000000000000000, -1.707106781186547906, -0.4999999999999999445 ) ) ;
#179 = LINE ( 'NONE', #3632, #2016 ) ;
#180 = EDGE_CURVE ( 'NONE', #1564, #1130, #791, .T. ) ;
#181 = ORIENTED_EDGE ( 'NONE', *, *, #1174, .F. ) ;
#182 = CARTESIAN_POINT ( 'NONE',  ( -2.500000000000000000, -2.500000000000000444, 0.000000000000000000 ) ) ;
#183 = CARTESIAN_POINT ( 'NONE',  ( -1.750000000000001776, -0.3553149606299215169, 0.7650000000000000133 ) ) ;
#184 = ADVANCED_FACE ( 'NONE', ( #467 ), #3041, .T. ) ;
#185 = CYLINDRICAL_SURFACE ( 'NONE', #2477, 0.06250000000000022204 ) ;
#186 = ORIENTED_EDGE ( 'NONE', *, *, #772, .F. ) ;
#187 = EDGE_LOOP ( 'NONE', ( #336, #2864 ) ) ;
#188 = ORIENTED_EDGE ( 'NONE', *, *, #1843, .T. ) ;
#189 = CARTESIAN_POINT ( 'NONE',  ( -1.744606576039579471, 1.459291932554579452, -0.4477858952126054781 ) ) ;
#190 = CARTESIAN_POINT ( 'NONE',  ( -0.9803149606299221830, -2.080000000000001847, 0.8750000000000000000 ) ) ;
#191 = DIRECTION ( 'NONE',  ( -0.000000000000000000, -1.000000000000000000, 0.000000000000000000 ) ) ;
#192 = DIRECTION ( 'NONE',  ( -1.000000000000000000, 0.000000000000000000, 0.000000000000000000 ) ) ;
#193 = FACE_OUTER_BOUND ( 'NONE', #1450, .T. ) ;
#194 = CARTESIAN_POINT ( 'NONE',  ( 3.875000000000000444, -1.739999999999999991, -0.5000000000000000000 ) ) ;
#195 = ORIENTED_EDGE ( 'NONE', *, *, #2920, .F. ) ;
#196 = LINE ( 'NONE', #3366, #161 ) ;
#197 = LINE ( 'NONE', #764, #804 ) ;
#198 = EDGE_CURVE ( 'NONE', #2815, #2292, #2367, .T. ) ;
#199 = CARTESIAN_POINT ( 'NONE',  ( -2.257938540862036714, 1.726184377413890747, -0.4375000000000000000 ) ) ;
#200 = ADVANCED_FACE ( 'NONE', ( #1337 ), #3340, .T. ) ;
#201 = VERTEX_POINT ( 'NONE', #2807 ) ;
#202 = EDGE_LOOP ( 'NONE', ( #3653, #1210, #1433, #3391 ) ) ;
#203 = CARTESIAN_POINT ( 'NONE',  ( -1.736074416680743804, 1.471233059759750050, -0.4173370874419849996 ) ) ;
#204 = LINE ( 'NONE', #2789, #3678 ) ;
#205 = CARTESIAN_POINT ( 'NONE',  ( -2.000000000000001776, 2.144685039370077817, 0.2500000000000000000 ) ) ;
#206 = DIRECTION ( 'NONE',  ( -1.000000000000000000, 0.000000000000000000, 0.000000000000000000 ) ) ;
#207 = AXIS2_PLACEMENT_3D ( 'NONE', #3291, #3048, #2767 ) ;
#208 = CARTESIAN_POINT ( 'NONE',  ( 2.054685039370077515, 2.019685039370078261, 0.2500393700787401641 ) ) ;
#209 = CIRCLE ( 'NONE', #699, 0.1250000000000000278 ) ;
#210 = EDGE_CURVE ( 'NONE', #2577, #2649, #276, .T. ) ;
#211 = AXIS2_PLACEMENT_3D ( 'NONE', #792, #2747, #2762 ) ;
#212 = DIRECTION ( 'NONE',  ( 1.000000000000000000, 9.106159978880878627E-17, 0.000000000000000000 ) ) ;
#213 = AXIS2_PLACEMENT_3D ( 'NONE', #1903, #1604, #3071 ) ;
#214 = VERTEX_POINT ( 'NONE', #1918 ) ;
#215 = DIRECTION ( 'NONE',  ( -1.000000000000000000, -1.359234848953423774E-16, 0.000000000000000000 ) ) ;
#216 = CARTESIAN_POINT ( 'NONE',  ( 4.000000000000000888, 1.140000000000000124, -0.1250000000000000000 ) ) ;
#217 = CIRCLE ( 'NONE', #3502, 0.1446850393700786497 ) ;
#218 = VECTOR ( 'NONE', #3257, 39.37007874015748143 ) ;
#219 = AXIS2_PLACEMENT_3D ( 'NONE', #605, #3159, #2261 ) ;
#220 = DIRECTION ( 'NONE',  ( 0.000000000000000000, 0.000000000000000000, 1.000000000000000000 ) ) ;
#221 = VERTEX_POINT ( 'NONE', #1632 ) ;
#222 = ORIENTED_EDGE ( 'NONE', *, *, #210, .F. ) ;
#223 = VECTOR ( 'NONE', #2759, 39.37007874015748143 ) ;
#224 = EDGE_CURVE ( 'NONE', #3121, #2750, #3088, .T. ) ;
#225 = ORIENTED_EDGE ( 'NONE', *, *, #789, .T. ) ;
#226 = CYLINDRICAL_SURFACE ( 'NONE', #2007, 0.2499999999999999167 ) ;
#227 = CARTESIAN_POINT ( 'NONE',  ( 3.250000000000001776, -1.140000000000000124, -0.2500000000000000000 ) ) ;
#228 = CARTESIAN_POINT ( 'NONE',  ( -2.750000000000001332, 0.3946850393700783166, 1.000000000000000000 ) ) ;
#229 = ORIENTED_EDGE ( 'NONE', *, *, #1981, .T. ) ;
#230 = CARTESIAN_POINT ( 'NONE',  ( 2.499999999999892086, 1.499999999999977351, -0.2500000000000000000 ) ) ;
#231 = DIRECTION ( 'NONE',  ( 9.106159978880879367E-16, -1.000000000000000000, -0.000000000000000000 ) ) ;
#232 = EDGE_CURVE ( 'NONE', #1250, #853, #2432, .T. ) ;
#233 = CARTESIAN_POINT ( 'NONE',  ( 0.6446850393700778170, -0.7500000000000007772, 1.000000000000000000 ) ) ;
#234 = ORIENTED_EDGE ( 'NONE', *, *, #2488, .T. ) ;
#235 = ORIENTED_EDGE ( 'NONE', *, *, #2669, .T. ) ;
#236 = EDGE_CURVE ( 'NONE', #3588, #568, #3021, .T. ) ;
#237 = ORIENTED_EDGE ( 'NONE', *, *, #3369, .T. ) ;
#238 = ORIENTED_EDGE ( 'NONE', *, *, #1898, .F. ) ;
#239 = B_SPLINE_CURVE_WITH_KNOTS ( 'NONE', 3,
 ( #487, #155, #2170, #189, #2470, #1046, #203, #2439, #1349, #2490, #2557, #1690, #1066, #2831, #1416, #994, #1855, #2995, #600, #2633, #1207, #2335, #2274, #1771 ),
 .UNSPECIFIED., .F., .F.,
 ( 4, 2, 2, 2, 2, 2, 2, 2, 2, 2, 2, 4 ),
 ( 0.000000000000000000, 0.001276346883847305708, 0.001914520325770956936, 0.002552693767694608380, 0.003829040651541910402, 0.004467214093465559678, 0.005105387535389208087, 0.005743560977312858230, 0.006381734419236508374, 0.007658081303083822539, 0.008934428186931138438, 0.01021077507077845087 ),
 .UNSPECIFIED. ) ;
#240 = DIRECTION ( 'NONE',  ( 1.000000000000000000, 0.000000000000000000, -0.000000000000000000 ) ) ;
#241 = EDGE_CURVE ( 'NONE', #2022, #1361, #196, .T. ) ;
#242 = EDGE_CURVE ( 'NONE', #3250, #2620, #495, .T. ) ;
#243 = CARTESIAN_POINT ( 'NONE',  ( 0.5196850393700778170, -0.8750000000000012212, 0.000000000000000000 ) ) ;
#244 = CARTESIAN_POINT ( 'NONE',  ( 3.875000000000001776, 1.739999999999999991, 0.000000000000000000 ) ) ;
#245 = CARTESIAN_POINT ( 'NONE',  ( 4.000039370078741108, -0.3553149606299210173, 0.6400000000000000133 ) ) ;
#246 = VERTEX_POINT ( 'NONE', #3634 ) ;
#247 = LINE ( 'NONE', #763, #701 ) ;
#248 = LINE ( 'NONE', #216, #3558 ) ;
#249 = CARTESIAN_POINT ( 'NONE',  ( -2.250000000000000000, 1.707106781186547906, -0.4999999999999999445 ) ) ;
#250 = DIRECTION ( 'NONE',  ( 0.000000000000000000, 0.000000000000000000, 1.000000000000000000 ) ) ;
#251 = VERTEX_POINT ( 'NONE', #2795 ) ;
#252 = VERTEX_POINT ( 'NONE', #3353 ) ;
#253 = ORIENTED_EDGE ( 'NONE', *, *, #2575, .T. ) ;
#254 = EDGE_CURVE ( 'NONE', #2812, #1246, #247, .T. ) ;
#255 = VERTEX_POINT ( 'NONE', #1020 ) ;
#256 = ORIENTED_EDGE ( 'NONE', *, *, #210, .T. ) ;
#257 = DIRECTION ( 'NONE',  ( 0.000000000000000000, 0.000000000000000000, 1.000000000000000000 ) ) ;
#258 = EDGE_CURVE ( 'NONE', #421, #1564, #1387, .T. ) ;
#259 = FACE_OUTER_BOUND ( 'NONE', #1572, .T. ) ;
#260 = DIRECTION ( 'NONE',  ( 0.000000000000000000, 0.000000000000000000, 1.000000000000000000 ) ) ;
#261 = VECTOR ( 'NONE', #2976, 39.37007874015748143 ) ;
#262 = EDGE_CURVE ( 'NONE', #1475, #951, #2960, .T. ) ;
#263 = DIRECTION ( 'NONE',  ( -1.000000000000000000, 0.000000000000000000, 0.000000000000000000 ) ) ;
#264 = VECTOR ( 'NONE', #2931, 39.37007874015748143 ) ;
#265 = EDGE_LOOP ( 'NONE', ( #2149, #2517, #1802, #2652 ) ) ;
#266 = EDGE_LOOP ( 'NONE', ( #984, #3551, #1958, #3063 ) ) ;
#267 = CARTESIAN_POINT ( 'NONE',  ( -2.000000000000001776, 2.019685039370077817, 0.2500000000000000000 ) ) ;
#268 = CARTESIAN_POINT ( 'NONE',  ( -1.738901902866966998, -1.468779924462761510, -0.4246228102442700658 ) ) ;
#269 = CIRCLE ( 'NONE', #1827, 0.1446850393700786497 ) ;
#270 = AXIS2_PLACEMENT_3D ( 'NONE', #3066, #177, #3294 ) ;
#271 = FACE_OUTER_BOUND ( 'NONE', #2708, .T. ) ;
#272 = PLANE ( 'NONE',  #167 ) ;
#273 = ORIENTED_EDGE ( 'NONE', *, *, #497, .T. ) ;
#274 = AXIS2_PLACEMENT_3D ( 'NONE', #190, #2208, #798 ) ;
#275 = ORIENTED_EDGE ( 'NONE', *, *, #297, .F. ) ;
#276 = CIRCLE ( 'NONE', #213, 0.2499999999999998057 ) ;
#277 = CARTESIAN_POINT ( 'NONE',  ( 3.386820527428642702, -1.740000000000000213, -0.3153368511325942980 ) ) ;
#278 = AXIS2_PLACEMENT_3D ( 'NONE', #2768, #2193, #2223 ) ;
#279 = EDGE_LOOP ( 'NONE', ( #2320, #2042, #2798, #3344 ) ) ;
#280 = VERTEX_POINT ( 'NONE', #182 ) ;
#281 = DIRECTION ( 'NONE',  ( -0.000000000000000000, -0.000000000000000000, -1.000000000000000000 ) ) ;
#282 = ORIENTED_EDGE ( 'NONE', *, *, #3395, .F. ) ;
#283 = EDGE_CURVE ( 'NONE', #944, #2969, #1104, .T. ) ;
#284 = AXIS2_PLACEMENT_3D ( 'NONE', #2339, #698, #969 ) ;
#285 = DIRECTION ( 'NONE',  ( -2.168404344971008621E-16, 1.000000000000000000, 0.000000000000000000 ) ) ;
#286 = CARTESIAN_POINT ( 'NONE',  ( 4.000000000000000888, 1.140000000000000124, 0.000000000000000000 ) ) ;
#287 = LINE ( 'NONE', #1159, #3259 ) ;
#288 = DIRECTION ( 'NONE',  ( -1.084202172485504311E-16, 1.000000000000000000, -0.000000000000000000 ) ) ;
#289 = ADVANCED_FACE ( 'NONE', ( #2200 ), #1321, .F. ) ;
#290 = VERTEX_POINT ( 'NONE', #3647 ) ;
#291 = CARTESIAN_POINT ( 'NONE',  ( 4.000039370078741108, -0.3553149606299210173, 0.7650000000000000133 ) ) ;
#292 = CARTESIAN_POINT ( 'NONE',  ( -1.655864406489014673, -1.497067317738047132, -0.3043543691442314736 ) ) ;
#293 = ADVANCED_FACE ( 'NONE', ( #1088 ), #2230, .F. ) ;
#294 = FACE_OUTER_BOUND ( 'NONE', #1378, .T. ) ;
#295 = ORIENTED_EDGE ( 'NONE', *, *, #254, .F. ) ;
#296 = CARTESIAN_POINT ( 'NONE',  ( 2.519685039370077373, 2.144685039370078261, 0.1250000000000000000 ) ) ;
#297 = EDGE_CURVE ( 'NONE', #970, #2071, #1727, .T. ) ;
#298 = CARTESIAN_POINT ( 'NONE',  ( 2.207185039370077817, -0.6250000000000005551, 0.000000000000000000 ) ) ;
#299 = ORIENTED_EDGE ( 'NONE', *, *, #1843, .F. ) ;
#300 = ORIENTED_EDGE ( 'NONE', *, *, #2093, .F. ) ;
#301 = CARTESIAN_POINT ( 'NONE',  ( -2.500000000000000000, 2.500000000000000000, 0.000000000000000000 ) ) ;
#302 = ORIENTED_EDGE ( 'NONE', *, *, #3038, .F. ) ;
#303 = LINE ( 'NONE', #2879, #466 ) ;
#304 = CARTESIAN_POINT ( 'NONE',  ( 3.875000000000001332, 1.140000000000000124, -0.5000000000000000000 ) ) ;
#305 = DIRECTION ( 'NONE',  ( -0.000000000000000000, -1.000000000000000000, 0.000000000000000000 ) ) ;
#306 = DIRECTION ( 'NONE',  ( -1.000000000000000000, 0.000000000000000000, 0.000000000000000000 ) ) ;
#307 = VERTEX_POINT ( 'NONE', #3387 ) ;
#308 = CARTESIAN_POINT ( 'NONE',  ( 0.8946850393700779280, -0.6250000000000006661, 0.3749999999999999445 ) ) ;
#309 = CARTESIAN_POINT ( 'NONE',  ( -1.613748191041965097, -1.499328258494369237, -0.2767414134572430129 ) ) ;
#310 = FACE_OUTER_BOUND ( 'NONE', #3493, .T. ) ;
#311 = CARTESIAN_POINT ( 'NONE',  ( 0.8946850393700779280, -0.7500000000000007772, 0.1250000000000000000 ) ) ;
#312 = ORIENTED_EDGE ( 'NONE', *, *, #1661, .F. ) ;
#313 = ORIENTED_EDGE ( 'NONE', *, *, #561, .F. ) ;
#314 = FACE_OUTER_BOUND ( 'NONE', #48, .T. ) ;
#315 = EDGE_CURVE ( 'NONE', #3031, #1769, #2069, .T. ) ;
#316 = ADVANCED_FACE ( 'NONE', ( #1407 ), #3465, .F. ) ;
#317 = ORIENTED_EDGE ( 'NONE', *, *, #3598, .F. ) ;
#318 = VERTEX_POINT ( 'NONE', #1708 ) ;
#319 = DIRECTION ( 'NONE',  ( 0.000000000000000000, 0.000000000000000000, 1.000000000000000000 ) ) ;
#320 = ORIENTED_EDGE ( 'NONE', *, *, #666, .F. ) ;
#321 = CARTESIAN_POINT ( 'NONE',  ( -2.257938540862036714, -1.726184377413890747, -0.4375000000000000000 ) ) ;
#322 = LINE ( 'NONE', #2842, #454 ) ;
#323 = CARTESIAN_POINT ( 'NONE',  ( 4.000000000000000888, 1.140000000000000124, -0.3749999999999999445 ) ) ;
#324 = DIRECTION ( 'NONE',  ( 0.000000000000000000, 0.000000000000000000, -1.000000000000000000 ) ) ;
#325 = ORIENTED_EDGE ( 'NONE', *, *, #2821, .F. ) ;
#326 = DIRECTION ( 'NONE',  ( -0.000000000000000000, -0.000000000000000000, -1.000000000000000000 ) ) ;
#327 = CARTESIAN_POINT ( 'NONE',  ( -2.250000000000000444, -1.441495752531809948, -0.4853069252890498952 ) ) ;
#328 = ADVANCED_FACE ( 'NONE', ( #2586 ), #26, .T. ) ;
#329 = AXIS2_PLACEMENT_3D ( 'NONE', #2056, #2653, #603 ) ;
#330 = CARTESIAN_POINT ( 'NONE',  ( 2.207185039370077373, 1.894685039370078261, 0.2500000000000000000 ) ) ;
#331 = ORIENTED_EDGE ( 'NONE', *, *, #1729, .T. ) ;
#332 = VERTEX_POINT ( 'NONE', #1163 ) ;
#333 = DIRECTION ( 'NONE',  ( 1.000000000000000000, 0.000000000000000000, -0.000000000000000000 ) ) ;
#334 = CIRCLE ( 'NONE', #505, 0.5000000000000000000 ) ;
#335 = MECHANICAL_DESIGN_GEOMETRIC_PRESENTATION_REPRESENTATION (  '', ( #1401 ), #3666 ) ;
#336 = ORIENTED_EDGE ( 'NONE', *, *, #2820, .F. ) ;
#337 = AXIS2_PLACEMENT_3D ( 'NONE', #2707, #2147, #109 ) ;
#338 = CIRCLE ( 'NONE', #1764, 0.06250000000000022204 ) ;
#339 = CARTESIAN_POINT ( 'NONE',  ( -2.441529652874157929E-16, 2.019685039370078261, 0.1250000000000000000 ) ) ;
#340 = VECTOR ( 'NONE', #1824, 39.37007874015748143 ) ;
#341 = VERTEX_POINT ( 'NONE', #49 ) ;
#342 = DIRECTION ( 'NONE',  ( 0.000000000000000000, 0.000000000000000000, -1.000000000000000000 ) ) ;
#343 = AXIS2_PLACEMENT_3D ( 'NONE', #1214, #437, #3553 ) ;
#344 = EDGE_CURVE ( 'NONE', #818, #3280, #1233, .T. ) ;
#345 = VECTOR ( 'NONE', #1472, 39.37007874015748143 ) ;
#346 = CARTESIAN_POINT ( 'NONE',  ( 2.519685039370077373, 2.144685039370078261, 0.1250000000000000000 ) ) ;
#347 = LINE ( 'NONE', #2284, #1052 ) ;
#348 = CARTESIAN_POINT ( 'NONE',  ( 4.000000000000000888, -1.140000000000000124, -0.3749999999999999445 ) ) ;
#349 = AXIS2_PLACEMENT_3D ( 'NONE', #3183, #3451, #2049 ) ;
#350 = CARTESIAN_POINT ( 'NONE',  ( 2.499999999999892086, 1.499999999999977351, -0.5000000000000000000 ) ) ;
#351 = CARTESIAN_POINT ( 'NONE',  ( -1.750000000000000000, -1.441499276862513446, -0.4853008209692085684 ) ) ;
#352 = CARTESIAN_POINT ( 'NONE',  ( -0.9803149606299226271, -0.8750000000000014433, 0.7499999999999998890 ) ) ;
#353 = ORIENTED_EDGE ( 'NONE', *, *, #2892, .T. ) ;
#354 = EDGE_LOOP ( 'NONE', ( #2215, #598, #110, #1178 ) ) ;
#355 = ORIENTED_EDGE ( 'NONE', *, *, #2892, .F. ) ;
#356 = FACE_BOUND ( 'NONE', #2735, .T. ) ;
#357 = ADVANCED_FACE ( 'NONE', ( #2550 ), #2330, .F. ) ;
#358 = EDGE_LOOP ( 'NONE', ( #355, #2096, #2678, #3684 ) ) ;
#359 = CYLINDRICAL_SURFACE ( 'NONE', #1639, 0.1249999999999999029 ) ;
#360 = ORIENTED_EDGE ( 'NONE', *, *, #666, .T. ) ;
#361 = LINE ( 'NONE', #644, #405 ) ;
#362 = CARTESIAN_POINT ( 'NONE',  ( 3.730314960629923071, -1.740000000000002656, -0.2499999999999999722 ) ) ;
#363 = EDGE_CURVE ( 'NONE', #2607, #3044, #2185, .T. ) ;
#364 = EDGE_CURVE ( 'NONE', #2382, #2206, #2528, .T. ) ;
#365 = PLANE ( 'NONE',  #1101 ) ;
#366 = DIRECTION ( 'NONE',  ( -1.000000000000000000, 0.000000000000000000, 0.000000000000000000 ) ) ;
#367 = CARTESIAN_POINT ( 'NONE',  ( -2.625000000000001776, 0.3946850393700783166, 1.000000000000000000 ) ) ;
#368 = DIRECTION ( 'NONE',  ( 0.000000000000000000, 0.000000000000000000, -1.000000000000000000 ) ) ;
#369 = APPLICATION_PROTOCOL_DEFINITION ( 'draft international standard', 'automotive_design', 1998, #3326 ) ;
#370 = EDGE_LOOP ( 'NONE', ( #3374, #494, #3516, #1196 ) ) ;
#371 = ORIENTED_EDGE ( 'NONE', *, *, #1595, .F. ) ;
#372 = CARTESIAN_POINT ( 'NONE',  ( -2.251286753604794910, 1.449131641047742391, -0.4703558305875756851 ) ) ;
#373 = PLANE ( 'NONE',  #394 ) ;
#374 = VERTEX_POINT ( 'NONE', #3685 ) ;
#375 = CYLINDRICAL_SURFACE ( 'NONE', #2896, 0.06249999999999995143 ) ;
#376 = ORIENTED_EDGE ( 'NONE', *, *, #3001, .F. ) ;
#377 = CARTESIAN_POINT ( 'NONE',  ( 4.000000000000000888, 1.140000000000000124, -0.1250000000000000278 ) ) ;
#378 = EDGE_CURVE ( 'NONE', #2236, #486, #2031, .T. ) ;
#379 = CARTESIAN_POINT ( 'NONE',  ( -1.500000000000000222, 1.968245836551854477, -0.2500000000000000000 ) ) ;
#380 = FACE_OUTER_BOUND ( 'NONE', #1005, .T. ) ;
#381 = CARTESIAN_POINT ( 'NONE',  ( -1.687500000000001110, -0.5625000000000012212, 0.2500000000000000000 ) ) ;
#382 = EDGE_CURVE ( 'NONE', #2369, #3109, #3165, .T. ) ;
#383 = DIRECTION ( 'NONE',  ( 1.000000000000000000, 1.359234848953423774E-16, 0.000000000000000000 ) ) ;
#384 = CARTESIAN_POINT ( 'NONE',  ( -2.000000000000001332, 0.3946850393700784276, 0.1250000000000000000 ) ) ;
#385 = DIRECTION ( 'NONE',  ( 0.000000000000000000, 0.000000000000000000, 1.000000000000000000 ) ) ;
#386 = ADVANCED_FACE ( 'NONE', ( #1188 ), #2047, .F. ) ;
#387 = ORIENTED_EDGE ( 'NONE', *, *, #2599, .F. ) ;
#388 = ORIENTED_EDGE ( 'NONE', *, *, #617, .F. ) ;
#389 = CARTESIAN_POINT ( 'NONE',  ( -2.441708201412514878, 1.499957297786288724, -0.2567465915322378334 ) ) ;
#390 = LINE ( 'NONE', #1036, #2431 ) ;
#391 = AXIS2_PLACEMENT_3D ( 'NONE', #3389, #1090, #814 ) ;
#392 = ORIENTED_EDGE ( 'NONE', *, *, #785, .T. ) ;
#393 = FACE_OUTER_BOUND ( 'NONE', #3305, .T. ) ;
#394 = AXIS2_PLACEMENT_3D ( 'NONE', #580, #1716, #333 ) ;
#395 = VERTEX_POINT ( 'NONE', #3148 ) ;
#396 = CARTESIAN_POINT ( 'NONE',  ( -1.750000000000001554, -0.2303149606299217111, 0.7650000000000001243 ) ) ;
#397 = VECTOR ( 'NONE', #1385, 39.37007874015748143 ) ;
#398 = CIRCLE ( 'NONE', #2542, 0.1249999999999999029 ) ;
#399 = CIRCLE ( 'NONE', #2664, 0.1250000000000000278 ) ;
#400 = ORIENTED_EDGE ( 'NONE', *, *, #2763, .F. ) ;
#401 = CARTESIAN_POINT ( 'NONE',  ( -1.750000000000001554, -0.5000000000000009992, 1.000000000000000000 ) ) ;
#402 = VECTOR ( 'NONE', #2263, 39.37007874015748143 ) ;
#403 = CARTESIAN_POINT ( 'NONE',  ( -1.687500000000001332, -0.6250000000000011102, 0.000000000000000000 ) ) ;
#404 = VECTOR ( 'NONE', #1561, 39.37007874015748143 ) ;
#405 = VECTOR ( 'NONE', #2621, 39.37007874015748143 ) ;
#406 = DIRECTION ( 'NONE',  ( -1.264744441511232725E-16, 1.000000000000000000, 0.000000000000000000 ) ) ;
#407 = DIRECTION ( 'NONE',  ( 1.000000000000000000, -0.000000000000000000, -0.000000000000000000 ) ) ;
#408 = CARTESIAN_POINT ( 'NONE',  ( 4.000039370078741108, -0.3553149606299210173, 0.6400000000000000133 ) ) ;
#409 = AXIS2_PLACEMENT_3D ( 'NONE', #2248, #3385, #1074 ) ;
#410 = ADVANCED_FACE ( 'NONE', ( #626 ), #3104, .F. ) ;
#411 = DIRECTION ( 'NONE',  ( -0.000000000000000000, -0.000000000000000000, -1.000000000000000000 ) ) ;
#412 = EDGE_LOOP ( 'NONE', ( #1886, #2169, #3637, #2893, #3029 ) ) ;
#413 = VERTEX_POINT ( 'NONE', #1986 ) ;
#414 = CARTESIAN_POINT ( 'NONE',  ( -2.417445807352238685, 1.499813855007252617, -0.2638725803177692231 ) ) ;
#415 = CARTESIAN_POINT ( 'NONE',  ( 2.169685039370077284, 2.019685039370078261, 0.2500000000000000000 ) ) ;
#416 = ADVANCED_FACE ( 'NONE', ( #1106 ), #3423, .T. ) ;
#417 = ORIENTED_EDGE ( 'NONE', *, *, #2574, .T. ) ;
#418 = DIRECTION ( 'NONE',  ( 1.809359557733305771E-16, -1.000000000000000000, -0.000000000000000000 ) ) ;
#419 = EDGE_CURVE ( 'NONE', #2829, #374, #1684, .T. ) ;
#420 = EDGE_LOOP ( 'NONE', ( #1775, #1792, #2055, #1717, #3690, #2593, #3137 ) ) ;
#421 = VERTEX_POINT ( 'NONE', #3404 ) ;
#422 = LINE ( 'NONE', #2936, #927 ) ;
#423 = CARTESIAN_POINT ( 'NONE',  ( -2.000000000000001332, -0.3553149606299215169, 0.7650000000000000133 ) ) ;
#424 = CARTESIAN_POINT ( 'NONE',  ( -2.455795112414723366E-17, 0.2696850393700785387, 0.8750000000000000000 ) ) ;
#425 = CARTESIAN_POINT ( 'NONE',  ( 4.000039370078741108, -0.3553149606299210173, 0.7650000000000000133 ) ) ;
#426 = LINE ( 'NONE', #367, #1102 ) ;
#427 = DIRECTION ( 'NONE',  ( -7.123744041623132124E-16, 1.000000000000000000, -0.000000000000000000 ) ) ;
#428 = ORIENTED_EDGE ( 'NONE', *, *, #14, .T. ) ;
#429 = ORIENTED_EDGE ( 'NONE', *, *, #1039, .F. ) ;
#430 = CARTESIAN_POINT ( 'NONE',  ( -2.466326248950294620, 1.500008331798405647, -0.2517124720304424468 ) ) ;
#431 = CARTESIAN_POINT ( 'NONE',  ( -2.500000000000000000, 1.500000000000000444, 0.000000000000000000 ) ) ;
#432 = DIRECTION ( 'NONE',  ( -1.000000000000000000, 0.000000000000000000, 0.000000000000000000 ) ) ;
#433 = ADVANCED_FACE ( 'NONE', ( #2405 ), #999, .T. ) ;
#434 = VERTEX_POINT ( 'NONE', #2104 ) ;
#435 = ORIENTED_EDGE ( 'NONE', *, *, #1330, .T. ) ;
#436 = CARTESIAN_POINT ( 'NONE',  ( 3.470772887960928976, -1.740000000000000213, -0.4831241248270304323 ) ) ;
#437 = DIRECTION ( 'NONE',  ( -1.000000000000000000, -1.208866533781747157E-16, 0.000000000000000000 ) ) ;
#438 = DIRECTION ( 'NONE',  ( -9.106159978880876162E-17, 1.000000000000000000, 0.000000000000000000 ) ) ;
#439 = FACE_OUTER_BOUND ( 'NONE', #202, .T. ) ;
#440 = CARTESIAN_POINT ( 'NONE',  ( -2.000000000000001332, -0.3553149606299215169, 0.7650000000000000133 ) ) ;
#441 = CARTESIAN_POINT ( 'NONE',  ( 3.730314960629926180, -2.500039370078741552, -0.2499999999999999722 ) ) ;
#442 = ORIENTED_EDGE ( 'NONE', *, *, #2625, .T. ) ;
#443 = EDGE_CURVE ( 'NONE', #1508, #3675, #66, .T. ) ;
#444 = CARTESIAN_POINT ( 'NONE',  ( 3.875000000000000444, 1.739999999999999991, -0.3749999999999999445 ) ) ;
#445 = PLANE ( 'NONE',  #1049 ) ;
#446 = CARTESIAN_POINT ( 'NONE',  ( 2.269685039370077373, 1.894685039370078261, 0.2500000000000000000 ) ) ;
#447 = EDGE_LOOP ( 'NONE', ( #1229, #2823, #768, #831 ) ) ;
#448 = VECTOR ( 'NONE', #2749, 39.37007874015748143 ) ;
#449 = EDGE_CURVE ( 'NONE', #3625, #2766, #1815, .T. ) ;
#450 = AXIS2_PLACEMENT_3D ( 'NONE', #1331, #2278, #3013 ) ;
#451 = EDGE_LOOP ( 'NONE', ( #1169, #3192, #1208, #1966, #2853, #844 ) ) ;
#452 = PLANE ( 'NONE',  #1290 ) ;
#453 = FACE_OUTER_BOUND ( 'NONE', #620, .T. ) ;
#454 = VECTOR ( 'NONE', #562, 39.37007874015748143 ) ;
#455 = EDGE_CURVE ( 'NONE', #3109, #576, #3260, .T. ) ;
#456 = DIRECTION ( 'NONE',  ( 0.000000000000000000, 0.000000000000000000, 1.000000000000000000 ) ) ;
#457 = CIRCLE ( 'NONE', #755, 0.06249999999999995143 ) ;
#458 = AXIS2_PLACEMENT_3D ( 'NONE', #810, #2217, #3072 ) ;
#459 = EDGE_CURVE ( 'NONE', #3164, #307, #2086, .T. ) ;
#460 = VECTOR ( 'NONE', #481, 39.37007874015748143 ) ;
#461 = CARTESIAN_POINT ( 'NONE',  ( 3.730314960629923515, -1.139999999999999902, -0.2499999999999999722 ) ) ;
#462 = DIRECTION ( 'NONE',  ( 0.000000000000000000, 0.000000000000000000, -1.000000000000000000 ) ) ;
#463 = AXIS2_PLACEMENT_3D ( 'NONE', #3538, #665, #63 ) ;
#464 = DIRECTION ( 'NONE',  ( -1.000000000000000000, 0.000000000000000000, 0.000000000000000000 ) ) ;
#465 = EDGE_LOOP ( 'NONE', ( #1309, #3095, #1406, #1587 ) ) ;
#466 = VECTOR ( 'NONE', #285, 39.37007874015748143 ) ;
#467 = FACE_OUTER_BOUND ( 'NONE', #2794, .T. ) ;
#468 = DIRECTION ( 'NONE',  ( -1.000000000000000000, 0.000000000000000000, 0.000000000000000000 ) ) ;
#469 = DIRECTION ( 'NONE',  ( 0.000000000000000000, -1.000000000000000000, -0.000000000000000000 ) ) ;
#470 = VERTEX_POINT ( 'NONE', #1858 ) ;
#471 = ORIENTED_EDGE ( 'NONE', *, *, #1453, .F. ) ;
#472 = FACE_OUTER_BOUND ( 'NONE', #661, .T. ) ;
#473 = CARTESIAN_POINT ( 'NONE',  ( -2.250000000000000000, 1.000000000000000000, -0.2500000000000000000 ) ) ;
#474 = CARTESIAN_POINT ( 'NONE',  ( 2.207185039370077373, 1.832185039370078261, 0.000000000000000000 ) ) ;
#475 = ADVANCED_FACE ( 'NONE', ( #1260 ), #3504, .T. ) ;
#476 = CARTESIAN_POINT ( 'NONE',  ( -0.9803149606299221830, -0.7500000000000015543, 1.000000000000000000 ) ) ;
#477 = FACE_OUTER_BOUND ( 'NONE', #766, .T. ) ;
#478 = EDGE_CURVE ( 'NONE', #2766, #252, #1799, .T. ) ;
#479 = LINE ( 'NONE', #228, #1530 ) ;
#480 = ORIENTED_EDGE ( 'NONE', *, *, #3318, .T. ) ;
#481 = DIRECTION ( 'NONE',  ( 0.000000000000000000, 1.000000000000000000, 0.000000000000000000 ) ) ;
#482 = LINE ( 'NONE', #1338, #991 ) ;
#483 = DIRECTION ( 'NONE',  ( -1.000000000000000000, 0.000000000000000000, -0.000000000000000000 ) ) ;
#484 = ORIENTED_EDGE ( 'NONE', *, *, #2419, .T. ) ;
#485 = ORIENTED_EDGE ( 'NONE', *, *, #1569, .F. ) ;
#486 = VERTEX_POINT ( 'NONE', #124 ) ;
#487 = CARTESIAN_POINT ( 'NONE',  ( -1.750000000000000222, 1.433012701892219187, -0.5000000000000000000 ) ) ;
#488 = DIRECTION ( 'NONE',  ( -1.000000000000000000, 0.000000000000000000, 0.000000000000000000 ) ) ;
#489 = EDGE_CURVE ( 'NONE', #255, #1828, #1783, .T. ) ;
#490 = LINE ( 'NONE', #2857, #983 ) ;
#491 = CARTESIAN_POINT ( 'NONE',  ( 3.470772887960933417, -1.739999999999999991, -0.5000000000000000000 ) ) ;
#492 = ADVANCED_FACE ( 'NONE', ( #940 ), #2364, .T. ) ;
#493 = CARTESIAN_POINT ( 'NONE',  ( 4.000000000000000888, -1.140000000000000124, -0.5000000000000000000 ) ) ;
#494 = ORIENTED_EDGE ( 'NONE', *, *, #564, .F. ) ;
#495 = LINE ( 'NONE', #511, #640 ) ;
#496 = DIRECTION ( 'NONE',  ( -1.000000000000000000, 0.000000000000000000, 0.000000000000000000 ) ) ;
#497 = EDGE_CURVE ( 'NONE', #3263, #672, #976, .T. ) ;
#498 = CARTESIAN_POINT ( 'NONE',  ( 2.519685039370077817, -0.8750000000000006661, 0.2500000000000000000 ) ) ;
#499 = ORIENTED_EDGE ( 'NONE', *, *, #1934, .F. ) ;
#500 = EDGE_LOOP ( 'NONE', ( #2637, #237, #782, #1638, #1272, #2811, #295, #2533, #73, #1283, #91, #1265, #3403, #636, #1537, #1095, #1135, #3567 ) ) ;
#501 = ORIENTED_EDGE ( 'NONE', *, *, #1185, .T. ) ;
#502 = LINE ( 'NONE', #1370, #3619 ) ;
#503 = AXIS2_PLACEMENT_3D ( 'NONE', #2740, #191, #456 ) ;
#504 = DIRECTION ( 'NONE',  ( -1.000000000000000000, 0.000000000000000000, 0.000000000000000000 ) ) ;
#505 = AXIS2_PLACEMENT_3D ( 'NONE', #2702, #1198, #2340 ) ;
#506 = CARTESIAN_POINT ( 'NONE',  ( 2.519685039370077817, -0.8750000000000006661, 0.1250000000000000000 ) ) ;
#507 = VECTOR ( 'NONE', #2626, 39.37007874015748143 ) ;
#508 = AXIS2_PLACEMENT_3D ( 'NONE', #2429, #744, #1882 ) ;
#509 = CARTESIAN_POINT ( 'NONE',  ( -2.250000000000000000, 1.707106781186547906, -0.4999999999999999445 ) ) ;
#510 = ORIENTED_EDGE ( 'NONE', *, *, #1347, .F. ) ;
#511 = CARTESIAN_POINT ( 'NONE',  ( -1.750000000000000222, 1.000000000000000000, -0.5000000000000000000 ) ) ;
#512 = FACE_OUTER_BOUND ( 'NONE', #1877, .T. ) ;
#513 = VECTOR ( 'NONE', #1893, 39.37007874015748143 ) ;
#514 = EDGE_CURVE ( 'NONE', #3662, #2276, #1201, .T. ) ;
#515 = AXIS2_PLACEMENT_3D ( 'NONE', #3517, #1833, #1235 ) ;
#516 = DIRECTION ( 'NONE',  ( 0.000000000000000000, 0.000000000000000000, 1.000000000000000000 ) ) ;
#517 = ORIENTED_EDGE ( 'NONE', *, *, #2167, .T. ) ;
#518 = ORIENTED_EDGE ( 'NONE', *, *, #262, .F. ) ;
#519 = EDGE_CURVE ( 'NONE', #1769, #255, #2925, .T. ) ;
#520 = EDGE_CURVE ( 'NONE', #1284, #2934, #3561, .T. ) ;
#521 = ORIENTED_EDGE ( 'NONE', *, *, #2940, .T. ) ;
#522 = VERTEX_POINT ( 'NONE', #1503 ) ;
#523 = AXIS2_PLACEMENT_3D ( 'NONE', #847, #516, #1989 ) ;
#524 = EDGE_CURVE ( 'NONE', #2751, #1305, #651, .T. ) ;
#525 = VERTEX_POINT ( 'NONE', #2998 ) ;
#526 = DIRECTION ( 'NONE',  ( -7.123744041623131138E-16, -1.000000000000000000, -0.000000000000000000 ) ) ;
#527 = LINE ( 'NONE', #243, #3253 ) ;
#528 = CARTESIAN_POINT ( 'NONE',  ( 3.585629921259847475, -2.500039370078741552, -0.2499999999999999722 ) ) ;
#529 = FACE_OUTER_BOUND ( 'NONE', #2945, .T. ) ;
#530 = ORIENTED_EDGE ( 'NONE', *, *, #2033, .T. ) ;
#531 = CARTESIAN_POINT ( 'NONE',  ( 1.304685039370077737, 2.019685039370078261, -0.2500000000000000555 ) ) ;
#532 = CARTESIAN_POINT ( 'NONE',  ( 0.6446850393700778170, -2.080000000000001403, 1.000000000000000000 ) ) ;
#533 = EDGE_CURVE ( 'NONE', #1263, #3155, #2983, .T. ) ;
#534 = CARTESIAN_POINT ( 'NONE',  ( -2.381375533047980220, 1.849621369599834697, -0.2500000000000001110 ) ) ;
#535 = ORIENTED_EDGE ( 'NONE', *, *, #1343, .T. ) ;
#536 = ORIENTED_EDGE ( 'NONE', *, *, #549, .F. ) ;
#537 = EDGE_CURVE ( 'NONE', #3070, #2153, #1357, .T. ) ;
#538 = VERTEX_POINT ( 'NONE', #2343 ) ;
#539 = ORIENTED_EDGE ( 'NONE', *, *, #21, .F. ) ;
#540 = ORIENTED_EDGE ( 'NONE', *, *, #449, .F. ) ;
#541 = CARTESIAN_POINT ( 'NONE',  ( 3.875000000000001776, 1.739999999999999991, -0.1250000000000000000 ) ) ;
#542 = DIRECTION ( 'NONE',  ( -1.000000000000000000, -9.106159978880878627E-17, 0.000000000000000000 ) ) ;
#543 = DIRECTION ( 'NONE',  ( -0.000000000000000000, -0.000000000000000000, -1.000000000000000000 ) ) ;
#544 = B_SPLINE_CURVE_WITH_KNOTS ( 'NONE', 3,
 ( #1543, #2687, #957, #3233, #2402, #2923, #2996, #681, #1499, #972, #1813, #2358, #705, #3218, #2955, #3049, #3307, #753, #1067, #3360, #3034, #783 ),
 .UNSPECIFIED., .F., .F.,
 ( 4, 2, 2, 2, 2, 2, 2, 2, 2, 2, 4 ),
 ( 1.908195823574487804E-17, 0.001266553122446092451, 0.001899829683669131521, 0.002533106244892170591, 0.003799659367338249164, 0.004432935928561274573, 0.005066212489784299548, 0.006332765612230350366, 0.007599318734676401184, 0.008865871857122452002, 0.01013242497956850195 ),
 .UNSPECIFIED. ) ;
#545 = CARTESIAN_POINT ( 'NONE',  ( -0.9803149606299220720, -0.7500000000000009992, 0.2500000000000000000 ) ) ;
#546 = ORIENTED_EDGE ( 'NONE', *, *, #834, .F. ) ;
#547 = DIRECTION ( 'NONE',  ( -9.106159978880879367E-16, 1.000000000000000000, 0.000000000000000000 ) ) ;
#548 = CARTESIAN_POINT ( 'NONE',  ( -1.692016188511388686, -1.492157215740585352, -0.3390451064463690378 ) ) ;
#549 = EDGE_CURVE ( 'NONE', #2649, #3456, #2309, .T. ) ;
#550 = DIRECTION ( 'NONE',  ( 1.000000000000000000, 0.000000000000000000, -0.000000000000000000 ) ) ;
#551 = FACE_OUTER_BOUND ( 'NONE', #3158, .T. ) ;
#552 = ADVANCED_FACE ( 'NONE', ( #80 ), #3014, .F. ) ;
#553 = ORIENTED_EDGE ( 'NONE', *, *, #752, .F. ) ;
#554 = ORIENTED_EDGE ( 'NONE', *, *, #2054, .T. ) ;
#555 = CARTESIAN_POINT ( 'NONE',  ( 3.367092177223461213, -1.740000000000000213, -0.2996011874307153433 ) ) ;
#556 = ORIENTED_EDGE ( 'NONE', *, *, #1146, .F. ) ;
#557 = ORIENTED_EDGE ( 'NONE', *, *, #2345, .T. ) ;
#558 = DIRECTION ( 'NONE',  ( 1.000000000000000000, 0.000000000000000000, -0.000000000000000000 ) ) ;
#559 = ORIENTED_EDGE ( 'NONE', *, *, #1228, .T. ) ;
#560 = DIRECTION ( 'NONE',  ( 1.000000000000000000, 0.000000000000000000, -0.000000000000000000 ) ) ;
#561 = EDGE_CURVE ( 'NONE', #2537, #1954, #3019, .T. ) ;
#562 = DIRECTION ( 'NONE',  ( -0.000000000000000000, -1.000000000000000000, -0.000000000000000000 ) ) ;
#563 = CYLINDRICAL_SURFACE ( 'NONE', #3320, 0.2499999999999998057 ) ;
#564 = EDGE_CURVE ( 'NONE', #2221, #2265, #1466, .T. ) ;
#565 = VECTOR ( 'NONE', #319, 39.37007874015748143 ) ;
#566 = DIRECTION ( 'NONE',  ( 0.000000000000000000, 0.000000000000000000, 1.000000000000000000 ) ) ;
#567 = VECTOR ( 'NONE', #22, 39.37007874015748143 ) ;
#568 = VERTEX_POINT ( 'NONE', #476 ) ;
#569 = CARTESIAN_POINT ( 'NONE',  ( -0.9803149606299221830, -0.7500000000000009992, 1.000000000000000000 ) ) ;
#570 = CARTESIAN_POINT ( 'NONE',  ( -1.750000000000001554, 0.3946850393700783721, 0.8750000000000000000 ) ) ;
#571 = VECTOR ( 'NONE', #688, 39.37007874015748143 ) ;
#572 = VECTOR ( 'NONE', #326, 39.37007874015748143 ) ;
#573 = AXIS2_PLACEMENT_3D ( 'NONE', #1899, #2756, #206 ) ;
#574 = DIRECTION ( 'NONE',  ( 0.000000000000000000, 0.000000000000000000, 1.000000000000000000 ) ) ;
#575 = DIRECTION ( 'NONE',  ( -1.000000000000000000, 0.000000000000000000, 0.000000000000000000 ) ) ;
#576 = VERTEX_POINT ( 'NONE', #1333 ) ;
#577 = AXIS2_PLACEMENT_3D ( 'NONE', #917, #2061, #1781 ) ;
#578 = LINE ( 'NONE', #2020, #1766 ) ;
#579 = AXIS2_PLACEMENT_3D ( 'NONE', #3220, #1486, #668 ) ;
#580 = CARTESIAN_POINT ( 'NONE',  ( 0.000000000000000000, 0.000000000000000000, 0.2500000000000000000 ) ) ;
#581 = CIRCLE ( 'NONE', #2437, 0.1250000000000000278 ) ;
#582 = ORIENTED_EDGE ( 'NONE', *, *, #2475, .F. ) ;
#583 = ORIENTED_EDGE ( 'NONE', *, *, #2700, .T. ) ;
#584 = CARTESIAN_POINT ( 'NONE',  ( -1.750000000000001776, -0.3553149606299215169, 0.6400000000000000133 ) ) ;
#585 = VERTEX_POINT ( 'NONE', #2173 ) ;
#586 = VECTOR ( 'NONE', #3478, 39.37007874015748143 ) ;
#587 = CARTESIAN_POINT ( 'NONE',  ( 2.207185039370077373, 1.894685039370078261, 0.000000000000000000 ) ) ;
#588 = MANIFOLD_SOLID_BREP ( 'Fillet11', #1470 ) ;
#589 = CARTESIAN_POINT ( 'NONE',  ( -2.250000000000000000, -1.000000000000000000, -0.7499999999999998890 ) ) ;
#590 = LINE ( 'NONE', #1723, #1296 ) ;
#591 = CARTESIAN_POINT ( 'NONE',  ( 0.7696850393700778170, -0.6250000000000011102, 1.000000000000000000 ) ) ;
#592 = EDGE_CURVE ( 'NONE', #1976, #280, #3496, .T. ) ;
#593 = ORIENTED_EDGE ( 'NONE', *, *, #675, .T. ) ;
#594 = DIRECTION ( 'NONE',  ( -1.000000000000000000, -1.208866533781747157E-16, 0.000000000000000000 ) ) ;
#595 = LINE ( 'NONE', #570, #3373 ) ;
#596 = EDGE_CURVE ( 'NONE', #2111, #2977, #2961, .T. ) ;
#597 = LINE ( 'NONE', #2570, #3379 ) ;
#598 = ORIENTED_EDGE ( 'NONE', *, *, #1796, .F. ) ;
#599 = CARTESIAN_POINT ( 'NONE',  ( 3.875000000000001776, 1.740000000000002656, -0.2499999999999999167 ) ) ;
#600 = CARTESIAN_POINT ( 'NONE',  ( -1.613827373740292392, 1.499325936380259794, -0.2767838511103060117 ) ) ;
#601 = ORIENTED_EDGE ( 'NONE', *, *, #363, .T. ) ;
#602 = ORIENTED_EDGE ( 'NONE', *, *, #519, .F. ) ;
#603 = DIRECTION ( 'NONE',  ( 0.000000000000000000, -0.000000000000000000, -1.000000000000000000 ) ) ;
#604 = ORIENTED_EDGE ( 'NONE', *, *, #2082, .F. ) ;
#605 = CARTESIAN_POINT ( 'NONE',  ( -1.687500000000001554, 1.832185039370077817, 0.2500000000000000000 ) ) ;
#606 = ADVANCED_FACE ( 'NONE', ( #1873 ), #3608, .F. ) ;
#607 = DIRECTION ( 'NONE',  ( -1.000000000000000000, 0.000000000000000000, 0.000000000000000000 ) ) ;
#608 = CARTESIAN_POINT ( 'NONE',  ( 3.875000000000000444, -1.739999999999999991, -0.1250000000000000278 ) ) ;
#609 = CARTESIAN_POINT ( 'NONE',  ( -2.000000000000001776, 0.01968503937007826457, 1.000000000000000000 ) ) ;
#610 = VERTEX_POINT ( 'NONE', #1628 ) ;
#611 = CARTESIAN_POINT ( 'NONE',  ( 4.000000000000000888, -1.140000000000000124, -0.5000000000000000000 ) ) ;
#612 = CARTESIAN_POINT ( 'NONE',  ( -3.594065109774833964E-17, 0.3946850393700785942, 0.2500000000000000000 ) ) ;
#613 = DIRECTION ( 'NONE',  ( 0.000000000000000000, 0.000000000000000000, 1.000000000000000000 ) ) ;
#614 = ORIENTED_EDGE ( 'NONE', *, *, #682, .T. ) ;
#615 = VERTEX_POINT ( 'NONE', #2494 ) ;
#616 = CYLINDRICAL_SURFACE ( 'NONE', #986, 0.1249999999999999029 ) ;
#617 = EDGE_CURVE ( 'NONE', #201, #836, #800, .T. ) ;
#618 = ORIENTED_EDGE ( 'NONE', *, *, #1278, .F. ) ;
#619 = DIRECTION ( 'NONE',  ( 0.000000000000000000, 0.000000000000000000, -1.000000000000000000 ) ) ;
#620 = EDGE_LOOP ( 'NONE', ( #2039, #676, #3397, #2632 ) ) ;
#621 = CARTESIAN_POINT ( 'NONE',  ( 2.394685039370077373, 2.144685039370078261, 0.2500000000000000000 ) ) ;
#622 = ADVANCED_FACE ( 'NONE', ( #3361 ), #1946, .T. ) ;
#623 = CARTESIAN_POINT ( 'NONE',  ( -1.742061459137963508, -1.726184377413890747, -0.4375000000000000000 ) ) ;
#624 = CARTESIAN_POINT ( 'NONE',  ( 0.6446850393700778170, -2.080000000000001403, 1.000000000000000000 ) ) ;
#625 = DIRECTION ( 'NONE',  ( -1.000000000000000000, -1.359234848953423774E-16, 0.000000000000000000 ) ) ;
#626 = FACE_OUTER_BOUND ( 'NONE', #1637, .T. ) ;
#627 = EDGE_CURVE ( 'NONE', #525, #1475, #786, .T. ) ;
#628 = CARTESIAN_POINT ( 'NONE',  ( -2.251286263790256204, -1.449107747137166280, -0.4703987070753123945 ) ) ;
#629 = VECTOR ( 'NONE', #1195, 39.37007874015748143 ) ;
#630 = DIRECTION ( 'NONE',  ( 1.809359557733305771E-16, -1.000000000000000000, 0.000000000000000000 ) ) ;
#631 = DIRECTION ( 'NONE',  ( -1.000000000000000000, 0.000000000000000000, 0.000000000000000000 ) ) ;
#632 = ORIENTED_EDGE ( 'NONE', *, *, #2222, .F. ) ;
#633 = VERTEX_POINT ( 'NONE', #1648 ) ;
#634 = PLANE ( 'NONE',  #2481 ) ;
#635 = VECTOR ( 'NONE', #2400, 39.37007874015748143 ) ;
#636 = ORIENTED_EDGE ( 'NONE', *, *, #2079, .F. ) ;
#637 = AXIS2_PLACEMENT_3D ( 'NONE', #650, #2924, #2384 ) ;
#638 = AXIS2_PLACEMENT_3D ( 'NONE', #3166, #2344, #2866 ) ;
#639 = LINE ( 'NONE', #1774, #2656 ) ;
#640 = VECTOR ( 'NONE', #2479, 39.37007874015748143 ) ;
#641 = ADVANCED_FACE ( 'NONE', ( #439 ), #1576, .T. ) ;
#642 = ORIENTED_EDGE ( 'NONE', *, *, #1070, .F. ) ;
#643 = B_SPLINE_CURVE_WITH_KNOTS ( 'NONE', 3,
 ( #321, #1739, #2859, #2026 ),
 .UNSPECIFIED., .F., .F.,
 ( 4, 4 ),
 ( 0.000000000000000000, 0.001672011815512645851 ),
 .UNSPECIFIED. ) ;
#644 = CARTESIAN_POINT ( 'NONE',  ( -1.750000000000001110, -3.794707603699267491E-16, 0.2500000000000000000 ) ) ;
#645 = VECTOR ( 'NONE', #1756, 39.37007874015748143 ) ;
#646 = EDGE_CURVE ( 'NONE', #3670, #2829, #62, .T. ) ;
#647 = VECTOR ( 'NONE', #2081, 39.37007874015748143 ) ;
#648 = CARTESIAN_POINT ( 'NONE',  ( -2.000000000000001776, 2.144685039370077817, 0.2500000000000000000 ) ) ;
#649 = CARTESIAN_POINT ( 'NONE',  ( -2.000000000000001332, -0.3553149606299215169, 0.6400000000000000133 ) ) ;
#650 = CARTESIAN_POINT ( 'NONE',  ( -1.750000000000000222, 1.968245836551854477, -0.5000000000000000000 ) ) ;
#651 = LINE ( 'NONE', #3523, #2010 ) ;
#652 = DIRECTION ( 'NONE',  ( 1.821231995776175479E-16, -1.000000000000000000, -0.000000000000000000 ) ) ;
#653 = APPLICATION_PROTOCOL_DEFINITION ( 'draft international standard', 'automotive_design', 1998, #1011 ) ;
#654 = ORIENTED_EDGE ( 'NONE', *, *, #2168, .T. ) ;
#655 = ORIENTED_EDGE ( 'NONE', *, *, #2588, .T. ) ;
#656 = CARTESIAN_POINT ( 'NONE',  ( -2.750000000000001332, 0.2696850393700783721, 0.000000000000000000 ) ) ;
#657 = DIRECTION ( 'NONE',  ( 1.000000000000000000, 0.000000000000000000, -0.000000000000000000 ) ) ;
#658 = EDGE_CURVE ( 'NONE', #3210, #1289, #2303, .T. ) ;
#659 = ORIENTED_EDGE ( 'NONE', *, *, #2168, .F. ) ;
#660 = CARTESIAN_POINT ( 'NONE',  ( -1.750000000000001554, -0.6250000000000011102, 0.8750000000000000000 ) ) ;
#661 = EDGE_LOOP ( 'NONE', ( #887, #1808, #2011, #2833 ) ) ;
#662 = CARTESIAN_POINT ( 'NONE',  ( 0.5196850393700778170, -0.8750000000000008882, 0.000000000000000000 ) ) ;
#663 = ADVANCED_FACE ( 'NONE', ( #3461 ), #2003, .T. ) ;
#664 = DIRECTION ( 'NONE',  ( -1.000000000000000000, -1.809359557733307250E-16, 0.000000000000000000 ) ) ;
#665 = DIRECTION ( 'NONE',  ( 0.000000000000000000, 0.000000000000000000, 1.000000000000000000 ) ) ;
#666 = EDGE_CURVE ( 'NONE', #166, #1414, #3368, .T. ) ;
#667 = DIRECTION ( 'NONE',  ( 1.000000000000000000, 1.359234848953423774E-16, -0.000000000000000000 ) ) ;
#668 = DIRECTION ( 'NONE',  ( 1.000000000000000000, 0.000000000000000000, 0.000000000000000000 ) ) ;
#669 = DIRECTION ( 'NONE',  ( 1.000000000000000000, 0.000000000000000000, 0.000000000000000000 ) ) ;
#670 = CYLINDRICAL_SURFACE ( 'NONE', #3255, 0.1446850393700786497 ) ;
#671 = ORIENTED_EDGE ( 'NONE', *, *, #2709, .T. ) ;
#672 = VERTEX_POINT ( 'NONE', #3381 ) ;
#673 = DIRECTION ( 'NONE',  ( -0.000000000000000000, -0.000000000000000000, 1.000000000000000000 ) ) ;
#674 = LINE ( 'NONE', #2973, #3671 ) ;
#675 = EDGE_CURVE ( 'NONE', #3526, #214, #3130, .T. ) ;
#676 = ORIENTED_EDGE ( 'NONE', *, *, #236, .T. ) ;
#677 = FACE_OUTER_BOUND ( 'NONE', #3339, .T. ) ;
#678 = ORIENTED_EDGE ( 'NONE', *, *, #1761, .T. ) ;
#679 = VERTEX_POINT ( 'NONE', #3118 ) ;
#680 = DIRECTION ( 'NONE',  ( -1.000000000000000000, 0.000000000000000000, 0.000000000000000000 ) ) ;
#681 = CARTESIAN_POINT ( 'NONE',  ( 3.443699532851872469, 1.740000000000000213, -0.3872283931623405340 ) ) ;
#682 = EDGE_CURVE ( 'NONE', #1327, #3268, #1523, .T. ) ;
#683 = LINE ( 'NONE', #2719, #3497 ) ;
#684 = EDGE_CURVE ( 'NONE', #2751, #341, #3443, .T. ) ;
#685 = DIRECTION ( 'NONE',  ( -1.000000000000000000, -1.821231995776175725E-16, -0.000000000000000000 ) ) ;
#686 = DIRECTION ( 'NONE',  ( -1.000000000000000000, -1.208866533781747157E-16, 0.000000000000000000 ) ) ;
#687 = EDGE_CURVE ( 'NONE', #1130, #2371, #1939, .T. ) ;
#688 = DIRECTION ( 'NONE',  ( -1.000000000000000000, 0.000000000000000000, 0.000000000000000000 ) ) ;
#689 = EDGE_LOOP ( 'NONE', ( #2555, #3377, #147, #1962 ) ) ;
#690 = ORIENTED_EDGE ( 'NONE', *, *, #1384, .T. ) ;
#691 = CARTESIAN_POINT ( 'NONE',  ( 1.169685039370077506, 2.144685039370078261, -1.030776406404415146 ) ) ;
#692 = LINE ( 'NONE', #2651, #2729 ) ;
#693 = AXIS2_PLACEMENT_3D ( 'NONE', #3061, #3342, #550 ) ;
#694 = VERTEX_POINT ( 'NONE', #304 ) ;
#695 = FACE_OUTER_BOUND ( 'NONE', #2161, .T. ) ;
#696 = AXIS2_PLACEMENT_3D ( 'NONE', #901, #1098, #1399 ) ;
#697 = ORIENTED_EDGE ( 'NONE', *, *, #2282, .T. ) ;
#698 = DIRECTION ( 'NONE',  ( -1.138269997360109921E-16, 1.000000000000000000, 0.000000000000000000 ) ) ;
#699 = AXIS2_PLACEMENT_3D ( 'NONE', #2106, #83, #741 ) ;
#700 = VECTOR ( 'NONE', #941, 39.37007874015748143 ) ;
#701 = VECTOR ( 'NONE', #3615, 39.37007874015748143 ) ;
#702 = ORIENTED_EDGE ( 'NONE', *, *, #382, .T. ) ;
#703 = CARTESIAN_POINT ( 'NONE',  ( 3.875000000000001776, 1.500000000000006217, -0.1250000000000000000 ) ) ;
#704 = CIRCLE ( 'NONE', #274, 0.1250000000000000278 ) ;
#705 = CARTESIAN_POINT ( 'NONE',  ( 3.399100584198467612, 1.739999999999999991, -0.3269175782225738347 ) ) ;
#706 = AXIS2_PLACEMENT_3D ( 'NONE', #2644, #3479, #2065 ) ;
#707 = CIRCLE ( 'NONE', #2191, 0.1250000000000000000 ) ;
#708 = DIRECTION ( 'NONE',  ( 0.000000000000000000, 0.000000000000000000, -1.000000000000000000 ) ) ;
#709 = CARTESIAN_POINT ( 'NONE',  ( -3.500000000000000000, 1.500000000000000222, -0.2500000000000000000 ) ) ;
#710 = CARTESIAN_POINT ( 'NONE',  ( 3.210563156939623131, 1.739999999999999991, -0.2500000000000000000 ) ) ;
#711 = VECTOR ( 'NONE', #288, 39.37007874015748143 ) ;
#712 = EDGE_CURVE ( 'NONE', #923, #1579, #3, .T. ) ;
#713 = DIRECTION ( 'NONE',  ( -1.000000000000000000, -1.561055996379578489E-16, 0.000000000000000000 ) ) ;
#714 = ORIENTED_EDGE ( 'NONE', *, *, #1347, .T. ) ;
#715 = ORIENTED_EDGE ( 'NONE', *, *, #1692, .T. ) ;
#716 = CARTESIAN_POINT ( 'NONE',  ( 2.207185039370077817, -0.5625000000000005551, 0.2500000000000000000 ) ) ;
#717 = FACE_BOUND ( 'NONE', #1923, .T. ) ;
#718 = ORIENTED_EDGE ( 'NONE', *, *, #1545, .F. ) ;
#719 = CARTESIAN_POINT ( 'NONE',  ( 2.519685039370077817, -0.8750000000000006661, 0.1250000000000000000 ) ) ;
#720 = ORIENTED_EDGE ( 'NONE', *, *, #3296, .F. ) ;
#721 = ORIENTED_EDGE ( 'NONE', *, *, #459, .T. ) ;
#722 = CARTESIAN_POINT ( 'NONE',  ( 2.207185039370077373, 1.832185039370078261, 0.2500000000000000000 ) ) ;
#723 = CARTESIAN_POINT ( 'NONE',  ( -0.9803149606299229601, 2.500078740157480439, 0.7499999999999998890 ) ) ;
#724 = CARTESIAN_POINT ( 'NONE',  ( 3.250000000000001776, 1.140000000000000124, -0.5000000000000000000 ) ) ;
#725 = DIRECTION ( 'NONE',  ( -1.000000000000000000, -3.642463991552351451E-16, 0.000000000000000000 ) ) ;
#726 = CARTESIAN_POINT ( 'NONE',  ( 2.169685039370077284, 1.894685039370078261, 0.2500000000000000000 ) ) ;
#727 = DIRECTION ( 'NONE',  ( 0.000000000000000000, 0.000000000000000000, -1.000000000000000000 ) ) ;
#728 = VERTEX_POINT ( 'NONE', #1121 ) ;
#729 = LINE ( 'NONE', #691, #340 ) ;
#730 = CARTESIAN_POINT ( 'NONE',  ( 3.875000000000001332, -1.140000000000000124, 0.000000000000000000 ) ) ;
#731 = LINE ( 'NONE', #2414, #2062 ) ;
#732 = ORIENTED_EDGE ( 'NONE', *, *, #2224, .T. ) ;
#733 = ORIENTED_EDGE ( 'NONE', *, *, #232, .F. ) ;
#734 = EDGE_CURVE ( 'NONE', #290, #2830, #322, .T. ) ;
#735 = ORIENTED_EDGE ( 'NONE', *, *, #1482, .F. ) ;
#736 = CARTESIAN_POINT ( 'NONE',  ( 3.415960615658404809, -1.739999999999999991, -0.3450430119289403796 ) ) ;
#737 = DIRECTION ( 'NONE',  ( 0.000000000000000000, -1.000000000000000000, 0.000000000000000000 ) ) ;
#738 = FACE_OUTER_BOUND ( 'NONE', #129, .T. ) ;
#739 = FILL_AREA_STYLE ('',( #2473 ) ) ;
#740 = DIRECTION ( 'NONE',  ( 0.000000000000000000, 0.000000000000000000, -1.000000000000000000 ) ) ;
#741 = DIRECTION ( 'NONE',  ( 0.000000000000000000, 0.000000000000000000, -1.000000000000000000 ) ) ;
#742 = ORIENTED_EDGE ( 'NONE', *, *, #2874, .T. ) ;
#743 = CARTESIAN_POINT ( 'NONE',  ( 2.169685039370077284, 1.894685039370078261, -1.030776406404415146 ) ) ;
#744 = DIRECTION ( 'NONE',  ( -0.000000000000000000, 1.000000000000000000, -0.000000000000000000 ) ) ;
#745 = PLANE ( 'NONE',  #2422 ) ;
#746 = ORIENTED_EDGE ( 'NONE', *, *, #3535, .F. ) ;
#747 = AXIS2_PLACEMENT_3D ( 'NONE', #2078, #2578, #1479 ) ;
#748 = ADVANCED_FACE ( 'NONE', ( #1441 ), #3083, .F. ) ;
#749 = VECTOR ( 'NONE', #2818, 39.37007874015748143 ) ;
#750 = EDGE_LOOP ( 'NONE', ( #302, #2986, #1979, #1743 ) ) ;
#751 = LINE ( 'NONE', #173, #2001 ) ;
#752 = EDGE_CURVE ( 'NONE', #1954, #2072, #3400, .T. ) ;
#753 = CARTESIAN_POINT ( 'NONE',  ( 3.293288508136076320, 1.739999999999999991, -0.2621972907766086380 ) ) ;
#754 = VECTOR ( 'NONE', #2722, 39.37007874015748143 ) ;
#755 = AXIS2_PLACEMENT_3D ( 'NONE', #381, #3254, #1215 ) ;
#756 = VECTOR ( 'NONE', #462, 39.37007874015748143 ) ;
#757 = AXIS2_PLACEMENT_3D ( 'NONE', #2216, #1654, #3317 ) ;
#758 = DIRECTION ( 'NONE',  ( 1.000000000000000000, 0.000000000000000000, 0.000000000000000000 ) ) ;
#759 = CIRCLE ( 'NONE', #2841, 0.1250000000000000000 ) ;
#760 = CARTESIAN_POINT ( 'NONE',  ( 3.500000000000001332, -1.140000000000000124, -0.2500000000000000000 ) ) ;
#761 = ORIENTED_EDGE ( 'NONE', *, *, #258, .T. ) ;
#762 = CIRCLE ( 'NONE', #1048, 0.4999999999999999445 ) ;
#763 = CARTESIAN_POINT ( 'NONE',  ( -1.750000000000001554, 0.01968503937007829580, -1.000039370078740442 ) ) ;
#764 = CARTESIAN_POINT ( 'NONE',  ( -1.750000000000001776, -0.3553149606299222385, 0.7650000000000000133 ) ) ;
#765 = LINE ( 'NONE', #3245, #261 ) ;
#766 = EDGE_LOOP ( 'NONE', ( #2019, #2990, #1256, #3646 ) ) ;
#767 = EDGE_CURVE ( 'NONE', #2276, #2672, #527, .T. ) ;
#768 = ORIENTED_EDGE ( 'NONE', *, *, #2252, .T. ) ;
#769 = EDGE_LOOP ( 'NONE', ( #2994, #582, #1247, #2671 ) ) ;
#770 = DIRECTION ( 'NONE',  ( 1.000000000000000000, 0.000000000000000000, 0.000000000000000000 ) ) ;
#771 = PLANE ( 'NONE',  #1409 ) ;
#772 = EDGE_CURVE ( 'NONE', #3080, #2620, #1161, .T. ) ;
#773 = DIRECTION ( 'NONE',  ( 0.000000000000000000, 0.000000000000000000, 1.000000000000000000 ) ) ;
#774 = DIRECTION ( 'NONE',  ( 0.000000000000000000, 0.000000000000000000, -1.000000000000000000 ) ) ;
#775 = EDGE_CURVE ( 'NONE', #2725, #728, #2563, .T. ) ;
#776 = LINE ( 'NONE', #1916, #1711 ) ;
#777 = ORIENTED_EDGE ( 'NONE', *, *, #1505, .T. ) ;
#778 = CARTESIAN_POINT ( 'NONE',  ( -0.9803149606299221830, -0.7500000000000009992, 1.000000000000000000 ) ) ;
#779 = CARTESIAN_POINT ( 'NONE',  ( -1.750000000000000222, -1.000000000000000000, -0.7499999999999998890 ) ) ;
#780 = CARTESIAN_POINT ( 'NONE',  ( 2.499999999999892086, -1.499999999999977351, -0.5000000000000000000 ) ) ;
#781 = ORIENTED_EDGE ( 'NONE', *, *, #3054, .T. ) ;
#782 = ORIENTED_EDGE ( 'NONE', *, *, #907, .T. ) ;
#783 = CARTESIAN_POINT ( 'NONE',  ( 3.210563156939623131, 1.739999999999999991, -0.2500000000000000000 ) ) ;
#784 = DIRECTION ( 'NONE',  ( 0.000000000000000000, 0.000000000000000000, 1.000000000000000000 ) ) ;
#785 = EDGE_CURVE ( 'NONE', #1959, #1414, #841, .T. ) ;
#786 = LINE ( 'NONE', #1928, #3283 ) ;
#787 = CARTESIAN_POINT ( 'NONE',  ( 1.304685039370077737, 2.019685039370078261, 0.2500393700787401641 ) ) ;
#788 = LINE ( 'NONE', #2793, #223 ) ;
#789 = EDGE_CURVE ( 'NONE', #252, #679, #1680, .T. ) ;
#790 = ORIENTED_EDGE ( 'NONE', *, *, #734, .F. ) ;
#791 = LINE ( 'NONE', #1363, #460 ) ;
#792 = CARTESIAN_POINT ( 'NONE',  ( 2.500000000000000000, 1.500000000000000888, -0.2500000000000000000 ) ) ;
#793 = ADVANCED_FACE ( 'NONE', ( #259 ), #1982, .F. ) ;
#794 = FACE_OUTER_BOUND ( 'NONE', #2136, .T. ) ;
#795 = VERTEX_POINT ( 'NONE', #3251 ) ;
#796 = EDGE_LOOP ( 'NONE', ( #3409, #2929, #1114, #1850, #2239, #3398, #2813 ) ) ;
#797 = ORIENTED_EDGE ( 'NONE', *, *, #283, .T. ) ;
#798 = DIRECTION ( 'NONE',  ( 0.000000000000000000, 0.000000000000000000, -1.000000000000000000 ) ) ;
#799 = VECTOR ( 'NONE', #418, 39.37007874015748143 ) ;
#800 = LINE ( 'NONE', #3630, #2665 ) ;
#801 = VECTOR ( 'NONE', #884, 39.37007874015748143 ) ;
#802 = DIRECTION ( 'NONE',  ( -1.000000000000000000, 0.000000000000000000, 0.000000000000000000 ) ) ;
#803 = CIRCLE ( 'NONE', #2677, 0.1249999999999999029 ) ;
#804 = VECTOR ( 'NONE', #3042, 39.37007874015748143 ) ;
#805 = FACE_OUTER_BOUND ( 'NONE', #2944, .T. ) ;
#806 = AXIS2_PLACEMENT_3D ( 'NONE', #1749, #2572, #850 ) ;
#807 = EDGE_LOOP ( 'NONE', ( #256, #2347, #1715, #2023 ) ) ;
#808 = DIRECTION ( 'NONE',  ( 1.359234848953423774E-16, -1.000000000000000000, -0.000000000000000000 ) ) ;
#809 = ADVANCED_FACE ( 'NONE', ( #2954 ), #2922, .T. ) ;
#810 = CARTESIAN_POINT ( 'NONE',  ( 2.394685039370077817, 4.332846263745207248E-16, 0.1250000000000000000 ) ) ;
#811 = VECTOR ( 'NONE', #1964, 39.37007874015748143 ) ;
#812 = EDGE_CURVE ( 'NONE', #2077, #3675, #2530, .T. ) ;
#813 = VECTOR ( 'NONE', #2580, 39.37007874015748143 ) ;
#814 = DIRECTION ( 'NONE',  ( -1.000000000000000000, 0.000000000000000000, 0.000000000000000000 ) ) ;
#815 = ORIENTED_EDGE ( 'NONE', *, *, #1157, .F. ) ;
#816 = ORIENTED_EDGE ( 'NONE', *, *, #592, .T. ) ;
#817 = ORIENTED_EDGE ( 'NONE', *, *, #382, .F. ) ;
#818 = VERTEX_POINT ( 'NONE', #401 ) ;
#819 = VERTEX_POINT ( 'NONE', #1213 ) ;
#820 = LINE ( 'NONE', #1677, #1650 ) ;
#821 = CARTESIAN_POINT ( 'NONE',  ( 2.269685039370077817, -0.5625000000000005551, 0.2500000000000000000 ) ) ;
#822 = LINE ( 'NONE', #3401, #2668 ) ;
#823 = EDGE_CURVE ( 'NONE', #795, #2371, #2417, .T. ) ;
#824 = AXIS2_PLACEMENT_3D ( 'NONE', #1078, #2531, #220 ) ;
#825 = CARTESIAN_POINT ( 'NONE',  ( -1.750000000000001332, 0.3946850393700784276, 0.2500000000000000000 ) ) ;
#826 = ORIENTED_EDGE ( 'NONE', *, *, #1435, .F. ) ;
#827 = DIRECTION ( 'NONE',  ( 1.000000000000000000, 9.106159978880879367E-16, -0.000000000000000000 ) ) ;
#828 = CYLINDRICAL_SURFACE ( 'NONE', #3017, 0.5000000000000000000 ) ;
#829 = CARTESIAN_POINT ( 'NONE',  ( 0.000000000000000000, -0.6250000000000011102, 0.2500000000000000000 ) ) ;
#830 = DIRECTION ( 'NONE',  ( 0.000000000000000000, 0.000000000000000000, 1.000000000000000000 ) ) ;
#831 = ORIENTED_EDGE ( 'NONE', *, *, #2465, .T. ) ;
#832 = ORIENTED_EDGE ( 'NONE', *, *, #1318, .T. ) ;
#833 = CARTESIAN_POINT ( 'NONE',  ( 3.470772887960933417, -1.739999999999999991, -0.5000000000000000000 ) ) ;
#834 = EDGE_CURVE ( 'NONE', #75, #246, #1837, .T. ) ;
#835 = ORIENTED_EDGE ( 'NONE', *, *, #1926, .T. ) ;
#836 = VERTEX_POINT ( 'NONE', #1517 ) ;
#837 = EDGE_CURVE ( 'NONE', #951, #3044, #2660, .T. ) ;
#838 = ORIENTED_EDGE ( 'NONE', *, *, #1678, .F. ) ;
#839 = CARTESIAN_POINT ( 'NONE',  ( -2.250000000000000000, 1.968245836551854477, -0.2500000000000000000 ) ) ;
#840 = EDGE_CURVE ( 'NONE', #585, #201, #2921, .T. ) ;
#841 = LINE ( 'NONE', #3160, #3311 ) ;
#842 = DIRECTION ( 'NONE',  ( -0.000000000000000000, -1.000000000000000000, -0.000000000000000000 ) ) ;
#843 = LINE ( 'NONE', #1403, #2430 ) ;
#844 = ORIENTED_EDGE ( 'NONE', *, *, #114, .T. ) ;
#845 = CARTESIAN_POINT ( 'NONE',  ( 4.000000000000000888, 1.739999999999999991, 0.000000000000000000 ) ) ;
#846 = CARTESIAN_POINT ( 'NONE',  ( -1.500000000000000222, -1.500000000000000222, -0.2500000000000000000 ) ) ;
#847 = CARTESIAN_POINT ( 'NONE',  ( 2.500000000000001332, -1.499999999999999556, -0.2500000000000000000 ) ) ;
#848 = DIRECTION ( 'NONE',  ( 1.208866533781747157E-16, -1.000000000000000000, 0.000000000000000000 ) ) ;
#849 = ORIENTED_EDGE ( 'NONE', *, *, #2403, .T. ) ;
#850 = DIRECTION ( 'NONE',  ( 1.000000000000000000, 6.010065586061383419E-15, 0.000000000000000000 ) ) ;
#851 = DIRECTION ( 'NONE',  ( -1.000000000000000000, 0.000000000000000000, 0.000000000000000000 ) ) ;
#852 = ORIENTED_EDGE ( 'NONE', *, *, #1429, .T. ) ;
#853 = VERTEX_POINT ( 'NONE', #1276 ) ;
#854 = CARTESIAN_POINT ( 'NONE',  ( -2.000000000000001332, -0.3553149606299215169, 0.7650000000000000133 ) ) ;
#855 = ORIENTED_EDGE ( 'NONE', *, *, #42, .F. ) ;
#856 = LINE ( 'NONE', #1999, #2313 ) ;
#857 = ADVANCED_FACE ( 'NONE', ( #3178 ), #121, .F. ) ;
#858 = ADVANCED_FACE ( 'NONE', ( #3552 ), #2083, .T. ) ;
#859 = DIRECTION ( 'NONE',  ( -0.000000000000000000, -0.000000000000000000, 1.000000000000000000 ) ) ;
#860 = CARTESIAN_POINT ( 'NONE',  ( 2.394685039370077817, -0.7500000000000005551, 0.2500000000000000000 ) ) ;
#861 = VECTOR ( 'NONE', #1953, 39.37007874015748143 ) ;
#862 = CARTESIAN_POINT ( 'NONE',  ( -3.500000000000000888, -1.500000000000000222, -0.2500000000000000000 ) ) ;
#863 = ORIENTED_EDGE ( 'NONE', *, *, #3133, .T. ) ;
#864 = DIRECTION ( 'NONE',  ( 1.000000000000000000, 2.168404344971008868E-16, -0.000000000000000000 ) ) ;
#865 = CARTESIAN_POINT ( 'NONE',  ( -2.297883682675434081, -1.489400191952161778, -0.3526273711750846362 ) ) ;
#866 = VECTOR ( 'NONE', #3039, 39.37007874015748143 ) ;
#867 = VECTOR ( 'NONE', #1577, 39.37007874015748143 ) ;
#868 = AXIS2_PLACEMENT_3D ( 'NONE', #2447, #3569, #1006 ) ;
#869 = LINE ( 'NONE', #330, #3265 ) ;
#870 = VERTEX_POINT ( 'NONE', #346 ) ;
#871 = AXIS2_PLACEMENT_3D ( 'NONE', #1031, #2174, #758 ) ;
#872 = CARTESIAN_POINT ( 'NONE',  ( -2.000000000000001776, -0.6250000000000011102, 0.1250000000000000278 ) ) ;
#873 = VECTOR ( 'NONE', #685, 39.37007874015748143 ) ;
#874 = CARTESIAN_POINT ( 'NONE',  ( 3.875000000000001332, -1.139999999999999902, -0.1250000000000000278 ) ) ;
#875 = VECTOR ( 'NONE', #2562, 39.37007874015748143 ) ;
#876 = VERTEX_POINT ( 'NONE', #1794 ) ;
#877 = EDGE_CURVE ( 'NONE', #525, #3109, #422, .T. ) ;
#878 = VERTEX_POINT ( 'NONE', #1239 ) ;
#879 = CARTESIAN_POINT ( 'NONE',  ( 0.8946850393700779280, -0.7500000000000007772, 0.1250000000000000000 ) ) ;
#880 = ORIENTED_EDGE ( 'NONE', *, *, #3248, .F. ) ;
#881 = AXIS2_PLACEMENT_3D ( 'NONE', #3162, #2863, #1742 ) ;
#882 = LINE ( 'NONE', #3177, #2372 ) ;
#883 = UNCERTAINTY_MEASURE_WITH_UNIT (LENGTH_MEASURE( 1.000000000000000082E-05 ), #1430, 'distance_accuracy_value', 'NONE');
#884 = DIRECTION ( 'NONE',  ( -1.000000000000000000, 0.000000000000000000, 0.000000000000000000 ) ) ;
#885 = CARTESIAN_POINT ( 'NONE',  ( 3.875000000000001332, -1.140000000000000124, -0.1250000000000000278 ) ) ;
#886 = DIRECTION ( 'NONE',  ( -1.809359557733305771E-16, 1.000000000000000000, -0.000000000000000000 ) ) ;
#887 = ORIENTED_EDGE ( 'NONE', *, *, #1849, .F. ) ;
#888 = ADVANCED_FACE ( 'NONE', ( #1542 ), #956, .F. ) ;
#889 = DIRECTION ( 'NONE',  ( 1.000000000000000000, 0.000000000000000000, 0.000000000000000000 ) ) ;
#890 = CARTESIAN_POINT ( 'NONE',  ( -2.293053839664902060, -1.487915851170773518, -0.3594964674447606034 ) ) ;
#891 = CARTESIAN_POINT ( 'NONE',  ( 3.500000000000001332, -1.140000000000000124, -0.5000000000000000000 ) ) ;
#892 = ORIENTED_EDGE ( 'NONE', *, *, #2588, .F. ) ;
#893 = CARTESIAN_POINT ( 'NONE',  ( 0.8946850393700779280, -0.7500000000000007772, 0.3749999999999999445 ) ) ;
#894 = FACE_OUTER_BOUND ( 'NONE', #1205, .T. ) ;
#895 = EDGE_LOOP ( 'NONE', ( #1489, #229, #34, #3325, #325, #2426, #1673 ) ) ;
#896 = EDGE_LOOP ( 'NONE', ( #2503, #1094, #1026, #732, #1027, #604, #3513, #3536, #3076, #1696, #1034, #400, #2558, #1550, #3600, #1753, #429, #360, #1591, #1105, #2409, #898, #742, #655, #1845, #3007, #3078, #3654 ) ) ;
#897 = CARTESIAN_POINT ( 'NONE',  ( -1.750000000000000222, -1.433012701892219187, -0.5000000000000000000 ) ) ;
#898 = ORIENTED_EDGE ( 'NONE', *, *, #134, .T. ) ;
#899 = LINE ( 'NONE', #2043, #875 ) ;
#900 = EDGE_CURVE ( 'NONE', #2506, #2184, #1558, .T. ) ;
#901 = CARTESIAN_POINT ( 'NONE',  ( 2.169685039370077284, 2.019685039370078261, 0.1250000000000000000 ) ) ;
#902 = DIRECTION ( 'NONE',  ( 1.000000000000000000, 1.208866533781747157E-16, -0.000000000000000000 ) ) ;
#903 = CARTESIAN_POINT ( 'NONE',  ( 3.875000000000004885, -2.500039370078741552, -0.2499999999999999167 ) ) ;
#904 = EDGE_CURVE ( 'NONE', #1289, #3533, #334, .T. ) ;
#905 = DIRECTION ( 'NONE',  ( -1.000000000000000000, 0.000000000000000000, 0.000000000000000000 ) ) ;
#906 = CARTESIAN_POINT ( 'NONE',  ( -2.250000000000000000, -1.433012701892219187, -0.5000000000000000000 ) ) ;
#907 = EDGE_CURVE ( 'NONE', #318, #2701, #1257, .T. ) ;
#908 = DIRECTION ( 'NONE',  ( 1.000000000000000000, 0.000000000000000000, 0.000000000000000000 ) ) ;
#909 = CARTESIAN_POINT ( 'NONE',  ( -1.500000000000000222, 1.500000000000000444, -0.2500000000000000000 ) ) ;
#910 = EDGE_LOOP ( 'NONE', ( #2518, #435 ) ) ;
#911 = EDGE_CURVE ( 'NONE', #3456, #728, #3275, .T. ) ;
#912 = DIRECTION ( 'NONE',  ( 0.000000000000000000, 0.000000000000000000, 1.000000000000000000 ) ) ;
#913 = VERTEX_POINT ( 'NONE', #1592 ) ;
#914 = ORIENTED_EDGE ( 'NONE', *, *, #1975, .T. ) ;
#915 = CARTESIAN_POINT ( 'NONE',  ( 3.585629921259844810, -1.139999999999999902, -0.2499999999999999167 ) ) ;
#916 = DIRECTION ( 'NONE',  ( 1.000000000000000000, 1.809359557733305771E-16, -0.000000000000000000 ) ) ;
#917 = CARTESIAN_POINT ( 'NONE',  ( -1.750000000000001554, -0.6250000000000011102, 1.000000000000000000 ) ) ;
#918 = EDGE_CURVE ( 'NONE', #1735, #2272, #751, .T. ) ;
#919 = CARTESIAN_POINT ( 'NONE',  ( 4.000000000000000888, 1.140000000000000124, -0.2500000000000000000 ) ) ;
#920 = CARTESIAN_POINT ( 'NONE',  ( -1.582554192647761981, -1.499813855007252394, -0.2638725803177692231 ) ) ;
#921 = CIRCLE ( 'NONE', #2723, 0.06249999999999995143 ) ;
#922 = ORIENTED_EDGE ( 'NONE', *, *, #1977, .T. ) ;
#923 = VERTEX_POINT ( 'NONE', #3330 ) ;
#924 = CARTESIAN_POINT ( 'NONE',  ( 3.500000000000002220, -1.499999999999999334, 0.000000000000000000 ) ) ;
#925 = FACE_OUTER_BOUND ( 'NONE', #1955, .T. ) ;
#926 = ADVANCED_FACE ( 'NONE', ( #1891 ), #1312, .T. ) ;
#927 = VECTOR ( 'NONE', #2658, 39.37007874015748143 ) ;
#928 = VERTEX_POINT ( 'NONE', #1028 ) ;
#929 = CIRCLE ( 'NONE', #503, 0.1250000000000000000 ) ;
#930 = VECTOR ( 'NONE', #2690, 39.37007874015748143 ) ;
#931 = CARTESIAN_POINT ( 'NONE',  ( 4.000000000000000888, -1.140000000000000124, -0.1250000000000000278 ) ) ;
#932 = EDGE_CURVE ( 'NONE', #3365, #39, #921, .T. ) ;
#933 = ORIENTED_EDGE ( 'NONE', *, *, #82, .T. ) ;
#934 = CARTESIAN_POINT ( 'NONE',  ( 0.7696850393700778170, -0.8750000000000012212, 0.000000000000000000 ) ) ;
#935 = VECTOR ( 'NONE', #1838, 39.37007874015748143 ) ;
#936 = AXIS2_PLACEMENT_3D ( 'NONE', #3214, #60, #2951 ) ;
#937 = DIRECTION ( 'NONE',  ( -1.000000000000000000, -6.556435184794236457E-15, 0.000000000000000000 ) ) ;
#938 = PLANE ( 'NONE',  #1534 ) ;
#939 = CARTESIAN_POINT ( 'NONE',  ( 1.304685039370077737, 1.957185039370078039, 0.000000000000000000 ) ) ;
#940 = FACE_OUTER_BOUND ( 'NONE', #1683, .T. ) ;
#941 = DIRECTION ( 'NONE',  ( -9.106159978880879367E-16, -1.000000000000000000, 0.000000000000000000 ) ) ;
#942 = CARTESIAN_POINT ( 'NONE',  ( 0.5196850393700778170, -1.955000000000001403, 0.000000000000000000 ) ) ;
#943 = CARTESIAN_POINT ( 'NONE',  ( -1.742061459137963508, 1.726184377413890747, -0.4375000000000000000 ) ) ;
#944 = VERTEX_POINT ( 'NONE', #1295 ) ;
#945 = ORIENTED_EDGE ( 'NONE', *, *, #2817, .F. ) ;
#946 = DIRECTION ( 'NONE',  ( 2.168404344971008621E-16, -1.000000000000000000, 0.000000000000000000 ) ) ;
#947 = DIRECTION ( 'NONE',  ( -1.000000000000000000, 0.000000000000000000, 0.000000000000000000 ) ) ;
#948 = ORIENTED_EDGE ( 'NONE', *, *, #1303, .T. ) ;
#949 = DIRECTION ( 'NONE',  ( 1.000000000000000000, 1.208866533781747157E-16, -0.000000000000000000 ) ) ;
#950 = EDGE_CURVE ( 'NONE', #172, #2484, #2716, .T. ) ;
#951 = VERTEX_POINT ( 'NONE', #3033 ) ;
#952 = DIRECTION ( 'NONE',  ( -1.000000000000000000, 0.000000000000000000, 0.000000000000000000 ) ) ;
#953 = ADVANCED_FACE ( 'NONE', ( #472 ), #452, .F. ) ;
#955 = ORIENTED_EDGE ( 'NONE', *, *, #775, .T. ) ;
#954 = PRODUCT_DEFINITION_CONTEXT ( 'detailed design', #3326, 'design' ) ;
#956 = PLANE ( 'NONE',  #2237 ) ;
#957 = CARTESIAN_POINT ( 'NONE',  ( 3.469033594470335213, 1.739999999999999991, -0.4665714075961056584 ) ) ;
#958 = CARTESIAN_POINT ( 'NONE',  ( 2.054685039370077515, 2.082185039370078705, -0.2500000000000000555 ) ) ;
#959 = DIRECTION ( 'NONE',  ( -1.084202172485504311E-16, 1.000000000000000000, -0.000000000000000000 ) ) ;
#960 = DIRECTION ( 'NONE',  ( 0.000000000000000000, 0.000000000000000000, 1.000000000000000000 ) ) ;
#961 = CARTESIAN_POINT ( 'NONE',  ( 3.250000000000003997, -1.499999999999999334, -0.2500000000000000000 ) ) ;
#962 = EDGE_LOOP ( 'NONE', ( #499, #1025, #790, #720 ) ) ;
#963 = ORIENTED_EDGE ( 'NONE', *, *, #1849, .T. ) ;
#964 = CARTESIAN_POINT ( 'NONE',  ( -2.272651926297120095, 1.478835022687658318, -0.3947921423442197764 ) ) ;
#965 = PLANE ( 'NONE',  #1885 ) ;
#966 = ORIENTED_EDGE ( 'NONE', *, *, #675, .F. ) ;
#967 = DIRECTION ( 'NONE',  ( 0.000000000000000000, 0.000000000000000000, -1.000000000000000000 ) ) ;
#968 = ORIENTED_EDGE ( 'NONE', *, *, #42, .T. ) ;
#969 = DIRECTION ( 'NONE',  ( -1.000000000000000000, -1.138269997360109921E-16, 0.000000000000000000 ) ) ;
#970 = VERTEX_POINT ( 'NONE', #1610 ) ;
#971 = CARTESIAN_POINT ( 'NONE',  ( 3.244014977130061705, -1.740000000000000213, -0.2515165399502183874 ) ) ;
#972 = CARTESIAN_POINT ( 'NONE',  ( 3.421078581049814993, 1.739999999999999991, -0.3522425100788356134 ) ) ;
#973 = EDGE_CURVE ( 'NONE', #2272, #679, #1099, .T. ) ;
#974 = EDGE_CURVE ( 'NONE', #2184, #434, #239, .T. ) ;
#975 = CARTESIAN_POINT ( 'NONE',  ( 3.500000000000003553, 1.500000000000000888, -0.5000000000000000000 ) ) ;
#976 = LINE ( 'NONE', #709, #3618 ) ;
#977 = FACE_OUTER_BOUND ( 'NONE', #769, .T. ) ;
#978 = CARTESIAN_POINT ( 'NONE',  ( -2.500000000000000000, 2.500000000000000000, 0.000000000000000000 ) ) ;
#979 = ORIENTED_EDGE ( 'NONE', *, *, #1636, .F. ) ;
#980 = VERTEX_POINT ( 'NONE', #1132 ) ;
#981 = DIRECTION ( 'NONE',  ( 0.000000000000000000, 1.000000000000000000, -0.000000000000000000 ) ) ;
#982 = CARTESIAN_POINT ( 'NONE',  ( -1.750000000000000222, -1.726184377413890747, -0.4375000000000000000 ) ) ;
#983 = VECTOR ( 'NONE', #1627, 39.37007874015748143 ) ;
#984 = ORIENTED_EDGE ( 'NONE', *, *, #21, .T. ) ;
#985 = CARTESIAN_POINT ( 'NONE',  ( 4.000039370078741108, 0.1446850393700789550, 0.7650000000000000133 ) ) ;
#986 = AXIS2_PLACEMENT_3D ( 'NONE', #874, #1789, #1193 ) ;
#987 = ORIENTED_EDGE ( 'NONE', *, *, #1810, .F. ) ;
#988 = ADVANCED_FACE ( 'NONE', ( #925 ), #1750, .T. ) ;
#989 = VECTOR ( 'NONE', #1965, 39.37007874015748143 ) ;
#990 = EDGE_CURVE ( 'NONE', #928, #1994, #158, .T. ) ;
#991 = VECTOR ( 'NONE', #1061, 39.37007874015748143 ) ;
#992 = AXIS2_PLACEMENT_3D ( 'NONE', #3596, #1932, #3299 ) ;
#993 = VERTEX_POINT ( 'NONE', #2038 ) ;
#994 = CARTESIAN_POINT ( 'NONE',  ( -1.656059371042583050, 1.497049891940462674, -0.3045115107556569667 ) ) ;
#995 = AXIS2_PLACEMENT_3D ( 'NONE', #1600, #3362, #802 ) ;
#996 = CYLINDRICAL_SURFACE ( 'NONE', #1829, 0.2500000000000000000 ) ;
#997 = AXIS2_PLACEMENT_3D ( 'NONE', #1054, #1371, #774 ) ;
#998 = CARTESIAN_POINT ( 'NONE',  ( -1.750000000000001554, -0.6250000000000011102, 1.000000000000000000 ) ) ;
#999 = PLANE ( 'NONE',  #2187 ) ;
#1000 = LINE ( 'NONE', #440, #754 ) ;
#1001 = AXIS2_PLACEMENT_3D ( 'NONE', #780, #1920, #1471 ) ;
#1002 = CARTESIAN_POINT ( 'NONE',  ( -1.750000000000000222, 1.500000000000000222, -0.2500000000000000000 ) ) ;
#1003 = ADVANCED_FACE ( 'NONE', ( #56 ), #1734, .F. ) ;
#1004 = ORIENTED_EDGE ( 'NONE', *, *, #2121, .T. ) ;
#1005 = EDGE_LOOP ( 'NONE', ( #2953, #2297, #3358, #3240, #3652 ) ) ;
#1006 = DIRECTION ( 'NONE',  ( -1.000000000000000000, 1.092739197465705090E-15, 0.000000000000000000 ) ) ;
#1007 = CARTESIAN_POINT ( 'NONE',  ( 1.304685039370077737, 2.082185039370078261, -0.2500000000000000000 ) ) ;
#1008 = CARTESIAN_POINT ( 'NONE',  ( 1.304685039370077737, 2.019685039370078261, 0.2500393700787401641 ) ) ;
#1009 = ORIENTED_EDGE ( 'NONE', *, *, #823, .F. ) ;
#1010 = ORIENTED_EDGE ( 'NONE', *, *, #3099, .F. ) ;
#1011 = APPLICATION_CONTEXT ( 'automotive_design' ) ;
#1012 = ORIENTED_EDGE ( 'NONE', *, *, #88, .F. ) ;
#1013 = DIRECTION ( 'NONE',  ( 0.000000000000000000, 0.000000000000000000, 1.000000000000000000 ) ) ;
#1014 = DIRECTION ( 'NONE',  ( 0.000000000000000000, -1.000000000000000000, 0.000000000000000000 ) ) ;
#1015 = CARTESIAN_POINT ( 'NONE',  ( 2.519685039370077373, 2.144685039370078261, 0.2500000000000000000 ) ) ;
#1016 =( NAMED_UNIT ( * ) PLANE_ANGLE_UNIT ( ) SI_UNIT ( $, .RADIAN. ) );
#1017 = CARTESIAN_POINT ( 'NONE',  ( 0.5196850393700771509, 2.500078740157480883, 0.7499999999999998890 ) ) ;
#1018 = DIRECTION ( 'NONE',  ( -1.000000000000000000, 0.000000000000000000, 0.000000000000000000 ) ) ;
#1019 = ORIENTED_EDGE ( 'NONE', *, *, #3660, .F. ) ;
#1020 = CARTESIAN_POINT ( 'NONE',  ( 0.8946850393700779280, -0.7500000000000007772, 0.2500000000000000000 ) ) ;
#1021 = FACE_BOUND ( 'NONE', #412, .T. ) ;
#1022 = EDGE_CURVE ( 'NONE', #2875, #2969, #1173, .T. ) ;
#1023 = CARTESIAN_POINT ( 'NONE',  ( -2.257938540862036714, -1.726184377413890747, -0.4375000000000000000 ) ) ;
#1024 = ADVANCED_FACE ( 'NONE', ( #3209 ), #373, .T. ) ;
#1025 = ORIENTED_EDGE ( 'NONE', *, *, #3099, .T. ) ;
#1026 = ORIENTED_EDGE ( 'NONE', *, *, #3413, .T. ) ;
#1027 = ORIENTED_EDGE ( 'NONE', *, *, #1522, .F. ) ;
#1028 = CARTESIAN_POINT ( 'NONE',  ( -1.750000000000001554, 0.3946850393700783721, 0.8750000000000000000 ) ) ;
#1029 = CARTESIAN_POINT ( 'NONE',  ( 0.000000000000000000, 0.000000000000000000, 1.000000000000000000 ) ) ;
#1030 = CARTESIAN_POINT ( 'NONE',  ( 2.500000000000000444, -2.499999999999999556, -0.2500000000000000000 ) ) ;
#1031 = CARTESIAN_POINT ( 'NONE',  ( 3.730314960629926180, 2.500039370078740664, -0.2499999999999999722 ) ) ;
#1032 = ADVANCED_FACE ( 'NONE', ( #1476 ), #634, .F. ) ;
#1033 = DIRECTION ( 'NONE',  ( 9.106159978880878627E-17, -1.000000000000000000, 0.000000000000000000 ) ) ;
#1034 = ORIENTED_EDGE ( 'NONE', *, *, #3188, .F. ) ;
#1035 = DIRECTION ( 'NONE',  ( -1.000000000000000000, 0.000000000000000000, -0.000000000000000000 ) ) ;
#1036 = CARTESIAN_POINT ( 'NONE',  ( -2.500000000000000000, -1.968245836551854255, -0.2500000000000000000 ) ) ;
#1037 = CARTESIAN_POINT ( 'NONE',  ( -2.500000000000000000, -1.500000000000000222, -0.2500000000000000000 ) ) ;
#1038 = ORIENTED_EDGE ( 'NONE', *, *, #950, .F. ) ;
#1039 = EDGE_CURVE ( 'NONE', #166, #1720, #2293, .T. ) ;
#1040 = ORIENTED_EDGE ( 'NONE', *, *, #489, .F. ) ;
#1041 = AXIS2_PLACEMENT_3D ( 'NONE', #1911, #3050, #558 ) ;
#1042 = ADVANCED_FACE ( 'NONE', ( #894 ), #616, .T. ) ;
#1043 = VECTOR ( 'NONE', #2592, 39.37007874015748143 ) ;
#1044 = ADVANCED_FACE ( 'NONE', ( #2615 ), #3555, .F. ) ;
#1045 = ORIENTED_EDGE ( 'NONE', *, *, #918, .F. ) ;
#1046 = CARTESIAN_POINT ( 'NONE',  ( -1.738609167336219397, 1.468454176080113083, -0.4249787909937866592 ) ) ;
#1047 = DIRECTION ( 'NONE',  ( 0.000000000000000000, 0.000000000000000000, -1.000000000000000000 ) ) ;
#1048 = AXIS2_PLACEMENT_3D ( 'NONE', #3279, #3565, #145 ) ;
#1049 = AXIS2_PLACEMENT_3D ( 'NONE', #431, #3022, #947 ) ;
#1050 = AXIS2_PLACEMENT_3D ( 'NONE', #2091, #3225, #2462 ) ;
#1051 = DIRECTION ( 'NONE',  ( -1.000000000000000000, 0.000000000000000000, 0.000000000000000000 ) ) ;
#1052 = VECTOR ( 'NONE', #842, 39.37007874015748143 ) ;
#1053 = AXIS2_PLACEMENT_3D ( 'NONE', #2144, #2689, #383 ) ;
#1054 = CARTESIAN_POINT ( 'NONE',  ( 0.8946850393700779280, 0.000000000000000000, 0.3749999999999999445 ) ) ;
#1055 = DIRECTION ( 'NONE',  ( 0.000000000000000000, 0.000000000000000000, 1.000000000000000000 ) ) ;
#1056 = VECTOR ( 'NONE', #830, 39.37007874015748143 ) ;
#1057 = LINE ( 'NONE', #1602, #1826 ) ;
#1058 = ORIENTED_EDGE ( 'NONE', *, *, #3554, .T. ) ;
#1059 = VECTOR ( 'NONE', #727, 39.37007874015748143 ) ;
#1060 = DIRECTION ( 'NONE',  ( -1.000000000000000000, 0.000000000000000000, 0.000000000000000000 ) ) ;
#1061 = DIRECTION ( 'NONE',  ( 1.000000000000000000, 1.138269997360109921E-16, -0.000000000000000000 ) ) ;
#1062 = FACE_OUTER_BOUND ( 'NONE', #2166, .T. ) ;
#1063 = EDGE_LOOP ( 'NONE', ( #1045, #86, #3316, #12 ) ) ;
#1064 = EDGE_CURVE ( 'NONE', #2992, #878, #1698, .T. ) ;
#1065 = ORIENTED_EDGE ( 'NONE', *, *, #2676, .F. ) ;
#1066 = CARTESIAN_POINT ( 'NONE',  ( -1.686382660018412638, 1.493071129398561236, -0.3331741844715886414 ) ) ;
#1067 = CARTESIAN_POINT ( 'NONE',  ( 3.277003278865188829, 1.740000000000000213, -0.2575943805768193817 ) ) ;
#1068 = ADVANCED_FACE ( 'NONE', ( #356, #314 ), #1993, .F. ) ;
#1069 = CARTESIAN_POINT ( 'NONE',  ( -1.750000000000000222, -1.707106781186547906, -0.4999999999999999445 ) ) ;
#1070 = EDGE_CURVE ( 'NONE', #246, #2452, #1492, .T. ) ;
#1071 = DIRECTION ( 'NONE',  ( 0.000000000000000000, 1.000000000000000000, 0.000000000000000000 ) ) ;
#1072 = EDGE_CURVE ( 'NONE', #1714, #610, #2319, .T. ) ;
#1073 = DIRECTION ( 'NONE',  ( 0.000000000000000000, 0.000000000000000000, -1.000000000000000000 ) ) ;
#1074 = DIRECTION ( 'NONE',  ( 1.000000000000000000, 0.000000000000000000, 0.000000000000000000 ) ) ;
#1075 = ORIENTED_EDGE ( 'NONE', *, *, #734, .T. ) ;
#1076 = CARTESIAN_POINT ( 'NONE',  ( -1.105314960629922183, -0.8750000000000009992, 0.3749999999999999445 ) ) ;
#1077 = CARTESIAN_POINT ( 'NONE',  ( 3.500000000000001332, 1.140000000000000124, -0.5000000000000000000 ) ) ;
#1078 = CARTESIAN_POINT ( 'NONE',  ( -1.750000000000000222, -1.000000000000000000, -0.2500000000000000000 ) ) ;
#1079 = EDGE_LOOP ( 'NONE', ( #2912, #2855, #2154, #1204 ) ) ;
#1080 = VERTEX_POINT ( 'NONE', #13 ) ;
#1081 = ORIENTED_EDGE ( 'NONE', *, *, #1839, .T. ) ;
#1082 = DIRECTION ( 'NONE',  ( 0.000000000000000000, 1.000000000000000000, 0.000000000000000000 ) ) ;
#1083 = ADVANCED_FACE ( 'NONE', ( #3173, #3004, #2092, #1021 ), #1552, .T. ) ;
#1084 = CARTESIAN_POINT ( 'NONE',  ( 2.499999999999892086, 1.499999999999977351, -0.5000000000000000000 ) ) ;
#1085 = DIRECTION ( 'NONE',  ( 1.000000000000000000, 0.000000000000000000, 0.000000000000000000 ) ) ;
#1086 = LINE ( 'NONE', #3363, #2483 ) ;
#1087 = ORIENTED_EDGE ( 'NONE', *, *, #1661, .T. ) ;
#1088 = FACE_OUTER_BOUND ( 'NONE', #3152, .T. ) ;
#1089 = DIRECTION ( 'NONE',  ( 0.000000000000000000, -1.000000000000000000, 0.000000000000000000 ) ) ;
#1090 = DIRECTION ( 'NONE',  ( 0.000000000000000000, 0.000000000000000000, 1.000000000000000000 ) ) ;
#1091 = ORIENTED_EDGE ( 'NONE', *, *, #2267, .F. ) ;
#1092 = ORIENTED_EDGE ( 'NONE', *, *, #911, .T. ) ;
#1093 = ORIENTED_EDGE ( 'NONE', *, *, #1725, .F. ) ;
#1094 = ORIENTED_EDGE ( 'NONE', *, *, #3167, .T. ) ;
#1095 = ORIENTED_EDGE ( 'NONE', *, *, #3035, .T. ) ;
#1096 = CARTESIAN_POINT ( 'NONE',  ( -2.000000000000001776, 2.144685039370077817, 0.1250000000000000000 ) ) ;
#1097 = AXIS2_PLACEMENT_3D ( 'NONE', #1606, #1271, #3043 ) ;
#1098 = DIRECTION ( 'NONE',  ( -1.000000000000000000, 0.000000000000000000, -0.000000000000000000 ) ) ;
#1099 = CIRCLE ( 'NONE', #207, 0.1250000000000000000 ) ;
#1100 = DIRECTION ( 'NONE',  ( 0.000000000000000000, -0.000000000000000000, 1.000000000000000000 ) ) ;
#1101 = AXIS2_PLACEMENT_3D ( 'NONE', #159, #2404, #406 ) ;
#1102 = VECTOR ( 'NONE', #2645, 39.37007874015748143 ) ;
#1103 = LINE ( 'NONE', #1652, #2779 ) ;
#1104 = CIRCLE ( 'NONE', #3199, 0.1249999999999999029 ) ;
#1105 = ORIENTED_EDGE ( 'NONE', *, *, #3644, .F. ) ;
#1106 = FACE_OUTER_BOUND ( 'NONE', #1063, .T. ) ;
#1107 = DIRECTION ( 'NONE',  ( 0.000000000000000000, 0.000000000000000000, 1.000000000000000000 ) ) ;
#1108 = VECTOR ( 'NONE', #2881, 39.37007874015748143 ) ;
#1109 = EDGE_CURVE ( 'NONE', #75, #3080, #169, .T. ) ;
#1110 = VECTOR ( 'NONE', #952, 39.37007874015748143 ) ;
#1111 = LINE ( 'NONE', #1970, #3382 ) ;
#1112 = CARTESIAN_POINT ( 'NONE',  ( -0.8553149606299221830, -0.7500000000000009992, 0.3749999999999999445 ) ) ;
#1113 = ORIENTED_EDGE ( 'NONE', *, *, #1522, .T. ) ;
#1114 = ORIENTED_EDGE ( 'NONE', *, *, #2920, .T. ) ;
#1115 = EDGE_CURVE ( 'NONE', #2427, #694, #2675, .T. ) ;
#1116 = ORIENTED_EDGE ( 'NONE', *, *, #1022, .F. ) ;
#1117 = ORIENTED_EDGE ( 'NONE', *, *, #1636, .T. ) ;
#1118 = PRODUCT_DEFINITION_FORMATION_WITH_SPECIFIED_SOURCE ( 'ANY', '', #2635, .NOT_KNOWN. ) ;
#1119 = EDGE_LOOP ( 'NONE', ( #2189, #317, #2781, #471 ) ) ;
#1120 = FACE_OUTER_BOUND ( 'NONE', #3006, .T. ) ;
#1121 = CARTESIAN_POINT ( 'NONE',  ( 3.470772887960933417, -1.739999999999999991, -0.5000000000000000000 ) ) ;
#1122 = CARTESIAN_POINT ( 'NONE',  ( 2.519685039370077373, 2.144685039370078261, 0.000000000000000000 ) ) ;
#1123 =( BOUNDED_CURVE ( )  B_SPLINE_CURVE ( 3, ( #506, #2804, #2474, #2459 ),
 .UNSPECIFIED., .F., .F. ) 
 B_SPLINE_CURVE_WITH_KNOTS ( ( 4, 4 ),
 ( 0.000000000000000000, 1.570796326794895448 ),
 .UNSPECIFIED. ) 
 CURVE ( )  GEOMETRIC_REPRESENTATION_ITEM ( )  RATIONAL_B_SPLINE_CURVE ( ( 1.000000000000000000, 0.8047378541243652705, 0.8047378541243652705, 1.000000000000000000 ) ) 
 REPRESENTATION_ITEM ( '' )  );
#1124 = CARTESIAN_POINT ( 'NONE',  ( -2.000000000000001776, 2.019685039370077817, 0.2500000000000000000 ) ) ;
#1125 = ORIENTED_EDGE ( 'NONE', *, *, #1634, .F. ) ;
#1126 = DIRECTION ( 'NONE',  ( -1.000000000000000000, -1.208866533781747157E-16, 0.000000000000000000 ) ) ;
#1127 = CARTESIAN_POINT ( 'NONE',  ( -2.371496665011722627, -1.498874861342782916, -0.2848895059683186348 ) ) ;
#1128 = DIRECTION ( 'NONE',  ( -1.000000000000000000, -0.000000000000000000, -0.000000000000000000 ) ) ;
#1129 = DIRECTION ( 'NONE',  ( -0.000000000000000000, -0.000000000000000000, 1.000000000000000000 ) ) ;
#1130 = VERTEX_POINT ( 'NONE', #415 ) ;
#1131 = FACE_OUTER_BOUND ( 'NONE', #750, .T. ) ;
#1132 = CARTESIAN_POINT ( 'NONE',  ( -1.687500000000001554, 1.894685039370077817, 0.000000000000000000 ) ) ;
#1133 = ADVANCED_FACE ( 'NONE', ( #3570 ), #965, .T. ) ;
#1134 = ADVANCED_FACE ( 'NONE', ( #3226 ), #3282, .F. ) ;
#1135 = ORIENTED_EDGE ( 'NONE', *, *, #2321, .T. ) ;
#1136 = ORIENTED_EDGE ( 'NONE', *, *, #2079, .T. ) ;
#1137 = CYLINDRICAL_SURFACE ( 'NONE', #450, 0.1249999999999999029 ) ;
#1138 = ORIENTED_EDGE ( 'NONE', *, *, #459, .F. ) ;
#1139 = CARTESIAN_POINT ( 'NONE',  ( -2.000000000000000888, -0.8750000000000012212, 0.1250000000000000000 ) ) ;
#1140 = CARTESIAN_POINT ( 'NONE',  ( -1.750000000000001554, 0.01968503937007829580, -1.000039370078740442 ) ) ;
#1141 = CARTESIAN_POINT ( 'NONE',  ( -2.000000000000000888, -0.6250000000000008882, 0.1250000000000000000 ) ) ;
#1142 = FACE_OUTER_BOUND ( 'NONE', #2352, .T. ) ;
#1143 = VERTEX_POINT ( 'NONE', #2374 ) ;
#1144 = CARTESIAN_POINT ( 'NONE',  ( -0.9803149606299221830, -2.205000000000001847, 1.000000000000000000 ) ) ;
#1145 = CARTESIAN_POINT ( 'NONE',  ( -1.875000000000001110, -0.7500000000000011102, 0.2500000000000000000 ) ) ;
#1146 = EDGE_CURVE ( 'NONE', #1675, #3103, #692, .T. ) ;
#1147 = LINE ( 'NONE', #352, #2253 ) ;
#1148 = DIRECTION ( 'NONE',  ( -1.000000000000000000, 0.000000000000000000, 0.000000000000000000 ) ) ;
#1149 = ORIENTED_EDGE ( 'NONE', *, *, #2683, .F. ) ;
#1150 = EDGE_LOOP ( 'NONE', ( #3589, #2535, #1325, #2534 ) ) ;
#1151 = DIRECTION ( 'NONE',  ( 0.000000000000000000, 1.000000000000000000, 0.000000000000000000 ) ) ;
#1152 = ORIENTED_EDGE ( 'NONE', *, *, #617, .T. ) ;
#1153 = ORIENTED_EDGE ( 'NONE', *, *, #3395, .T. ) ;
#1154 = CARTESIAN_POINT ( 'NONE',  ( -1.750000000000000222, -1.500000000000000222, -0.2500000000000000000 ) ) ;
#1155 = VERTEX_POINT ( 'NONE', #730 ) ;
#1156 = DIRECTION ( 'NONE',  ( 0.000000000000000000, 1.000000000000000000, 0.000000000000000000 ) ) ;
#1157 = EDGE_CURVE ( 'NONE', #3044, #1270, #2110, .T. ) ;
#1158 = DIRECTION ( 'NONE',  ( 0.000000000000000000, 0.000000000000000000, -1.000000000000000000 ) ) ;
#1159 = CARTESIAN_POINT ( 'NONE',  ( 2.519685039370077373, 2.144685039370078261, 0.1250000000000000000 ) ) ;
#1160 = CARTESIAN_POINT ( 'NONE',  ( 3.730314960629923071, 1.740000000000002656, -0.2499999999999999722 ) ) ;
#1161 = CIRCLE ( 'NONE', #1220, 0.7500000000000002220 ) ;
#1162 = ORIENTED_EDGE ( 'NONE', *, *, #2006, .T. ) ;
#1163 = CARTESIAN_POINT ( 'NONE',  ( 3.875000000000001332, -1.140000000000000124, -0.5000000000000000000 ) ) ;
#1164 = DIRECTION ( 'NONE',  ( -0.000000000000000000, 1.000000000000000000, -0.000000000000000000 ) ) ;
#1165 = VECTOR ( 'NONE', #5, 39.37007874015748143 ) ;
#1166 = VECTOR ( 'NONE', #2984, 39.37007874015748143 ) ;
#1167 = VECTOR ( 'NONE', #1306, 39.37007874015748143 ) ;
#1168 = DIRECTION ( 'NONE',  ( 0.000000000000000000, 0.000000000000000000, 1.000000000000000000 ) ) ;
#1169 = ORIENTED_EDGE ( 'NONE', *, *, #904, .F. ) ;
#1170 = AXIS2_PLACEMENT_3D ( 'NONE', #3052, #2742, #1085 ) ;
#1171 = LINE ( 'NONE', #2037, #98 ) ;
#1172 = VECTOR ( 'NONE', #2385, 39.37007874015748143 ) ;
#1173 = LINE ( 'NONE', #2891, #1043 ) ;
#1174 = EDGE_CURVE ( 'NONE', #2731, #2766, #674, .T. ) ;
#1175 = ORIENTED_EDGE ( 'NONE', *, *, #3215, .F. ) ;
#1176 = ORIENTED_EDGE ( 'NONE', *, *, #2938, .F. ) ;
#1177 = CARTESIAN_POINT ( 'NONE',  ( 3.875000000000000444, -1.739999999999999991, 0.000000000000000000 ) ) ;
#1178 = ORIENTED_EDGE ( 'NONE', *, *, #419, .F. ) ;
#1179 = AXIS2_PLACEMENT_3D ( 'NONE', #2143, #3219, #2120 ) ;
#1180 = LINE ( 'NONE', #1139, #813 ) ;
#1181 = AXIS2_PLACEMENT_3D ( 'NONE', #2865, #864, #2013 ) ;
#1182 = EDGE_CURVE ( 'NONE', #1618, #2856, #3512, .T. ) ;
#1183 = DIRECTION ( 'NONE',  ( -1.000000000000000000, 0.000000000000000000, 0.000000000000000000 ) ) ;
#1184 = CARTESIAN_POINT ( 'NONE',  ( 0.7696850393700778170, -0.6250000000000006661, 0.8750000000000000000 ) ) ;
#1185 = EDGE_CURVE ( 'NONE', #585, #3484, #2989, .T. ) ;
#1186 = EDGE_CURVE ( 'NONE', #3622, #3662, #1267, .T. ) ;
#1187 = LINE ( 'NONE', #2342, #3557 ) ;
#1188 = FACE_OUTER_BOUND ( 'NONE', #420, .T. ) ;
#1189 = CARTESIAN_POINT ( 'NONE',  ( -2.313617339981587584, -1.493071129398560792, -0.3331741844715886414 ) ) ;
#1190 = CYLINDRICAL_SURFACE ( 'NONE', #3322, 0.7500000000000002220 ) ;
#1191 = ORIENTED_EDGE ( 'NONE', *, *, #1528, .F. ) ;
#1192 = ORIENTED_EDGE ( 'NONE', *, *, #3296, .T. ) ;
#1193 = DIRECTION ( 'NONE',  ( 1.000000000000000000, -1.092739197465706076E-15, 0.000000000000000000 ) ) ;
#1194 = VERTEX_POINT ( 'NONE', #2151 ) ;
#1195 = DIRECTION ( 'NONE',  ( -1.000000000000000000, 0.000000000000000000, 0.000000000000000000 ) ) ;
#1196 = ORIENTED_EDGE ( 'NONE', *, *, #1926, .F. ) ;
#1197 = CARTESIAN_POINT ( 'NONE',  ( -2.287594657600041437, -1.755840494151895470, -0.3226423537605238034 ) ) ;
#1198 = DIRECTION ( 'NONE',  ( 1.000000000000000000, -0.000000000000000000, -0.000000000000000000 ) ) ;
#1199 = DIRECTION ( 'NONE',  ( 0.000000000000000000, 0.000000000000000000, 1.000000000000000000 ) ) ;
#1200 = LINE ( 'NONE', #862, #989 ) ;
#1201 = LINE ( 'NONE', #1520, #102 ) ;
#1202 = CARTESIAN_POINT ( 'NONE',  ( -1.590543937465562552, -1.499727941196186576, -0.2668207615463384919 ) ) ;
#1203 = LENGTH_MEASURE_WITH_UNIT ( LENGTH_MEASURE( 0.02539999999999999897 ), #3482 );
#1204 = ORIENTED_EDGE ( 'NONE', *, *, #241, .F. ) ;
#1205 = EDGE_LOOP ( 'NONE', ( #1924, #2379, #2889, #2814 ) ) ;
#1206 = ORIENTED_EDGE ( 'NONE', *, *, #2467, .T. ) ;
#1207 = CARTESIAN_POINT ( 'NONE',  ( -1.566610878574527854, 1.499939908622170526, -0.2584525582914599107 ) ) ;
#1208 = ORIENTED_EDGE ( 'NONE', *, *, #1889, .T. ) ;
#1209 = CARTESIAN_POINT ( 'NONE',  ( 2.054685039370077515, 1.957185039370078261, 0.000000000000000000 ) ) ;
#1210 = ORIENTED_EDGE ( 'NONE', *, *, #1651, .T. ) ;
#1211 = DIRECTION ( 'NONE',  ( 0.000000000000000000, 0.000000000000000000, 1.000000000000000000 ) ) ;
#1212 = ADVANCED_FACE ( 'NONE', ( #3267, #717, #1848 ), #445, .F. ) ;
#1213 = CARTESIAN_POINT ( 'NONE',  ( 3.470772887960933417, -1.739999999999999991, 0.000000000000000000 ) ) ;
#1214 = CARTESIAN_POINT ( 'NONE',  ( 9.066499003363114151E-17, -0.7500000000000008882, 0.1250000000000000000 ) ) ;
#1215 = DIRECTION ( 'NONE',  ( 1.000000000000000000, 0.000000000000000000, 0.000000000000000000 ) ) ;
#1216 = DIRECTION ( 'NONE',  ( 0.000000000000000000, 0.000000000000000000, 1.000000000000000000 ) ) ;
#1217 = VECTOR ( 'NONE', #281, 39.37007874015748143 ) ;
#1218 = DIRECTION ( 'NONE',  ( 9.106159978880878627E-17, -1.000000000000000000, 0.000000000000000000 ) ) ;
#1219 = EDGE_CURVE ( 'NONE', #54, #3244, #269, .T. ) ;
#1220 = AXIS2_PLACEMENT_3D ( 'NONE', #1382, #2245, #1158 ) ;
#1221 = CARTESIAN_POINT ( 'NONE',  ( 3.730314960629923515, 1.140000000000000346, -0.2499999999999999722 ) ) ;
#1222 = CARTESIAN_POINT ( 'NONE',  ( -1.948223304703364578, -0.8232233047033641338, 0.2500000000000000555 ) ) ;
#1223 = EDGE_LOOP ( 'NONE', ( #3428, #1093, #3453, #3324, #1444 ) ) ;
#1224 = ORIENTED_EDGE ( 'NONE', *, *, #2228, .T. ) ;
#1225 = CARTESIAN_POINT ( 'NONE',  ( -2.483017649858739073, 1.500000000000000666, -0.2500000000000000000 ) ) ;
#1226 = CARTESIAN_POINT ( 'NONE',  ( 3.500000000000001332, 1.140000000000000124, -0.5000000000000000000 ) ) ;
#1227 = AXIS2_PLACEMENT_3D ( 'NONE', #1376, #1089, #3319 ) ;
#1228 = EDGE_CURVE ( 'NONE', #486, #2750, #2727, .T. ) ;
#1229 = ORIENTED_EDGE ( 'NONE', *, *, #592, .F. ) ;
#1230 = CIRCLE ( 'NONE', #2839, 0.1250000000000000000 ) ;
#1231 = DIRECTION ( 'NONE',  ( 0.000000000000000000, 0.000000000000000000, 1.000000000000000000 ) ) ;
#1232 = EDGE_CURVE ( 'NONE', #2897, #332, #160, .T. ) ;
#1233 = CIRCLE ( 'NONE', #1181, 0.1250000000000000278 ) ;
#1234 = ORIENTED_EDGE ( 'NONE', *, *, #157, .F. ) ;
#1235 = DIRECTION ( 'NONE',  ( 1.000000000000000000, 1.092739197465705287E-16, 0.000000000000000000 ) ) ;
#1236 = VECTOR ( 'NONE', #250, 39.37007874015748143 ) ;
#1237 = VECTOR ( 'NONE', #2127, 39.37007874015748143 ) ;
#1238 = ORIENTED_EDGE ( 'NONE', *, *, #1292, .F. ) ;
#1239 = CARTESIAN_POINT ( 'NONE',  ( 1.242185039370077515, 2.019685039370078261, 0.000000000000000000 ) ) ;
#1240 = DIRECTION ( 'NONE',  ( 1.000000000000000000, 1.359234848953423774E-16, -0.000000000000000000 ) ) ;
#1241 = DIRECTION ( 'NONE',  ( 0.000000000000000000, 0.000000000000000000, 1.000000000000000000 ) ) ;
#1242 = AXIS2_PLACEMENT_3D ( 'NONE', #2289, #2869, #908 ) ;
#1243 = DIRECTION ( 'NONE',  ( -1.208866533781748389E-16, 1.000000000000000000, 0.000000000000000000 ) ) ;
#1244 = FACE_OUTER_BOUND ( 'NONE', #3438, .T. ) ;
#1245 = CARTESIAN_POINT ( 'NONE',  ( 4.000000000000000888, -1.739999999999999991, -0.1250000000000000278 ) ) ;
#1246 = VERTEX_POINT ( 'NONE', #2947 ) ;
#1247 = ORIENTED_EDGE ( 'NONE', *, *, #3167, .F. ) ;
#1248 = CARTESIAN_POINT ( 'NONE',  ( -2.350875909063053548, 1.497599549606682290, -0.2991702357522296740 ) ) ;
#1249 = DIRECTION ( 'NONE',  ( -1.000000000000000000, 0.000000000000000000, 0.000000000000000000 ) ) ;
#1250 = VERTEX_POINT ( 'NONE', #1007 ) ;
#1251 = DIRECTION ( 'NONE',  ( -7.123744041623132124E-16, 1.000000000000000000, -0.000000000000000000 ) ) ;
#1252 = EDGE_CURVE ( 'NONE', #1852, #171, #390, .T. ) ;
#1253 = EDGE_LOOP ( 'NONE', ( #948, #3527, #2693, #2698 ) ) ;
#1254 = DIRECTION ( 'NONE',  ( 0.000000000000000000, 1.000000000000000000, -0.000000000000000000 ) ) ;
#1255 = ADVANCED_FACE ( 'NONE', ( #2808 ), #828, .F. ) ;
#1256 = ORIENTED_EDGE ( 'NONE', *, *, #3487, .T. ) ;
#1257 = LINE ( 'NONE', #2686, #635 ) ;
#1258 = DIRECTION ( 'NONE',  ( 0.000000000000000000, -0.000000000000000000, 1.000000000000000000 ) ) ;
#1259 = CARTESIAN_POINT ( 'NONE',  ( 4.000000000000000888, 1.739999999999999991, -0.1250000000000000278 ) ) ;
#1260 = FACE_OUTER_BOUND ( 'NONE', #354, .T. ) ;
#1261 = DIRECTION ( 'NONE',  ( -0.000000000000000000, -0.000000000000000000, 1.000000000000000000 ) ) ;
#1262 = DIRECTION ( 'NONE',  ( -0.000000000000000000, 1.000000000000000000, -0.000000000000000000 ) ) ;
#1263 = VERTEX_POINT ( 'NONE', #183 ) ;
#1264 = EDGE_CURVE ( 'NONE', #3651, #3210, #1388, .T. ) ;
#1265 = ORIENTED_EDGE ( 'NONE', *, *, #2164, .T. ) ;
#1266 = CARTESIAN_POINT ( 'NONE',  ( -2.344135593510986215, 1.497067317738047576, -0.3043543691442316401 ) ) ;
#1267 = LINE ( 'NONE', #2412, #3434 ) ;
#1268 = ADVANCED_FACE ( 'NONE', ( #2529 ), #2251, .T. ) ;
#1269 = ORIENTED_EDGE ( 'NONE', *, *, #1174, .T. ) ;
#1270 = VERTEX_POINT ( 'NONE', #1077 ) ;
#1271 = DIRECTION ( 'NONE',  ( 1.359234848953423774E-16, -1.000000000000000000, 0.000000000000000000 ) ) ;
#1272 = ORIENTED_EDGE ( 'NONE', *, *, #990, .T. ) ;
#1273 =( BOUNDED_CURVE ( )  B_SPLINE_CURVE ( 3, ( #1448, #1222, #68, #2315 ),
 .UNSPECIFIED., .F., .F. ) 
 B_SPLINE_CURVE_WITH_KNOTS ( ( 4, 4 ),
 ( 4.712388980384688786, 6.283185307179586232 ),
 .UNSPECIFIED. ) 
 CURVE ( )  GEOMETRIC_REPRESENTATION_ITEM ( )  RATIONAL_B_SPLINE_CURVE ( ( 1.000000000000000000, 0.8047378541243648264, 0.8047378541243648264, 1.000000000000000000 ) ) 
 REPRESENTATION_ITEM ( '' )  );
#1274 = ADVANCED_FACE ( 'NONE', ( #512 ), #1968, .T. ) ;
#1275 = VERTEX_POINT ( 'NONE', #1322 ) ;
#1276 = CARTESIAN_POINT ( 'NONE',  ( 1.242185039370077515, 2.019685039370078261, -0.2500000000000000555 ) ) ;
#1277 = DIRECTION ( 'NONE',  ( 0.000000000000000000, 1.000000000000000000, 0.000000000000000000 ) ) ;
#1278 = EDGE_CURVE ( 'NONE', #878, #1143, #338, .T. ) ;
#1279 = CARTESIAN_POINT ( 'NONE',  ( 2.269685039370077817, -0.6250000000000005551, 0.2500000000000000000 ) ) ;
#1280 = CARTESIAN_POINT ( 'NONE',  ( -0.9803149606299221830, -1.955000000000001625, 0.7499999999999998890 ) ) ;
#1281 = PLANE ( 'NONE',  #3611 ) ;
#1282 = CARTESIAN_POINT ( 'NONE',  ( -1.750000000000001110, -0.5625000000000012212, 0.000000000000000000 ) ) ;
#1283 = ORIENTED_EDGE ( 'NONE', *, *, #127, .T. ) ;
#1284 = VERTEX_POINT ( 'NONE', #3388 ) ;
#1285 = DIRECTION ( 'NONE',  ( 0.000000000000000000, 0.000000000000000000, 1.000000000000000000 ) ) ;
#1286 = DIRECTION ( 'NONE',  ( -1.000000000000000000, 0.000000000000000000, 0.000000000000000000 ) ) ;
#1287 = VECTOR ( 'NONE', #1884, 39.37007874015748143 ) ;
#1288 = CARTESIAN_POINT ( 'NONE',  ( -0.9803149606299220720, -1.955000000000001403, 0.000000000000000000 ) ) ;
#1289 = VERTEX_POINT ( 'NONE', #3341 ) ;
#1290 = AXIS2_PLACEMENT_3D ( 'NONE', #3590, #3626, #2455 ) ;
#1291 = EDGE_LOOP ( 'NONE', ( #1149, #2324, #659, #1012, #1191, #238, #3185, #371, #2130, #2446, #678 ) ) ;
#1292 = EDGE_CURVE ( 'NONE', #2080, #3588, #3677, .T. ) ;
#1293 = AXIS2_PLACEMENT_3D ( 'NONE', #3585, #89, #2132 ) ;
#1294 = ORIENTED_EDGE ( 'NONE', *, *, #3117, .T. ) ;
#1295 = CARTESIAN_POINT ( 'NONE',  ( -1.105314960629922183, -0.6250000000000009992, 0.2500000000000000000 ) ) ;
#1296 = VECTOR ( 'NONE', #3161, 39.37007874015748143 ) ;
#1297 = CARTESIAN_POINT ( 'NONE',  ( -1.875000000000001110, -0.6250000000000011102, 0.2500000000000000000 ) ) ;
#1298 = CIRCLE ( 'NONE', #1948, 0.9999999999999996669 ) ;
#1299 = DIRECTION ( 'NONE',  ( -0.000000000000000000, -0.000000000000000000, -1.000000000000000000 ) ) ;
#1300 = EDGE_CURVE ( 'NONE', #221, #2537, #2776, .T. ) ;
#1301 = DIRECTION ( 'NONE',  ( 0.000000000000000000, 0.000000000000000000, 1.000000000000000000 ) ) ;
#1302 = CYLINDRICAL_SURFACE ( 'NONE', #3314, 0.06249999999999995143 ) ;
#1303 = EDGE_CURVE ( 'NONE', #1736, #3121, #2269, .T. ) ;
#1304 = PLANE ( 'NONE',  #3144 ) ;
#1305 = VERTEX_POINT ( 'NONE', #3597 ) ;
#1306 = DIRECTION ( 'NONE',  ( 0.000000000000000000, -1.000000000000000000, 0.000000000000000000 ) ) ;
#1307 = DIRECTION ( 'NONE',  ( -0.000000000000000000, 0.000000000000000000, -1.000000000000000000 ) ) ;
#1308 = LINE ( 'NONE', #1535, #799 ) ;
#1309 = ORIENTED_EDGE ( 'NONE', *, *, #1796, .T. ) ;
#1310 = ORIENTED_EDGE ( 'NONE', *, *, #224, .F. ) ;
#1311 = ORIENTED_EDGE ( 'NONE', *, *, #2350, .T. ) ;
#1312 = CYLINDRICAL_SURFACE ( 'NONE', #1640, 0.1250000000000000278 ) ;
#1313 = DIRECTION ( 'NONE',  ( 1.000000000000000000, 0.000000000000000000, 0.000000000000000000 ) ) ;
#1314 = EDGE_CURVE ( 'NONE', #2975, #2272, #248, .T. ) ;
#1315 = LINE ( 'NONE', #3333, #2123 ) ;
#1316 = SURFACE_SIDE_STYLE ('',( #2791 ) ) ;
#1317 = CARTESIAN_POINT ( 'NONE',  ( -2.000000000000001776, 2.144685039370077817, 0.1250000000000000000 ) ) ;
#1318 = EDGE_CURVE ( 'NONE', #3070, #1284, #1904, .T. ) ;
#1319 = CARTESIAN_POINT ( 'NONE',  ( -1.750000000000001554, 0.01968503937007829580, 0.7650000000000001243 ) ) ;
#1320 = EDGE_LOOP ( 'NONE', ( #642, #546, #3639, #557 ) ) ;
#1321 = PLANE ( 'NONE',  #1590 ) ;
#1322 = CARTESIAN_POINT ( 'NONE',  ( -0.8553149606299221830, -0.8750000000000014433, 0.7499999999999998890 ) ) ;
#1323 = ADVANCED_FACE ( 'NONE', ( #3354 ), #1669, .T. ) ;
#1324 = CYLINDRICAL_SURFACE ( 'NONE', #1395, 1.000000000000000222 ) ;
#1325 = ORIENTED_EDGE ( 'NONE', *, *, #767, .T. ) ;
#1326 = ORIENTED_EDGE ( 'NONE', *, *, #2966, .F. ) ;
#1327 = VERTEX_POINT ( 'NONE', #2179 ) ;
#1328 = DIRECTION ( 'NONE',  ( -1.000000000000000000, -1.208866533781747157E-16, 0.000000000000000000 ) ) ;
#1329 = FACE_OUTER_BOUND ( 'NONE', #1223, .T. ) ;
#1330 = EDGE_CURVE ( 'NONE', #2265, #2221, #1944, .T. ) ;
#1331 = CARTESIAN_POINT ( 'NONE',  ( 3.246996472469525466E-16, -2.080000000000001403, 0.8750000000000000000 ) ) ;
#1332 = EDGE_CURVE ( 'NONE', #2812, #413, #197, .T. ) ;
#1333 = CARTESIAN_POINT ( 'NONE',  ( 2.500000000000000000, 2.500000000000000000, 0.000000000000000000 ) ) ;
#1334 = CARTESIAN_POINT ( 'NONE',  ( -1.750000000000001776, 0.1446850393700789550, 0.6400000000000000133 ) ) ;
#1335 = CARTESIAN_POINT ( 'NONE',  ( 1.304685039370077737, 1.957185039370078039, 0.2500393700787401641 ) ) ;
#1336 = ORIENTED_EDGE ( 'NONE', *, *, #1252, .F. ) ;
#1337 = FACE_OUTER_BOUND ( 'NONE', #1253, .T. ) ;
#1338 = CARTESIAN_POINT ( 'NONE',  ( -2.000000000000001776, 0.1446850393700783721, 1.000000000000000000 ) ) ;
#1339 = EDGE_CURVE ( 'NONE', #633, #290, #482, .T. ) ;
#1340 = LINE ( 'NONE', #3370, #2773 ) ;
#1341 = ORIENTED_EDGE ( 'NONE', *, *, #344, .F. ) ;
#1342 = ORIENTED_EDGE ( 'NONE', *, *, #134, .F. ) ;
#1343 = EDGE_CURVE ( 'NONE', #3531, #2701, #2201, .T. ) ;
#1344 = CIRCLE ( 'NONE', #2176, 0.7500000000000002220 ) ;
#1345 = EDGE_CURVE ( 'NONE', #3429, #928, #595, .T. ) ;
#1346 = AXIS2_PLACEMENT_3D ( 'NONE', #3154, #2573, #3187 ) ;
#1347 = EDGE_CURVE ( 'NONE', #836, #3250, #51, .T. ) ;
#1348 = ORIENTED_EDGE ( 'NONE', *, *, #687, .T. ) ;
#1349 = CARTESIAN_POINT ( 'NONE',  ( -1.720155719545584549, 1.482908169840422064, -0.3804036668491447837 ) ) ;
#1350 = DIRECTION ( 'NONE',  ( -0.000000000000000000, 1.000000000000000000, -0.000000000000000000 ) ) ;
#1351 = AXIS2_PLACEMENT_3D ( 'NONE', #3421, #2328, #1724 ) ;
#1352 = VECTOR ( 'NONE', #3258, 39.37007874015748143 ) ;
#1353 = AXIS2_PLACEMENT_3D ( 'NONE', #1427, #3663, #1445 ) ;
#1354 = PRESENTATION_LAYER_ASSIGNMENT (  '', '', ( #1401 ) ) ;
#1355 = CARTESIAN_POINT ( 'NONE',  ( 4.000000000000000888, 1.739999999999999991, -0.3749999999999999445 ) ) ;
#1356 = VECTOR ( 'NONE', #2583, 39.37007874015748143 ) ;
#1357 = CIRCLE ( 'NONE', #3441, 0.1250000000000000278 ) ;
#1358 = CARTESIAN_POINT ( 'NONE',  ( -2.000000000000001332, 0.1446850393700783721, 0.2500000000000000000 ) ) ;
#1359 = AXIS2_PLACEMENT_3D ( 'NONE', #1687, #2828, #2271 ) ;
#1360 = LINE ( 'NONE', #3351, #3433 ) ;
#1361 = VERTEX_POINT ( 'NONE', #1145 ) ;
#1362 = AXIS2_PLACEMENT_3D ( 'NONE', #1524, #385, #1018 ) ;
#1363 = CARTESIAN_POINT ( 'NONE',  ( 2.169685039370077284, 1.894685039370078261, 0.2500000000000000000 ) ) ;
#1364 = CARTESIAN_POINT ( 'NONE',  ( 0.000000000000000000, -0.5000000000000011102, 0.8750000000000000000 ) ) ;
#1365 = DIRECTION ( 'NONE',  ( 9.106159978880879367E-16, 1.000000000000000000, -0.000000000000000000 ) ) ;
#1366 = EDGE_LOOP ( 'NONE', ( #2349, #1234, #2648, #3064, #59 ) ) ;
#1367 = ORIENTED_EDGE ( 'NONE', *, *, #2821, .T. ) ;
#1368 = EDGE_CURVE ( 'NONE', #913, #3676, #2242, .T. ) ;
#1369 = EDGE_LOOP ( 'NONE', ( #188, #1380, #320, #1393 ) ) ;
#1370 = CARTESIAN_POINT ( 'NONE',  ( 1.169685039370077506, 2.144685039370078261, 0.2500000000000000000 ) ) ;
#1371 = DIRECTION ( 'NONE',  ( 0.000000000000000000, -1.000000000000000000, 0.000000000000000000 ) ) ;
#1372 = CARTESIAN_POINT ( 'NONE',  ( -2.250000000000000000, -1.000000000000000000, -0.2500000000000000000 ) ) ;
#1373 = DIRECTION ( 'NONE',  ( 1.000000000000000000, 9.106159978880878627E-17, 0.000000000000000000 ) ) ;
#1374 = VERTEX_POINT ( 'NONE', #27 ) ;
#1375 = CARTESIAN_POINT ( 'NONE',  ( 4.000039370078741108, 0.1446850393700789550, 0.6400000000000000133 ) ) ;
#1376 = CARTESIAN_POINT ( 'NONE',  ( 3.730314960629923515, -1.139999999999999902, -0.2499999999999999722 ) ) ;
#1377 = PLANE ( 'NONE',  #693 ) ;
#1378 = EDGE_LOOP ( 'NONE', ( #2787, #863, #501, #2468, #838, #1676 ) ) ;
#1379 = ORIENTED_EDGE ( 'NONE', *, *, #497, .F. ) ;
#1380 = ORIENTED_EDGE ( 'NONE', *, *, #1429, .F. ) ;
#1381 = ORIENTED_EDGE ( 'NONE', *, *, #3059, .F. ) ;
#1382 = CARTESIAN_POINT ( 'NONE',  ( -1.750000000000000222, -1.000000000000000000, -0.2500000000000000000 ) ) ;
#1383 = CARTESIAN_POINT ( 'NONE',  ( -2.000000000000000888, -0.8750000000000012212, 0.1250000000000000000 ) ) ;
#1384 = EDGE_CURVE ( 'NONE', #3103, #1852, #1922, .T. ) ;
#1385 = DIRECTION ( 'NONE',  ( -9.106159978880879367E-16, 1.000000000000000000, 0.000000000000000000 ) ) ;
#1386 = EDGE_LOOP ( 'NONE', ( #3672, #2928, #2036, #3691 ) ) ;
#1387 = LINE ( 'NONE', #743, #2730 ) ;
#1388 = LINE ( 'NONE', #779, #2134 ) ;
#1389 = CARTESIAN_POINT ( 'NONE',  ( -2.500000000000000000, 1.968245836551854477, -0.2500000000000000000 ) ) ;
#1390 = CARTESIAN_POINT ( 'NONE',  ( 2.169685039370077284, 2.144685039370078261, 0.1250000000000000278 ) ) ;
#1391 = ORIENTED_EDGE ( 'NONE', *, *, #533, .F. ) ;
#1392 = ORIENTED_EDGE ( 'NONE', *, *, #2192, .T. ) ;
#1393 = ORIENTED_EDGE ( 'NONE', *, *, #2539, .F. ) ;
#1394 = ORIENTED_EDGE ( 'NONE', *, *, #1556, .F. ) ;
#1395 = AXIS2_PLACEMENT_3D ( 'NONE', #1037, #2181, #3323 ) ;
#1396 = ORIENTED_EDGE ( 'NONE', *, *, #2982, .T. ) ;
#1397 = DIRECTION ( 'NONE',  ( 1.821231995776175479E-16, -1.000000000000000000, -0.000000000000000000 ) ) ;
#1398 = AXIS2_PLACEMENT_3D ( 'NONE', #1963, #1722, #3419 ) ;
#1399 = DIRECTION ( 'NONE',  ( 0.000000000000000000, 0.000000000000000000, -1.000000000000000000 ) ) ;
#1400 = DIRECTION ( 'NONE',  ( 6.070773319253904853E-15, 1.000000000000000000, 0.000000000000000000 ) ) ;
#1401 = STYLED_ITEM ( 'NONE', ( #2458 ), #588 ) ;
#1402 = AXIS2_PLACEMENT_3D ( 'NONE', #724, #1814, #1782 ) ;
#1403 = CARTESIAN_POINT ( 'NONE',  ( 2.519685039370077373, 2.144685039370078261, 0.1250000000000000000 ) ) ;
#1404 = AXIS2_PLACEMENT_3D ( 'NONE', #611, #1744, #2567 ) ;
#1405 = EDGE_CURVE ( 'NONE', #1246, #1994, #1447, .T. ) ;
#1406 = ORIENTED_EDGE ( 'NONE', *, *, #1733, .T. ) ;
#1407 = FACE_OUTER_BOUND ( 'NONE', #2714, .T. ) ;
#1408 = CARTESIAN_POINT ( 'NONE',  ( -1.750000000000000222, -1.433012701892219187, -0.5000000000000000000 ) ) ;
#1409 = AXIS2_PLACEMENT_3D ( 'NONE', #473, #488, #1611 ) ;
#1410 = ADVANCED_FACE ( 'NONE', ( #9 ), #3450, .T. ) ;
#1411 = VECTOR ( 'NONE', #342, 39.37007874015748143 ) ;
#1412 = CARTESIAN_POINT ( 'NONE',  ( -2.287594657600041881, 1.755840494151896136, -0.3226423537605237479 ) ) ;
#1413 = LINE ( 'NONE', #3689, #1596 ) ;
#1414 = VERTEX_POINT ( 'NONE', #3542 ) ;
#1415 = VERTEX_POINT ( 'NONE', #1800 ) ;
#1416 = CARTESIAN_POINT ( 'NONE',  ( -1.668804514396659444, 1.495734087355247155, -0.3154050037607999402 ) ) ;
#1417 = ORIENTED_EDGE ( 'NONE', *, *, #3442, .F. ) ;
#1418 = ORIENTED_EDGE ( 'NONE', *, *, #904, .T. ) ;
#1419 = DIRECTION ( 'NONE',  ( 0.000000000000000000, 0.000000000000000000, 1.000000000000000000 ) ) ;
#1420 = ORIENTED_EDGE ( 'NONE', *, *, #2467, .F. ) ;
#1421 = DIRECTION ( 'NONE',  ( 0.000000000000000000, 0.000000000000000000, -1.000000000000000000 ) ) ;
#1422 = ADVANCED_FACE ( 'NONE', ( #107, #1244 ), #1281, .T. ) ;
#1423 = DIRECTION ( 'NONE',  ( 1.000000000000000000, 3.642463991552351451E-16, 0.000000000000000000 ) ) ;
#1424 = LINE ( 'NONE', #1484, #3200 ) ;
#1425 = CARTESIAN_POINT ( 'NONE',  ( -2.500000000000000000, 2.500000000000000000, -0.2500000000000000000 ) ) ;
#1426 = ORIENTED_EDGE ( 'NONE', *, *, #3692, .T. ) ;
#1427 = CARTESIAN_POINT ( 'NONE',  ( 2.519685039370077817, -0.8750000000000006661, 0.2500000000000000000 ) ) ;
#1428 = CARTESIAN_POINT ( 'NONE',  ( -2.255393423960420307, -1.459291932554580118, -0.4477858952126058112 ) ) ;
#1429 = EDGE_CURVE ( 'NONE', #1414, #3429, #426, .T. ) ;
#1430 =( CONVERSION_BASED_UNIT ( 'INCH', #1203 ) LENGTH_UNIT ( ) NAMED_UNIT ( #1765 ) );
#1431 = CARTESIAN_POINT ( 'NONE',  ( 3.875000000000000444, 1.739999999999999991, -0.5000000000000000000 ) ) ;
#1432 = ORIENTED_EDGE ( 'NONE', *, *, #2966, .T. ) ;
#1433 = ORIENTED_EDGE ( 'NONE', *, *, #2000, .F. ) ;
#1434 = DIRECTION ( 'NONE',  ( 0.000000000000000000, 0.000000000000000000, -1.000000000000000000 ) ) ;
#1435 = EDGE_CURVE ( 'NONE', #1270, #694, #81, .T. ) ;
#1436 = ORIENTED_EDGE ( 'NONE', *, *, #877, .T. ) ;
#1437 = ORIENTED_EDGE ( 'NONE', *, *, #3369, .F. ) ;
#1438 = DIRECTION ( 'NONE',  ( 0.000000000000000000, 0.000000000000000000, 1.000000000000000000 ) ) ;
#1439 = ORIENTED_EDGE ( 'NONE', *, *, #3627, .F. ) ;
#1440 = CARTESIAN_POINT ( 'NONE',  ( -1.687500000000001554, 1.894685039370077817, 0.2500000000000000000 ) ) ;
#1441 = FACE_OUTER_BOUND ( 'NONE', #2614, .T. ) ;
#1442 = CARTESIAN_POINT ( 'NONE',  ( 3.250000000000001776, -1.139999999999998570, -0.5000000000000000000 ) ) ;
#1443 = CARTESIAN_POINT ( 'NONE',  ( 2.269685039370077373, 1.894685039370078261, 0.2500000000000000000 ) ) ;
#1444 = ORIENTED_EDGE ( 'NONE', *, *, #3518, .F. ) ;
#1445 = DIRECTION ( 'NONE',  ( -1.000000000000000000, -1.208866533781747157E-16, 0.000000000000000000 ) ) ;
#1446 = EDGE_CURVE ( 'NONE', #2221, #2111, #2423, .T. ) ;
#1447 = LINE ( 'NONE', #2551, #2362 ) ;
#1448 = CARTESIAN_POINT ( 'NONE',  ( -1.875000000000001110, -0.7500000000000011102, 0.2500000000000000000 ) ) ;
#1449 = CARTESIAN_POINT ( 'NONE',  ( 2.394685039370077373, 2.019685039370078261, 0.2500000000000000000 ) ) ;
#1450 = EDGE_LOOP ( 'NONE', ( #618, #3094, #733, #128 ) ) ;
#1451 = ORIENTED_EDGE ( 'NONE', *, *, #2465, .F. ) ;
#1452 = DIRECTION ( 'NONE',  ( 0.000000000000000000, -1.000000000000000000, 0.000000000000000000 ) ) ;
#1453 = EDGE_CURVE ( 'NONE', #332, #2725, #1562, .T. ) ;
#1454 = EDGE_LOOP ( 'NONE', ( #235, #1941 ) ) ;
#1455 = ORIENTED_EDGE ( 'NONE', *, *, #141, .F. ) ;
#1456 = PLANE ( 'NONE',  #329 ) ;
#1457 = EDGE_CURVE ( 'NONE', #3531, #1480, #398, .T. ) ;
#1458 = EDGE_LOOP ( 'NONE', ( #2219, #2579, #1238, #1706 ) ) ;
#1459 = DIRECTION ( 'NONE',  ( 0.000000000000000000, 1.000000000000000000, -0.000000000000000000 ) ) ;
#1460 = CARTESIAN_POINT ( 'NONE',  ( 2.169685039370077284, 1.894685039370078261, -1.030776406404415146 ) ) ;
#1461 = LINE ( 'NONE', #1141, #811 ) ;
#1462 = AXIS2_PLACEMENT_3D ( 'NONE', #3211, #1495, #3228 ) ;
#1463 = LINE ( 'NONE', #3463, #2194 ) ;
#1464 = AXIS2_PLACEMENT_3D ( 'NONE', #3430, #3411, #851 ) ;
#1465 = ORIENTED_EDGE ( 'NONE', *, *, #180, .F. ) ;
#1466 = CIRCLE ( 'NONE', #1940, 0.1446850393700786219 ) ;
#1467 = DIRECTION ( 'NONE',  ( -0.000000000000000000, -0.000000000000000000, 1.000000000000000000 ) ) ;
#1468 = CARTESIAN_POINT ( 'NONE',  ( -2.500000000000000000, -1.500000000000000222, -0.2500000000000000000 ) ) ;
#1469 = VECTOR ( 'NONE', #566, 39.37007874015748143 ) ;
#1470 = CLOSED_SHELL ( 'NONE', ( #1613, #2809, #3406, #3664, #2398, #492, #3302, #857, #3578, #1032, #1024, #3217, #953, #3328, #386, #3011, #3687, #293, #1083, #988, #3624, #2974, #3680, #1323, #2301, #3515, #622, #3347, #1422, #416, #552, #2509, #2777, #316, #1068, #3638, #1700, #1255, #1707, #3586, #2401, #328, #2505, #1003, #1988, #1894, #2845, #3332, #1915, #2008, #3060, #2445, #3418, #3384, #3481, #663, #1133, #1212, #3492, #433, #1585, #641, #410, #2548, #888, #2012, #1956, #1957, #2681, #2244, #2299, #2279, #357, #2783, #289, #793, #3262, #858, #1881, #1134, #3147, #3028, #184, #475, #1274, #606, #926, #3336, #3284, #1268, #3051, #1679, #3212, #3287, #200, #1044, #1879, #2993, #18, #3096, #809, #1042, #1410, #748, #3601, #1494, #3116, #3334, #139 ) ) ;
#1471 = DIRECTION ( 'NONE',  ( 1.000000000000000000, 0.000000000000000000, 0.000000000000000000 ) ) ;
#1472 = DIRECTION ( 'NONE',  ( 1.000000000000000000, 1.138269997360109921E-16, -0.000000000000000000 ) ) ;
#1473 = EDGE_LOOP ( 'NONE', ( #1869, #2205, #826, #815, #3112 ) ) ;
#1474 = AXIS2_PLACEMENT_3D ( 'NONE', #2327, #1100, #3462 ) ;
#1475 = VERTEX_POINT ( 'NONE', #710 ) ;
#1476 = FACE_OUTER_BOUND ( 'NONE', #1386, .T. ) ;
#1477 = VECTOR ( 'NONE', #2, 39.37007874015748143 ) ;
#1478 = ORIENTED_EDGE ( 'NONE', *, *, #1889, .F. ) ;
#1479 = DIRECTION ( 'NONE',  ( -1.809359557733305771E-16, 1.000000000000000000, 0.000000000000000000 ) ) ;
#1480 = VERTEX_POINT ( 'NONE', #384 ) ;
#1481 = CARTESIAN_POINT ( 'NONE',  ( 3.875000000000001776, 1.739999999999999991, 0.000000000000000000 ) ) ;
#1482 = EDGE_CURVE ( 'NONE', #2249, #2484, #2365, .T. ) ;
#1483 = DIRECTION ( 'NONE',  ( 0.000000000000000000, 0.000000000000000000, 1.000000000000000000 ) ) ;
#1484 = CARTESIAN_POINT ( 'NONE',  ( 2.269685039370077373, 1.894685039370078261, 0.2500000000000000000 ) ) ;
#1485 = LINE ( 'NONE', #2547, #507 ) ;
#1486 = DIRECTION ( 'NONE',  ( 0.000000000000000000, 0.000000000000000000, 1.000000000000000000 ) ) ;
#1487 = CARTESIAN_POINT ( 'NONE',  ( -2.483017537744354186, -1.500000000000000444, -0.2500000000000000000 ) ) ;
#1488 = LINE ( 'NONE', #3168, #2748 ) ;
#1489 = ORIENTED_EDGE ( 'NONE', *, *, #2370, .T. ) ;
#1490 = VERTEX_POINT ( 'NONE', #1521 ) ;
#1491 = DIRECTION ( 'NONE',  ( 0.000000000000000000, 0.000000000000000000, 1.000000000000000000 ) ) ;
#1492 = LINE ( 'NONE', #72, #2064 ) ;
#1493 = ORIENTED_EDGE ( 'NONE', *, *, #877, .F. ) ;
#1494 = ADVANCED_FACE ( 'NONE', ( #977 ), #1302, .F. ) ;
#1495 = DIRECTION ( 'NONE',  ( 0.000000000000000000, -1.000000000000000000, -0.000000000000000000 ) ) ;
#1496 = ORIENTED_EDGE ( 'NONE', *, *, #2232, .T. ) ;
#1497 = LINE ( 'NONE', #396, #2015 ) ;
#1498 = CARTESIAN_POINT ( 'NONE',  ( -1.712405342399958563, 1.755840494151896136, -0.3226423537605238034 ) ) ;
#1499 = CARTESIAN_POINT ( 'NONE',  ( 3.435533138944812048, 1.739999999999999991, -0.3727453257912701767 ) ) ;
#1500 = EDGE_CURVE ( 'NONE', #3246, #2975, #1859, .T. ) ;
#1501 = CARTESIAN_POINT ( 'NONE',  ( 0.8946850393700779280, -0.8750000000000007772, 0.1250000000000000000 ) ) ;
#1502 = EDGE_CURVE ( 'NONE', #1246, #2830, #144, .T. ) ;
#1503 = CARTESIAN_POINT ( 'NONE',  ( 1.169685039370077506, 2.144685039370078261, 0.000000000000000000 ) ) ;
#1504 = CARTESIAN_POINT ( 'NONE',  ( 4.000000000000000888, 1.739999999999999991, -0.5000000000000000000 ) ) ;
#1505 = EDGE_CURVE ( 'NONE', #1672, #2649, #1817, .T. ) ;
#1506 = CARTESIAN_POINT ( 'NONE',  ( 0.7696850393700778170, -0.8750000000000008882, 0.1250000000000000000 ) ) ;
#1507 = CARTESIAN_POINT ( 'NONE',  ( 0.5196850393700779280, -1.955000000000001403, 1.000000000000000000 ) ) ;
#1508 = VERTEX_POINT ( 'NONE', #2999 ) ;
#1509 = VERTEX_POINT ( 'NONE', #3505 ) ;
#1510 = CARTESIAN_POINT ( 'NONE',  ( -1.750000000000000222, 1.714481694232217412, -0.4791405958989834457 ) ) ;
#1511 = DIRECTION ( 'NONE',  ( 1.000000000000000000, 2.168404344971008868E-16, -0.000000000000000000 ) ) ;
#1512 =( BOUNDED_CURVE ( )  B_SPLINE_CURVE ( 3, ( #3179, #2904, #3143, #3383 ),
 .UNSPECIFIED., .F., .F. ) 
 B_SPLINE_CURVE_WITH_KNOTS ( ( 4, 4 ),
 ( 3.141592653589793116, 4.712388980384689674 ),
 .UNSPECIFIED. ) 
 CURVE ( )  GEOMETRIC_REPRESENTATION_ITEM ( )  RATIONAL_B_SPLINE_CURVE ( ( 1.000000000000000000, 0.8047378541243649375, 0.8047378541243649375, 1.000000000000000000 ) ) 
 REPRESENTATION_ITEM ( '' )  );
#1513 = EDGE_LOOP ( 'NONE', ( #1493, #2389, #2737, #2734 ) ) ;
#1514 = FACE_OUTER_BOUND ( 'NONE', #1515, .T. ) ;
#1515 = EDGE_LOOP ( 'NONE', ( #2177, #2277, #3114, #2760, #2051, #3509, #540, #3356 ) ) ;
#1516 = CARTESIAN_POINT ( 'NONE',  ( -1.875000000000001554, -0.6250000000000011102, 0.1250000000000000000 ) ) ;
#1517 = CARTESIAN_POINT ( 'NONE',  ( -1.500000000000000222, -1.500000000000000222, -0.2500000000000000000 ) ) ;
#1518 = CARTESIAN_POINT ( 'NONE',  ( -2.000000000000001332, 0.3946850393700781501, 0.000000000000000000 ) ) ;
#1519 = DIRECTION ( 'NONE',  ( 9.106159978880879367E-16, -1.000000000000000000, 0.000000000000000000 ) ) ;
#1520 = CARTESIAN_POINT ( 'NONE',  ( 2.519685039370077817, -0.8750000000000006661, 0.000000000000000000 ) ) ;
#1521 = CARTESIAN_POINT ( 'NONE',  ( -2.750000000000001332, 0.2696850393700783166, 1.000000000000000000 ) ) ;
#1522 = EDGE_CURVE ( 'NONE', #1194, #795, #2105, .T. ) ;
#1523 = CIRCLE ( 'NONE', #2180, 0.06250000000000022204 ) ;
#1524 = CARTESIAN_POINT ( 'NONE',  ( -1.687500000000001554, 1.832185039370077817, 0.000000000000000000 ) ) ;
#1525 = ORIENTED_EDGE ( 'NONE', *, *, #3655, .F. ) ;
#1526 = ORIENTED_EDGE ( 'NONE', *, *, #3564, .F. ) ;
#1527 = CARTESIAN_POINT ( 'NONE',  ( -2.331322441104562326, 1.495749829388896890, -0.3152872305220877358 ) ) ;
#1528 = EDGE_CURVE ( 'NONE', #3155, #146, #1000, .T. ) ;
#1529 = CARTESIAN_POINT ( 'NONE',  ( -2.500000000000000000, 1.500000000000000444, -0.2500000000000000000 ) ) ;
#1530 = VECTOR ( 'NONE', #2227, 39.37007874015748143 ) ;
#1531 = AXIS2_PLACEMENT_3D ( 'NONE', #1709, #3405, #2848 ) ;
#1532 = VECTOR ( 'NONE', #2847, 39.37007874015748143 ) ;
#1533 = ORIENTED_EDGE ( 'NONE', *, *, #1569, .T. ) ;
#1534 = AXIS2_PLACEMENT_3D ( 'NONE', #723, #1258, #2937 ) ;
#1535 = CARTESIAN_POINT ( 'NONE',  ( 2.519685039370077817, -0.8750000000000006661, 0.1250000000000000000 ) ) ;
#1536 = VECTOR ( 'NONE', #106, 39.37007874015748143 ) ;
#1537 = ORIENTED_EDGE ( 'NONE', *, *, #344, .T. ) ;
#1538 = FACE_OUTER_BOUND ( 'NONE', #2450, .T. ) ;
#1539 = VECTOR ( 'NONE', #1082, 39.37007874015748143 ) ;
#1540 = AXIS2_PLACEMENT_3D ( 'NONE', #2368, #3507, #2425 ) ;
#1541 = ORIENTED_EDGE ( 'NONE', *, *, #1072, .T. ) ;
#1542 = FACE_OUTER_BOUND ( 'NONE', #895, .T. ) ;
#1543 = CARTESIAN_POINT ( 'NONE',  ( 3.470772887960933417, 1.739999999999999991, -0.5000000000000000000 ) ) ;
#1544 = CYLINDRICAL_SURFACE ( 'NONE', #1588, 0.1250000000000000278 ) ;
#1545 = EDGE_CURVE ( 'NONE', #615, #3045, #2124, .T. ) ;
#1546 = DIRECTION ( 'NONE',  ( 1.000000000000000000, 1.208866533781747157E-16, -0.000000000000000000 ) ) ;
#1547 = CARTESIAN_POINT ( 'NONE',  ( -1.750000000000001554, 0.01968503937007829580, 1.000000000000000000 ) ) ;
#1548 = FACE_OUTER_BOUND ( 'NONE', #1960, .T. ) ;
#1549 = ORIENTED_EDGE ( 'NONE', *, *, #1072, .F. ) ;
#1550 = ORIENTED_EDGE ( 'NONE', *, *, #514, .F. ) ;
#1551 = LINE ( 'NONE', #130, #2604 ) ;
#1552 = PLANE ( 'NONE',  #2300 ) ;
#1553 = ORIENTED_EDGE ( 'NONE', *, *, #1146, .T. ) ;
#1554 = FACE_OUTER_BOUND ( 'NONE', #2234, .T. ) ;
#1555 = ORIENTED_EDGE ( 'NONE', *, *, #2676, .T. ) ;
#1556 = EDGE_CURVE ( 'NONE', #3171, #2812, #3278, .T. ) ;
#1557 = ORIENTED_EDGE ( 'NONE', *, *, #2500, .F. ) ;
#1558 = LINE ( 'NONE', #2622, #3665 ) ;
#1559 = DIRECTION ( 'NONE',  ( 0.000000000000000000, 1.000000000000000000, 0.000000000000000000 ) ) ;
#1560 = DIRECTION ( 'NONE',  ( -1.000000000000000000, 0.000000000000000000, 0.000000000000000000 ) ) ;
#1561 = DIRECTION ( 'NONE',  ( -1.000000000000000000, -9.106159978880878627E-17, -0.000000000000000000 ) ) ;
#1562 = LINE ( 'NONE', #2145, #700 ) ;
#1563 = FACE_OUTER_BOUND ( 'NONE', #3435, .T. ) ;
#1564 = VERTEX_POINT ( 'NONE', #726 ) ;
#1565 = ORIENTED_EDGE ( 'NONE', *, *, #1820, .T. ) ;
#1566 = CARTESIAN_POINT ( 'NONE',  ( -2.261098097133033225, 1.468779924462761510, -0.4246228102442700658 ) ) ;
#1567 = DIRECTION ( 'NONE',  ( -1.359234848953423774E-16, 1.000000000000000000, 0.000000000000000000 ) ) ;
#1568 = CARTESIAN_POINT ( 'NONE',  ( -2.625000000000001776, 0.3946850393700783166, 0.8750000000000000000 ) ) ;
#1569 = EDGE_CURVE ( 'NONE', #3263, #538, #163, .T. ) ;
#1570 = ORIENTED_EDGE ( 'NONE', *, *, #419, .T. ) ;
#1571 = EDGE_CURVE ( 'NONE', #3264, #3164, #2443, .T. ) ;
#1572 = EDGE_LOOP ( 'NONE', ( #2238, #3040, #1738, #1010 ) ) ;
#1573 = CARTESIAN_POINT ( 'NONE',  ( 3.435247373073393007, -1.739999999999999991, -0.3722817921939619579 ) ) ;
#1574 = DIRECTION ( 'NONE',  ( 1.000000000000000000, -0.000000000000000000, -0.000000000000000000 ) ) ;
#1575 = CARTESIAN_POINT ( 'NONE',  ( 0.7696850393700778170, -0.6250000000000011102, 0.3749999999999999445 ) ) ;
#1576 = PLANE ( 'NONE',  #3046 ) ;
#1577 = DIRECTION ( 'NONE',  ( -3.642463991552351451E-16, -1.000000000000000000, -0.000000000000000000 ) ) ;
#1578 = CARTESIAN_POINT ( 'NONE',  ( 3.500000000000003553, -1.500000000000000888, -0.5000000000000000000 ) ) ;
#1579 = VERTEX_POINT ( 'NONE', #2212 ) ;
#1580 = CARTESIAN_POINT ( 'NONE',  ( 1.169685039370077506, 2.144685039370078261, 0.000000000000000000 ) ) ;
#1581 = CARTESIAN_POINT ( 'NONE',  ( 3.730314960629923071, 1.740000000000002656, -0.2499999999999999722 ) ) ;
#1582 = AXIS2_PLACEMENT_3D ( 'NONE', #3532, #1583, #2697 ) ;
#1583 = DIRECTION ( 'NONE',  ( -1.000000000000000000, -1.809359557733305771E-16, 0.000000000000000000 ) ) ;
#1584 = VERTEX_POINT ( 'NONE', #2770 ) ;
#1585 = ADVANCED_FACE ( 'NONE', ( #2495 ), #3631, .F. ) ;
#1586 = AXIS2_PLACEMENT_3D ( 'NONE', #1779, #2044, #664 ) ;
#1587 = ORIENTED_EDGE ( 'NONE', *, *, #3235, .F. ) ;
#1588 = AXIS2_PLACEMENT_3D ( 'NONE', #424, #2085, #438 ) ;
#1589 = VECTOR ( 'NONE', #960, 39.37007874015748143 ) ;
#1590 = AXIS2_PLACEMENT_3D ( 'NONE', #1375, #2514, #1035 ) ;
#1591 = ORIENTED_EDGE ( 'NONE', *, *, #785, .F. ) ;
#1592 = CARTESIAN_POINT ( 'NONE',  ( -2.000000000000001776, -0.6250000000000011102, 0.8750000000000000000 ) ) ;
#1593 = CIRCLE ( 'NONE', #2964, 0.06249999999999995143 ) ;
#1594 = LINE ( 'NONE', #2739, #2076 ) ;
#1595 = EDGE_CURVE ( 'NONE', #3622, #2856, #3337, .T. ) ;
#1596 = VECTOR ( 'NONE', #3169, 39.37007874015748143 ) ;
#1597 = DIRECTION ( 'NONE',  ( -0.000000000000000000, -1.000000000000000000, -0.000000000000000000 ) ) ;
#1598 = EDGE_CURVE ( 'NONE', #3268, #2992, #2525, .T. ) ;
#1599 =( CONVERSION_BASED_UNIT ( 'INCH', #2225 ) LENGTH_UNIT ( ) NAMED_UNIT ( #52 ) );
#1600 = CARTESIAN_POINT ( 'NONE',  ( -2.625000000000001776, 0.2696850393700783721, 1.000000000000000000 ) ) ;
#1601 = AXIS2_PLACEMENT_3D ( 'NONE', #1686, #483, #2553 ) ;
#1602 = CARTESIAN_POINT ( 'NONE',  ( 0.5196850393700779280, -1.955000000000001403, 0.000000000000000000 ) ) ;
#1603 = ORIENTED_EDGE ( 'NONE', *, *, #198, .T. ) ;
#1604 = DIRECTION ( 'NONE',  ( -2.294752314677982760E-14, -1.000000000000000000, -1.639108796198557852E-14 ) ) ;
#1605 = CARTESIAN_POINT ( 'NONE',  ( 0.7696850393700780391, -2.205000000000001403, 0.8750000000000000000 ) ) ;
#1606 = CARTESIAN_POINT ( 'NONE',  ( 2.269685039370077373, 1.894685039370078261, 0.2500000000000000000 ) ) ;
#1607 = EDGE_LOOP ( 'NONE', ( #1854, #3410, #1770, #3614 ) ) ;
#1608 = AXIS2_PLACEMENT_3D ( 'NONE', #1507, #2647, #3125 ) ;
#1609 = ORIENTED_EDGE ( 'NONE', *, *, #1595, .T. ) ;
#1610 = CARTESIAN_POINT ( 'NONE',  ( -0.9803149606299221830, -0.7500000000000009992, 0.3749999999999999445 ) ) ;
#1611 = DIRECTION ( 'NONE',  ( 0.000000000000000000, 0.000000000000000000, 1.000000000000000000 ) ) ;
#1612 = FACE_OUTER_BOUND ( 'NONE', #265, .T. ) ;
#1613 = ADVANCED_FACE ( 'NONE', ( #193 ), #1929, .F. ) ;
#1614 = DIRECTION ( 'NONE',  ( 7.123744041623131138E-16, 1.000000000000000000, -0.000000000000000000 ) ) ;
#1615 = PLANE ( 'NONE',  #1474 ) ;
#1616 = DIRECTION ( 'NONE',  ( 1.000000000000000000, 1.092739197465705287E-16, -0.000000000000000000 ) ) ;
#1617 = EDGE_CURVE ( 'NONE', #1415, #3244, #1629, .T. ) ;
#1618 = VERTEX_POINT ( 'NONE', #1334 ) ;
#1619 = DIRECTION ( 'NONE',  ( -0.000000000000000000, -0.000000000000000000, -1.000000000000000000 ) ) ;
#1620 = EDGE_CURVE ( 'NONE', #2856, #3045, #1649, .T. ) ;
#1621 = CARTESIAN_POINT ( 'NONE',  ( 3.250000000000001776, 1.140000000000000124, -0.2500000000000000000 ) ) ;
#1622 = ORIENTED_EDGE ( 'NONE', *, *, #682, .F. ) ;
#1623 = ORIENTED_EDGE ( 'NONE', *, *, #3394, .F. ) ;
#1624 = ORIENTED_EDGE ( 'NONE', *, *, #1670, .T. ) ;
#1625 = CARTESIAN_POINT ( 'NONE',  ( 3.339099832260041367, -1.739999999999999991, -0.2816036235467940796 ) ) ;
#1626 = DIRECTION ( 'NONE',  ( -1.000000000000000000, -3.642463991552351451E-16, 0.000000000000000000 ) ) ;
#1627 = DIRECTION ( 'NONE',  ( 1.000000000000000000, 1.561055996379578489E-16, 0.000000000000000000 ) ) ;
#1628 = CARTESIAN_POINT ( 'NONE',  ( 2.207185039370077817, -0.6250000000000005551, 0.000000000000000000 ) ) ;
#1629 = LINE ( 'NONE', #528, #164 ) ;
#1630 = DIRECTION ( 'NONE',  ( 0.000000000000000000, -1.000000000000000000, 0.000000000000000000 ) ) ;
#1631 = VERTEX_POINT ( 'NONE', #1383 ) ;
#1632 = CARTESIAN_POINT ( 'NONE',  ( -1.750000000000001110, -0.5625000000000012212, 0.2500000000000000000 ) ) ;
#1633 = CARTESIAN_POINT ( 'NONE',  ( 1.304685039370077737, 2.019685039370078261, 0.000000000000000000 ) ) ;
#1634 = EDGE_CURVE ( 'NONE', #3378, #1828, #1123, .T. ) ;
#1635 = LINE ( 'NONE', #2827, #2356 ) ;
#1636 = EDGE_CURVE ( 'NONE', #214, #819, #3067, .T. ) ;
#1637 = EDGE_LOOP ( 'NONE', ( #1803, #1224, #1555, #3490, #3566, #1162, #3510, #1950, #2987, #2348 ) ) ;
#1638 = ORIENTED_EDGE ( 'NONE', *, *, #2204, .F. ) ;
#1639 = AXIS2_PLACEMENT_3D ( 'NONE', #339, #949, #2636 ) ;
#1640 = AXIS2_PLACEMENT_3D ( 'NONE', #3110, #1328, #1909 ) ;
#1641 = ORIENTED_EDGE ( 'NONE', *, *, #3445, .F. ) ;
#1642 = CARTESIAN_POINT ( 'NONE',  ( -1.750000000000001554, 0.2696850393700784276, 1.000000000000000000 ) ) ;
#1643 = VECTOR ( 'NONE', #2906, 39.37007874015748143 ) ;
#1644 = VECTOR ( 'NONE', #652, 39.37007874015748143 ) ;
#1645 = CIRCLE ( 'NONE', #868, 0.1250000000000000278 ) ;
#1646 = AXIS2_PLACEMENT_3D ( 'NONE', #885, #2623, #2862 ) ;
#1647 = AXIS2_PLACEMENT_3D ( 'NONE', #2824, #827, #547 ) ;
#1648 = CARTESIAN_POINT ( 'NONE',  ( -2.750000000000001332, 0.1446850393700782889, 1.000000000000000000 ) ) ;
#1649 = LINE ( 'NONE', #2792, #2433 ) ;
#1650 = VECTOR ( 'NONE', #1397, 39.37007874015748143 ) ;
#1651 = EDGE_CURVE ( 'NONE', #1143, #1250, #1900, .T. ) ;
#1652 = CARTESIAN_POINT ( 'NONE',  ( 2.500000000000000444, -2.499999999999999556, 0.000000000000000000 ) ) ;
#1653 = EDGE_LOOP ( 'NONE', ( #2799, #553, #313, #2438 ) ) ;
#1654 = DIRECTION ( 'NONE',  ( 0.000000000000000000, 1.000000000000000000, 0.000000000000000000 ) ) ;
#1655 = DIRECTION ( 'NONE',  ( -0.000000000000000000, 0.000000000000000000, -1.000000000000000000 ) ) ;
#1656 = AXIS2_PLACEMENT_3D ( 'NONE', #230, #1880, #2746 ) ;
#1657 = PLANE ( 'NONE',  #1001 ) ;
#1658 = ORIENTED_EDGE ( 'NONE', *, *, #1839, .F. ) ;
#1659 = EDGE_LOOP ( 'NONE', ( #3448, #2057, #1985, #1641 ) ) ;
#1660 = ORIENTED_EDGE ( 'NONE', *, *, #3350, .T. ) ;
#1661 = EDGE_CURVE ( 'NONE', #2071, #1275, #100, .T. ) ;
#1662 = ORIENTED_EDGE ( 'NONE', *, *, #2763, .T. ) ;
#1663 = DIRECTION ( 'NONE',  ( 0.000000000000000000, 0.000000000000000000, -1.000000000000000000 ) ) ;
#1664 = DIRECTION ( 'NONE',  ( 1.000000000000000000, 3.642463991552351451E-16, 0.000000000000000000 ) ) ;
#1665 = DIRECTION ( 'NONE',  ( -1.000000000000000000, -1.561055996379578489E-16, -0.000000000000000000 ) ) ;
#1666 = CARTESIAN_POINT ( 'NONE',  ( 2.269685039370077817, -0.5625000000000006661, 0.000000000000000000 ) ) ;
#1667 = ORIENTED_EDGE ( 'NONE', *, *, #1405, .T. ) ;
#1668 = DIRECTION ( 'NONE',  ( 0.000000000000000000, 0.000000000000000000, 1.000000000000000000 ) ) ;
#1669 = CYLINDRICAL_SURFACE ( 'NONE', #211, 0.9999999999999992228 ) ;
#1670 = EDGE_CURVE ( 'NONE', #3121, #2236, #2159, .T. ) ;
#1671 = LINE ( 'NONE', #498, #2952 ) ;
#1672 = VERTEX_POINT ( 'NONE', #227 ) ;
#1673 = ORIENTED_EDGE ( 'NONE', *, *, #224, .T. ) ;
#1674 = ORIENTED_EDGE ( 'NONE', *, *, #1934, .T. ) ;
#1675 = VERTEX_POINT ( 'NONE', #178 ) ;
#1676 = ORIENTED_EDGE ( 'NONE', *, *, #2345, .F. ) ;
#1677 = CARTESIAN_POINT ( 'NONE',  ( -0.9803149606299229601, 2.500078740157480439, 0.7499999999999998890 ) ) ;
#1678 = EDGE_CURVE ( 'NONE', #2452, #1675, #3440, .T. ) ;
#1679 = ADVANCED_FACE ( 'NONE', ( #2226 ), #1874, .T. ) ;
#1680 = LINE ( 'NONE', #286, #749 ) ;
#1681 = CARTESIAN_POINT ( 'NONE',  ( 4.000000000000000888, -1.739999999999999991, 0.000000000000000000 ) ) ;
#1682 = DIRECTION ( 'NONE',  ( 1.000000000000000000, 1.208866533781747157E-16, -0.000000000000000000 ) ) ;
#1683 = EDGE_LOOP ( 'NONE', ( #3047, #3127, #1081, #1732 ) ) ;
#1684 = LINE ( 'NONE', #267, #3139 ) ;
#1685 = CARTESIAN_POINT ( 'NONE',  ( -2.350659768599197008, -1.497584177812458783, -0.2993288679915058759 ) ) ;
#1686 = CARTESIAN_POINT ( 'NONE',  ( 1.169685039370077506, 2.144685039370078261, -1.030776406404415146 ) ) ;
#1687 = CARTESIAN_POINT ( 'NONE',  ( -1.750000000000000222, 1.000000000000000000, -0.2500000000000000000 ) ) ;
#1688 = EDGE_LOOP ( 'NONE', ( #3640, #1609, #2260, #376, #1153, #1192, #2291, #442 ) ) ;
#1689 = ORIENTED_EDGE ( 'NONE', *, *, #2228, .F. ) ;
#1690 = CARTESIAN_POINT ( 'NONE',  ( -1.691834276289109207, 1.491975329598444810, -0.3394717847347556994 ) ) ;
#1691 = EDGE_LOOP ( 'NONE', ( #3459, #1326, #2715, #273 ) ) ;
#1692 = EDGE_CURVE ( 'NONE', #679, #2369, #1947, .T. ) ;
#1693 = VERTEX_POINT ( 'NONE', #1317 ) ;
#1694 = DIRECTION ( 'NONE',  ( -1.208866533781747157E-16, 1.000000000000000000, 0.000000000000000000 ) ) ;
#1695 = CIRCLE ( 'NONE', #391, 0.06250000000000022204 ) ;
#1696 = ORIENTED_EDGE ( 'NONE', *, *, #1228, .F. ) ;
#1697 = DIRECTION ( 'NONE',  ( -0.000000000000000000, 0.000000000000000000, -1.000000000000000000 ) ) ;
#1698 = CIRCLE ( 'NONE', #1346, 0.06250000000000022204 ) ;
#1699 = TOROIDAL_SURFACE ( 'NONE', #2838, 0.7500000000001116884, 0.2500000000000000000 ) ;
#1700 = ADVANCED_FACE ( 'NONE', ( #3312 ), #3593, .F. ) ;
#1701 = DIRECTION ( 'NONE',  ( 1.000000000000000000, 2.168404344971008621E-16, -0.000000000000000000 ) ) ;
#1702 = DIRECTION ( 'NONE',  ( 1.000000000000000000, -1.092739197465706076E-15, 0.000000000000000000 ) ) ;
#1703 = CIRCLE ( 'NONE', #2186, 0.5000000000000000000 ) ;
#1704 = CARTESIAN_POINT ( 'NONE',  ( -0.9803149606299221830, -0.6250000000000011102, 0.3749999999999999445 ) ) ;
#1705 = VECTOR ( 'NONE', #1546, 39.37007874015748143 ) ;
#1706 = ORIENTED_EDGE ( 'NONE', *, *, #1780, .F. ) ;
#1707 = ADVANCED_FACE ( 'NONE', ( #477 ), #1615, .T. ) ;
#1708 = CARTESIAN_POINT ( 'NONE',  ( -1.750000000000001554, 1.832185039370077817, 0.2500000000000000000 ) ) ;
#1709 = CARTESIAN_POINT ( 'NONE',  ( 3.875000000000000444, -1.499999999999978906, -0.3749999999999999445 ) ) ;
#1710 = VECTOR ( 'NONE', #3668, 39.37007874015748143 ) ;
#1711 = VECTOR ( 'NONE', #2744, 39.37007874015748143 ) ;
#1712 = DIRECTION ( 'NONE',  ( -1.000000000000000000, -1.208866533781747157E-16, 0.000000000000000000 ) ) ;
#1713 = CARTESIAN_POINT ( 'NONE',  ( -2.000000000000001776, 0.1446850393700783721, 0.000000000000000000 ) ) ;
#1714 = VERTEX_POINT ( 'NONE', #23 ) ;
#1715 = ORIENTED_EDGE ( 'NONE', *, *, #2867, .F. ) ;
#1716 = DIRECTION ( 'NONE',  ( 0.000000000000000000, 0.000000000000000000, 1.000000000000000000 ) ) ;
#1717 = ORIENTED_EDGE ( 'NONE', *, *, #2209, .T. ) ;
#1718 = ORIENTED_EDGE ( 'NONE', *, *, #2121, .F. ) ;
#1719 = CARTESIAN_POINT ( 'NONE',  ( -1.105314960629922183, -0.7500000000000009992, 0.3749999999999999445 ) ) ;
#1720 = VERTEX_POINT ( 'NONE', #46 ) ;
#1721 = CARTESIAN_POINT ( 'NONE',  ( -1.105314960629922183, -0.7500000000000009992, 0.1250000000000000000 ) ) ;
#1722 = DIRECTION ( 'NONE',  ( 0.000000000000000000, 0.000000000000000000, 1.000000000000000000 ) ) ;
#1723 = CARTESIAN_POINT ( 'NONE',  ( -2.500000000000000000, -1.739999999999999991, -0.2500000000000000000 ) ) ;
#1724 = DIRECTION ( 'NONE',  ( 0.000000000000000000, 0.000000000000000000, 1.000000000000000000 ) ) ;
#1725 = EDGE_CURVE ( 'NONE', #470, #152, #347, .T. ) ;
#1726 = ORIENTED_EDGE ( 'NONE', *, *, #2449, .T. ) ;
#1727 = LINE ( 'NONE', #569, #3136 ) ;
#1728 = CARTESIAN_POINT ( 'NONE',  ( -2.433389121425472812, -1.499939908622170082, -0.2584525582914597441 ) ) ;
#1729 = EDGE_CURVE ( 'NONE', #341, #1714, #1593, .T. ) ;
#1730 = CARTESIAN_POINT ( 'NONE',  ( 2.519685039370077373, 2.144685039370078261, 0.2500000000000000000 ) ) ;
#1731 = ORIENTED_EDGE ( 'NONE', *, *, #1064, .F. ) ;
#1732 = ORIENTED_EDGE ( 'NONE', *, *, #258, .F. ) ;
#1733 = EDGE_CURVE ( 'NONE', #522, #1991, #2843, .T. ) ;
#1734 = PLANE ( 'NONE',  #3194 ) ;
#1735 = VERTEX_POINT ( 'NONE', #323 ) ;
#1736 = VERTEX_POINT ( 'NONE', #624 ) ;
#1737 = FACE_BOUND ( 'NONE', #1454, .T. ) ;
#1738 = ORIENTED_EDGE ( 'NONE', *, *, #1502, .T. ) ;
#1739 = CARTESIAN_POINT ( 'NONE',  ( -2.252570541482444177, -1.720816378034298877, -0.4582901721996130995 ) ) ;
#1740 = CARTESIAN_POINT ( 'NONE',  ( 1.169685039370077506, 2.019685039370078261, 0.1250000000000000000 ) ) ;
#1741 = FACE_OUTER_BOUND ( 'NONE', #807, .T. ) ;
#1742 = DIRECTION ( 'NONE',  ( 0.000000000000000000, 0.000000000000000000, -1.000000000000000000 ) ) ;
#1743 = ORIENTED_EDGE ( 'NONE', *, *, #1157, .T. ) ;
#1744 = DIRECTION ( 'NONE',  ( -1.000000000000000000, 9.106159978880879367E-16, 0.000000000000000000 ) ) ;
#1745 = CARTESIAN_POINT ( 'NONE',  ( -1.533673751049706269, -1.500008331798405647, -0.2517124720304424468 ) ) ;
#1746 = CARTESIAN_POINT ( 'NONE',  ( -1.750000000000000222, -1.000000000000000000, -0.7499999999999998890 ) ) ;
#1747 = CARTESIAN_POINT ( 'NONE',  ( 2.519685039370077373, 2.144685039370078261, 0.2500000000000000000 ) ) ;
#1748 = ORIENTED_EDGE ( 'NONE', *, *, #1898, .T. ) ;
#1749 = CARTESIAN_POINT ( 'NONE',  ( 3.250000000000001776, 1.139999999999998570, -0.5000000000000000000 ) ) ;
#1750 = PLANE ( 'NONE',  #2598 ) ;
#1751 = ORIENTED_EDGE ( 'NONE', *, *, #3304, .T. ) ;
#1752 = FACE_OUTER_BOUND ( 'NONE', #1458, .T. ) ;
#1753 = ORIENTED_EDGE ( 'NONE', *, *, #2387, .F. ) ;
#1754 = CARTESIAN_POINT ( 'NONE',  ( -2.500000000000000000, 1.500000000000000444, -0.2500000000000000000 ) ) ;
#1755 = CARTESIAN_POINT ( 'NONE',  ( -1.742061459137963508, 1.726184377413890747, -0.4375000000000000000 ) ) ;
#1756 = DIRECTION ( 'NONE',  ( -1.000000000000000000, -1.208866533781747157E-16, 0.000000000000000000 ) ) ;
#1757 = AXIS2_PLACEMENT_3D ( 'NONE', #3175, #619, #92 ) ;
#1758 = CARTESIAN_POINT ( 'NONE',  ( -2.500000000000000000, -1.139999999999999902, -0.2500000000000000000 ) ) ;
#1759 = VECTOR ( 'NONE', #859, 39.37007874015748143 ) ;
#1760 = DIRECTION ( 'NONE',  ( -1.208866533781747157E-16, 1.000000000000000000, 0.000000000000000000 ) ) ;
#1761 = EDGE_CURVE ( 'NONE', #1631, #15, #1461, .T. ) ;
#1762 = CARTESIAN_POINT ( 'NONE',  ( -2.272598571665039202, -1.478803516167400689, -0.3949012859920265073 ) ) ;
#1763 = AXIS2_PLACEMENT_3D ( 'NONE', #79, #1519, #3522 ) ;
#1764 = AXIS2_PLACEMENT_3D ( 'NONE', #1633, #2515, #496 ) ;
#1765 = DIMENSIONAL_EXPONENTS ( 1.000000000000000000, 0.000000000000000000, 0.000000000000000000, 0.000000000000000000, 0.000000000000000000, 0.000000000000000000, 0.000000000000000000 ) ;
#1766 = VECTOR ( 'NONE', #3153, 39.37007874015748143 ) ;
#1767 = PLANE ( 'NONE',  #1608 ) ;
#1768 = CARTESIAN_POINT ( 'NONE',  ( 4.000000000000000888, -1.140000000000000124, -0.5000000000000000000 ) ) ;
#1769 = VERTEX_POINT ( 'NONE', #3444 ) ;
#1770 = ORIENTED_EDGE ( 'NONE', *, *, #596, .F. ) ;
#1771 = CARTESIAN_POINT ( 'NONE',  ( -1.500000000000000222, 1.500000000000000222, -0.2500000000000000000 ) ) ;
#1772 = AXIS2_PLACEMENT_3D ( 'NONE', #1730, #848, #3126 ) ;
#1773 = EDGE_LOOP ( 'NONE', ( #1417, #2461, #2454, #3189 ) ) ;
#1774 = CARTESIAN_POINT ( 'NONE',  ( 0.5196850393700779280, -1.955000000000001403, 1.000000000000000000 ) ) ;
#1775 = ORIENTED_EDGE ( 'NONE', *, *, #3660, .T. ) ;
#1776 = CARTESIAN_POINT ( 'NONE',  ( 2.269685039370077373, 1.832185039370078261, 0.000000000000000000 ) ) ;
#1777 = EDGE_CURVE ( 'NONE', #1155, #1080, #1945, .T. ) ;
#1778 = UNCERTAINTY_MEASURE_WITH_UNIT (LENGTH_MEASURE( 1.000000000000000082E-05 ), #1599, 'distance_accuracy_value', 'NONE');
#1779 = CARTESIAN_POINT ( 'NONE',  ( -1.875000000000001554, -3.392549170749951156E-16, 0.1250000000000000000 ) ) ;
#1780 = EDGE_CURVE ( 'NONE', #2875, #2080, #3420, .T. ) ;
#1781 = DIRECTION ( 'NONE',  ( 0.000000000000000000, 0.000000000000000000, 1.000000000000000000 ) ) ;
#1782 = DIRECTION ( 'NONE',  ( 0.000000000000000000, 0.000000000000000000, -1.000000000000000000 ) ) ;
#1783 = LINE ( 'NONE', #3541, #1705 ) ;
#1784 = DIRECTION ( 'NONE',  ( 0.000000000000000000, 0.000000000000000000, 1.000000000000000000 ) ) ;
#1785 = DIRECTION ( 'NONE',  ( 1.000000000000000000, 0.000000000000000000, -0.000000000000000000 ) ) ;
#1786 = EDGE_LOOP ( 'NONE', ( #1465, #1658, #2115, #1176, #331, #2556, #3186, #2846, #2968, #521 ) ) ;
#1787 = ORIENTED_EDGE ( 'NONE', *, *, #1853, .T. ) ;
#1788 = CARTESIAN_POINT ( 'NONE',  ( -1.742061459137963508, 1.726184377413890747, -0.4375000000000000000 ) ) ;
#1789 = DIRECTION ( 'NONE',  ( -9.106159978880879367E-16, -1.000000000000000000, 0.000000000000000000 ) ) ;
#1790 = ORIENTED_EDGE ( 'NONE', *, *, #1232, .T. ) ;
#1791 = DIRECTION ( 'NONE',  ( -9.106159978880879367E-16, -1.000000000000000000, 0.000000000000000000 ) ) ;
#1792 = ORIENTED_EDGE ( 'NONE', *, *, #65, .T. ) ;
#1793 = CARTESIAN_POINT ( 'NONE',  ( -0.8553149606299221830, -0.8750000000000009992, 0.3749999999999999445 ) ) ;
#1794 = CARTESIAN_POINT ( 'NONE',  ( -1.750000000000001554, 1.832185039370077817, 0.000000000000000000 ) ) ;
#1795 = LINE ( 'NONE', #423, #2307 ) ;
#1796 = EDGE_CURVE ( 'NONE', #1693, #3670, #287, .T. ) ;
#1797 = EDGE_CURVE ( 'NONE', #876, #2537, #3119, .T. ) ;
#1798 = CARTESIAN_POINT ( 'NONE',  ( -0.8553149606299221830, -0.7500000000000009992, 0.2500000000000000000 ) ) ;
#1799 = LINE ( 'NONE', #3277, #2965 ) ;
#1800 = CARTESIAN_POINT ( 'NONE',  ( 3.585629921259844810, 1.140000000000000346, -0.2499999999999999722 ) ) ;
#1801 = LINE ( 'NONE', #1002, #571 ) ;
#1802 = ORIENTED_EDGE ( 'NONE', *, *, #1303, .F. ) ;
#1803 = ORIENTED_EDGE ( 'NONE', *, *, #297, .T. ) ;
#1804 = LINE ( 'NONE', #924, #1888 ) ;
#1805 = CARTESIAN_POINT ( 'NONE',  ( 0.7696850393700780391, -2.205000000000001403, 0.000000000000000000 ) ) ;
#1806 = ORIENTED_EDGE ( 'NONE', *, *, #2895, .T. ) ;
#1807 = CYLINDRICAL_SURFACE ( 'NONE', #1876, 0.2500000000000000000 ) ;
#1808 = ORIENTED_EDGE ( 'NONE', *, *, #2849, .T. ) ;
#1809 = DIRECTION ( 'NONE',  ( 0.000000000000000000, -0.000000000000000000, 1.000000000000000000 ) ) ;
#1810 = EDGE_CURVE ( 'NONE', #3290, #819, #2603, .T. ) ;
#1811 = ORIENTED_EDGE ( 'NONE', *, *, #1368, .F. ) ;
#1812 = DIRECTION ( 'NONE',  ( -0.000000000000000000, -1.000000000000000000, -0.000000000000000000 ) ) ;
#1813 = CARTESIAN_POINT ( 'NONE',  ( 3.415859441823446918, 1.740000000000000213, -0.3455818005548982330 ) ) ;
#1814 = DIRECTION ( 'NONE',  ( -0.000000000000000000, 1.000000000000000000, -0.000000000000000000 ) ) ;
#1815 = LINE ( 'NONE', #919, #218 ) ;
#1816 = CIRCLE ( 'NONE', #2826, 0.9999999999999992228 ) ;
#1817 = LINE ( 'NONE', #2667, #3256 ) ;
#1818 = AXIS2_PLACEMENT_3D ( 'NONE', #703, #77, #3196 ) ;
#1819 = LINE ( 'NONE', #2967, #3610 ) ;
#1820 = EDGE_CURVE ( 'NONE', #951, #3625, #4, .T. ) ;
#1821 = COLOUR_RGB ( '',0.7921568627450980005, 0.8196078431372548767, 0.9333333333333333481 ) ;
#1822 = ORIENTED_EDGE ( 'NONE', *, *, #3627, .T. ) ;
#1823 = ORIENTED_EDGE ( 'NONE', *, *, #2699, .T. ) ;
#1824 = DIRECTION ( 'NONE',  ( -0.000000000000000000, -0.000000000000000000, 1.000000000000000000 ) ) ;
#1825 = DIRECTION ( 'NONE',  ( 6.070773319253905641E-15, -1.000000000000000000, -0.000000000000000000 ) ) ;
#1826 = VECTOR ( 'NONE', #464, 39.37007874015748143 ) ;
#1827 = AXIS2_PLACEMENT_3D ( 'NONE', #1581, #2712, #1286 ) ;
#1828 = VERTEX_POINT ( 'NONE', #860 ) ;
#1829 = AXIS2_PLACEMENT_3D ( 'NONE', #3252, #1277, #1199 ) ;
#1830 = FACE_OUTER_BOUND ( 'NONE', #2685, .T. ) ;
#1831 = VECTOR ( 'NONE', #407, 39.37007874015748143 ) ;
#1832 = ORIENTED_EDGE ( 'NONE', *, *, #1345, .T. ) ;
#1833 = DIRECTION ( 'NONE',  ( 1.092739197465705287E-16, -1.000000000000000000, 0.000000000000000000 ) ) ;
#1834 = VECTOR ( 'NONE', #3138, 39.37007874015748143 ) ;
#1835 = AXIS2_PLACEMENT_3D ( 'NONE', #1221, #1262, #2691 ) ;
#1836 = ORIENTED_EDGE ( 'NONE', *, *, #1780, .T. ) ;
#1837 = LINE ( 'NONE', #2357, #2126 ) ;
#1838 = DIRECTION ( 'NONE',  ( 0.000000000000000000, 0.000000000000000000, 1.000000000000000000 ) ) ;
#1839 = EDGE_CURVE ( 'NONE', #3365, #1564, #1424, .T. ) ;
#1840 = FACE_OUTER_BOUND ( 'NONE', #2273, .T. ) ;
#1841 = CARTESIAN_POINT ( 'NONE',  ( 2.519685039370077817, -0.8750000000000006661, 0.000000000000000000 ) ) ;
#1842 = CARTESIAN_POINT ( 'NONE',  ( -1.750000000000001554, -0.2303149606299217111, -1.000039370078740442 ) ) ;
#1843 = EDGE_CURVE ( 'NONE', #1490, #3429, #1512, .T. ) ;
#1844 = DIRECTION ( 'NONE',  ( 9.106159978880878627E-17, -1.000000000000000000, 0.000000000000000000 ) ) ;
#1845 = ORIENTED_EDGE ( 'NONE', *, *, #1797, .T. ) ;
#1846 = ORIENTED_EDGE ( 'NONE', *, *, #3163, .F. ) ;
#1847 = CARTESIAN_POINT ( 'NONE',  ( -1.750000000000000222, 1.000000000000000222, -1.000000000000000222 ) ) ;
#1848 = FACE_OUTER_BOUND ( 'NONE', #1972, .T. ) ;
#1849 = EDGE_CURVE ( 'NONE', #1480, #1959, #822, .T. ) ;
#1850 = ORIENTED_EDGE ( 'NONE', *, *, #2098, .T. ) ;
#1851 = LINE ( 'NONE', #2733, #1997 ) ;
#1852 = VERTEX_POINT ( 'NONE', #2564 ) ;
#1853 = EDGE_CURVE ( 'NONE', #3456, #214, #590, .T. ) ;
#1854 = ORIENTED_EDGE ( 'NONE', *, *, #1330, .F. ) ;
#1855 = CARTESIAN_POINT ( 'NONE',  ( -1.649340231400803436, 1.497584177812458783, -0.2993288679915059314 ) ) ;
#1856 = FACE_OUTER_BOUND ( 'NONE', #2948, .T. ) ;
#1857 = CARTESIAN_POINT ( 'NONE',  ( -2.000000000000001332, -0.3553149606299215169, 0.6400000000000000133 ) ) ;
#1858 = CARTESIAN_POINT ( 'NONE',  ( -2.500000000000000000, 1.968245836551854477, -0.2500000000000000000 ) ) ;
#1859 = LINE ( 'NONE', #1504, #1589 ) ;
#1860 = PRODUCT_DEFINITION_SHAPE ( 'NONE', 'NONE',  #2408 ) ;
#1861 = LINE ( 'NONE', #2943, #1059 ) ;
#1862 = ORIENTED_EDGE ( 'NONE', *, *, #2785, .T. ) ;
#1863 = DIRECTION ( 'NONE',  ( -7.284927983104702902E-16, 1.000000000000000000, 0.000000000000000000 ) ) ;
#1864 = CARTESIAN_POINT ( 'NONE',  ( 4.000039370078741108, 0.1446850393700789550, 0.6400000000000000133 ) ) ;
#1865 = EDGE_CURVE ( 'NONE', #2630, #3290, #1230, .T. ) ;
#1866 = DIRECTION ( 'NONE',  ( -0.000000000000000000, -0.000000000000000000, 1.000000000000000000 ) ) ;
#1867 = ORIENTED_EDGE ( 'NONE', *, *, #1912, .F. ) ;
#1868 = ORIENTED_EDGE ( 'NONE', *, *, #2118, .T. ) ;
#1869 = ORIENTED_EDGE ( 'NONE', *, *, #2771, .F. ) ;
#1870 = CARTESIAN_POINT ( 'NONE',  ( 3.276651485092423766, -1.739999999999999991, -0.2579053291556570038 ) ) ;
#1871 = CARTESIAN_POINT ( 'NONE',  ( 3.585629921259847475, 2.500039370078740664, -0.2499999999999999167 ) ) ;
#1872 = LINE ( 'NONE', #205, #1217 ) ;
#1873 = FACE_OUTER_BOUND ( 'NONE', #3174, .T. ) ;
#1874 = CYLINDRICAL_SURFACE ( 'NONE', #995, 0.1249999999999999029 ) ;
#1875 = LINE ( 'NONE', #1506, #3132 ) ;
#1876 = AXIS2_PLACEMENT_3D ( 'NONE', #2619, #17, #58 ) ;
#1877 = EDGE_LOOP ( 'NONE', ( #968, #3470, #1125, #1623 ) ) ;
#1878 = VECTOR ( 'NONE', #2861, 39.37007874015748143 ) ;
#1879 = ADVANCED_FACE ( 'NONE', ( #1741 ), #563, .F. ) ;
#1880 = DIRECTION ( 'NONE',  ( -0.000000000000000000, -0.000000000000000000, -1.000000000000000000 ) ) ;
#1881 = ADVANCED_FACE ( 'NONE', ( #3682 ), #1983, .T. ) ;
#1882 = DIRECTION ( 'NONE',  ( 0.000000000000000000, 0.000000000000000000, -1.000000000000000000 ) ) ;
#1883 = VECTOR ( 'NONE', #3576, 39.37007874015748143 ) ;
#1884 = DIRECTION ( 'NONE',  ( -1.000000000000000000, -9.106159978880878627E-17, -0.000000000000000000 ) ) ;
#1885 = AXIS2_PLACEMENT_3D ( 'NONE', #3529, #1567, #149 ) ;
#1886 = ORIENTED_EDGE ( 'NONE', *, *, #2000, .T. ) ;
#1887 = VECTOR ( 'NONE', #2045, 39.37007874015748143 ) ;
#1888 = VECTOR ( 'NONE', #1863, 39.37007874015748143 ) ;
#1889 = EDGE_CURVE ( 'NONE', #2852, #2184, #1703, .T. ) ;
#1890 = ORIENTED_EDGE ( 'NONE', *, *, #1457, .T. ) ;
#1891 = FACE_OUTER_BOUND ( 'NONE', #2399, .T. ) ;
#1892 = AXIS2_PLACEMENT_3D ( 'NONE', #2084, #2418, #3198 ) ;
#1893 = DIRECTION ( 'NONE',  ( 0.000000000000000000, -0.000000000000000000, 1.000000000000000000 ) ) ;
#1894 = ADVANCED_FACE ( 'NONE', ( #1856 ), #2703, .F. ) ;
#1895 =( BOUNDED_CURVE ( )  B_SPLINE_CURVE ( 3, ( #296, #2052, #71, #3128 ),
 .UNSPECIFIED., .F., .F. ) 
 B_SPLINE_CURVE_WITH_KNOTS ( ( 4, 4 ),
 ( 0.000000000000000000, 1.570796326794896558 ),
 .UNSPECIFIED. ) 
 CURVE ( )  GEOMETRIC_REPRESENTATION_ITEM ( )  RATIONAL_B_SPLINE_CURVE ( ( 1.000000000000000000, 0.8047378541243649375, 0.8047378541243649375, 1.000000000000000000 ) ) 
 REPRESENTATION_ITEM ( '' )  );
#1896 = VECTOR ( 'NONE', #1168, 39.37007874015748143 ) ;
#1897 = DIRECTION ( 'NONE',  ( -1.000000000000000000, -1.208866533781747157E-16, 0.000000000000000000 ) ) ;
#1898 = EDGE_CURVE ( 'NONE', #3045, #3155, #2641, .T. ) ;
#1899 = CARTESIAN_POINT ( 'NONE',  ( -2.500000000000000000, -1.500000000000000222, 0.000000000000000000 ) ) ;
#1900 = LINE ( 'NONE', #1914, #756 ) ;
#1901 = DIRECTION ( 'NONE',  ( 0.000000000000000000, 0.000000000000000000, -1.000000000000000000 ) ) ;
#1902 = ORIENTED_EDGE ( 'NONE', *, *, #2895, .F. ) ;
#1903 = CARTESIAN_POINT ( 'NONE',  ( 3.250000000000003997, -1.499999999999995115, -0.5000000000000000000 ) ) ;
#1904 = LINE ( 'NONE', #3648, #3024 ) ;
#1905 = CARTESIAN_POINT ( 'NONE',  ( 3.210563156939623131, -1.739999999999999991, -0.2500000000000000000 ) ) ;
#1906 = ORIENTED_EDGE ( 'NONE', *, *, #364, .T. ) ;
#1907 = ORIENTED_EDGE ( 'NONE', *, *, #812, .T. ) ;
#1908 = VERTEX_POINT ( 'NONE', #140 ) ;
#1909 = DIRECTION ( 'NONE',  ( 1.208866533781747157E-16, -1.000000000000000000, 0.000000000000000000 ) ) ;
#1910 = CARTESIAN_POINT ( 'NONE',  ( -1.687500000000001332, -0.6250000000000011102, 0.2500000000000000000 ) ) ;
#1911 = CARTESIAN_POINT ( 'NONE',  ( 0.000000000000000000, 0.000000000000000000, 0.2500000000000000000 ) ) ;
#1912 = EDGE_CURVE ( 'NONE', #853, #923, #2073, .T. ) ;
#1913 =( LENGTH_UNIT ( ) NAMED_UNIT ( * ) SI_UNIT ( $, .METRE. ) );
#1914 = CARTESIAN_POINT ( 'NONE',  ( 1.304685039370077737, 2.082185039370078261, 0.2500393700787401641 ) ) ;
#1915 = ADVANCED_FACE ( 'NONE', ( #122 ), #996, .F. ) ;
#1916 = CARTESIAN_POINT ( 'NONE',  ( 4.000000000000000888, 1.739999999999999991, -0.5000000000000000000 ) ) ;
#1917 = VERTEX_POINT ( 'NONE', #2142 ) ;
#1918 = CARTESIAN_POINT ( 'NONE',  ( 3.470772887960933417, -1.739999999999999991, -0.2500000000000000000 ) ) ;
#1919 = DIRECTION ( 'NONE',  ( 0.000000000000000000, 0.000000000000000000, -1.000000000000000000 ) ) ;
#1920 = DIRECTION ( 'NONE',  ( 0.000000000000000000, 0.000000000000000000, 1.000000000000000000 ) ) ;
#1921 = ORIENTED_EDGE ( 'NONE', *, *, #136, .F. ) ;
#1922 = B_SPLINE_CURVE_WITH_KNOTS ( 'NONE', 3,
 ( #906, #327, #628, #1428, #3424, #3123, #2032, #1762, #2568, #890, #865, #2014, #1189, #3480, #3149, #1987, #1685, #1127, #2268, #2312, #1728, #2909, #1487, #1468 ),
 .UNSPECIFIED., .F., .F.,
 ( 4, 2, 2, 2, 2, 2, 2, 2, 2, 2, 2, 4 ),
 ( 0.000000000000000000, 0.001276346883847318502, 0.001914520325770976018, 0.002552693767694633534, 0.003829040651541948566, 0.004467214093465603914, 0.005105387535389259261, 0.005743560977312914609, 0.006381734419236571691, 0.007658081303083864172, 0.008934428186931157520, 0.01021077507077845087 ),
 .UNSPECIFIED. ) ;
#1923 = EDGE_LOOP ( 'NONE', ( #2295, #2950, #517, #614, #3032 ) ) ;
#1924 = ORIENTED_EDGE ( 'NONE', *, *, #1777, .F. ) ;
#1925 = CARTESIAN_POINT ( 'NONE',  ( -0.9803149606299221830, -0.7500000000000009992, 0.7499999999999998890 ) ) ;
#1926 = EDGE_CURVE ( 'NONE', #2977, #2111, #217, .T. ) ;
#1927 = CYLINDRICAL_SURFACE ( 'NONE', #3023, 0.06249999999999995143 ) ;
#1928 = CARTESIAN_POINT ( 'NONE',  ( 4.000000000000000888, 1.739999999999999991, -0.2500000000000000000 ) ) ;
#1929 = CYLINDRICAL_SURFACE ( 'NONE', #3376, 0.06250000000000022204 ) ;
#1930 = LINE ( 'NONE', #3645, #397 ) ;
#1931 = ORIENTED_EDGE ( 'NONE', *, *, #443, .T. ) ;
#1932 = DIRECTION ( 'NONE',  ( -1.809359557733305771E-16, 1.000000000000000000, 0.000000000000000000 ) ) ;
#1933 = CARTESIAN_POINT ( 'NONE',  ( -1.750000000000000222, 1.000000000000000000, -0.2500000000000000000 ) ) ;
#1934 = EDGE_CURVE ( 'NONE', #3171, #2258, #1795, .T. ) ;
#1935 = LINE ( 'NONE', #2482, #2616 ) ;
#1936 = ORIENTED_EDGE ( 'NONE', *, *, #378, .T. ) ;
#1937 = EDGE_LOOP ( 'NONE', ( #2878, #1394, #1674, #282 ) ) ;
#1938 = VECTOR ( 'NONE', #1791, 39.37007874015748143 ) ;
#1939 = CIRCLE ( 'NONE', #696, 0.1250000000000000000 ) ;
#1940 = AXIS2_PLACEMENT_3D ( 'NONE', #461, #2442, #3335 ) ;
#1941 = ORIENTED_EDGE ( 'NONE', *, *, #1969, .T. ) ;
#1942 = LINE ( 'NONE', #1871, #2736 ) ;
#1943 = AXIS2_PLACEMENT_3D ( 'NONE', #245, #1033, #212 ) ;
#1944 = CIRCLE ( 'NONE', #1227, 0.1446850393700786219 ) ;
#1945 = CIRCLE ( 'NONE', #1646, 0.1250000000000000000 ) ;
#1946 = PLANE ( 'NONE',  #2679 ) ;
#1947 = LINE ( 'NONE', #244, #3079 ) ;
#1948 = AXIS2_PLACEMENT_3D ( 'NONE', #1754, #1211, #2898 ) ;
#1949 = DIRECTION ( 'NONE',  ( -1.000000000000000000, 0.000000000000000000, -0.000000000000000000 ) ) ;
#1950 = ORIENTED_EDGE ( 'NONE', *, *, #2639, .T. ) ;
#1951 = DIRECTION ( 'NONE',  ( -1.000000000000000000, 0.000000000000000000, 0.000000000000000000 ) ) ;
#1952 = CARTESIAN_POINT ( 'NONE',  ( -1.750000000000001110, -0.5625000000000012212, 0.000000000000000000 ) ) ;
#1953 = DIRECTION ( 'NONE',  ( -1.000000000000000000, 0.000000000000000000, 0.000000000000000000 ) ) ;
#1954 = VERTEX_POINT ( 'NONE', #403 ) ;
#1955 = EDGE_LOOP ( 'NONE', ( #3227, #2876, #1269, #2549 ) ) ;
#1956 = ADVANCED_FACE ( 'NONE', ( #2101 ), #938, .F. ) ;
#1957 = ADVANCED_FACE ( 'NONE', ( #380 ), #3477, .F. ) ;
#1958 = ORIENTED_EDGE ( 'NONE', *, *, #537, .F. ) ;
#1959 = VERTEX_POINT ( 'NONE', #1518 ) ;
#1960 = EDGE_LOOP ( 'NONE', ( #392, #852, #1832, #3485, #3474, #1890, #963 ) ) ;
#1961 = CARTESIAN_POINT ( 'NONE',  ( 3.500000000000001332, -1.140000000000000124, -0.5000000000000000000 ) ) ;
#1962 = ORIENTED_EDGE ( 'NONE', *, *, #1692, .F. ) ;
#1963 = CARTESIAN_POINT ( 'NONE',  ( 2.500000000000001332, -1.499999999999999556, -0.2500000000000000000 ) ) ;
#1964 = DIRECTION ( 'NONE',  ( -1.809359557733305771E-16, 1.000000000000000000, -0.000000000000000000 ) ) ;
#1965 = DIRECTION ( 'NONE',  ( 0.000000000000000000, 0.000000000000000000, 1.000000000000000000 ) ) ;
#1966 = ORIENTED_EDGE ( 'NONE', *, *, #974, .T. ) ;
#1967 = DIRECTION ( 'NONE',  ( -0.000000000000000000, -0.000000000000000000, -1.000000000000000000 ) ) ;
#1968 = CYLINDRICAL_SURFACE ( 'NONE', #458, 0.1250000000000001665 ) ;
#1969 = EDGE_CURVE ( 'NONE', #1509, #1415, #3026, .T. ) ;
#1970 = CARTESIAN_POINT ( 'NONE',  ( -1.750000000000000222, 1.000000000000000000, -0.7499999999999998890 ) ) ;
#1971 = CYLINDRICAL_SURFACE ( 'NONE', #1359, 0.7500000000000002220 ) ;
#1972 = EDGE_LOOP ( 'NONE', ( #225, #715, #702, #3288, #2377, #530, #2836, #816, #671, #781, #987, #111, #1525, #2918 ) ) ;
#1973 = ORIENTED_EDGE ( 'NONE', *, *, #2128, .F. ) ;
#1974 = DIRECTION ( 'NONE',  ( -0.000000000000000000, -0.000000000000000000, -1.000000000000000000 ) ) ;
#1975 = EDGE_CURVE ( 'NONE', #2072, #944, #3521, .T. ) ;
#1976 = VERTEX_POINT ( 'NONE', #2383 ) ;
#1977 = EDGE_CURVE ( 'NONE', #2607, #1475, #544, .T. ) ;
#1978 = ORIENTED_EDGE ( 'NONE', *, *, #775, .F. ) ;
#1979 = ORIENTED_EDGE ( 'NONE', *, *, #837, .T. ) ;
#1980 = PLANE ( 'NONE',  #3568 ) ;
#1981 = EDGE_CURVE ( 'NONE', #3603, #2153, #2456, .T. ) ;
#1982 = PLANE ( 'NONE',  #2832 ) ;
#1983 = CYLINDRICAL_SURFACE ( 'NONE', #343, 0.1250000000000000278 ) ;
#1984 = DIRECTION ( 'NONE',  ( -7.123744041623131138E-16, 1.000000000000000000, 0.000000000000000000 ) ) ;
#1985 = ORIENTED_EDGE ( 'NONE', *, *, #2972, .F. ) ;
#1986 = CARTESIAN_POINT ( 'NONE',  ( -1.750000000000001776, 0.1446850393700789272, 0.7650000000000000133 ) ) ;
#1987 = CARTESIAN_POINT ( 'NONE',  ( -2.343940628957418060, -1.497049891940462896, -0.3045115107556569667 ) ) ;
#1988 = ADVANCED_FACE ( 'NONE', ( #2171 ), #771, .T. ) ;
#1989 = DIRECTION ( 'NONE',  ( 1.000000000000000000, 0.000000000000000000, 0.000000000000000000 ) ) ;
#1990 = DIRECTION ( 'NONE',  ( 9.106159978880879367E-16, 1.000000000000000000, -0.000000000000000000 ) ) ;
#1991 = VERTEX_POINT ( 'NONE', #2753 ) ;
#1992 = DIRECTION ( 'NONE',  ( 1.809359557733305771E-16, -1.000000000000000000, 0.000000000000000000 ) ) ;
#1993 = PLANE ( 'NONE',  #3431 ) ;
#1994 = VERTEX_POINT ( 'NONE', #1642 ) ;
#1995 = ORIENTED_EDGE ( 'NONE', *, *, #2771, .T. ) ;
#1996 = PLANE ( 'NONE',  #1041 ) ;
#1997 = VECTOR ( 'NONE', #469, 39.37007874015748143 ) ;
#1998 = ORIENTED_EDGE ( 'NONE', *, *, #837, .F. ) ;
#1999 = CARTESIAN_POINT ( 'NONE',  ( -2.750000000000001332, 0.2696850393700783166, 1.000000000000000000 ) ) ;
#2000 = EDGE_CURVE ( 'NONE', #2978, #1250, #174, .T. ) ;
#2001 = VECTOR ( 'NONE', #1013, 39.37007874015748143 ) ;
#2002 = CIRCLE ( 'NONE', #1835, 0.1446850393700786219 ) ;
#2003 = PLANE ( 'NONE',  #2868 ) ;
#2004 = VECTOR ( 'NONE', #3221, 39.37007874015748143 ) ;
#2005 = AXIS2_PLACEMENT_3D ( 'NONE', #531, #1668, #3057 ) ;
#2006 = EDGE_CURVE ( 'NONE', #2236, #1374, #704, .T. ) ;
#2007 = AXIS2_PLACEMENT_3D ( 'NONE', #3605, #737, #3065 ) ;
#2008 = ADVANCED_FACE ( 'NONE', ( #1329 ), #226, .F. ) ;
#2009 = CARTESIAN_POINT ( 'NONE',  ( -2.000000000000001332, 0.1446850393700783999, 0.6400000000000000133 ) ) ;
#2010 = VECTOR ( 'NONE', #959, 39.37007874015748143 ) ;
#2011 = ORIENTED_EDGE ( 'NONE', *, *, #3235, .T. ) ;
#2012 = ADVANCED_FACE ( 'NONE', ( #453 ), #2471, .F. ) ;
#2013 = DIRECTION ( 'NONE',  ( 0.000000000000000000, 1.000000000000000000, 0.000000000000000000 ) ) ;
#2014 = CARTESIAN_POINT ( 'NONE',  ( -2.308165723710890571, -1.491975329598445477, -0.3394717847347558659 ) ) ;
#2015 = VECTOR ( 'NONE', #119, 39.37007874015748143 ) ;
#2016 = VECTOR ( 'NONE', #2526, 39.37007874015748143 ) ;
#2017 = FACE_OUTER_BOUND ( 'NONE', #2618, .T. ) ;
#2018 = LINE ( 'NONE', #909, #2673 ) ;
#2019 = ORIENTED_EDGE ( 'NONE', *, *, #658, .F. ) ;
#2020 = CARTESIAN_POINT ( 'NONE',  ( -3.500000000000000888, -1.500000000000000222, 0.000000000000000000 ) ) ;
#2021 = DIRECTION ( 'NONE',  ( -1.000000000000000000, 0.000000000000000000, 0.000000000000000000 ) ) ;
#2022 = VERTEX_POINT ( 'NONE', #1297 ) ;
#2023 = ORIENTED_EDGE ( 'NONE', *, *, #2449, .F. ) ;
#2024 = DIRECTION ( 'NONE',  ( -1.000000000000000000, 0.000000000000000000, 0.000000000000000000 ) ) ;
#2025 = ORIENTED_EDGE ( 'NONE', *, *, #3172, .T. ) ;
#2026 = CARTESIAN_POINT ( 'NONE',  ( -2.250000000000000000, -1.707106781186547906, -0.4999999999999999445 ) ) ;
#2027 = DIRECTION ( 'NONE',  ( -0.000000000000000000, -0.000000000000000000, -1.000000000000000000 ) ) ;
#2028 = CARTESIAN_POINT ( 'NONE',  ( -1.750000000000001554, 1.894685039370077817, 0.000000000000000000 ) ) ;
#2029 = CARTESIAN_POINT ( 'NONE',  ( -1.750000000000000222, 1.000000000000000000, -0.7499999999999998890 ) ) ;
#2030 = EDGE_LOOP ( 'NONE', ( #2138, #1603, #1420, #3548 ) ) ;
#2031 = LINE ( 'NONE', #7, #572 ) ;
#2032 = CARTESIAN_POINT ( 'NONE',  ( -2.263925583319257306, -1.471233059759750272, -0.4173370874419852217 ) ) ;
#2033 = EDGE_CURVE ( 'NONE', #2513, #672, #2605, .T. ) ;
#2034 = CARTESIAN_POINT ( 'NONE',  ( -2.000000000000000888, -0.8750000000000012212, 0.000000000000000000 ) ) ;
#2035 = DIRECTION ( 'NONE',  ( 0.000000000000000000, 0.000000000000000000, 1.000000000000000000 ) ) ;
#2036 = ORIENTED_EDGE ( 'NONE', *, *, #2164, .F. ) ;
#2037 = CARTESIAN_POINT ( 'NONE',  ( -0.8553149606299221830, -0.8750000000000009992, 0.2500000000000000000 ) ) ;
#2038 = CARTESIAN_POINT ( 'NONE',  ( -1.750000000000001110, -0.6250000000000011102, 0.2500000000000000000 ) ) ;
#2039 = ORIENTED_EDGE ( 'NONE', *, *, #3464, .T. ) ;
#2040 = ORIENTED_EDGE ( 'NONE', *, *, #2125, .F. ) ;
#2041 = CYLINDRICAL_SURFACE ( 'NONE', #3124, 0.1250000000000000278 ) ;
#2042 = ORIENTED_EDGE ( 'NONE', *, *, #2188, .T. ) ;
#2043 = CARTESIAN_POINT ( 'NONE',  ( -1.750000000000001554, 0.3946850393700783721, 1.000000000000000000 ) ) ;
#2044 = DIRECTION ( 'NONE',  ( -1.809359557733305771E-16, 1.000000000000000000, 0.000000000000000000 ) ) ;
#2045 = DIRECTION ( 'NONE',  ( 6.070773319253905641E-15, -1.000000000000000000, -0.000000000000000000 ) ) ;
#2046 = DIRECTION ( 'NONE',  ( 1.000000000000000000, 1.208866533781747157E-16, -0.000000000000000000 ) ) ;
#2047 = PLANE ( 'NONE',  #1353 ) ;
#2048 = CARTESIAN_POINT ( 'NONE',  ( -1.748713246395205090, -1.449131641047742391, -0.4703558305875757406 ) ) ;
#2049 = DIRECTION ( 'NONE',  ( 0.000000000000000000, -0.000000000000000000, 1.000000000000000000 ) ) ;
#2050 = LINE ( 'NONE', #3390, #1236 ) ;
#2051 = ORIENTED_EDGE ( 'NONE', *, *, #789, .F. ) ;
#2052 = CARTESIAN_POINT ( 'NONE',  ( 2.519685039370077373, 2.144685039370078261, 0.1982233047033630791 ) ) ;
#2053 = DIRECTION ( 'NONE',  ( 1.000000000000000000, 7.284927983104701916E-16, -0.000000000000000000 ) ) ;
#2054 = EDGE_CURVE ( 'NONE', #2897, #1080, #204, .T. ) ;
#2055 = ORIENTED_EDGE ( 'NONE', *, *, #198, .F. ) ;
#2056 = CARTESIAN_POINT ( 'NONE',  ( 4.000000000000000888, 1.140000000000000124, -0.5000000000000000000 ) ) ;
#2057 = ORIENTED_EDGE ( 'NONE', *, *, #2098, .F. ) ;
#2058 = LINE ( 'NONE', #1776, #1411 ) ;
#2059 = VECTOR ( 'NONE', #1866, 39.37007874015748143 ) ;
#2060 = DIRECTION ( 'NONE',  ( -6.556435184794236457E-15, 1.000000000000000000, 0.000000000000000000 ) ) ;
#2061 = DIRECTION ( 'NONE',  ( 0.000000000000000000, 1.000000000000000000, -0.000000000000000000 ) ) ;
#2062 = VECTOR ( 'NONE', #2451, 39.37007874015748143 ) ;
#2063 = CARTESIAN_POINT ( 'NONE',  ( 4.000000000000000888, -1.739999999999999991, -0.5000000000000000000 ) ) ;
#2064 = VECTOR ( 'NONE', #1452, 39.37007874015748143 ) ;
#2065 = DIRECTION ( 'NONE',  ( -1.000000000000000000, 0.000000000000000000, 0.000000000000000000 ) ) ;
#2066 = CARTESIAN_POINT ( 'NONE',  ( -1.668677558895438784, -1.495749829388896890, -0.3152872305220877913 ) ) ;
#2067 = AXIS2_PLACEMENT_3D ( 'NONE', #1798, #708, #1560 ) ;
#2068 = VECTOR ( 'NONE', #686, 39.37007874015748143 ) ;
#2069 = CIRCLE ( 'NONE', #2543, 0.1250000000000000278 ) ;
#2070 = FACE_OUTER_BOUND ( 'NONE', #1786, .T. ) ;
#2071 = VERTEX_POINT ( 'NONE', #1925 ) ;
#2072 = VERTEX_POINT ( 'NONE', #1910 ) ;
#2073 = CIRCLE ( 'NONE', #463, 0.06250000000000022204 ) ;
#2074 = CARTESIAN_POINT ( 'NONE',  ( -2.500000000000000000, 1.500000000000000222, -0.2500000000000000000 ) ) ;
#2075 = CARTESIAN_POINT ( 'NONE',  ( -1.750000000000000222, 1.000000000000000000, -0.2500000000000000000 ) ) ;
#2076 = VECTOR ( 'NONE', #1313, 39.37007874015748143 ) ;
#2077 = VERTEX_POINT ( 'NONE', #3292 ) ;
#2078 = CARTESIAN_POINT ( 'NONE',  ( -2.000000000000001776, 2.144685039370077817, 0.2500000000000000000 ) ) ;
#2079 = EDGE_CURVE ( 'NONE', #818, #2484, #3577, .T. ) ;
#2080 = VERTEX_POINT ( 'NONE', #2156 ) ;
#2081 = DIRECTION ( 'NONE',  ( 0.000000000000000000, 1.000000000000000000, 0.000000000000000000 ) ) ;
#2082 = EDGE_CURVE ( 'NONE', #2934, #1194, #3591, .T. ) ;
#2083 = CYLINDRICAL_SURFACE ( 'NONE', #1586, 0.1249999999999999029 ) ;
#2084 = CARTESIAN_POINT ( 'NONE',  ( -1.750000000000000222, -1.968245836551854477, -0.5000000000000000000 ) ) ;
#2085 = DIRECTION ( 'NONE',  ( 1.000000000000000000, 9.106159978880878627E-17, 0.000000000000000000 ) ) ;
#2086 = LINE ( 'NONE', #1280, #873 ) ;
#2087 = CARTESIAN_POINT ( 'NONE',  ( 4.000000000000000888, 1.140000000000000124, -0.5000000000000000000 ) ) ;
#2088 = CARTESIAN_POINT ( 'NONE',  ( 2.269685039370077817, -0.6250000000000005551, 0.000000000000000000 ) ) ;
#2089 = ORIENTED_EDGE ( 'NONE', *, *, #1634, .T. ) ;
#2090 = ORIENTED_EDGE ( 'NONE', *, *, #627, .T. ) ;
#2091 = CARTESIAN_POINT ( 'NONE',  ( 2.499999999999892086, -1.499999999999977351, -0.5000000000000000000 ) ) ;
#2092 = FACE_BOUND ( 'NONE', #2113, .T. ) ;
#2093 = EDGE_CURVE ( 'NONE', #2829, #2382, #502, .T. ) ;
#2094 = EDGE_LOOP ( 'NONE', ( #3229, #115, #718, #3357 ) ) ;
#2095 = DIRECTION ( 'NONE',  ( -1.000000000000000000, -0.000000000000000000, -0.000000000000000000 ) ) ;
#2096 = ORIENTED_EDGE ( 'NONE', *, *, #2669, .F. ) ;
#2097 = CARTESIAN_POINT ( 'NONE',  ( -2.257938540862036714, -1.726184377413890747, -0.4375000000000000000 ) ) ;
#2098 = EDGE_CURVE ( 'NONE', #395, #944, #3641, .T. ) ;
#2099 = ORIENTED_EDGE ( 'NONE', *, *, #3117, .F. ) ;
#2100 = CARTESIAN_POINT ( 'NONE',  ( -1.618624466952020002, 1.849621369599834697, -0.2500000000000000555 ) ) ;
#2101 = FACE_OUTER_BOUND ( 'NONE', #120, .T. ) ;
#2102 = EDGE_CURVE ( 'NONE', #2265, #2977, #1942, .T. ) ;
#2103 = LINE ( 'NONE', #3346, #3371 ) ;
#2104 = CARTESIAN_POINT ( 'NONE',  ( -1.500000000000000222, 1.500000000000000222, -0.2500000000000000000 ) ) ;
#2105 = LINE ( 'NONE', #2963, #2068 ) ;
#2106 = CARTESIAN_POINT ( 'NONE',  ( -0.9803149606299221830, -0.7500000000000009992, 0.8750000000000000000 ) ) ;
#2107 = ORIENTED_EDGE ( 'NONE', *, *, #752, .T. ) ;
#2108 = VERTEX_POINT ( 'NONE', #156 ) ;
#2109 = CARTESIAN_POINT ( 'NONE',  ( -2.000000000000001776, -0.2303149606299217111, -1.000039370078740442 ) ) ;
#2110 = LINE ( 'NONE', #1226, #3495 ) ;
#2111 = VERTEX_POINT ( 'NONE', #3012 ) ;
#2112 = DIRECTION ( 'NONE',  ( -1.000000000000000000, -1.359234848953423774E-16, 0.000000000000000000 ) ) ;
#2113 = EDGE_LOOP ( 'NONE', ( #1152, #1751, #2801, #1868 ) ) ;
#2114 = FACE_OUTER_BOUND ( 'NONE', #3097, .T. ) ;
#2115 = ORIENTED_EDGE ( 'NONE', *, *, #932, .T. ) ;
#2116 = CARTESIAN_POINT ( 'NONE',  ( 3.268539415285919070, -1.739999999999999769, -0.2560269213901046337 ) ) ;
#2117 = CARTESIAN_POINT ( 'NONE',  ( -1.750000000000000222, 1.000000000000000000, -0.2500000000000000000 ) ) ;
#2118 = EDGE_CURVE ( 'NONE', #171, #201, #1594, .T. ) ;
#2119 = B_SPLINE_CURVE_WITH_KNOTS ( 'NONE', 3,
 ( #3003, #1225, #430, #389, #2971, #414, #2131, #3208, #2694, #1248, #1266, #1527, #2674, #2150, #112, #2988, #964, #1566, #3528, #372, #2391, #3242 ),
 .UNSPECIFIED., .F., .F.,
 ( 4, 2, 2, 2, 2, 2, 2, 2, 2, 2, 4 ),
 ( 0.000000000000000000, 0.001275766842712328531, 0.001913650264068482605, 0.002551533685424636679, 0.003827300528136944827, 0.004465183949493098901, 0.005103067370849253409, 0.006378834213561579772, 0.007654601056273905267, 0.008930367898986232497, 0.01020613474169855886 ),
 .UNSPECIFIED. ) ;
#2120 = DIRECTION ( 'NONE',  ( 1.000000000000000000, 0.000000000000000000, 0.000000000000000000 ) ) ;
#2121 = EDGE_CURVE ( 'NONE', #318, #2206, #103, .T. ) ;
#2122 = CARTESIAN_POINT ( 'NONE',  ( -1.750000000000000222, 1.726184377413890747, -0.4375000000000000000 ) ) ;
#2123 = VECTOR ( 'NONE', #1597, 39.37007874015748143 ) ;
#2124 = LINE ( 'NONE', #408, #930 ) ;
#2125 = EDGE_CURVE ( 'NONE', #3484, #1675, #643, .T. ) ;
#2126 = VECTOR ( 'NONE', #2979, 39.37007874015748143 ) ;
#2127 = DIRECTION ( 'NONE',  ( -0.000000000000000000, -0.000000000000000000, -1.000000000000000000 ) ) ;
#2128 = EDGE_CURVE ( 'NONE', #395, #2815, #2139, .T. ) ;
#2129 = ORIENTED_EDGE ( 'NONE', *, *, #157, .T. ) ;
#2130 = ORIENTED_EDGE ( 'NONE', *, *, #1186, .T. ) ;
#2131 = CARTESIAN_POINT ( 'NONE',  ( -2.409456062534437670, 1.499727941196186798, -0.2668207615463386029 ) ) ;
#2132 = DIRECTION ( 'NONE',  ( 0.000000000000000000, 0.000000000000000000, 1.000000000000000000 ) ) ;
#2133 = CIRCLE ( 'NONE', #881, 0.2499999999999999167 ) ;
#2134 = VECTOR ( 'NONE', #2480, 39.37007874015748143 ) ;
#2135 = CIRCLE ( 'NONE', #1050, 1.000000000000111688 ) ;
#2136 = EDGE_LOOP ( 'NONE', ( #654, #583, #1136, #1038 ) ) ;
#2137 = DIRECTION ( 'NONE',  ( -0.000000000000000000, -0.000000000000000000, -1.000000000000000000 ) ) ;
#2138 = ORIENTED_EDGE ( 'NONE', *, *, #2128, .T. ) ;
#2139 = CIRCLE ( 'NONE', #2910, 0.1250000000000000000 ) ;
#2140 = ORIENTED_EDGE ( 'NONE', *, *, #2267, .T. ) ;
#2141 = CARTESIAN_POINT ( 'NONE',  ( 3.443619338902701443, -1.739999999999999991, -0.3870827868586383391 ) ) ;
#2142 = CARTESIAN_POINT ( 'NONE',  ( 1.169685039370077506, 1.894685039370078261, 0.000000000000000000 ) ) ;
#2143 = CARTESIAN_POINT ( 'NONE',  ( -2.500000000000000000, 1.500000000000000444, -0.2500000000000000000 ) ) ;
#2144 = CARTESIAN_POINT ( 'NONE',  ( 2.269685039370077373, 1.894685039370078261, 0.2500000000000000000 ) ) ;
#2145 = CARTESIAN_POINT ( 'NONE',  ( 3.875000000000000444, -1.499999999999978906, -0.5000000000000000000 ) ) ;
#2146 = EDGE_CURVE ( 'NONE', #2369, #2975, #707, .T. ) ;
#2147 = DIRECTION ( 'NONE',  ( -1.000000000000000000, 0.000000000000000000, 0.000000000000000000 ) ) ;
#2148 = VERTEX_POINT ( 'NONE', #587 ) ;
#2149 = ORIENTED_EDGE ( 'NONE', *, *, #2006, .F. ) ;
#2150 = CARTESIAN_POINT ( 'NONE',  ( -2.307983811488611536, 1.492157215740585352, -0.3390451064463690378 ) ) ;
#2151 = CARTESIAN_POINT ( 'NONE',  ( 2.519685039370077373, 2.144685039370078261, 0.000000000000000000 ) ) ;
#2152 = DIRECTION ( 'NONE',  ( 0.000000000000000000, 0.000000000000000000, -1.000000000000000000 ) ) ;
#2153 = VERTEX_POINT ( 'NONE', #2298 ) ;
#2154 = ORIENTED_EDGE ( 'NONE', *, *, #3692, .F. ) ;
#2155 = CARTESIAN_POINT ( 'NONE',  ( 3.324232878761868015, -1.739999999999999769, -0.2741693147362346816 ) ) ;
#2156 = CARTESIAN_POINT ( 'NONE',  ( 0.7696850393700778170, -0.6250000000000011102, 0.8750000000000000000 ) ) ;
#2157 = LINE ( 'NONE', #1015, #153 ) ;
#2158 = CARTESIAN_POINT ( 'NONE',  ( 3.730314960629923071, -1.740000000000002656, -0.2499999999999999722 ) ) ;
#2159 = LINE ( 'NONE', #3295, #41 ) ;
#2160 = CARTESIAN_POINT ( 'NONE',  ( -1.750000000000000222, -1.707106781186547906, -0.4999999999999999445 ) ) ;
#2161 = EDGE_LOOP ( 'NONE', ( #1846, #2280, #3087, #3020 ) ) ;
#2162 = CARTESIAN_POINT ( 'NONE',  ( -1.105314960629922183, -0.6250000000000009992, 0.3749999999999999445 ) ) ;
#2163 = DIRECTION ( 'NONE',  ( 0.000000000000000000, 1.000000000000000000, 0.000000000000000000 ) ) ;
#2164 = EDGE_CURVE ( 'NONE', #1263, #2249, #303, .T. ) ;
#2165 = PLANE ( 'NONE',  #1582 ) ;
#2166 = EDGE_LOOP ( 'NONE', ( #2310, #2883, #1439, #1342, #2806 ) ) ;
#2167 = EDGE_CURVE ( 'NONE', #1143, #1327, #2597, .T. ) ;
#2168 = EDGE_CURVE ( 'NONE', #172, #3676, #2522, .T. ) ;
#2169 = ORIENTED_EDGE ( 'NONE', *, *, #232, .T. ) ;
#2170 = CARTESIAN_POINT ( 'NONE',  ( -1.748713736209743574, 1.449107747137166724, -0.4703987070753125055 ) ) ;
#2171 = FACE_OUTER_BOUND ( 'NONE', #3633, .T. ) ;
#2172 = CARTESIAN_POINT ( 'NONE',  ( -2.250000000000000000, -1.433012701892219187, -0.5000000000000000000 ) ) ;
#2173 = CARTESIAN_POINT ( 'NONE',  ( -1.742061459137963508, -1.726184377413890747, -0.4375000000000000000 ) ) ;
#2174 = DIRECTION ( 'NONE',  ( -7.123744041623131138E-16, -1.000000000000000000, -0.000000000000000000 ) ) ;
#2175 = CARTESIAN_POINT ( 'NONE',  ( -1.105314960629922183, -0.8750000000000009992, 0.1250000000000000000 ) ) ;
#2176 = AXIS2_PLACEMENT_3D ( 'NONE', #2835, #1051, #1438 ) ;
#2177 = ORIENTED_EDGE ( 'NONE', *, *, #1435, .T. ) ;
#2178 = CARTESIAN_POINT ( 'NONE',  ( 2.519685039370077817, -0.8750000000000006661, 0.2500000000000000000 ) ) ;
#2179 = CARTESIAN_POINT ( 'NONE',  ( 2.054685039370077515, 2.082185039370078705, 0.000000000000000000 ) ) ;
#2180 = AXIS2_PLACEMENT_3D ( 'NONE', #2880, #2524, #1183 ) ;
#2181 = DIRECTION ( 'NONE',  ( 0.000000000000000000, 0.000000000000000000, 1.000000000000000000 ) ) ;
#2182 = CIRCLE ( 'NONE', #337, 0.7500000000000002220 ) ;
#2183 = VECTOR ( 'NONE', #3609, 39.37007874015748143 ) ;
#2184 = VERTEX_POINT ( 'NONE', #3656 ) ;
#2185 = CIRCLE ( 'NONE', #3269, 1.000000000000111688 ) ;
#2186 = AXIS2_PLACEMENT_3D ( 'NONE', #2117, #1574, #78 ) ;
#2187 = AXIS2_PLACEMENT_3D ( 'NONE', #3237, #2941, #725 ) ;
#2188 = EDGE_CURVE ( 'NONE', #3268, #1579, #2325, .T. ) ;
#2189 = ORIENTED_EDGE ( 'NONE', *, *, #1232, .F. ) ;
#2190 = CARTESIAN_POINT ( 'NONE',  ( 3.469015266971200440, -1.739999999999999991, -0.4663439673545937136 ) ) ;
#2191 = AXIS2_PLACEMENT_3D ( 'NONE', #541, #1459, #257 ) ;
#2192 = EDGE_CURVE ( 'NONE', #1994, #1490, #856, .T. ) ;
#2193 = DIRECTION ( 'NONE',  ( 0.000000000000000000, 0.000000000000000000, 1.000000000000000000 ) ) ;
#2194 = VECTOR ( 'NONE', #625, 39.37007874015748143 ) ;
#2195 = DIRECTION ( 'NONE',  ( 1.000000000000000000, 0.000000000000000000, 0.000000000000000000 ) ) ;
#2196 = DIRECTION ( 'NONE',  ( 1.000000000000000000, 0.000000000000000000, -0.000000000000000000 ) ) ;
#2197 = DIRECTION ( 'NONE',  ( 0.000000000000000000, -1.000000000000000000, 0.000000000000000000 ) ) ;
#2198 = CARTESIAN_POINT ( 'NONE',  ( -2.257938540862036714, 1.726184377413890747, -0.4375000000000000000 ) ) ;
#2199 = ORIENTED_EDGE ( 'NONE', *, *, #1384, .F. ) ;
#2200 = FACE_OUTER_BOUND ( 'NONE', #2094, .T. ) ;
#2201 = LINE ( 'NONE', #612, #2959 ) ;
#2202 = FACE_OUTER_BOUND ( 'NONE', #2436, .T. ) ;
#2203 = EDGE_LOOP ( 'NONE', ( #1907, #3134, #1058, #3207 ) ) ;
#2204 = EDGE_CURVE ( 'NONE', #928, #2701, #899, .T. ) ;
#2205 = ORIENTED_EDGE ( 'NONE', *, *, #1115, .T. ) ;
#2206 = VERTEX_POINT ( 'NONE', #1440 ) ;
#2207 = CARTESIAN_POINT ( 'NONE',  ( 3.292746325808556307, -1.739999999999999769, -0.2624348259152581297 ) ) ;
#2208 = DIRECTION ( 'NONE',  ( -1.000000000000000000, -0.000000000000000000, -0.000000000000000000 ) ) ;
#2209 = EDGE_CURVE ( 'NONE', #2815, #1631, #1180, .T. ) ;
#2210 = CARTESIAN_POINT ( 'NONE',  ( 3.585629921259844366, 1.740000000000002656, -0.2499999999999999722 ) ) ;
#2211 = CARTESIAN_POINT ( 'NONE',  ( -3.500000000000000888, -1.500000000000000222, -0.2500000000000000000 ) ) ;
#2212 = CARTESIAN_POINT ( 'NONE',  ( 2.054685039370077515, 1.957185039370078261, -0.2500000000000000555 ) ) ;
#2213 = EDGE_CURVE ( 'NONE', #878, #853, #882, .T. ) ;
#2214 = CARTESIAN_POINT ( 'NONE',  ( 2.207185039370077817, -0.5625000000000005551, 0.000000000000000000 ) ) ;
#2215 = ORIENTED_EDGE ( 'NONE', *, *, #646, .F. ) ;
#2216 = CARTESIAN_POINT ( 'NONE',  ( 0.6446850393700778170, 0.000000000000000000, 0.8750000000000000000 ) ) ;
#2217 = DIRECTION ( 'NONE',  ( 1.809359557733305771E-16, -1.000000000000000000, 0.000000000000000000 ) ) ;
#2218 = CARTESIAN_POINT ( 'NONE',  ( 4.000000000000000888, -1.140000000000000124, -0.3749999999999999445 ) ) ;
#2219 = ORIENTED_EDGE ( 'NONE', *, *, #2639, .F. ) ;
#2220 = VERTEX_POINT ( 'NONE', #1961 ) ;
#2221 = VERTEX_POINT ( 'NONE', #2802 ) ;
#2222 = EDGE_CURVE ( 'NONE', #1693, #374, #2657, .T. ) ;
#2223 = DIRECTION ( 'NONE',  ( -1.000000000000000000, 0.000000000000000000, 0.000000000000000000 ) ) ;
#2224 = EDGE_CURVE ( 'NONE', #421, #795, #3380, .T. ) ;
#2225 = LENGTH_MEASURE_WITH_UNIT ( LENGTH_MEASURE( 0.02539999999999999897 ), #1913 );
#2226 = FACE_OUTER_BOUND ( 'NONE', #1369, .T. ) ;
#2227 = DIRECTION ( 'NONE',  ( 0.000000000000000000, -1.000000000000000000, 0.000000000000000000 ) ) ;
#2228 = EDGE_CURVE ( 'NONE', #2071, #307, #820, .T. ) ;
#2229 = ORIENTED_EDGE ( 'NONE', *, *, #88, .T. ) ;
#2230 = PLANE ( 'NONE',  #3673 ) ;
#2231 = DIRECTION ( 'NONE',  ( -0.000000000000000000, -1.000000000000000000, -0.000000000000000000 ) ) ;
#2232 = EDGE_CURVE ( 'NONE', #2077, #470, #3679, .T. ) ;
#2233 = CARTESIAN_POINT ( 'NONE',  ( 2.500000000000000444, -2.499999999999999556, -0.2500000000000000000 ) ) ;
#2234 = EDGE_LOOP ( 'NONE', ( #3386, #353, #3359, #3231 ) ) ;
#2235 = ORIENTED_EDGE ( 'NONE', *, *, #2380, .T. ) ;
#2236 = VERTEX_POINT ( 'NONE', #2540 ) ;
#2237 = AXIS2_PLACEMENT_3D ( 'NONE', #3232, #680, #1483 ) ;
#2238 = ORIENTED_EDGE ( 'NONE', *, *, #1556, .T. ) ;
#2239 = ORIENTED_EDGE ( 'NONE', *, *, #1975, .F. ) ;
#2240 = CARTESIAN_POINT ( 'NONE',  ( -1.875000000000001776, 2.019685039370077817, 0.2500000000000000000 ) ) ;
#2241 = VECTOR ( 'NONE', #3135, 39.37007874015748143 ) ;
#2242 = CIRCLE ( 'NONE', #638, 0.1250000000000000278 ) ;
#2243 = AXIS2_PLACEMENT_3D ( 'NONE', #1076, #2761, #1951 ) ;
#2244 = ADVANCED_FACE ( 'NONE', ( #1120 ), #1980, .F. ) ;
#2245 = DIRECTION ( 'NONE',  ( -1.000000000000000000, 0.000000000000000000, 0.000000000000000000 ) ) ;
#2246 = DIRECTION ( 'NONE',  ( -1.000000000000000000, -1.359234848953423774E-16, 0.000000000000000000 ) ) ;
#2247 = VECTOR ( 'NONE', #40, 39.37007874015748143 ) ;
#2248 = CARTESIAN_POINT ( 'NONE',  ( 3.730314960629926180, 2.500039370078740664, -0.2499999999999999722 ) ) ;
#2249 = VERTEX_POINT ( 'NONE', #2837 ) ;
#2250 = CARTESIAN_POINT ( 'NONE',  ( 2.269685039370077373, 1.894685039370078261, 0.2500000000000000000 ) ) ;
#2251 = CYLINDRICAL_SURFACE ( 'NONE', #2602, 0.1250000000000000278 ) ;
#2252 = EDGE_CURVE ( 'NONE', #538, #57, #2546, .T. ) ;
#2253 = VECTOR ( 'NONE', #1712, 39.37007874015748143 ) ;
#2254 = CARTESIAN_POINT ( 'NONE',  ( 0.7696850393700778170, -1.000000000000000888, 0.000000000000000000 ) ) ;
#2255 = CARTESIAN_POINT ( 'NONE',  ( 2.500000000000000000, 2.500000000000000000, -0.2500000000000000000 ) ) ;
#2256 = ORIENTED_EDGE ( 'NONE', *, *, #1571, .T. ) ;
#2257 = ORIENTED_EDGE ( 'NONE', *, *, #1977, .F. ) ;
#2258 = VERTEX_POINT ( 'NONE', #3193 ) ;
#2259 = EDGE_LOOP ( 'NONE', ( #312, #275, #1206, #3343 ) ) ;
#2260 = ORIENTED_EDGE ( 'NONE', *, *, #1182, .F. ) ;
#2261 = DIRECTION ( 'NONE',  ( 1.000000000000000000, 0.000000000000000000, 0.000000000000000000 ) ) ;
#2262 = DIRECTION ( 'NONE',  ( 1.000000000000000000, -0.000000000000000000, 0.000000000000000000 ) ) ;
#2263 = DIRECTION ( 'NONE',  ( 1.000000000000000000, 1.359234848953423774E-16, -0.000000000000000000 ) ) ;
#2264 = CARTESIAN_POINT ( 'NONE',  ( 2.519685039370077373, -0.8750000000000006661, 0.000000000000000000 ) ) ;
#2265 = VERTEX_POINT ( 'NONE', #915 ) ;
#2266 = DIRECTION ( 'NONE',  ( -0.000000000000000000, 0.000000000000000000, -1.000000000000000000 ) ) ;
#2267 = EDGE_CURVE ( 'NONE', #171, #3484, #2581, .T. ) ;
#2268 = CARTESIAN_POINT ( 'NONE',  ( -2.386172626259707830, -1.499325936380260460, -0.2767838511103060672 ) ) ;
#2269 =( BOUNDED_CURVE ( )  B_SPLINE_CURVE ( 3, ( #532, #2499, #2463, #1605 ),
 .UNSPECIFIED., .F., .F. ) 
 B_SPLINE_CURVE_WITH_KNOTS ( ( 4, 4 ),
 ( 4.712388980384689674, 6.283185307179586232 ),
 .UNSPECIFIED. ) 
 CURVE ( )  GEOMETRIC_REPRESENTATION_ITEM ( )  RATIONAL_B_SPLINE_CURVE ( ( 1.000000000000000000, 0.8047378541243649375, 0.8047378541243649375, 1.000000000000000000 ) ) 
 REPRESENTATION_ITEM ( '' )  );
#2270 = FACE_OUTER_BOUND ( 'NONE', #151, .T. ) ;
#2271 = DIRECTION ( 'NONE',  ( 0.000000000000000000, 0.000000000000000000, 1.000000000000000000 ) ) ;
#2272 = VERTEX_POINT ( 'NONE', #377 ) ;
#2273 = EDGE_LOOP ( 'NONE', ( #2257, #601, #1998, #518 ) ) ;
#2274 = CARTESIAN_POINT ( 'NONE',  ( -1.516982462255646924, 1.500000000000000222, -0.2500000000000000000 ) ) ;
#2275 = EDGE_CURVE ( 'NONE', #15, #2022, #759, .T. ) ;
#2276 = VERTEX_POINT ( 'NONE', #662 ) ;
#2277 = ORIENTED_EDGE ( 'NONE', *, *, #3442, .T. ) ;
#2278 = DIRECTION ( 'NONE',  ( 1.000000000000000000, 1.561055996379578489E-16, 0.000000000000000000 ) ) ;
#2279 = ADVANCED_FACE ( 'NONE', ( #1538 ), #2355, .T. ) ;
#2280 = ORIENTED_EDGE ( 'NONE', *, *, #3394, .T. ) ;
#2281 = CARTESIAN_POINT ( 'NONE',  ( 2.169685039370077284, 1.894685039370078261, 0.000000000000000000 ) ) ;
#2282 = EDGE_CURVE ( 'NONE', #2249, #146, #1497, .T. ) ;
#2283 = DIRECTION ( 'NONE',  ( -1.365923996832131363E-16, 1.000000000000000000, 0.000000000000000000 ) ) ;
#2284 = CARTESIAN_POINT ( 'NONE',  ( -2.500000000000000000, 1.499999999999999778, -0.2500000000000000000 ) ) ;
#2285 = DIRECTION ( 'NONE',  ( 0.000000000000000000, -1.000000000000000000, 0.000000000000000000 ) ) ;
#2286 = ORIENTED_EDGE ( 'NONE', *, *, #911, .F. ) ;
#2287 = DIRECTION ( 'NONE',  ( 1.000000000000000000, 0.000000000000000000, 0.000000000000000000 ) ) ;
#2288 = CARTESIAN_POINT ( 'NONE',  ( -1.727348073702879905, -1.478835022687658318, -0.3947921423442197764 ) ) ;
#2289 = CARTESIAN_POINT ( 'NONE',  ( 0.000000000000000000, 0.000000000000000000, 0.000000000000000000 ) ) ;
#2290 = LINE ( 'NONE', #891, #1710 ) ;
#2291 = ORIENTED_EDGE ( 'NONE', *, *, #1339, .F. ) ;
#2292 = VERTEX_POINT ( 'NONE', #1793 ) ;
#2293 = LINE ( 'NONE', #3455, #264 ) ;
#2294 = EDGE_LOOP ( 'NONE', ( #2286, #536, #222, #2682 ) ) ;
#2295 = ORIENTED_EDGE ( 'NONE', *, *, #1064, .T. ) ;
#2296 = FACE_OUTER_BOUND ( 'NONE', #1653, .T. ) ;
#2297 = ORIENTED_EDGE ( 'NONE', *, *, #2758, .T. ) ;
#2298 = CARTESIAN_POINT ( 'NONE',  ( 0.7696850393700778170, -1.000000000000000888, 0.1250000000000000000 ) ) ;
#2299 = ADVANCED_FACE ( 'NONE', ( #3534 ), #76, .F. ) ;
#2300 = AXIS2_PLACEMENT_3D ( 'NONE', #1529, #1307, #1249 ) ;
#2301 = ADVANCED_FACE ( 'NONE', ( #2114 ), #95, .T. ) ;
#2302 = CIRCLE ( 'NONE', #35, 0.06249999999999995143 ) ;
#2303 = LINE ( 'NONE', #589, #1878 ) ;
#2304 = VECTOR ( 'NONE', #1261, 39.37007874015748143 ) ;
#2305 = CARTESIAN_POINT ( 'NONE',  ( 2.207185039370077817, -0.5625000000000005551, 0.2500000000000000000 ) ) ;
#2306 = AXIS2_PLACEMENT_3D ( 'NONE', #1144, #2287, #3181 ) ;
#2307 = VECTOR ( 'NONE', #1559, 39.37007874015748143 ) ;
#2308 = LINE ( 'NONE', #591, #1165 ) ;
#2309 = CIRCLE ( 'NONE', #706, 0.7500000000001116884 ) ;
#2310 = ORIENTED_EDGE ( 'NONE', *, *, #646, .T. ) ;
#2311 = DIRECTION ( 'NONE',  ( 1.000000000000000000, 0.000000000000000000, -0.000000000000000000 ) ) ;
#2312 = CARTESIAN_POINT ( 'NONE',  ( -2.417054722152315538, -1.499859776222779439, -0.2635635370326128157 ) ) ;
#2313 = VECTOR ( 'NONE', #20, 39.37007874015748143 ) ;
#2314 = CIRCLE ( 'NONE', #2958, 0.1446850393700786497 ) ;
#2315 = CARTESIAN_POINT ( 'NONE',  ( -2.000000000000000888, -0.8750000000000012212, 0.1250000000000000000 ) ) ;
#2316 = CARTESIAN_POINT ( 'NONE',  ( 1.169685039370077506, 1.894685039370078261, 0.2500000000000000000 ) ) ;
#2317 = VERTEX_POINT ( 'NONE', #2381 ) ;
#2318 = LINE ( 'NONE', #2591, #2782 ) ;
#2319 = LINE ( 'NONE', #298, #2359 ) ;
#2320 = ORIENTED_EDGE ( 'NONE', *, *, #1598, .F. ) ;
#2321 = EDGE_CURVE ( 'NONE', #993, #221, #361, .T. ) ;
#2322 = EDGE_LOOP ( 'NONE', ( #2435, #11, #299, #3693 ) ) ;
#2323 = FACE_OUTER_BOUND ( 'NONE', #962, .T. ) ;
#2324 = ORIENTED_EDGE ( 'NONE', *, *, #1368, .T. ) ;
#2325 = LINE ( 'NONE', #3460, #2491 ) ;
#2326 = DIRECTION ( 'NONE',  ( -2.168404344971008621E-16, 1.000000000000000000, 0.000000000000000000 ) ) ;
#2327 = CARTESIAN_POINT ( 'NONE',  ( -1.750000000000000222, -1.000000000000000000, -0.7499999999999998890 ) ) ;
#2328 = DIRECTION ( 'NONE',  ( 1.000000000000000000, -0.000000000000000000, -0.000000000000000000 ) ) ;
#2329 = EDGE_CURVE ( 'NONE', #1828, #2390, #3247, .T. ) ;
#2330 = PLANE ( 'NONE',  #3321 ) ;
#2331 = CARTESIAN_POINT ( 'NONE',  ( -1.649124090936947340, -1.497599549606682068, -0.2991702357522296740 ) ) ;
#2332 = CARTESIAN_POINT ( 'NONE',  ( -1.750000000000001554, -0.2303149606299217111, 1.000000000000000000 ) ) ;
#2333 = ORIENTED_EDGE ( 'NONE', *, *, #1457, .F. ) ;
#2334 = ORIENTED_EDGE ( 'NONE', *, *, #684, .F. ) ;
#2335 = CARTESIAN_POINT ( 'NONE',  ( -1.533697723805160562, 1.500008424947508967, -0.2517125876111273031 ) ) ;
#2336 = ORIENTED_EDGE ( 'NONE', *, *, #1339, .T. ) ;
#2337 = FACE_OUTER_BOUND ( 'NONE', #266, .T. ) ;
#2338 = EDGE_LOOP ( 'NONE', ( #2504, #1379, #1533, #2527 ) ) ;
#2339 = CARTESIAN_POINT ( 'NONE',  ( -2.000000000000001776, 0.1446850393700783721, 1.000000000000000000 ) ) ;
#2340 = DIRECTION ( 'NONE',  ( 0.000000000000000000, 0.000000000000000000, 1.000000000000000000 ) ) ;
#2341 = DIRECTION ( 'NONE',  ( 7.123744041623131138E-16, 1.000000000000000000, -0.000000000000000000 ) ) ;
#2342 = CARTESIAN_POINT ( 'NONE',  ( -2.000000000000001776, 2.144685039370077817, 0.1250000000000000000 ) ) ;
#2343 = CARTESIAN_POINT ( 'NONE',  ( -3.500000000000000888, -1.500000000000000222, -0.2500000000000000000 ) ) ;
#2344 = DIRECTION ( 'NONE',  ( -1.000000000000000000, -1.809359557733305771E-16, 0.000000000000000000 ) ) ;
#2345 = EDGE_CURVE ( 'NONE', #3080, #2452, #2638, .T. ) ;
#2346 = LINE ( 'NONE', #3508, #3150 ) ;
#2347 = ORIENTED_EDGE ( 'NONE', *, *, #1505, .F. ) ;
#2348 = ORIENTED_EDGE ( 'NONE', *, *, #3445, .T. ) ;
#2349 = ORIENTED_EDGE ( 'NONE', *, *, #900, .F. ) ;
#2350 = EDGE_CURVE ( 'NONE', #39, #1305, #2058, .T. ) ;
#2351 = CARTESIAN_POINT ( 'NONE',  ( 3.500000000000002220, -1.499999999999999334, -0.2500000000000000000 ) ) ;
#2352 = EDGE_LOOP ( 'NONE', ( #1091, #1336, #2199, #556, #2040 ) ) ;
#2353 = LINE ( 'NONE', #931, #1938 ) ;
#2354 = EDGE_LOOP ( 'NONE', ( #1718, #1437, #892, #3056 ) ) ;
#2355 = PLANE ( 'NONE',  #3204 ) ;
#2356 = VECTOR ( 'NONE', #1128, 39.37007874015748143 ) ;
#2357 = CARTESIAN_POINT ( 'NONE',  ( -1.750000000000000222, 1.000000000000000222, -1.000000000000000222 ) ) ;
#2358 = CARTESIAN_POINT ( 'NONE',  ( 3.404875227313263419, 1.739999999999999769, -0.3329301303175109528 ) ) ;
#2359 = VECTOR ( 'NONE', #1434, 39.37007874015748143 ) ;
#2360 = CYLINDRICAL_SURFACE ( 'NONE', #1763, 0.1249999999999999029 ) ;
#2361 = EDGE_CURVE ( 'NONE', #251, #3263, #1298, .T. ) ;
#2362 = VECTOR ( 'NONE', #1164, 39.37007874015748143 ) ;
#2363 = AXIS2_PLACEMENT_3D ( 'NONE', #2158, #1614, #192 ) ;
#2364 = PLANE ( 'NONE',  #1053 ) ;
#2365 = LINE ( 'NONE', #1842, #2304 ) ;
#2366 = CIRCLE ( 'NONE', #2541, 1.000000000000000222 ) ;
#2367 = CIRCLE ( 'NONE', #2243, 0.2500000000000000555 ) ;
#2368 = CARTESIAN_POINT ( 'NONE',  ( -2.250000000000000000, -1.000000000000000000, -0.2500000000000000000 ) ) ;
#2369 = VERTEX_POINT ( 'NONE', #1481 ) ;
#2370 = EDGE_CURVE ( 'NONE', #2750, #3603, #3494, .T. ) ;
#2371 = VERTEX_POINT ( 'NONE', #1390 ) ;
#2372 = VECTOR ( 'NONE', #1663, 39.37007874015748143 ) ;
#2373 = CARTESIAN_POINT ( 'NONE',  ( -2.000000000000001776, -0.2303149606299217111, 1.000000000000000000 ) ) ;
#2374 = CARTESIAN_POINT ( 'NONE',  ( 1.304685039370077737, 2.082185039370078261, 0.000000000000000000 ) ) ;
#2375 = EDGE_CURVE ( 'NONE', #3070, #255, #43, .T. ) ;
#2376 = VECTOR ( 'NONE', #1350, 39.37007874015748143 ) ;
#2377 = ORIENTED_EDGE ( 'NONE', *, *, #3248, .T. ) ;
#2378 = CARTESIAN_POINT ( 'NONE',  ( 1.019426136715069063E-16, -0.7500000000000008882, 0.8750000000000000000 ) ) ;
#2379 = ORIENTED_EDGE ( 'NONE', *, *, #2395, .F. ) ;
#2380 = EDGE_CURVE ( 'NONE', #2220, #332, #2612, .T. ) ;
#2381 = CARTESIAN_POINT ( 'NONE',  ( 2.500000000000000444, -2.499999999999999556, 0.000000000000000000 ) ) ;
#2382 = VERTEX_POINT ( 'NONE', #2316 ) ;
#2383 = CARTESIAN_POINT ( 'NONE',  ( -3.500000000000000888, -1.500000000000000222, 0.000000000000000000 ) ) ;
#2384 = DIRECTION ( 'NONE',  ( 0.000000000000000000, 0.000000000000000000, 1.000000000000000000 ) ) ;
#2385 = DIRECTION ( 'NONE',  ( 1.000000000000000000, 1.208866533781747157E-16, -0.000000000000000000 ) ) ;
#2386 = CARTESIAN_POINT ( 'NONE',  ( 2.207185039370077373, 1.832185039370078261, 0.2500000000000000000 ) ) ;
#2387 = EDGE_CURVE ( 'NONE', #1720, #3622, #53, .T. ) ;
#2388 = LINE ( 'NONE', #2088, #3081 ) ;
#2389 = ORIENTED_EDGE ( 'NONE', *, *, #3535, .T. ) ;
#2390 = VERTEX_POINT ( 'NONE', #1449 ) ;
#2391 = CARTESIAN_POINT ( 'NONE',  ( -2.250000000000000444, 1.441499276862513446, -0.4853008209692085129 ) ) ;
#2392 = CARTESIAN_POINT ( 'NONE',  ( 3.875000000000001332, 1.139999999999999902, -0.5000000000000000000 ) ) ;
#2393 = ORIENTED_EDGE ( 'NONE', *, *, #2118, .F. ) ;
#2394 = LINE ( 'NONE', #116, #2059 ) ;
#2395 = EDGE_CURVE ( 'NONE', #3290, #1155, #597, .T. ) ;
#2396 = ORIENTED_EDGE ( 'NONE', *, *, #1109, .F. ) ;
#2397 = CARTESIAN_POINT ( 'NONE',  ( -2.500000000000000000, -1.968245836551854477, -0.2500000000000000000 ) ) ;
#2398 = ADVANCED_FACE ( 'NONE', ( #2589 ), #2851, .F. ) ;
#2399 = EDGE_LOOP ( 'NONE', ( #2089, #1040, #3650, #3457 ) ) ;
#2400 = DIRECTION ( 'NONE',  ( 2.168404344971008621E-16, -1.000000000000000000, 0.000000000000000000 ) ) ;
#2401 = ADVANCED_FACE ( 'NONE', ( #294 ), #1190, .T. ) ;
#2402 = CARTESIAN_POINT ( 'NONE',  ( 3.461806986066435332, 1.739999999999999769, -0.4340820290088411859 ) ) ;
#2403 = EDGE_CURVE ( 'NONE', #2731, #1584, #3468, .T. ) ;
#2404 = DIRECTION ( 'NONE',  ( 1.000000000000000000, 1.264744441511232725E-16, -0.000000000000000000 ) ) ;
#2405 = FACE_OUTER_BOUND ( 'NONE', #279, .T. ) ;
#2406 = CARTESIAN_POINT ( 'NONE',  ( -3.500000000000000888, -1.500000000000000222, -0.2500000000000000000 ) ) ;
#2407 = DIRECTION ( 'NONE',  ( 1.000000000000000000, 1.359234848953423774E-16, -0.000000000000000000 ) ) ;
#2408 = PRODUCT_DEFINITION ( 'UNKNOWN', '', #1118, #954 ) ;
#2409 = ORIENTED_EDGE ( 'NONE', *, *, #1733, .F. ) ;
#2410 = ORIENTED_EDGE ( 'NONE', *, *, #950, .T. ) ;
#2411 = CARTESIAN_POINT ( 'NONE',  ( 0.7696850393700778170, -0.8750000000000012212, 0.3749999999999999445 ) ) ;
#2412 = CARTESIAN_POINT ( 'NONE',  ( -2.000000000000001776, 2.144685039370077817, 0.000000000000000000 ) ) ;
#2413 = ORIENTED_EDGE ( 'NONE', *, *, #3141, .T. ) ;
#2414 = CARTESIAN_POINT ( 'NONE',  ( 0.6446850393700778170, 0.000000000000000000, 1.000000000000000000 ) ) ;
#2415 = EDGE_LOOP ( 'NONE', ( #387, #234, #1496, #3002 ) ) ;
#2416 = ORIENTED_EDGE ( 'NONE', *, *, #596, .T. ) ;
#2417 = LINE ( 'NONE', #2640, #3073 ) ;
#2418 = DIRECTION ( 'NONE',  ( -1.000000000000000000, 0.000000000000000000, 0.000000000000000000 ) ) ;
#2419 = EDGE_CURVE ( 'NONE', #3526, #2317, #2050, .T. ) ;
#2420 = CARTESIAN_POINT ( 'NONE',  ( 3.585629921259844366, -1.740000000000002656, -0.2499999999999999167 ) ) ;
#2421 = DIRECTION ( 'NONE',  ( 0.000000000000000000, 0.000000000000000000, 1.000000000000000000 ) ) ;
#2422 = AXIS2_PLACEMENT_3D ( 'NONE', #446, #2466, #2680 ) ;
#2423 = LINE ( 'NONE', #3562, #2004 ) ;
#2424 = VECTOR ( 'NONE', #2448, 39.37007874015748143 ) ;
#2425 = DIRECTION ( 'NONE',  ( 0.000000000000000000, 0.000000000000000000, -1.000000000000000000 ) ) ;
#2426 = ORIENTED_EDGE ( 'NONE', *, *, #2508, .T. ) ;
#2427 = VERTEX_POINT ( 'NONE', #1431 ) ;
#2428 = DIRECTION ( 'NONE',  ( 1.000000000000000000, 0.000000000000000000, 0.000000000000000000 ) ) ;
#2429 = CARTESIAN_POINT ( 'NONE',  ( 3.875000000000001332, -1.140000000000000124, -0.3749999999999999445 ) ) ;
#2430 = VECTOR ( 'NONE', #2046, 39.37007874015748143 ) ;
#2431 = VECTOR ( 'NONE', #2231, 39.37007874015748143 ) ;
#2432 = CIRCLE ( 'NONE', #2005, 0.06250000000000022204 ) ;
#2433 = VECTOR ( 'NONE', #2197, 39.37007874015748143 ) ;
#2434 = LINE ( 'NONE', #985, #1287 ) ;
#2435 = ORIENTED_EDGE ( 'NONE', *, *, #990, .F. ) ;
#2436 = EDGE_LOOP ( 'NONE', ( #2235, #3432, #955, #2692, #1726 ) ) ;
#2437 = AXIS2_PLACEMENT_3D ( 'NONE', #1112, #613, #1148 ) ;
#2438 = ORIENTED_EDGE ( 'NONE', *, *, #1300, .F. ) ;
#2439 = CARTESIAN_POINT ( 'NONE',  ( -1.727401428334961242, 1.478803516167401133, -0.3949012859920266738 ) ) ;
#2440 = CARTESIAN_POINT ( 'NONE',  ( -1.750000000000001554, 0.3946850393700783721, 1.000000000000000000 ) ) ;
#2441 = LINE ( 'NONE', #2063, #3669 ) ;
#2442 = DIRECTION ( 'NONE',  ( 0.000000000000000000, -1.000000000000000000, 0.000000000000000000 ) ) ;
#2443 = LINE ( 'NONE', #1017, #1644 ) ;
#2444 = DIRECTION ( 'NONE',  ( -1.000000000000000000, -1.208866533781747157E-16, -0.000000000000000000 ) ) ;
#2445 = ADVANCED_FACE ( 'NONE', ( #3452 ), #272, .F. ) ;
#2446 = ORIENTED_EDGE ( 'NONE', *, *, #2899, .F. ) ;
#2447 = CARTESIAN_POINT ( 'NONE',  ( 0.8946850393700779280, -1.000000000000000888, 0.000000000000000000 ) ) ;
#2448 = DIRECTION ( 'NONE',  ( 0.000000000000000000, -1.000000000000000000, 0.000000000000000000 ) ) ;
#2449 = EDGE_CURVE ( 'NONE', #2577, #2220, #2290, .T. ) ;
#2450 = EDGE_LOOP ( 'NONE', ( #1667, #1392, #3414, #2336, #1075, #3519 ) ) ;
#2451 = DIRECTION ( 'NONE',  ( 0.000000000000000000, 1.000000000000000000, 0.000000000000000000 ) ) ;
#2452 = VERTEX_POINT ( 'NONE', #2888 ) ;
#2453 = EDGE_LOOP ( 'NONE', ( #1426, #69, #1973, #195 ) ) ;
#2454 = ORIENTED_EDGE ( 'NONE', *, *, #82, .F. ) ;
#2455 = DIRECTION ( 'NONE',  ( -1.809359557733305771E-16, 1.000000000000000000, 0.000000000000000000 ) ) ;
#2456 = LINE ( 'NONE', #2717, #513 ) ;
#2457 = CARTESIAN_POINT ( 'NONE',  ( -2.250000000000000000, -1.000000000000000000, -0.7499999999999998890 ) ) ;
#2458 = PRESENTATION_STYLE_ASSIGNMENT (( #3642 ) ) ;
#2459 = CARTESIAN_POINT ( 'NONE',  ( 2.394685039370077817, -0.7500000000000005551, 0.2500000000000000000 ) ) ;
#2460 = CARTESIAN_POINT ( 'NONE',  ( -2.250000000000000000, 1.714481694232217412, -0.4791405958989834457 ) ) ;
#2461 = ORIENTED_EDGE ( 'NONE', *, *, #1115, .F. ) ;
#2462 = DIRECTION ( 'NONE',  ( 1.000000000000000000, 0.000000000000000000, 0.000000000000000000 ) ) ;
#2463 = CARTESIAN_POINT ( 'NONE',  ( 0.7696850393700778170, -2.205000000000001847, 0.9482233047033630235 ) ) ;
#2464 =( BOUNDED_CURVE ( )  B_SPLINE_CURVE ( 3, ( #199, #1412, #534, #1389 ),
 .UNSPECIFIED., .F., .T. ) 
 B_SPLINE_CURVE_WITH_KNOTS ( ( 4, 4 ),
 ( 0.2526802551420785914, 1.570796326794896558 ),
 .UNSPECIFIED. ) 
 CURVE ( )  GEOMETRIC_REPRESENTATION_ITEM ( )  RATIONAL_B_SPLINE_CURVE ( ( 1.000000000000000000, 0.8603796100280632908, 0.8603796100280632908, 1.000000000000000000 ) ) 
 REPRESENTATION_ITEM ( '' )  );
#2465 = EDGE_CURVE ( 'NONE', #57, #280, #1413, .T. ) ;
#2466 = DIRECTION ( 'NONE',  ( -1.000000000000000000, -1.084202172485504311E-16, 0.000000000000000000 ) ) ;
#2467 = EDGE_CURVE ( 'NONE', #970, #2292, #581, .T. ) ;
#2468 = ORIENTED_EDGE ( 'NONE', *, *, #2125, .T. ) ;
#2469 = EDGE_LOOP ( 'NONE', ( #2654, #1, #510, #388, #3469 ) ) ;
#2470 = CARTESIAN_POINT ( 'NONE',  ( -1.742872943385028739, 1.462480636608144202, -0.4402066064758792807 ) ) ;
#2471 = PLANE ( 'NONE',  #2486 ) ;
#2472 = LINE ( 'NONE', #584, #2595 ) ;
#2473 = FILL_AREA_STYLE_COLOUR ( '', #1821 ) ;
#2474 = CARTESIAN_POINT ( 'NONE',  ( 2.467908344073440841, -0.8232233047033636897, 0.2499999999999998890 ) ) ;
#2475 = EDGE_CURVE ( 'NONE', #2148, #3365, #869, .T. ) ;
#2476 = CARTESIAN_POINT ( 'NONE',  ( 0.7696850393700781501, -2.205000000000001847, 0.000000000000000000 ) ) ;
#2477 = AXIS2_PLACEMENT_3D ( 'NONE', #1008, #967, #432 ) ;
#2478 = ORIENTED_EDGE ( 'NONE', *, *, #364, .F. ) ;
#2479 = DIRECTION ( 'NONE',  ( -0.000000000000000000, -1.000000000000000000, -0.000000000000000000 ) ) ;
#2480 = DIRECTION ( 'NONE',  ( -1.000000000000000000, 0.000000000000000000, 0.000000000000000000 ) ) ;
#2481 = AXIS2_PLACEMENT_3D ( 'NONE', #3471, #2914, #657 ) ;
#2482 = CARTESIAN_POINT ( 'NONE',  ( 1.169685039370077506, 1.894685039370078261, -1.030776406404415146 ) ) ;
#2483 = VECTOR ( 'NONE', #1949, 39.37007874015748143 ) ;
#2484 = VERTEX_POINT ( 'NONE', #2332 ) ;
#2485 = VECTOR ( 'NONE', #673, 39.37007874015748143 ) ;
#2486 = AXIS2_PLACEMENT_3D ( 'NONE', #1029, #1047, #2507 ) ;
#2487 = AXIS2_PLACEMENT_3D ( 'NONE', #3202, #2962, #1243 ) ;
#2488 = EDGE_CURVE ( 'NONE', #434, #2077, #2018, .T. ) ;
#2489 = ORIENTED_EDGE ( 'NONE', *, *, #180, .T. ) ;
#2490 = CARTESIAN_POINT ( 'NONE',  ( -1.706946160335097717, 1.487915851170773518, -0.3594964674447605479 ) ) ;
#2491 = VECTOR ( 'NONE', #1421, 39.37007874015748143 ) ;
#2492 = CARTESIAN_POINT ( 'NONE',  ( 1.304685039370077737, 2.082185039370078261, -0.2500000000000000555 ) ) ;
#2493 = LINE ( 'NONE', #301, #3069 ) ;
#2494 = CARTESIAN_POINT ( 'NONE',  ( -1.750000000000001110, -0.3553149606299214613, 0.6400000000000000133 ) ) ;
#2495 = FACE_OUTER_BOUND ( 'NONE', #3176, .T. ) ;
#2496 = CARTESIAN_POINT ( 'NONE',  ( -0.9803149606299221830, -2.205000000000001847, 1.000000000000000000 ) ) ;
#2497 = EDGE_LOOP ( 'NONE', ( #3573, #2334, #945, #1549 ) ) ;
#2498 = CARTESIAN_POINT ( 'NONE',  ( 0.7696850393700780391, -2.205000000000001403, 1.000000000000000000 ) ) ;
#2499 = CARTESIAN_POINT ( 'NONE',  ( 0.7179083440734409516, -2.153223304703364427, 1.000000000000000222 ) ) ;
#2500 = EDGE_CURVE ( 'NONE', #2502, #576, #3184, .T. ) ;
#2501 = CARTESIAN_POINT ( 'NONE',  ( -1.875000000000001554, 0.3946850393700783721, 0.2500000000000000000 ) ) ;
#2502 = VERTEX_POINT ( 'NONE', #3151 ) ;
#2503 = ORIENTED_EDGE ( 'NONE', *, *, #524, .T. ) ;
#2504 = ORIENTED_EDGE ( 'NONE', *, *, #45, .F. ) ;
#2505 = ADVANCED_FACE ( 'NONE', ( #551 ), #1971, .T. ) ;
#2506 = VERTEX_POINT ( 'NONE', #3408 ) ;
#2507 = DIRECTION ( 'NONE',  ( -1.000000000000000000, 0.000000000000000000, -0.000000000000000000 ) ) ;
#2508 = EDGE_CURVE ( 'NONE', #2080, #3121, #2646, .T. ) ;
#2509 = ADVANCED_FACE ( 'NONE', ( #3222 ), #670, .F. ) ;
#2510 = DIRECTION ( 'NONE',  ( -1.000000000000000000, 3.642463991552350958E-16, 0.000000000000000000 ) ) ;
#2511 = DIRECTION ( 'NONE',  ( -1.000000000000000000, 0.000000000000000000, 0.000000000000000000 ) ) ;
#2512 = LINE ( 'NONE', #2496, #866 ) ;
#2513 = VERTEX_POINT ( 'NONE', #978 ) ;
#2514 = DIRECTION ( 'NONE',  ( 0.000000000000000000, 0.000000000000000000, -1.000000000000000000 ) ) ;
#2515 = DIRECTION ( 'NONE',  ( -0.000000000000000000, -0.000000000000000000, -1.000000000000000000 ) ) ;
#2516 = LINE ( 'NONE', #2218, #3574 ) ;
#2517 = ORIENTED_EDGE ( 'NONE', *, *, #1670, .F. ) ;
#2518 = ORIENTED_EDGE ( 'NONE', *, *, #564, .T. ) ;
#2519 = ORIENTED_EDGE ( 'NONE', *, *, #449, .T. ) ;
#2520 = ORIENTED_EDGE ( 'NONE', *, *, #262, .T. ) ;
#2521 = ORIENTED_EDGE ( 'NONE', *, *, #2709, .F. ) ;
#2522 = LINE ( 'NONE', #3439, #1477 ) ;
#2523 = EDGE_CURVE ( 'NONE', #1954, #610, #2388, .T. ) ;
#2524 = DIRECTION ( 'NONE',  ( -0.000000000000000000, -0.000000000000000000, -1.000000000000000000 ) ) ;
#2525 = LINE ( 'NONE', #3037, #2183 ) ;
#2526 = DIRECTION ( 'NONE',  ( 0.000000000000000000, 0.000000000000000000, -1.000000000000000000 ) ) ;
#2527 = ORIENTED_EDGE ( 'NONE', *, *, #2915, .T. ) ;
#2528 = LINE ( 'NONE', #2250, #1532 ) ;
#2529 = FACE_OUTER_BOUND ( 'NONE', #3694, .T. ) ;
#2530 =( BOUNDED_CURVE ( )  B_SPLINE_CURVE ( 3, ( #379, #2100, #1498, #1755 ),
 .UNSPECIFIED., .F., .F. ) 
 B_SPLINE_CURVE_WITH_KNOTS ( ( 4, 4 ),
 ( 1.570796326794896558, 2.888912398447715191 ),
 .UNSPECIFIED. ) 
 CURVE ( )  GEOMETRIC_REPRESENTATION_ITEM ( )  RATIONAL_B_SPLINE_CURVE ( ( 1.000000000000000000, 0.8603796100280629577, 0.8603796100280629577, 1.000000000000000000 ) ) 
 REPRESENTATION_ITEM ( '' )  );
#2531 = DIRECTION ( 'NONE',  ( -1.000000000000000000, 0.000000000000000000, 0.000000000000000000 ) ) ;
#2532 = DIRECTION ( 'NONE',  ( 1.000000000000000000, 1.208866533781747157E-16, 0.000000000000000000 ) ) ;
#2533 = ORIENTED_EDGE ( 'NONE', *, *, #1332, .T. ) ;
#2534 = ORIENTED_EDGE ( 'NONE', *, *, #3350, .F. ) ;
#2535 = ORIENTED_EDGE ( 'NONE', *, *, #2643, .T. ) ;
#2536 = AXIS2_PLACEMENT_3D ( 'NONE', #3216, #2060, #937 ) ;
#2537 = VERTEX_POINT ( 'NONE', #1282 ) ;
#2538 = ORIENTED_EDGE ( 'NONE', *, *, #2539, .T. ) ;
#2539 = EDGE_CURVE ( 'NONE', #1490, #166, #1861, .T. ) ;
#2540 = CARTESIAN_POINT ( 'NONE',  ( -0.9803149606299221830, -2.205000000000001847, 0.8750000000000000000 ) ) ;
#2541 = AXIS2_PLACEMENT_3D ( 'NONE', #2688, #1241, #3540 ) ;
#2542 = AXIS2_PLACEMENT_3D ( 'NONE', #2706, #1218, #669 ) ;
#2543 = AXIS2_PLACEMENT_3D ( 'NONE', #308, #3122, #905 ) ;
#2544 = CARTESIAN_POINT ( 'NONE',  ( 1.304685039370077737, 1.957185039370078039, -0.2500000000000000555 ) ) ;
#2545 = DIRECTION ( 'NONE',  ( -1.000000000000000000, 6.010065586061383419E-15, 0.000000000000000000 ) ) ;
#2546 = CIRCLE ( 'NONE', #936, 1.000000000000000222 ) ;
#2547 = CARTESIAN_POINT ( 'NONE',  ( -2.000000000000000888, -0.8750000000000012212, 0.2500000000000000000 ) ) ;
#2548 = ADVANCED_FACE ( 'NONE', ( #1563 ), #1304, .F. ) ;
#2549 = ORIENTED_EDGE ( 'NONE', *, *, #478, .T. ) ;
#2550 = FACE_OUTER_BOUND ( 'NONE', #1937, .T. ) ;
#2551 = CARTESIAN_POINT ( 'NONE',  ( -1.750000000000001554, 0.3946850393700783721, 1.000000000000000000 ) ) ;
#2552 = EDGE_CURVE ( 'NONE', #3103, #3210, #96, .T. ) ;
#2553 = DIRECTION ( 'NONE',  ( -0.000000000000000000, 0.000000000000000000, 1.000000000000000000 ) ) ;
#2554 = CARTESIAN_POINT ( 'NONE',  ( -1.750000000000000222, -1.000000000000000000, -0.2500000000000000000 ) ) ;
#2555 = ORIENTED_EDGE ( 'NONE', *, *, #973, .F. ) ;
#2556 = ORIENTED_EDGE ( 'NONE', *, *, #2982, .F. ) ;
#2557 = CARTESIAN_POINT ( 'NONE',  ( -1.702116317324566808, 1.489400191952162444, -0.3526273711750846918 ) ) ;
#2558 = ORIENTED_EDGE ( 'NONE', *, *, #767, .F. ) ;
#2559 = ORIENTED_EDGE ( 'NONE', *, *, #2758, .F. ) ;
#2560 = FACE_OUTER_BOUND ( 'NONE', #2354, .T. ) ;
#2561 = ORIENTED_EDGE ( 'NONE', *, *, #2213, .F. ) ;
#2562 = DIRECTION ( 'NONE',  ( -0.000000000000000000, -0.000000000000000000, -1.000000000000000000 ) ) ;
#2563 = LINE ( 'NONE', #3100, #801 ) ;
#2564 = CARTESIAN_POINT ( 'NONE',  ( -2.500000000000000000, -1.500000000000000222, -0.2500000000000000000 ) ) ;
#2565 = CARTESIAN_POINT ( 'NONE',  ( -2.500000000000000000, 1.000000000000000000, -0.5000000000000000000 ) ) ;
#2566 = ORIENTED_EDGE ( 'NONE', *, *, #3581, .T. ) ;
#2567 = DIRECTION ( 'NONE',  ( -9.106159978880879367E-16, -1.000000000000000000, 0.000000000000000000 ) ) ;
#2568 = CARTESIAN_POINT ( 'NONE',  ( -2.279844280454415451, -1.482908169840423174, -0.3804036668491449502 ) ) ;
#2569 = CARTESIAN_POINT ( 'NONE',  ( 1.169685039370077506, 2.144685039370078261, 0.1250000000000000000 ) ) ;
#2570 = CARTESIAN_POINT ( 'NONE',  ( 3.875000000000003997, 1.499999999999994671, 0.000000000000000000 ) ) ;
#2571 = EDGE_LOOP ( 'NONE', ( #1906, #1862, #3092, #1822 ) ) ;
#2572 = DIRECTION ( 'NONE',  ( 6.070773319253904853E-15, -1.000000000000000000, 0.000000000000000000 ) ) ;
#2573 = DIRECTION ( 'NONE',  ( -0.000000000000000000, -0.000000000000000000, -1.000000000000000000 ) ) ;
#2574 = EDGE_CURVE ( 'NONE', #3250, #3651, #762, .T. ) ;
#2575 = EDGE_CURVE ( 'NONE', #3575, #246, #2182, .T. ) ;
#2576 = ORIENTED_EDGE ( 'NONE', *, *, #2938, .T. ) ;
#2577 = VERTEX_POINT ( 'NONE', #1578 ) ;
#2578 = DIRECTION ( 'NONE',  ( 1.000000000000000000, 1.809359557733305771E-16, -0.000000000000000000 ) ) ;
#2579 = ORIENTED_EDGE ( 'NONE', *, *, #236, .F. ) ;
#2580 = DIRECTION ( 'NONE',  ( -1.000000000000000000, -1.208866533781747157E-16, -0.000000000000000000 ) ) ;
#2581 =( BOUNDED_CURVE ( )  B_SPLINE_CURVE ( 3, ( #2397, #2919, #1197, #2097 ),
 .UNSPECIFIED., .F., .F. ) 
 B_SPLINE_CURVE_WITH_KNOTS ( ( 4, 4 ),
 ( 1.570796326794896558, 2.888912398447714747 ),
 .UNSPECIFIED. ) 
 CURVE ( )  GEOMETRIC_REPRESENTATION_ITEM ( )  RATIONAL_B_SPLINE_CURVE ( ( 1.000000000000000000, 0.8603796100280631798, 0.8603796100280631798, 1.000000000000000000 ) ) 
 REPRESENTATION_ITEM ( '' )  );
#2582 = CARTESIAN_POINT ( 'NONE',  ( -1.687500000000001110, -0.6250000000000011102, 0.2500000000000000000 ) ) ;
#2583 = DIRECTION ( 'NONE',  ( -1.000000000000000000, 0.000000000000000000, 0.000000000000000000 ) ) ;
#2584 = FACE_OUTER_BOUND ( 'NONE', #1691, .T. ) ;
#2585 = ORIENTED_EDGE ( 'NONE', *, *, #823, .T. ) ;
#2586 = FACE_OUTER_BOUND ( 'NONE', #1320, .T. ) ;
#2587 = CARTESIAN_POINT ( 'NONE',  ( -1.516982350141261149, -1.500000000000000444, -0.2500000000000000555 ) ) ;
#2588 = EDGE_CURVE ( 'NONE', #980, #876, #2901, .T. ) ;
#2589 = FACE_OUTER_BOUND ( 'NONE', #3352, .T. ) ;
#2590 = ORIENTED_EDGE ( 'NONE', *, *, #3518, .T. ) ;
#2591 = CARTESIAN_POINT ( 'NONE',  ( -1.875000000000001554, 0.3946850393700784276, 0.2500000000000000000 ) ) ;
#2592 = DIRECTION ( 'NONE',  ( -0.000000000000000000, -0.000000000000000000, -1.000000000000000000 ) ) ;
#2593 = ORIENTED_EDGE ( 'NONE', *, *, #514, .T. ) ;
#2594 = CARTESIAN_POINT ( 'NONE',  ( -3.500000000000000000, 1.500000000000000222, -0.2500000000000000000 ) ) ;
#2595 = VECTOR ( 'NONE', #773, 39.37007874015748143 ) ;
#2596 = ORIENTED_EDGE ( 'NONE', *, *, #1318, .F. ) ;
#2597 = LINE ( 'NONE', #3098, #2247 ) ;
#2598 = AXIS2_PLACEMENT_3D ( 'NONE', #2351, #2053, #3486 ) ;
#2599 = EDGE_CURVE ( 'NONE', #434, #152, #1801, .T. ) ;
#2600 = VECTOR ( 'NONE', #1901, 39.37007874015748143 ) ;
#2601 = DIRECTION ( 'NONE',  ( 1.000000000000000000, 0.000000000000000000, 0.000000000000000000 ) ) ;
#2602 = AXIS2_PLACEMENT_3D ( 'NONE', #1364, #2796, #3367 ) ;
#2603 = LINE ( 'NONE', #1681, #1356 ) ;
#2604 = VECTOR ( 'NONE', #946, 39.37007874015748143 ) ;
#2605 = CIRCLE ( 'NONE', #278, 0.9999999999999996669 ) ;
#2606 = LINE ( 'NONE', #1758, #586 ) ;
#2607 = VERTEX_POINT ( 'NONE', #3000 ) ;
#2608 = DIRECTION ( 'NONE',  ( -1.000000000000000000, 0.000000000000000000, 0.000000000000000000 ) ) ;
#2609 = CARTESIAN_POINT ( 'NONE',  ( -1.720081385327545842, -1.482955026505078377, -0.3802442085545673645 ) ) ;
#2610 = VECTOR ( 'NONE', #3345, 39.37007874015748143 ) ;
#2611 = CARTESIAN_POINT ( 'NONE',  ( 0.000000000000000000, 0.000000000000000000, 0.2500000000000000000 ) ) ;
#2612 = LINE ( 'NONE', #1768, #3506 ) ;
#2613 = ORIENTED_EDGE ( 'NONE', *, *, #684, .T. ) ;
#2614 = EDGE_LOOP ( 'NONE', ( #1348, #1009, #3009, #761, #2489 ) ) ;
#2615 = FACE_OUTER_BOUND ( 'NONE', #2294, .T. ) ;
#2616 = VECTOR ( 'NONE', #3074, 39.37007874015748143 ) ;
#2617 = B_SPLINE_CURVE_WITH_KNOTS ( 'NONE', 3,
 ( #1069, #2755, #3607, #2769 ),
 .UNSPECIFIED., .F., .F.,
 ( 4, 4 ),
 ( 1.734723475976807094E-18, 0.001672011815512647152 ),
 .UNSPECIFIED. ) ;
#2618 = EDGE_LOOP ( 'NONE', ( #1138, #1660, #1662, #1065 ) ) ;
#2619 = CARTESIAN_POINT ( 'NONE',  ( -1.500000000000000222, 1.500000000000000444, -0.5000000000000000000 ) ) ;
#2620 = VERTEX_POINT ( 'NONE', #2160 ) ;
#2621 = DIRECTION ( 'NONE',  ( -2.168404344971008621E-16, 1.000000000000000000, 0.000000000000000000 ) ) ;
#2622 = CARTESIAN_POINT ( 'NONE',  ( -1.750000000000000222, 1.000000000000000000, -0.5000000000000000000 ) ) ;
#2623 = DIRECTION ( 'NONE',  ( -0.000000000000000000, 1.000000000000000000, -0.000000000000000000 ) ) ;
#2624 = EDGE_CURVE ( 'NONE', #3378, #3070, #1875, .T. ) ;
#2625 = EDGE_CURVE ( 'NONE', #633, #1720, #3582, .T. ) ;
#2626 = DIRECTION ( 'NONE',  ( -0.000000000000000000, -0.000000000000000000, -1.000000000000000000 ) ) ;
#2627 = DIRECTION ( 'NONE',  ( -0.000000000000000000, -0.000000000000000000, 1.000000000000000000 ) ) ;
#2628 = CARTESIAN_POINT ( 'NONE',  ( -1.558291798587484012, -1.499957297786288057, -0.2567465915322377223 ) ) ;
#2629 = PLANE ( 'NONE',  #2850 ) ;
#2630 = VERTEX_POINT ( 'NONE', #1245 ) ;
#2631 = ORIENTED_EDGE ( 'NONE', *, *, #3304, .F. ) ;
#2632 = ORIENTED_EDGE ( 'NONE', *, *, #3234, .T. ) ;
#2633 = CARTESIAN_POINT ( 'NONE',  ( -1.582945277847684906, 1.499859776222779884, -0.2635635370326128157 ) ) ;
#2634 = ORIENTED_EDGE ( 'NONE', *, *, #2718, .T. ) ;
#2635 = PRODUCT ( 'Smart_Locker_Door', 'Smart_Locker_Door', '', ( #2927 ) ) ;
#2636 = DIRECTION ( 'NONE',  ( -1.208866533781748389E-16, 1.000000000000000000, 0.000000000000000000 ) ) ;
#2637 = ORIENTED_EDGE ( 'NONE', *, *, #1797, .F. ) ;
#2638 = LINE ( 'NONE', #3475, #1110 ) ;
#2639 = EDGE_CURVE ( 'NONE', #568, #2875, #209, .T. ) ;
#2640 = CARTESIAN_POINT ( 'NONE',  ( 2.169685039370077284, 2.144685039370078261, -1.030776406404415146 ) ) ;
#2641 = LINE ( 'NONE', #649, #935 ) ;
#2642 = FACE_OUTER_BOUND ( 'NONE', #1773, .T. ) ;
#2643 = EDGE_CURVE ( 'NONE', #3264, #2276, #126, .T. ) ;
#2644 = CARTESIAN_POINT ( 'NONE',  ( 2.499999999999892086, -1.499999999999977351, -0.2500000000000000000 ) ) ;
#2645 = DIRECTION ( 'NONE',  ( -0.000000000000000000, -0.000000000000000000, 1.000000000000000000 ) ) ;
#2646 = LINE ( 'NONE', #2985, #2970 ) ;
#2647 = DIRECTION ( 'NONE',  ( 0.000000000000000000, -1.000000000000000000, 0.000000000000000000 ) ) ;
#2648 = ORIENTED_EDGE ( 'NONE', *, *, #812, .F. ) ;
#2649 = VERTEX_POINT ( 'NONE', #961 ) ;
#2650 = CARTESIAN_POINT ( 'NONE',  ( -1.750000000000000222, 1.707106781186547906, -0.4999999999999999445 ) ) ;
#2651 = CARTESIAN_POINT ( 'NONE',  ( -2.250000000000000000, -1.500000000000000222, -0.5000000000000000000 ) ) ;
#2652 = ORIENTED_EDGE ( 'NONE', *, *, #3234, .F. ) ;
#2653 = DIRECTION ( 'NONE',  ( 0.000000000000000000, -1.000000000000000000, 0.000000000000000000 ) ) ;
#2654 = ORIENTED_EDGE ( 'NONE', *, *, #3133, .F. ) ;
#2655 = CARTESIAN_POINT ( 'NONE',  ( 0.000000000000000000, 0.000000000000000000, 1.000000000000000000 ) ) ;
#2656 = VECTOR ( 'NONE', #2137, 39.37007874015748143 ) ;
#2657 =( BOUNDED_CURVE ( )  B_SPLINE_CURVE ( 3, ( #1096, #3399, #2816, #2240 ),
 .UNSPECIFIED., .F., .F. ) 
 B_SPLINE_CURVE_WITH_KNOTS ( ( 4, 4 ),
 ( 3.141592653589793116, 4.712388980384689674 ),
 .UNSPECIFIED. ) 
 CURVE ( )  GEOMETRIC_REPRESENTATION_ITEM ( )  RATIONAL_B_SPLINE_CURVE ( ( 1.000000000000000000, 0.8047378541243649375, 0.8047378541243649375, 1.000000000000000000 ) ) 
 REPRESENTATION_ITEM ( '' )  );
#2658 = DIRECTION ( 'NONE',  ( 0.000000000000000000, 0.000000000000000000, 1.000000000000000000 ) ) ;
#2659 = DIRECTION ( 'NONE',  ( -0.000000000000000000, 1.000000000000000000, -0.000000000000000000 ) ) ;
#2660 = CIRCLE ( 'NONE', #2536, 0.2499999999999998057 ) ;
#2661 = FACE_OUTER_BOUND ( 'NONE', #2259, .T. ) ;
#2662 = AXIS2_PLACEMENT_3D ( 'NONE', #2565, #2285, #324 ) ;
#2663 = VECTOR ( 'NONE', #3300, 39.37007874015748143 ) ;
#2664 = AXIS2_PLACEMENT_3D ( 'NONE', #893, #3454, #1491 ) ;
#2665 = VECTOR ( 'NONE', #1071, 39.37007874015748143 ) ;
#2666 = DIRECTION ( 'NONE',  ( 1.000000000000000000, 1.208866533781747157E-16, -0.000000000000000000 ) ) ;
#2667 = CARTESIAN_POINT ( 'NONE',  ( 3.250000000000018208, 1.499999999999965361, -0.2500000000000000000 ) ) ;
#2668 = VECTOR ( 'NONE', #3101, 39.37007874015748143 ) ;
#2669 = EDGE_CURVE ( 'NONE', #1415, #1509, #2002, .T. ) ;
#2670 = CARTESIAN_POINT ( 'NONE',  ( 0.7696850393700780391, -2.205000000000001403, 1.000000000000000000 ) ) ;
#2671 = ORIENTED_EDGE ( 'NONE', *, *, #2350, .F. ) ;
#2672 = VERTEX_POINT ( 'NONE', #942 ) ;
#2673 = VECTOR ( 'NONE', #3107, 39.37007874015748143 ) ;
#2674 = CARTESIAN_POINT ( 'NONE',  ( -2.325246574140144240, 1.494966401648733623, -0.3210295729664562892 ) ) ;
#2675 = LINE ( 'NONE', #2392, #3015 ) ;
#2676 = EDGE_CURVE ( 'NONE', #307, #3392, #1819, .T. ) ;
#2677 = AXIS2_PLACEMENT_3D ( 'NONE', #3145, #2844, #306 ) ;
#2678 = ORIENTED_EDGE ( 'NONE', *, *, #1617, .T. ) ;
#2679 = AXIS2_PLACEMENT_3D ( 'NONE', #2211, #2510, #3348 ) ;
#2680 = DIRECTION ( 'NONE',  ( 1.084202172485504311E-16, -1.000000000000000000, 0.000000000000000000 ) ) ;
#2681 = ADVANCED_FACE ( 'NONE', ( #1548 ), #3543, .F. ) ;
#2682 = ORIENTED_EDGE ( 'NONE', *, *, #176, .F. ) ;
#2683 = EDGE_CURVE ( 'NONE', #913, #15, #1360, .T. ) ;
#2684 = DIRECTION ( 'NONE',  ( 1.000000000000000000, 0.000000000000000000, -0.000000000000000000 ) ) ;
#2685 = EDGE_LOOP ( 'NONE', ( #2561, #1731, #2634, #1867 ) ) ;
#2686 = CARTESIAN_POINT ( 'NONE',  ( -1.750000000000001554, 1.894685039370077817, 0.2500000000000000000 ) ) ;
#2687 = CARTESIAN_POINT ( 'NONE',  ( 3.470772887960928532, 1.739999999999998659, -0.4831368542693361690 ) ) ;
#2688 = CARTESIAN_POINT ( 'NONE',  ( 2.500000000000001332, -1.499999999999999556, 0.000000000000000000 ) ) ;
#2689 = DIRECTION ( 'NONE',  ( 1.359234848953423774E-16, -1.000000000000000000, 0.000000000000000000 ) ) ;
#2690 = DIRECTION ( 'NONE',  ( -1.000000000000000000, -9.106159978880878627E-17, -0.000000000000000000 ) ) ;
#2691 = DIRECTION ( 'NONE',  ( 0.000000000000000000, 0.000000000000000000, -1.000000000000000000 ) ) ;
#2692 = ORIENTED_EDGE ( 'NONE', *, *, #176, .T. ) ;
#2693 = ORIENTED_EDGE ( 'NONE', *, *, #1292, .T. ) ;
#2694 = CARTESIAN_POINT ( 'NONE',  ( -2.371605525138128723, 1.498877558476787275, -0.2848321268235263770 ) ) ;
#2695 = DIRECTION ( 'NONE',  ( -7.284927983104702902E-16, 1.000000000000000000, 0.000000000000000000 ) ) ;
#2696 = ORIENTED_EDGE ( 'NONE', *, *, #2361, .F. ) ;
#2697 = DIRECTION ( 'NONE',  ( 1.809359557733305771E-16, -1.000000000000000000, 0.000000000000000000 ) ) ;
#2698 = ORIENTED_EDGE ( 'NONE', *, *, #3464, .F. ) ;
#2699 = EDGE_CURVE ( 'NONE', #3575, #1508, #3055, .T. ) ;
#2700 = EDGE_CURVE ( 'NONE', #3676, #818, #788, .T. ) ;
#2701 = VERTEX_POINT ( 'NONE', #825 ) ;
#2702 = CARTESIAN_POINT ( 'NONE',  ( -2.250000000000000000, 1.000000000000000000, -0.2500000000000000000 ) ) ;
#2703 = CYLINDRICAL_SURFACE ( 'NONE', #1892, 0.2500000000000000000 ) ;
#2704 = DIRECTION ( 'NONE',  ( -1.000000000000000000, 0.000000000000000000, 0.000000000000000000 ) ) ;
#2705 = CARTESIAN_POINT ( 'NONE',  ( 0.8946850393700779280, -1.000000000000000888, 0.1250000000000000000 ) ) ;
#2706 = CARTESIAN_POINT ( 'NONE',  ( -1.875000000000001554, 0.3946850393700783721, 0.1250000000000000000 ) ) ;
#2707 = CARTESIAN_POINT ( 'NONE',  ( -2.250000000000000000, 1.000000000000000000, -0.2500000000000000000 ) ) ;
#2708 = EDGE_LOOP ( 'NONE', ( #135, #690, #2631, #714, #417, #3223 ) ) ;
#2709 = EDGE_CURVE ( 'NONE', #280, #2317, #1103, .T. ) ;
#2710 = ORIENTED_EDGE ( 'NONE', *, *, #3054, .F. ) ;
#2711 = LINE ( 'NONE', #1580, #1167 ) ;
#2712 = DIRECTION ( 'NONE',  ( -7.123744041623131138E-16, 1.000000000000000000, 0.000000000000000000 ) ) ;
#2713 = CARTESIAN_POINT ( 'NONE',  ( -1.750000000000000222, -1.000000000000000000, -0.7499999999999998890 ) ) ;
#2714 = EDGE_LOOP ( 'NONE', ( #554, #480, #1381, #2774 ) ) ;
#2715 = ORIENTED_EDGE ( 'NONE', *, *, #2361, .T. ) ;
#2716 = LINE ( 'NONE', #3010, #1883 ) ;
#2717 = CARTESIAN_POINT ( 'NONE',  ( 0.7696850393700778170, -1.000000000000000888, 0.2500000000000000555 ) ) ;
#2718 = EDGE_CURVE ( 'NONE', #2992, #923, #3018, .T. ) ;
#2719 = CARTESIAN_POINT ( 'NONE',  ( -1.750000000000001776, 0.1446850393700784276, 0.7650000000000000133 ) ) ;
#2720 = DIRECTION ( 'NONE',  ( 3.642463991552351451E-16, -1.000000000000000000, 0.000000000000000000 ) ) ;
#2721 = TOROIDAL_SURFACE ( 'NONE', #3308, 0.2500000000000000000, 0.1250000000000000000 ) ;
#2722 = DIRECTION ( 'NONE',  ( 0.000000000000000000, 1.000000000000000000, 0.000000000000000000 ) ) ;
#2723 = AXIS2_PLACEMENT_3D ( 'NONE', #722, #1974, #770 ) ;
#2724 = DIRECTION ( 'NONE',  ( -0.000000000000000000, -1.000000000000000000, -0.000000000000000000 ) ) ;
#2725 = VERTEX_POINT ( 'NONE', #194 ) ;
#2726 = LINE ( 'NONE', #2411, #3501 ) ;
#2727 = LINE ( 'NONE', #1805, #2663 ) ;
#2728 = VECTOR ( 'NONE', #3503, 39.37007874015748143 ) ;
#2729 = VECTOR ( 'NONE', #2163, 39.37007874015748143 ) ;
#2730 = VECTOR ( 'NONE', #3584, 39.37007874015748143 ) ;
#2731 = VERTEX_POINT ( 'NONE', #760 ) ;
#2732 = AXIS2_PLACEMENT_3D ( 'NONE', #1372, #2511, #3643 ) ;
#2733 = CARTESIAN_POINT ( 'NONE',  ( -0.9803149606299221830, -2.205000000000001847, 0.3749999999999999445 ) ) ;
#2734 = ORIENTED_EDGE ( 'NONE', *, *, #455, .F. ) ;
#2735 = EDGE_LOOP ( 'NONE', ( #2416, #835 ) ) ;
#2736 = VECTOR ( 'NONE', #526, 39.37007874015748143 ) ;
#2737 = ORIENTED_EDGE ( 'NONE', *, *, #2500, .T. ) ;
#2738 = CARTESIAN_POINT ( 'NONE',  ( 3.300771329173519675, -1.739999999999999769, -0.2651039558073989832 ) ) ;
#2739 = CARTESIAN_POINT ( 'NONE',  ( -1.750000000000000222, -1.968245836551854477, -0.2500000000000000000 ) ) ;
#2740 = CARTESIAN_POINT ( 'NONE',  ( 3.875000000000000444, -1.739999999999999991, -0.3749999999999999445 ) ) ;
#2741 = EDGE_CURVE ( 'NONE', #1490, #633, #479, .T. ) ;
#2742 = DIRECTION ( 'NONE',  ( 0.000000000000000000, -0.000000000000000000, 1.000000000000000000 ) ) ;
#2743 = EDGE_CURVE ( 'NONE', #568, #1374, #2512, .T. ) ;
#2744 = DIRECTION ( 'NONE',  ( -1.000000000000000000, 0.000000000000000000, 0.000000000000000000 ) ) ;
#2745 = ORIENTED_EDGE ( 'NONE', *, *, #2700, .F. ) ;
#2746 = DIRECTION ( 'NONE',  ( -1.000000000000000000, 0.000000000000000000, 0.000000000000000000 ) ) ;
#2747 = DIRECTION ( 'NONE',  ( 0.000000000000000000, 0.000000000000000000, 1.000000000000000000 ) ) ;
#2748 = VECTOR ( 'NONE', #630, 39.37007874015748143 ) ;
#2749 = DIRECTION ( 'NONE',  ( 0.000000000000000000, 1.000000000000000000, 0.000000000000000000 ) ) ;
#2750 = VERTEX_POINT ( 'NONE', #2476 ) ;
#2751 = VERTEX_POINT ( 'NONE', #1666 ) ;
#2752 = CARTESIAN_POINT ( 'NONE',  ( 3.405051920670744359, -1.739999999999999991, -0.3325155917464366895 ) ) ;
#2753 = CARTESIAN_POINT ( 'NONE',  ( -2.000000000000001776, 2.144685039370077817, 0.000000000000000000 ) ) ;
#2754 = EDGE_CURVE ( 'NONE', #1735, #3246, #1930, .T. ) ;
#2755 = CARTESIAN_POINT ( 'NONE',  ( -1.750000000000000222, -1.714481694232217412, -0.4791405958989834457 ) ) ;
#2756 = DIRECTION ( 'NONE',  ( 0.000000000000000000, 0.000000000000000000, 1.000000000000000000 ) ) ;
#2757 = DIRECTION ( 'NONE',  ( -1.000000000000000000, 0.000000000000000000, 0.000000000000000000 ) ) ;
#2758 = EDGE_CURVE ( 'NONE', #3280, #913, #1086, .T. ) ;
#2759 = DIRECTION ( 'NONE',  ( 1.000000000000000000, 0.000000000000000000, -0.000000000000000000 ) ) ;
#2760 = ORIENTED_EDGE ( 'NONE', *, *, #973, .T. ) ;
#2761 = DIRECTION ( 'NONE',  ( 1.208866533781747157E-16, -1.000000000000000000, -0.000000000000000000 ) ) ;
#2762 = DIRECTION ( 'NONE',  ( 1.000000000000000000, 0.000000000000000000, 0.000000000000000000 ) ) ;
#2763 = EDGE_CURVE ( 'NONE', #2672, #3392, #1057, .T. ) ;
#2764 = DIRECTION ( 'NONE',  ( 1.000000000000000000, 0.000000000000000000, 0.000000000000000000 ) ) ;
#2765 = ORIENTED_EDGE ( 'NONE', *, *, #1070, .T. ) ;
#2766 = VERTEX_POINT ( 'NONE', #3338 ) ;
#2767 = DIRECTION ( 'NONE',  ( 0.000000000000000000, 0.000000000000000000, -1.000000000000000000 ) ) ;
#2768 = CARTESIAN_POINT ( 'NONE',  ( -2.500000000000000000, 1.500000000000000444, 0.000000000000000000 ) ) ;
#2769 = CARTESIAN_POINT ( 'NONE',  ( -1.742061459137963508, -1.726184377413890747, -0.4375000000000000000 ) ) ;
#2770 = CARTESIAN_POINT ( 'NONE',  ( 3.500000000000002220, -1.140000000000000346, 0.000000000000000000 ) ) ;
#2771 = EDGE_CURVE ( 'NONE', #2427, #2607, #776, .T. ) ;
#2772 = PLANE ( 'NONE',  #1943 ) ;
#2773 = VECTOR ( 'NONE', #3620, 39.37007874015748143 ) ;
#2774 = ORIENTED_EDGE ( 'NONE', *, *, #3598, .T. ) ;
#2775 = DIRECTION ( 'NONE',  ( 1.809359557733305771E-16, -1.000000000000000000, 0.000000000000000000 ) ) ;
#2776 = LINE ( 'NONE', #1952, #2780 ) ;
#2777 = ADVANCED_FACE ( 'NONE', ( #3053, #805 ), #2805, .F. ) ;
#2778 = AXIS2_PLACEMENT_3D ( 'NONE', #1460, #2262, #3657 ) ;
#2779 = VECTOR ( 'NONE', #1616, 39.37007874015748143 ) ;
#2780 = VECTOR ( 'NONE', #1919, 39.37007874015748143 ) ;
#2781 = ORIENTED_EDGE ( 'NONE', *, *, #3141, .F. ) ;
#2782 = VECTOR ( 'NONE', #1992, 39.37007874015748143 ) ;
#2783 = ADVANCED_FACE ( 'NONE', ( #529 ), #2772, .F. ) ;
#2784 = AXIS2_PLACEMENT_3D ( 'NONE', #3500, #2659, #3274 ) ;
#2785 = EDGE_CURVE ( 'NONE', #2206, #980, #179, .T. ) ;
#2786 = AXIS2_PLACEMENT_3D ( 'NONE', #1084, #1301, #2196 ) ;
#2787 = ORIENTED_EDGE ( 'NONE', *, *, #772, .T. ) ;
#2788 = AXIS2_PLACEMENT_3D ( 'NONE', #311, #575, #2870 ) ;
#2789 = CARTESIAN_POINT ( 'NONE',  ( 4.000000000000000888, -1.140000000000000124, -0.5000000000000000000 ) ) ;
#2790 = VECTOR ( 'NONE', #667, 39.37007874015748143 ) ;
#2791 = SURFACE_STYLE_FILL_AREA ( #739 ) ;
#2792 = CARTESIAN_POINT ( 'NONE',  ( -2.000000000000001332, 0.1446850393700783999, 0.6400000000000000133 ) ) ;
#2793 = CARTESIAN_POINT ( 'NONE',  ( -1.750000000000001554, -0.5000000000000011102, 1.000000000000000000 ) ) ;
#2794 = EDGE_LOOP ( 'NONE', ( #2333, #3544, #632, #6 ) ) ;
#2795 = CARTESIAN_POINT ( 'NONE',  ( -2.500000000000000000, 2.500000000000000000, -0.2500000000000000000 ) ) ;
#2796 = DIRECTION ( 'NONE',  ( -1.000000000000000000, 0.000000000000000000, 0.000000000000000000 ) ) ;
#2797 = CARTESIAN_POINT ( 'NONE',  ( 2.500000000000000000, 1.500000000000000888, -0.2500000000000000000 ) ) ;
#2798 = ORIENTED_EDGE ( 'NONE', *, *, #712, .F. ) ;
#2799 = ORIENTED_EDGE ( 'NONE', *, *, #3008, .F. ) ;
#2800 = ORIENTED_EDGE ( 'NONE', *, *, #1500, .F. ) ;
#2801 = ORIENTED_EDGE ( 'NONE', *, *, #1252, .T. ) ;
#2802 = CARTESIAN_POINT ( 'NONE',  ( 3.875000000000002220, -1.139999999999999902, -0.2499999999999999722 ) ) ;
#2803 = DIRECTION ( 'NONE',  ( 1.264744441511232725E-16, -1.000000000000000000, 0.000000000000000000 ) ) ;
#2804 = CARTESIAN_POINT ( 'NONE',  ( 2.519685039370077817, -0.8750000000000006661, 0.1982233047033629958 ) ) ;
#2805 = PLANE ( 'NONE',  #3623 ) ;
#2806 = ORIENTED_EDGE ( 'NONE', *, *, #118, .T. ) ;
#2807 = CARTESIAN_POINT ( 'NONE',  ( -1.500000000000000222, -1.968245836551854477, -0.2500000000000000000 ) ) ;
#2808 = FACE_OUTER_BOUND ( 'NONE', #451, .T. ) ;
#2809 = ADVANCED_FACE ( 'NONE', ( #3659 ), #3594, .F. ) ;
#2810 = DIRECTION ( 'NONE',  ( 0.000000000000000000, 0.000000000000000000, 1.000000000000000000 ) ) ;
#2811 = ORIENTED_EDGE ( 'NONE', *, *, #1405, .F. ) ;
#2812 = VERTEX_POINT ( 'NONE', #1319 ) ;
#2813 = ORIENTED_EDGE ( 'NONE', *, *, #2321, .F. ) ;
#2814 = ORIENTED_EDGE ( 'NONE', *, *, #3318, .F. ) ;
#2815 = VERTEX_POINT ( 'NONE', #2175 ) ;
#2816 = CARTESIAN_POINT ( 'NONE',  ( -1.948223304703364578, 2.092908344073440841, 0.2500000000000000555 ) ) ;
#2817 = EDGE_CURVE ( 'NONE', #610, #2751, #2302, .T. ) ;
#2818 = DIRECTION ( 'NONE',  ( 1.000000000000000000, -0.000000000000000000, -0.000000000000000000 ) ) ;
#2819 = CARTESIAN_POINT ( 'NONE',  ( 3.250000000000001776, 1.139999999999998570, -0.2500000000000000000 ) ) ;
#2820 = EDGE_CURVE ( 'NONE', #3244, #54, #2314, .T. ) ;
#2821 = EDGE_CURVE ( 'NONE', #2080, #3031, #2308, .T. ) ;
#2822 = LINE ( 'NONE', #1443, #711 ) ;
#2823 = ORIENTED_EDGE ( 'NONE', *, *, #2915, .F. ) ;
#2824 = CARTESIAN_POINT ( 'NONE',  ( 4.000000000000000888, 1.140000000000000124, -0.5000000000000000000 ) ) ;
#2825 = CARTESIAN_POINT ( 'NONE',  ( -1.674753425859856870, -1.494966401648733845, -0.3210295729664563447 ) ) ;
#2826 = AXIS2_PLACEMENT_3D ( 'NONE', #2797, #2810, #2764 ) ;
#2827 = CARTESIAN_POINT ( 'NONE',  ( -2.500000000000000000, 2.500000000000000000, -0.2500000000000000000 ) ) ;
#2828 = DIRECTION ( 'NONE',  ( -1.000000000000000000, 0.000000000000000000, 0.000000000000000000 ) ) ;
#2829 = VERTEX_POINT ( 'NONE', #3180 ) ;
#2830 = VERTEX_POINT ( 'NONE', #609 ) ;
#2831 = CARTESIAN_POINT ( 'NONE',  ( -1.674867774053788949, 1.494950572212385032, -0.3211408087915758602 ) ) ;
#2832 = AXIS2_PLACEMENT_3D ( 'NONE', #1140, #2283, #138 ) ;
#2833 = ORIENTED_EDGE ( 'NONE', *, *, #3644, .T. ) ;
#2834 = ORIENTED_EDGE ( 'NONE', *, *, #840, .T. ) ;
#2835 = CARTESIAN_POINT ( 'NONE',  ( -1.750000000000000222, 1.000000000000000000, -0.2500000000000000000 ) ) ;
#2836 = ORIENTED_EDGE ( 'NONE', *, *, #45, .T. ) ;
#2837 = CARTESIAN_POINT ( 'NONE',  ( -1.750000000000001776, -0.2303149606299217111, 0.7650000000000000133 ) ) ;
#2838 = AXIS2_PLACEMENT_3D ( 'NONE', #3236, #1299, #2704 ) ;
#2839 = AXIS2_PLACEMENT_3D ( 'NONE', #608, #305, #260 ) ;
#2840 = AXIS2_PLACEMENT_3D ( 'NONE', #2884, #2266, #2908 ) ;
#2841 = AXIS2_PLACEMENT_3D ( 'NONE', #1516, #1254, #3230 ) ;
#2842 = CARTESIAN_POINT ( 'NONE',  ( -2.000000000000001776, -0.6250000000000011102, 1.000000000000000000 ) ) ;
#2843 = LINE ( 'NONE', #1122, #645 ) ;
#2844 = DIRECTION ( 'NONE',  ( -1.208866533781747157E-16, 1.000000000000000000, 0.000000000000000000 ) ) ;
#2845 = ADVANCED_FACE ( 'NONE', ( #1142 ), #3447, .F. ) ;
#2846 = ORIENTED_EDGE ( 'NONE', *, *, #489, .T. ) ;
#2847 = DIRECTION ( 'NONE',  ( -1.000000000000000000, -1.359234848953423774E-16, 0.000000000000000000 ) ) ;
#2848 = DIRECTION ( 'NONE',  ( 1.000000000000000000, 0.000000000000000000, 0.000000000000000000 ) ) ;
#2849 = EDGE_CURVE ( 'NONE', #1480, #1693, #1187, .T. ) ;
#2850 = AXIS2_PLACEMENT_3D ( 'NONE', #2611, #574, #1785 ) ;
#2851 = PLANE ( 'NONE',  #1772 ) ;
#2852 = VERTEX_POINT ( 'NONE', #2029 ) ;
#2853 = ORIENTED_EDGE ( 'NONE', *, *, #2599, .T. ) ;
#2854 = DIRECTION ( 'NONE',  ( 0.000000000000000000, 1.000000000000000000, -0.000000000000000000 ) ) ;
#2855 = ORIENTED_EDGE ( 'NONE', *, *, #1761, .F. ) ;
#2856 = VERTEX_POINT ( 'NONE', #2009 ) ;
#2857 = CARTESIAN_POINT ( 'NONE',  ( 3.246996472469525466E-16, -2.080000000000001403, 1.000000000000000000 ) ) ;
#2858 = ORIENTED_EDGE ( 'NONE', *, *, #2054, .F. ) ;
#2859 = CARTESIAN_POINT ( 'NONE',  ( -2.250000000000000000, -1.714481694232217412, -0.4791405958989834457 ) ) ;
#2860 = EDGE_CURVE ( 'NONE', #1908, #2153, #3327, .T. ) ;
#2861 = DIRECTION ( 'NONE',  ( 0.000000000000000000, 1.000000000000000000, 0.000000000000000000 ) ) ;
#2862 = DIRECTION ( 'NONE',  ( 0.000000000000000000, 0.000000000000000000, -1.000000000000000000 ) ) ;
#2863 = DIRECTION ( 'NONE',  ( 0.000000000000000000, -1.000000000000000000, 0.000000000000000000 ) ) ;
#2864 = ORIENTED_EDGE ( 'NONE', *, *, #1219, .F. ) ;
#2865 = CARTESIAN_POINT ( 'NONE',  ( -1.750000000000001110, -0.5000000000000011102, 0.8750000000000000000 ) ) ;
#2866 = DIRECTION ( 'NONE',  ( 0.000000000000000000, 1.000000000000000000, 0.000000000000000000 ) ) ;
#2867 = EDGE_CURVE ( 'NONE', #2220, #1672, #2133, .T. ) ;
#2868 = AXIS2_PLACEMENT_3D ( 'NONE', #44, #1701, #2326 ) ;
#2869 = DIRECTION ( 'NONE',  ( 0.000000000000000000, 0.000000000000000000, 1.000000000000000000 ) ) ;
#2870 = DIRECTION ( 'NONE',  ( 0.000000000000000000, 0.000000000000000000, 1.000000000000000000 ) ) ;
#2871 = EDGE_LOOP ( 'NONE', ( #2576, #1311, #3298, #2613 ) ) ;
#2872 = CARTESIAN_POINT ( 'NONE',  ( -2.500000000000000000, -2.500000000000000444, -0.2500000000000000000 ) ) ;
#2873 = DIRECTION ( 'NONE',  ( 0.000000000000000000, 0.000000000000000000, 1.000000000000000000 ) ) ;
#2874 = EDGE_CURVE ( 'NONE', #1917, #980, #1463, .T. ) ;
#2875 = VERTEX_POINT ( 'NONE', #64 ) ;
#2876 = ORIENTED_EDGE ( 'NONE', *, *, #2403, .F. ) ;
#2877 = CARTESIAN_POINT ( 'NONE',  ( 0.5196850393700777060, -0.8750000000000014433, 0.7499999999999998890 ) ) ;
#2878 = ORIENTED_EDGE ( 'NONE', *, *, #1332, .F. ) ;
#2879 = CARTESIAN_POINT ( 'NONE',  ( -1.750000000000001776, -0.3553149606299222385, 0.7650000000000000133 ) ) ;
#2880 = CARTESIAN_POINT ( 'NONE',  ( 2.054685039370077515, 2.019685039370078261, 0.000000000000000000 ) ) ;
#2881 = DIRECTION ( 'NONE',  ( 2.168404344971008621E-16, -1.000000000000000000, 0.000000000000000000 ) ) ;
#2882 = DIRECTION ( 'NONE',  ( -1.000000000000000000, 0.000000000000000000, 0.000000000000000000 ) ) ;
#2883 = ORIENTED_EDGE ( 'NONE', *, *, #2093, .T. ) ;
#2884 = CARTESIAN_POINT ( 'NONE',  ( -1.750000000000000222, 1.000000000000000222, -1.000000000000000222 ) ) ;
#2885 = EDGE_CURVE ( 'NONE', #2731, #1672, #2606, .T. ) ;
#2886 = CARTESIAN_POINT ( 'NONE',  ( -1.628394474861871943, -1.498877558476787497, -0.2848321268235263770 ) ) ;
#2887 = PLANE ( 'NONE',  #349 ) ;
#2888 = CARTESIAN_POINT ( 'NONE',  ( -2.250000000000000000, -1.000000000000000222, -1.000000000000000222 ) ) ;
#2889 = ORIENTED_EDGE ( 'NONE', *, *, #1865, .F. ) ;
#2890 = CYLINDRICAL_SURFACE ( 'NONE', #806, 0.2499999999999998057 ) ;
#2891 = CARTESIAN_POINT ( 'NONE',  ( -0.9803149606299221830, -0.6250000000000011102, 1.000000000000000000 ) ) ;
#2892 = EDGE_CURVE ( 'NONE', #1509, #54, #47, .T. ) ;
#2893 = ORIENTED_EDGE ( 'NONE', *, *, #712, .T. ) ;
#2894 = CARTESIAN_POINT ( 'NONE',  ( -2.000000000000001332, 0.1446850393700783721, 0.2500000000000000000 ) ) ;
#2895 = EDGE_CURVE ( 'NONE', #2371, #870, #843, .T. ) ;
#2896 = AXIS2_PLACEMENT_3D ( 'NONE', #3436, #1231, #3473 ) ;
#2897 = VERTEX_POINT ( 'NONE', #348 ) ;
#2898 = DIRECTION ( 'NONE',  ( -1.000000000000000000, 0.000000000000000000, 0.000000000000000000 ) ) ;
#2899 = EDGE_CURVE ( 'NONE', #1631, #3662, #1485, .T. ) ;
#2900 = AXIS2_PLACEMENT_3D ( 'NONE', #648, #916, #2902 ) ;
#2901 = CIRCLE ( 'NONE', #1362, 0.06249999999999995143 ) ;
#2902 = DIRECTION ( 'NONE',  ( -1.809359557733305771E-16, 1.000000000000000000, 0.000000000000000000 ) ) ;
#2903 = VECTOR ( 'NONE', #131, 39.37007874015748143 ) ;
#2904 = CARTESIAN_POINT ( 'NONE',  ( -2.750000000000001332, 0.3429083440734413957, 1.000000000000000222 ) ) ;
#2905 = AXIS2_PLACEMENT_3D ( 'NONE', #716, #1285, #2428 ) ;
#2906 = DIRECTION ( 'NONE',  ( -7.123744041623132124E-16, 1.000000000000000000, -0.000000000000000000 ) ) ;
#2907 = PRODUCT_RELATED_PRODUCT_CATEGORY ( 'part', '', ( #2635 ) ) ;
#2908 = DIRECTION ( 'NONE',  ( -1.000000000000000000, 0.000000000000000000, 0.000000000000000000 ) ) ;
#2909 = CARTESIAN_POINT ( 'NONE',  ( -2.466302276194840548, -1.500008424947508967, -0.2517125876111272476 ) ) ;
#2910 = AXIS2_PLACEMENT_3D ( 'NONE', #1721, #240, #3417 ) ;
#2911 = ORIENTED_EDGE ( 'NONE', *, *, #1777, .T. ) ;
#2912 = ORIENTED_EDGE ( 'NONE', *, *, #2275, .F. ) ;
#2913 = ORIENTED_EDGE ( 'NONE', *, *, #627, .F. ) ;
#2914 = DIRECTION ( 'NONE',  ( 0.000000000000000000, 0.000000000000000000, 1.000000000000000000 ) ) ;
#2915 = EDGE_CURVE ( 'NONE', #538, #1976, #1200, .T. ) ;
#2916 = ORIENTED_EDGE ( 'NONE', *, *, #2885, .T. ) ;
#2917 = CYLINDRICAL_SURFACE ( 'NONE', #1757, 0.1250000000000000278 ) ;
#2918 = ORIENTED_EDGE ( 'NONE', *, *, #105, .T. ) ;
#2919 = CARTESIAN_POINT ( 'NONE',  ( -2.381375533047979776, -1.849621369599834919, -0.2500000000000000555 ) ) ;
#2920 = EDGE_CURVE ( 'NONE', #1361, #395, #3102, .T. ) ;
#2921 =( BOUNDED_CURVE ( )  B_SPLINE_CURVE ( 3, ( #623, #99, #3498, #3520 ),
 .UNSPECIFIED., .F., .F. ) 
 B_SPLINE_CURVE_WITH_KNOTS ( ( 4, 4 ),
 ( 0.2526802551420791465, 1.570796326794896558 ),
 .UNSPECIFIED. ) 
 CURVE ( )  GEOMETRIC_REPRESENTATION_ITEM ( )  RATIONAL_B_SPLINE_CURVE ( ( 1.000000000000000000, 0.8603796100280632908, 0.8603796100280632908, 1.000000000000000000 ) ) 
 REPRESENTATION_ITEM ( '' )  );
#2922 = CYLINDRICAL_SURFACE ( 'NONE', #1818, 0.1249999999999999029 ) ;
#2923 = CARTESIAN_POINT ( 'NONE',  ( 3.456705744020842186, 1.739999999999999991, -0.4180920165112581577 ) ) ;
#2924 = DIRECTION ( 'NONE',  ( -1.000000000000000000, 0.000000000000000000, 0.000000000000000000 ) ) ;
#2925 = LINE ( 'NONE', #143, #1536 ) ;
#2926 = DIRECTION ( 'NONE',  ( 1.000000000000000000, -0.000000000000000000, -0.000000000000000000 ) ) ;
#2927 = PRODUCT_CONTEXT ( 'NONE', #1011, 'mechanical' ) ;
#2928 = ORIENTED_EDGE ( 'NONE', *, *, #2282, .F. ) ;
#2929 = ORIENTED_EDGE ( 'NONE', *, *, #241, .T. ) ;
#2930 = CARTESIAN_POINT ( 'NONE',  ( -1.747429458517555823, 1.720816378034298433, -0.4582901721996129329 ) ) ;
#2931 = DIRECTION ( 'NONE',  ( 0.000000000000000000, -1.000000000000000000, 0.000000000000000000 ) ) ;
#2932 = ORIENTED_EDGE ( 'NONE', *, *, #3172, .F. ) ;
#2933 = FACE_OUTER_BOUND ( 'NONE', #2469, .T. ) ;
#2934 = VERTEX_POINT ( 'NONE', #2264 ) ;
#2935 = DIRECTION ( 'NONE',  ( -1.809359557733305771E-16, 1.000000000000000000, 0.000000000000000000 ) ) ;
#2936 = CARTESIAN_POINT ( 'NONE',  ( 3.470772887960933417, 1.739999999999999991, -0.5000000000000000000 ) ) ;
#2937 = DIRECTION ( 'NONE',  ( 1.000000000000000000, 0.000000000000000000, -0.000000000000000000 ) ) ;
#2938 = EDGE_CURVE ( 'NONE', #341, #39, #2822, .T. ) ;
#2939 = FACE_OUTER_BOUND ( 'NONE', #2203, .T. ) ;
#2940 = EDGE_CURVE ( 'NONE', #2390, #1130, #3683, .T. ) ;
#2941 = DIRECTION ( 'NONE',  ( -3.642463991552351451E-16, 1.000000000000000000, 0.000000000000000000 ) ) ;
#2942 = CARTESIAN_POINT ( 'NONE',  ( 4.000000000000000888, 1.739999999999999991, -0.5000000000000000000 ) ) ;
#2943 = CARTESIAN_POINT ( 'NONE',  ( -2.750000000000001332, 0.2696850393700783721, 1.000000000000000000 ) ) ;
#2944 = EDGE_LOOP ( 'NONE', ( #3213, #2911, #2858, #1790, #70, #3483, #3156, #849 ) ) ;
#2945 = EDGE_LOOP ( 'NONE', ( #3091, #1748, #1391, #1175 ) ) ;
#2946 = DIRECTION ( 'NONE',  ( 0.000000000000000000, 0.000000000000000000, 1.000000000000000000 ) ) ;
#2947 = CARTESIAN_POINT ( 'NONE',  ( -1.750000000000001554, 0.01968503937007829580, 1.000000000000000000 ) ) ;
#2948 = EDGE_LOOP ( 'NONE', ( #154, #2834, #2393, #2140 ) ) ;
#2949 = LINE ( 'NONE', #2894, #565 ) ;
#2950 = ORIENTED_EDGE ( 'NONE', *, *, #1278, .T. ) ;
#2951 = DIRECTION ( 'NONE',  ( -1.000000000000000000, 0.000000000000000000, 0.000000000000000000 ) ) ;
#2952 = VECTOR ( 'NONE', #3688, 39.37007874015748143 ) ;
#2953 = ORIENTED_EDGE ( 'NONE', *, *, #3035, .F. ) ;
#2954 = FACE_OUTER_BOUND ( 'NONE', #689, .T. ) ;
#2955 = CARTESIAN_POINT ( 'NONE',  ( 3.367725545439249402, 1.740000000000000213, -0.2995520819139610436 ) ) ;
#2956 = AXIS2_PLACEMENT_3D ( 'NONE', #32, #1511, #1151 ) ;
#2957 = LINE ( 'NONE', #1279, #2790 ) ;
#2958 = AXIS2_PLACEMENT_3D ( 'NONE', #1160, #1984, #2882 ) ;
#2959 = VECTOR ( 'NONE', #3182, 39.37007874015748143 ) ;
#2960 = CIRCLE ( 'NONE', #1656, 0.7500000000001116884 ) ;
#2961 = CIRCLE ( 'NONE', #2363, 0.1446850393700786497 ) ;
#2962 = DIRECTION ( 'NONE',  ( 1.000000000000000000, 1.208866533781747157E-16, -0.000000000000000000 ) ) ;
#2963 = CARTESIAN_POINT ( 'NONE',  ( 2.519685039370077373, 2.144685039370078261, 0.000000000000000000 ) ) ;
#2964 = AXIS2_PLACEMENT_3D ( 'NONE', #2305, #543, #1702 ) ;
#2965 = VECTOR ( 'NONE', #2421, 39.37007874015748143 ) ;
#2966 = EDGE_CURVE ( 'NONE', #251, #2513, #3120, .T. ) ;
#2967 = CARTESIAN_POINT ( 'NONE',  ( -0.9803149606299221830, -1.955000000000001403, 1.000000000000000000 ) ) ;
#2968 = ORIENTED_EDGE ( 'NONE', *, *, #2329, .T. ) ;
#2969 = VERTEX_POINT ( 'NONE', #1704 ) ;
#2970 = VECTOR ( 'NONE', #2724, 39.37007874015748143 ) ;
#2971 = CARTESIAN_POINT ( 'NONE',  ( -2.433572577254447200, 1.499928209561783188, -0.2588387457386742696 ) ) ;
#2972 = EDGE_CURVE ( 'NONE', #970, #395, #803, .T. ) ;
#2973 = CARTESIAN_POINT ( 'NONE',  ( 3.500000000000002220, -1.499999999999999334, -0.2500000000000000000 ) ) ;
#2974 = ADVANCED_FACE ( 'NONE', ( #2584 ), #24, .T. ) ;
#2975 = VERTEX_POINT ( 'NONE', #1259 ) ;
#2976 = DIRECTION ( 'NONE',  ( 0.000000000000000000, 1.000000000000000000, 0.000000000000000000 ) ) ;
#2977 = VERTEX_POINT ( 'NONE', #2420 ) ;
#2978 = VERTEX_POINT ( 'NONE', #958 ) ;
#2979 = DIRECTION ( 'NONE',  ( -1.000000000000000000, 0.000000000000000000, 0.000000000000000000 ) ) ;
#2980 = DIRECTION ( 'NONE',  ( -1.000000000000000000, 0.000000000000000000, 0.000000000000000000 ) ) ;
#2981 = FACE_OUTER_BOUND ( 'NONE', #2322, .T. ) ;
#2982 = EDGE_CURVE ( 'NONE', #1769, #1714, #2957, .T. ) ;
#2983 = LINE ( 'NONE', #425, #404 ) ;
#2984 = DIRECTION ( 'NONE',  ( -1.000000000000000000, -1.365923996832131363E-16, 0.000000000000000000 ) ) ;
#2985 = CARTESIAN_POINT ( 'NONE',  ( 0.7696850393700778170, -0.8750000000000012212, 0.8750000000000000000 ) ) ;
#2986 = ORIENTED_EDGE ( 'NONE', *, *, #1820, .F. ) ;
#2987 = ORIENTED_EDGE ( 'NONE', *, *, #1022, .T. ) ;
#2988 = CARTESIAN_POINT ( 'NONE',  ( -2.279918614672454602, 1.482955026505078600, -0.3802442085545674755 ) ) ;
#2989 = LINE ( 'NONE', #982, #3077 ) ;
#2990 = ORIENTED_EDGE ( 'NONE', *, *, #1264, .F. ) ;
#2991 = FACE_OUTER_BOUND ( 'NONE', #2571, .T. ) ;
#2992 = VERTEX_POINT ( 'NONE', #939 ) ;
#2993 = ADVANCED_FACE ( 'NONE', ( #1840 ), #1699, .F. ) ;
#2994 = ORIENTED_EDGE ( 'NONE', *, *, #932, .F. ) ;
#2995 = CARTESIAN_POINT ( 'NONE',  ( -1.628503334988278040, 1.498874861342783582, -0.2848895059683186903 ) ) ;
#2996 = CARTESIAN_POINT ( 'NONE',  ( 3.453724099040571982, 1.739999999999999991, -0.4101858936193061300 ) ) ;
#2997 = FACE_OUTER_BOUND ( 'NONE', #1150, .T. ) ;
#2998 = CARTESIAN_POINT ( 'NONE',  ( 3.470772887960933417, 1.739999999999999991, -0.2500000000000000000 ) ) ;
#2999 = CARTESIAN_POINT ( 'NONE',  ( -2.257938540862036714, 1.726184377413890747, -0.4375000000000000000 ) ) ;
#3000 = CARTESIAN_POINT ( 'NONE',  ( 3.470772887960933417, 1.739999999999999991, -0.5000000000000000000 ) ) ;
#3001 = EDGE_CURVE ( 'NONE', #413, #1618, #683, .T. ) ;
#3002 = ORIENTED_EDGE ( 'NONE', *, *, #1725, .T. ) ;
#3003 = CARTESIAN_POINT ( 'NONE',  ( -2.500000000000000000, 1.500000000000000222, -0.2500000000000000000 ) ) ;
#3004 = FACE_BOUND ( 'NONE', #2415, .T. ) ;
#3005 = FACE_OUTER_BOUND ( 'NONE', #2871, .T. ) ;
#3006 = EDGE_LOOP ( 'NONE', ( #3285, #2538, #3621, #3131 ) ) ;
#3007 = ORIENTED_EDGE ( 'NONE', *, *, #561, .T. ) ;
#3008 = EDGE_CURVE ( 'NONE', #2072, #221, #457, .T. ) ;
#3009 = ORIENTED_EDGE ( 'NONE', *, *, #2224, .F. ) ;
#3010 = CARTESIAN_POINT ( 'NONE',  ( -1.750000000000001554, -0.2303149606299217111, 1.000000000000000000 ) ) ;
#3011 = ADVANCED_FACE ( 'NONE', ( #2997 ), #365, .F. ) ;
#3012 = CARTESIAN_POINT ( 'NONE',  ( 3.875000000000001776, -1.740000000000002656, -0.2499999999999999722 ) ) ;
#3013 = DIRECTION ( 'NONE',  ( -1.561055996379579475E-16, 1.000000000000000000, 0.000000000000000000 ) ) ;
#3014 = PLANE ( 'NONE',  #2786 ) ;
#3015 = VECTOR ( 'NONE', #113, 39.37007874015748143 ) ;
#3016 = DIRECTION ( 'NONE',  ( -9.106159978880879367E-16, 1.000000000000000000, 0.000000000000000000 ) ) ;
#3017 = AXIS2_PLACEMENT_3D ( 'NONE', #1933, #3635, #1107 ) ;
#3018 = LINE ( 'NONE', #1335, #2600 ) ;
#3019 = CIRCLE ( 'NONE', #270, 0.06249999999999995143 ) ;
#3020 = ORIENTED_EDGE ( 'NONE', *, *, #2082, .T. ) ;
#3021 = LINE ( 'NONE', #778, #3375 ) ;
#3022 = DIRECTION ( 'NONE',  ( -0.000000000000000000, 0.000000000000000000, -1.000000000000000000 ) ) ;
#3023 = AXIS2_PLACEMENT_3D ( 'NONE', #3592, #1419, #2195 ) ;
#3024 = VECTOR ( 'NONE', #1655, 39.37007874015748143 ) ;
#3025 = CIRCLE ( 'NONE', #3437, 0.1250000000000000000 ) ;
#3026 = CIRCLE ( 'NONE', #2784, 0.1446850393700786219 ) ;
#3027 = CARTESIAN_POINT ( 'NONE',  ( 3.875000000000001332, 1.140000000000000124, -0.3749999999999999445 ) ) ;
#3028 = ADVANCED_FACE ( 'NONE', ( #2661 ), #3276, .T. ) ;
#3029 = ORIENTED_EDGE ( 'NONE', *, *, #3539, .T. ) ;
#3030 = VECTOR ( 'NONE', #2935, 39.37007874015748143 ) ;
#3031 = VERTEX_POINT ( 'NONE', #1575 ) ;
#3032 = ORIENTED_EDGE ( 'NONE', *, *, #1598, .T. ) ;
#3033 = CARTESIAN_POINT ( 'NONE',  ( 3.250000000000003997, 1.499999999999999334, -0.2500000000000000000 ) ) ;
#3034 = CARTESIAN_POINT ( 'NONE',  ( 3.227407359232960182, 1.739999999999999769, -0.2499999999999998890 ) ) ;
#3035 = EDGE_CURVE ( 'NONE', #3280, #993, #3556, .T. ) ;
#3036 = CARTESIAN_POINT ( 'NONE',  ( 0.5196850393700779280, -1.955000000000001403, 0.7499999999999998890 ) ) ;
#3037 = CARTESIAN_POINT ( 'NONE',  ( 1.304685039370077737, 1.957185039370078039, 0.000000000000000000 ) ) ;
#3038 = EDGE_CURVE ( 'NONE', #3625, #1270, #3195, .T. ) ;
#3039 = DIRECTION ( 'NONE',  ( -0.000000000000000000, -1.000000000000000000, -0.000000000000000000 ) ) ;
#3040 = ORIENTED_EDGE ( 'NONE', *, *, #254, .T. ) ;
#3041 = CYLINDRICAL_SURFACE ( 'NONE', #992, 0.1249999999999999029 ) ;
#3042 = DIRECTION ( 'NONE',  ( -2.168404344971008621E-16, 1.000000000000000000, 0.000000000000000000 ) ) ;
#3043 = DIRECTION ( 'NONE',  ( 1.000000000000000000, 1.359234848953423774E-16, 0.000000000000000000 ) ) ;
#3044 = VERTEX_POINT ( 'NONE', #975 ) ;
#3045 = VERTEX_POINT ( 'NONE', #1857 ) ;
#3046 = AXIS2_PLACEMENT_3D ( 'NONE', #162, #2720, #1423 ) ;
#3047 = ORIENTED_EDGE ( 'NONE', *, *, #3413, .F. ) ;
#3048 = DIRECTION ( 'NONE',  ( 0.000000000000000000, -1.000000000000000000, 0.000000000000000000 ) ) ;
#3049 = CARTESIAN_POINT ( 'NONE',  ( 3.339226033832236595, 1.739999999999999769, -0.2816573146010992179 ) ) ;
#3050 = DIRECTION ( 'NONE',  ( 0.000000000000000000, 0.000000000000000000, 1.000000000000000000 ) ) ;
#3051 = ADVANCED_FACE ( 'NONE', ( #2981 ), #1544, .T. ) ;
#3052 = CARTESIAN_POINT ( 'NONE',  ( -0.8553149606299221830, -0.7500000000000009992, 0.7499999999999998890 ) ) ;
#3053 = FACE_BOUND ( 'NONE', #910, .T. ) ;
#3054 = EDGE_CURVE ( 'NONE', #2317, #819, #2366, .T. ) ;
#3055 = B_SPLINE_CURVE_WITH_KNOTS ( 'NONE', 3,
 ( #509, #2460, #3612, #2198 ),
 .UNSPECIFIED., .F., .F.,
 ( 4, 4 ),
 ( 1.734723475976807094E-18, 0.001672011815512647152 ),
 .UNSPECIFIED. ) ;
#3056 = ORIENTED_EDGE ( 'NONE', *, *, #2785, .F. ) ;
#3057 = DIRECTION ( 'NONE',  ( -1.000000000000000000, 0.000000000000000000, 0.000000000000000000 ) ) ;
#3058 = CARTESIAN_POINT ( 'NONE',  ( 0.7696850393700778170, -0.6250000000000006661, 0.9482233047033630235 ) ) ;
#3059 = EDGE_CURVE ( 'NONE', #2108, #2630, #2441, .T. ) ;
#3060 = ADVANCED_FACE ( 'NONE', ( #2939 ), #104, .F. ) ;
#3061 = CARTESIAN_POINT ( 'NONE',  ( 0.000000000000000000, 0.000000000000000000, 1.000000000000000000 ) ) ;
#3062 = ORIENTED_EDGE ( 'NONE', *, *, #3487, .F. ) ;
#3063 = ORIENTED_EDGE ( 'NONE', *, *, #2375, .T. ) ;
#3064 = ORIENTED_EDGE ( 'NONE', *, *, #2488, .F. ) ;
#3065 = DIRECTION ( 'NONE',  ( 0.000000000000000000, 0.000000000000000000, -1.000000000000000000 ) ) ;
#3066 = CARTESIAN_POINT ( 'NONE',  ( -1.687500000000001110, -0.5625000000000012212, 0.000000000000000000 ) ) ;
#3067 = LINE ( 'NONE', #491, #3563 ) ;
#3068 = DIRECTION ( 'NONE',  ( -0.000000000000000000, -0.000000000000000000, -1.000000000000000000 ) ) ;
#3069 = VECTOR ( 'NONE', #2095, 39.37007874015748143 ) ;
#3070 = VERTEX_POINT ( 'NONE', #1501 ) ;
#3071 = DIRECTION ( 'NONE',  ( 1.000000000000000000, -2.294752314677983076E-14, 0.000000000000000000 ) ) ;
#3072 = DIRECTION ( 'NONE',  ( 1.000000000000000000, 1.809359557733303306E-16, 0.000000000000000000 ) ) ;
#3073 = VECTOR ( 'NONE', #61, 39.37007874015748143 ) ;
#3074 = DIRECTION ( 'NONE',  ( -0.000000000000000000, -0.000000000000000000, 1.000000000000000000 ) ) ;
#3075 = VECTOR ( 'NONE', #3402, 39.37007874015748143 ) ;
#3076 = ORIENTED_EDGE ( 'NONE', *, *, #2370, .F. ) ;
#3077 = VECTOR ( 'NONE', #468, 39.37007874015748143 ) ;
#3078 = ORIENTED_EDGE ( 'NONE', *, *, #2523, .T. ) ;
#3079 = VECTOR ( 'NONE', #3016, 39.37007874015748143 ) ;
#3080 = VERTEX_POINT ( 'NONE', #123 ) ;
#3081 = VECTOR ( 'NONE', #2407, 39.37007874015748143 ) ;
#3082 = CARTESIAN_POINT ( 'NONE',  ( -1.105314960629922183, 0.000000000000000000, 0.2500000000000000000 ) ) ;
#3083 = PLANE ( 'NONE',  #2778 ) ;
#3084 =( GEOMETRIC_REPRESENTATION_CONTEXT ( 3 ) GLOBAL_UNCERTAINTY_ASSIGNED_CONTEXT ( ( #883 ) ) GLOBAL_UNIT_ASSIGNED_CONTEXT ( ( #1430, #28, #3205 ) ) REPRESENTATION_CONTEXT ( 'NONE', 'WORKASPACE' ) );
#3085 = DIRECTION ( 'NONE',  ( -1.000000000000000000, 0.000000000000000000, 0.000000000000000000 ) ) ;
#3086 = DIRECTION ( 'NONE',  ( 0.000000000000000000, -0.000000000000000000, -1.000000000000000000 ) ) ;
#3087 = ORIENTED_EDGE ( 'NONE', *, *, #3564, .T. ) ;
#3088 = LINE ( 'NONE', #2498, #3559 ) ;
#3089 = CARTESIAN_POINT ( 'NONE',  ( 0.7179083440734409516, -0.6767766952966374205, 1.000000000000000222 ) ) ;
#3090 = CYLINDRICAL_SURFACE ( 'NONE', #824, 0.5000000000000000000 ) ;
#3091 = ORIENTED_EDGE ( 'NONE', *, *, #1545, .T. ) ;
#3092 = ORIENTED_EDGE ( 'NONE', *, *, #2874, .F. ) ;
#3093 = ADVANCED_BREP_SHAPE_REPRESENTATION ( 'Smart_Locker_Door', ( #588, #1242 ), #3084 ) ;
#3094 = ORIENTED_EDGE ( 'NONE', *, *, #2213, .T. ) ;
#3095 = ORIENTED_EDGE ( 'NONE', *, *, #118, .F. ) ;
#3096 = ADVANCED_FACE ( 'NONE', ( #2642 ), #2360, .T. ) ;
#3097 = EDGE_LOOP ( 'NONE', ( #2521, #1451, #1294, #484 ) ) ;
#3098 = CARTESIAN_POINT ( 'NONE',  ( 1.304685039370077737, 2.082185039370078261, 0.000000000000000000 ) ) ;
#3099 = EDGE_CURVE ( 'NONE', #3171, #2830, #2103, .T. ) ;
#3100 = CARTESIAN_POINT ( 'NONE',  ( 4.000000000000000888, -1.739999999999999991, -0.5000000000000000000 ) ) ;
#3101 = DIRECTION ( 'NONE',  ( 0.000000000000000000, 0.000000000000000000, -1.000000000000000000 ) ) ;
#3102 = LINE ( 'NONE', #545, #3313 ) ;
#3103 = VERTEX_POINT ( 'NONE', #2172 ) ;
#3104 = PLANE ( 'NONE',  #2306 ) ;
#3105 = CARTESIAN_POINT ( 'NONE',  ( 0.6446850393700778170, -0.7500000000000007772, 1.000000000000000000 ) ) ;
#3106 = CARTESIAN_POINT ( 'NONE',  ( -2.000000000000001332, 0.1446850393700783721, 0.000000000000000000 ) ) ;
#3107 = DIRECTION ( 'NONE',  ( 0.000000000000000000, 1.000000000000000000, 0.000000000000000000 ) ) ;
#3108 = ORIENTED_EDGE ( 'NONE', *, *, #834, .T. ) ;
#3109 = VERTEX_POINT ( 'NONE', #3309 ) ;
#3110 = CARTESIAN_POINT ( 'NONE',  ( 9.066499003363114151E-17, -0.7500000000000008882, 0.1250000000000000000 ) ) ;
#3111 = ORIENTED_EDGE ( 'NONE', *, *, #2624, .T. ) ;
#3112 = ORIENTED_EDGE ( 'NONE', *, *, #363, .F. ) ;
#3113 = DIRECTION ( 'NONE',  ( -0.000000000000000000, -0.000000000000000000, 1.000000000000000000 ) ) ;
#3114 = ORIENTED_EDGE ( 'NONE', *, *, #918, .T. ) ;
#3115 = CARTESIAN_POINT ( 'NONE',  ( -2.750000000000001332, 0.3946850393700783166, 1.000000000000000000 ) ) ;
#3116 = ADVANCED_FACE ( 'NONE', ( #2560 ), #1927, .F. ) ;
#3117 = EDGE_CURVE ( 'NONE', #57, #3526, #3629, .T. ) ;
#3118 = CARTESIAN_POINT ( 'NONE',  ( 3.875000000000002220, 1.140000000000000124, 0.000000000000000000 ) ) ;
#3119 = LINE ( 'NONE', #2028, #1108 ) ;
#3120 = LINE ( 'NONE', #1425, #1469 ) ;
#3121 = VERTEX_POINT ( 'NONE', #3415 ) ;
#3122 = DIRECTION ( 'NONE',  ( 1.359234848953423774E-16, -1.000000000000000000, -0.000000000000000000 ) ) ;
#3123 = CARTESIAN_POINT ( 'NONE',  ( -2.261390832663781048, -1.468454176080113083, -0.4249787909937868813 ) ) ;
#3124 = AXIS2_PLACEMENT_3D ( 'NONE', #2378, #3190, #3458 ) ;
#3125 = DIRECTION ( 'NONE',  ( 0.000000000000000000, -0.000000000000000000, -1.000000000000000000 ) ) ;
#3126 = DIRECTION ( 'NONE',  ( 1.000000000000000000, 1.208866533781747157E-16, 0.000000000000000000 ) ) ;
#3127 = ORIENTED_EDGE ( 'NONE', *, *, #2475, .T. ) ;
#3128 = CARTESIAN_POINT ( 'NONE',  ( 2.394685039370077373, 2.019685039370078261, 0.2500000000000000000 ) ) ;
#3129 = CARTESIAN_POINT ( 'NONE',  ( 4.000000000000000888, -1.739999999999999991, -0.5000000000000000000 ) ) ;
#3130 = CIRCLE ( 'NONE', #1398, 1.000000000000000222 ) ;
#3131 = ORIENTED_EDGE ( 'NONE', *, *, #2625, .F. ) ;
#3132 = VECTOR ( 'NONE', #2444, 39.37007874015748143 ) ;
#3133 = EDGE_CURVE ( 'NONE', #2620, #585, #2617, .T. ) ;
#3134 = ORIENTED_EDGE ( 'NONE', *, *, #443, .F. ) ;
#3135 = DIRECTION ( 'NONE',  ( 1.000000000000000000, 1.092739197465705287E-16, -0.000000000000000000 ) ) ;
#3136 = VECTOR ( 'NONE', #1467, 39.37007874015748143 ) ;
#3137 = ORIENTED_EDGE ( 'NONE', *, *, #2643, .F. ) ;
#3138 = DIRECTION ( 'NONE',  ( -1.000000000000000000, -0.000000000000000000, -0.000000000000000000 ) ) ;
#3139 = VECTOR ( 'NONE', #1126, 39.37007874015748143 ) ;
#3140 = VECTOR ( 'NONE', #1156, 39.37007874015748143 ) ;
#3141 = EDGE_CURVE ( 'NONE', #2725, #2108, #929, .T. ) ;
#3142 = DIRECTION ( 'NONE',  ( 0.000000000000000000, 0.000000000000000000, 1.000000000000000000 ) ) ;
#3143 = CARTESIAN_POINT ( 'NONE',  ( -2.698223304703364800, 0.3946850393700783166, 0.9482233047033630235 ) ) ;
#3144 = AXIS2_PLACEMENT_3D ( 'NONE', #2670, #3239, #713 ) ;
#3145 = CARTESIAN_POINT ( 'NONE',  ( -1.105314960629922183, -0.7500000000000009992, 0.3749999999999999445 ) ) ;
#3146 = EDGE_LOOP ( 'NONE', ( #181, #2916, #777, #3271, #1787, #966, #2099, #3206, #485, #2696, #3422, #746, #2090, #2520, #1565, #2519 ) ) ;
#3147 = ADVANCED_FACE ( 'NONE', ( #3695 ), #3249, .T. ) ;
#3148 = CARTESIAN_POINT ( 'NONE',  ( -1.105314960629922183, -0.7500000000000009992, 0.2500000000000000000 ) ) ;
#3149 = CARTESIAN_POINT ( 'NONE',  ( -2.331195485603340778, -1.495734087355246933, -0.3154050037607998846 ) ) ;
#3150 = VECTOR ( 'NONE', #3467, 39.37007874015748143 ) ;
#3151 = CARTESIAN_POINT ( 'NONE',  ( 2.500000000000000000, 2.500000000000000000, -0.2500000000000000000 ) ) ;
#3152 = EDGE_LOOP ( 'NONE', ( #3111, #832, #3372, #1526 ) ) ;
#3153 = DIRECTION ( 'NONE',  ( -3.642463991552351451E-16, -1.000000000000000000, -0.000000000000000000 ) ) ;
#3154 = CARTESIAN_POINT ( 'NONE',  ( 1.304685039370077737, 2.019685039370078261, 0.000000000000000000 ) ) ;
#3155 = VERTEX_POINT ( 'NONE', #854 ) ;
#3156 = ORIENTED_EDGE ( 'NONE', *, *, #2885, .F. ) ;
#3157 = PLANE ( 'NONE',  #747 ) ;
#3158 = EDGE_LOOP ( 'NONE', ( #3572, #1823, #1931, #2129, #2025, #3108 ) ) ;
#3159 = DIRECTION ( 'NONE',  ( -0.000000000000000000, -0.000000000000000000, -1.000000000000000000 ) ) ;
#3160 = CARTESIAN_POINT ( 'NONE',  ( -2.000000000000001776, 0.3946850393700783721, 0.000000000000000000 ) ) ;
#3161 = DIRECTION ( 'NONE',  ( 1.000000000000000000, 0.000000000000000000, 0.000000000000000000 ) ) ;
#3162 = CARTESIAN_POINT ( 'NONE',  ( 3.250000000000001776, -1.140000000000000124, -0.5000000000000000000 ) ) ;
#3163 = EDGE_CURVE ( 'NONE', #870, #1194, #2157, .T. ) ;
#3164 = VERTEX_POINT ( 'NONE', #3036 ) ;
#3165 = LINE ( 'NONE', #845, #3613 ) ;
#3166 = CARTESIAN_POINT ( 'NONE',  ( -2.000000000000000888, -0.5000000000000011102, 0.8750000000000000000 ) ) ;
#3167 = EDGE_CURVE ( 'NONE', #1305, #2148, #3488, .T. ) ;
#3168 = CARTESIAN_POINT ( 'NONE',  ( -2.000000000000001776, 2.144685039370077817, 0.000000000000000000 ) ) ;
#3169 = DIRECTION ( 'NONE',  ( 0.000000000000000000, 0.000000000000000000, 1.000000000000000000 ) ) ;
#3170 = EDGE_LOOP ( 'NONE', ( #697, #2229, #2410, #735 ) ) ;
#3171 = VERTEX_POINT ( 'NONE', #3293 ) ;
#3172 = EDGE_CURVE ( 'NONE', #2506, #75, #1344, .T. ) ;
#3173 = FACE_OUTER_BOUND ( 'NONE', #3146, .T. ) ;
#3174 = EDGE_LOOP ( 'NONE', ( #3472, #1921, #539, #602 ) ) ;
#3175 = CARTESIAN_POINT ( 'NONE',  ( 0.8946850393700779280, -1.000000000000000888, 1.000000000000000000 ) ) ;
#3176 = EDGE_LOOP ( 'NONE', ( #1622, #2566, #3241, #132 ) ) ;
#3177 = CARTESIAN_POINT ( 'NONE',  ( 1.242185039370077515, 2.019685039370078261, 0.2500393700787401641 ) ) ;
#3178 = FACE_OUTER_BOUND ( 'NONE', #1291, .T. ) ;
#3179 = CARTESIAN_POINT ( 'NONE',  ( -2.750000000000001332, 0.2696850393700783166, 1.000000000000000000 ) ) ;
#3180 = CARTESIAN_POINT ( 'NONE',  ( 1.169685039370077506, 2.019685039370078261, 0.2500000000000000000 ) ) ;
#3181 = DIRECTION ( 'NONE',  ( 0.000000000000000000, 0.000000000000000000, -1.000000000000000000 ) ) ;
#3182 = DIRECTION ( 'NONE',  ( 1.000000000000000000, 9.106159978880878627E-17, -0.000000000000000000 ) ) ;
#3183 = CARTESIAN_POINT ( 'NONE',  ( -2.500000000000000000, 2.500000000000000000, -0.2500000000000000000 ) ) ;
#3184 = LINE ( 'NONE', #2255, #1056 ) ;
#3185 = ORIENTED_EDGE ( 'NONE', *, *, #1620, .F. ) ;
#3186 = ORIENTED_EDGE ( 'NONE', *, *, #519, .T. ) ;
#3187 = DIRECTION ( 'NONE',  ( -1.000000000000000000, 0.000000000000000000, 0.000000000000000000 ) ) ;
#3188 = EDGE_CURVE ( 'NONE', #3392, #486, #1315, .T. ) ;
#3189 = ORIENTED_EDGE ( 'NONE', *, *, #2754, .F. ) ;
#3190 = DIRECTION ( 'NONE',  ( 1.000000000000000000, 1.359234848953423774E-16, 0.000000000000000000 ) ) ;
#3191 = CIRCLE ( 'NONE', #3661, 0.1250000000000000278 ) ;
#3192 = ORIENTED_EDGE ( 'NONE', *, *, #3602, .F. ) ;
#3193 = CARTESIAN_POINT ( 'NONE',  ( -2.000000000000001332, 0.1446850393700783721, 0.7650000000000001243 ) ) ;
#3194 = AXIS2_PLACEMENT_3D ( 'NONE', #2075, #2021, #912 ) ;
#3195 = CIRCLE ( 'NONE', #1402, 0.2499999999999999167 ) ;
#3196 = DIRECTION ( 'NONE',  ( 1.000000000000000000, 0.000000000000000000, 0.000000000000000000 ) ) ;
#3197 = VECTOR ( 'NONE', #2926, 39.37007874015748143 ) ;
#3198 = DIRECTION ( 'NONE',  ( 0.000000000000000000, 0.000000000000000000, 1.000000000000000000 ) ) ;
#3199 = AXIS2_PLACEMENT_3D ( 'NONE', #2162, #808, #1060 ) ;
#3200 = VECTOR ( 'NONE', #2246, 39.37007874015748143 ) ;
#3201 = DIRECTION ( 'NONE',  ( 0.000000000000000000, 0.000000000000000000, 1.000000000000000000 ) ) ;
#3202 = CARTESIAN_POINT ( 'NONE',  ( -2.441529652874157929E-16, 2.019685039370078261, 0.1250000000000000000 ) ) ;
#3203 = DIRECTION ( 'NONE',  ( 0.000000000000000000, 0.000000000000000000, 1.000000000000000000 ) ) ;
#3204 = AXIS2_PLACEMENT_3D ( 'NONE', #2655, #1809, #2684 ) ;
#3205 =( NAMED_UNIT ( * ) SI_UNIT ( $, .STERADIAN. ) SOLID_ANGLE_UNIT ( ) );
#3206 = ORIENTED_EDGE ( 'NONE', *, *, #2252, .F. ) ;
#3207 = ORIENTED_EDGE ( 'NONE', *, *, #2232, .F. ) ;
#3208 = CARTESIAN_POINT ( 'NONE',  ( -2.386251808958035792, 1.499328258494369459, -0.2767414134572431239 ) ) ;
#3209 = FACE_OUTER_BOUND ( 'NONE', #796, .T. ) ;
#3210 = VERTEX_POINT ( 'NONE', #2457 ) ;
#3211 = CARTESIAN_POINT ( 'NONE',  ( -1.750000000000001554, -0.2303149606299217111, -1.000039370078740442 ) ) ;
#3212 = ADVANCED_FACE ( 'NONE', ( #1612 ), #1137, .T. ) ;
#3213 = ORIENTED_EDGE ( 'NONE', *, *, #3655, .T. ) ;
#3214 = CARTESIAN_POINT ( 'NONE',  ( -2.500000000000000000, -1.500000000000000222, -0.2500000000000000000 ) ) ;
#3215 = EDGE_CURVE ( 'NONE', #615, #1263, #2472, .T. ) ;
#3216 = CARTESIAN_POINT ( 'NONE',  ( 3.250000000000003997, 1.499999999999999334, -0.5000000000000000000 ) ) ;
#3217 = ADVANCED_FACE ( 'NONE', ( #738 ), #1996, .T. ) ;
#3218 = CARTESIAN_POINT ( 'NONE',  ( 3.380955019940312667, 1.739999999999999769, -0.3097909718500746479 ) ) ;
#3219 = DIRECTION ( 'NONE',  ( 0.000000000000000000, 0.000000000000000000, 1.000000000000000000 ) ) ;
#3220 = CARTESIAN_POINT ( 'NONE',  ( 2.500000000000000000, 1.500000000000000888, 0.000000000000000000 ) ) ;
#3221 = DIRECTION ( 'NONE',  ( -7.123744041623131138E-16, -1.000000000000000000, -0.000000000000000000 ) ) ;
#3222 = FACE_OUTER_BOUND ( 'NONE', #358, .T. ) ;
#3223 = ORIENTED_EDGE ( 'NONE', *, *, #1264, .T. ) ;
#3224 = ORIENTED_EDGE ( 'NONE', *, *, #2146, .T. ) ;
#3225 = DIRECTION ( 'NONE',  ( 0.000000000000000000, -0.000000000000000000, 1.000000000000000000 ) ) ;
#3226 = FACE_OUTER_BOUND ( 'NONE', #1659, .T. ) ;
#3227 = ORIENTED_EDGE ( 'NONE', *, *, #105, .F. ) ;
#3228 = DIRECTION ( 'NONE',  ( 0.000000000000000000, 0.000000000000000000, -1.000000000000000000 ) ) ;
#3229 = ORIENTED_EDGE ( 'NONE', *, *, #1182, .T. ) ;
#3230 = DIRECTION ( 'NONE',  ( 0.000000000000000000, 0.000000000000000000, 1.000000000000000000 ) ) ;
#3231 = ORIENTED_EDGE ( 'NONE', *, *, #1617, .F. ) ;
#3232 = CARTESIAN_POINT ( 'NONE',  ( 0.7696850393700778170, -0.8750000000000012212, 1.000000000000000000 ) ) ;
#3233 = CARTESIAN_POINT ( 'NONE',  ( 3.463928157041721523, 1.740000000000000213, -0.4421505403187681038 ) ) ;
#3234 = EDGE_CURVE ( 'NONE', #1374, #1736, #490, .T. ) ;
#3235 = EDGE_CURVE ( 'NONE', #1693, #1991, #1872, .T. ) ;
#3236 = CARTESIAN_POINT ( 'NONE',  ( 2.499999999999892086, 1.499999999999977351, -0.5000000000000000000 ) ) ;
#3237 = CARTESIAN_POINT ( 'NONE',  ( 1.304685039370077737, 1.957185039370078039, 0.2500393700787401641 ) ) ;
#3238 = DIRECTION ( 'NONE',  ( -6.070773319253905641E-15, -1.000000000000000000, -0.000000000000000000 ) ) ;
#3239 = DIRECTION ( 'NONE',  ( -1.561055996379578489E-16, 1.000000000000000000, 0.000000000000000000 ) ) ;
#3240 = ORIENTED_EDGE ( 'NONE', *, *, #2275, .T. ) ;
#3241 = ORIENTED_EDGE ( 'NONE', *, *, #3539, .F. ) ;
#3242 = CARTESIAN_POINT ( 'NONE',  ( -2.250000000000000000, 1.433012701892219187, -0.5000000000000000000 ) ) ;
#3243 = CARTESIAN_POINT ( 'NONE',  ( -1.750000000000000222, 1.000000000000000222, -1.000000000000000222 ) ) ;
#3244 = VERTEX_POINT ( 'NONE', #2210 ) ;
#3245 = CARTESIAN_POINT ( 'NONE',  ( -2.250000000000000000, 1.750000000000000222, -0.5000000000000000000 ) ) ;
#3246 = VERTEX_POINT ( 'NONE', #1355 ) ;
#3247 = LINE ( 'NONE', #621, #3030 ) ;
#3248 = EDGE_CURVE ( 'NONE', #576, #2513, #2493, .T. ) ;
#3249 = TOROIDAL_SURFACE ( 'NONE', #3425, 0.2500000000000000000, 0.1250000000000000000 ) ;
#3250 = VERTEX_POINT ( 'NONE', #897 ) ;
#3251 = CARTESIAN_POINT ( 'NONE',  ( 2.169685039370077284, 2.144685039370078261, 0.000000000000000000 ) ) ;
#3252 = CARTESIAN_POINT ( 'NONE',  ( -1.500000000000000222, 1.500000000000000444, -0.5000000000000000000 ) ) ;
#3253 = VECTOR ( 'NONE', #2803, 39.37007874015748143 ) ;
#3254 = DIRECTION ( 'NONE',  ( -0.000000000000000000, -0.000000000000000000, -1.000000000000000000 ) ) ;
#3255 = AXIS2_PLACEMENT_3D ( 'NONE', #441, #427, #165 ) ;
#3256 = VECTOR ( 'NONE', #3238, 39.37007874015748143 ) ;
#3257 = DIRECTION ( 'NONE',  ( 1.000000000000000000, 0.000000000000000000, 0.000000000000000000 ) ) ;
#3258 = DIRECTION ( 'NONE',  ( 1.000000000000000000, 1.365923996832131363E-16, -0.000000000000000000 ) ) ;
#3259 = VECTOR ( 'NONE', #902, 39.37007874015748143 ) ;
#3260 = CIRCLE ( 'NONE', #579, 0.9999999999999992228 ) ;
#3261 = CARTESIAN_POINT ( 'NONE',  ( -2.000000000000001776, 0.3946850393700783721, 1.000000000000000000 ) ) ;
#3262 = ADVANCED_FACE ( 'NONE', ( #3491 ), #38, .F. ) ;
#3263 = VERTEX_POINT ( 'NONE', #2594 ) ;
#3264 = VERTEX_POINT ( 'NONE', #2877 ) ;
#3265 = VECTOR ( 'NONE', #1129, 39.37007874015748143 ) ;
#3266 = CYLINDRICAL_SURFACE ( 'NONE', #2905, 0.06249999999999995143 ) ;
#3267 = FACE_BOUND ( 'NONE', #896, .T. ) ;
#3268 = VERTEX_POINT ( 'NONE', #1209 ) ;
#3269 = AXIS2_PLACEMENT_3D ( 'NONE', #350, #1967, #889 ) ;
#3270 = CARTESIAN_POINT ( 'NONE',  ( 2.269685039370077373, 1.894685039370078261, 0.000000000000000000 ) ) ;
#3271 = ORIENTED_EDGE ( 'NONE', *, *, #549, .T. ) ;
#3272 = EDGE_LOOP ( 'NONE', ( #2932, #94, #1478, #3062, #3550, #19, #186, #2396 ) ) ;
#3273 = CARTESIAN_POINT ( 'NONE',  ( 3.456967169487657809, -1.739999999999999991, -0.4175753859322121064 ) ) ;
#3274 = DIRECTION ( 'NONE',  ( 0.000000000000000000, 0.000000000000000000, -1.000000000000000000 ) ) ;
#3275 = B_SPLINE_CURVE_WITH_KNOTS ( 'NONE', 3,
 ( #3537, #3476, #971, #2116, #1870, #2207, #2738, #2155, #1625, #3604, #555, #3306, #277, #2752, #736, #1573, #2141, #3273, #3393, #2190, #436, #833 ),
 .UNSPECIFIED., .F., .F.,
 ( 4, 2, 2, 2, 2, 2, 2, 2, 2, 2, 4 ),
 ( 0.000000000000000000, 0.001266572324980394472, 0.001899858487470592033, 0.002533144649960789811, 0.003799716974941222229, 0.004433003137431420007, 0.005066289299921618652, 0.006332861624902048035, 0.007599433949882477418, 0.008866006274862905934, 0.01013257859984333618 ),
 .UNSPECIFIED. ) ;
#3276 = CYLINDRICAL_SURFACE ( 'NONE', #2067, 0.1250000000000000278 ) ;
#3277 = CARTESIAN_POINT ( 'NONE',  ( 3.500000000000001332, 1.140000000000000124, -0.5000000000000000000 ) ) ;
#3278 = LINE ( 'NONE', #125, #1352 ) ;
#3279 = CARTESIAN_POINT ( 'NONE',  ( -1.750000000000000222, -1.000000000000000000, -0.2500000000000000000 ) ) ;
#3280 = VERTEX_POINT ( 'NONE', #660 ) ;
#3281 = CARTESIAN_POINT ( 'NONE',  ( -2.000000000000001332, -0.2303149606299217111, 0.7650000000000000133 ) ) ;
#3282 = CYLINDRICAL_SURFACE ( 'NONE', #1293, 0.1250000000000000278 ) ;
#3283 = VECTOR ( 'NONE', #504, 39.37007874015748143 ) ;
#3284 = ADVANCED_FACE ( 'NONE', ( #393 ), #2917, .F. ) ;
#3285 = ORIENTED_EDGE ( 'NONE', *, *, #2741, .F. ) ;
#3286 = FACE_OUTER_BOUND ( 'NONE', #447, .T. ) ;
#3287 = ADVANCED_FACE ( 'NONE', ( #1752 ), #2041, .T. ) ;
#3288 = ORIENTED_EDGE ( 'NONE', *, *, #455, .T. ) ;
#3289 = ORIENTED_EDGE ( 'NONE', *, *, #1981, .F. ) ;
#3290 = VERTEX_POINT ( 'NONE', #1177 ) ;
#3291 = CARTESIAN_POINT ( 'NONE',  ( 3.875000000000002220, 1.140000000000000124, -0.1250000000000000000 ) ) ;
#3292 = CARTESIAN_POINT ( 'NONE',  ( -1.500000000000000222, 1.968245836551854477, -0.2500000000000000000 ) ) ;
#3293 = CARTESIAN_POINT ( 'NONE',  ( -2.000000000000001332, 0.01968503937007827845, 0.7650000000000000133 ) ) ;
#3294 = DIRECTION ( 'NONE',  ( -1.000000000000000000, 0.000000000000000000, 0.000000000000000000 ) ) ;
#3295 = CARTESIAN_POINT ( 'NONE',  ( 0.7696850393700780391, -2.205000000000001403, 0.8750000000000000000 ) ) ;
#3296 = EDGE_CURVE ( 'NONE', #2258, #290, #2949, .T. ) ;
#3297 = CARTESIAN_POINT ( 'NONE',  ( -2.750000000000001332, 0.1446850393700782889, 1.000000000000000000 ) ) ;
#3298 = ORIENTED_EDGE ( 'NONE', *, *, #524, .F. ) ;
#3299 = DIRECTION ( 'NONE',  ( -1.000000000000000000, -1.809359557733307250E-16, 0.000000000000000000 ) ) ;
#3300 = DIRECTION ( 'NONE',  ( 1.000000000000000000, 1.561055996379578735E-16, -0.000000000000000000 ) ) ;
#3301 = DIRECTION ( 'NONE',  ( -1.000000000000000000, 0.000000000000000000, 0.000000000000000000 ) ) ;
#3302 = ADVANCED_FACE ( 'NONE', ( #677 ), #359, .T. ) ;
#3303 = ORIENTED_EDGE ( 'NONE', *, *, #1810, .T. ) ;
#3304 = EDGE_CURVE ( 'NONE', #836, #1852, #74, .T. ) ;
#3305 = EDGE_LOOP ( 'NONE', ( #1455, #2596, #3583, #3289 ) ) ;
#3306 = CARTESIAN_POINT ( 'NONE',  ( 3.380391040695736038, -1.740000000000000213, -0.3098527771267709507 ) ) ;
#3307 = CARTESIAN_POINT ( 'NONE',  ( 3.324324045835322927, 1.740000000000000213, -0.2742201163024127197 ) ) ;
#3308 = AXIS2_PLACEMENT_3D ( 'NONE', #879, #2024, #3514 ) ;
#3309 = CARTESIAN_POINT ( 'NONE',  ( 3.470772887960927200, 1.739999999999999991, 0.000000000000000000 ) ) ;
#3310 =( NAMED_UNIT ( * ) SI_UNIT ( $, .STERADIAN. ) SOLID_ANGLE_UNIT ( ) );
#3311 = VECTOR ( 'NONE', #542, 39.37007874015748143 ) ;
#3312 = FACE_OUTER_BOUND ( 'NONE', #370, .T. ) ;
#3313 = VECTOR ( 'NONE', #1682, 39.37007874015748143 ) ;
#3314 = AXIS2_PLACEMENT_3D ( 'NONE', #2386, #3203, #3524 ) ;
#3315 = DIRECTION ( 'NONE',  ( 0.000000000000000000, 0.000000000000000000, 1.000000000000000000 ) ) ;
#3316 = ORIENTED_EDGE ( 'NONE', *, *, #1500, .T. ) ;
#3317 = DIRECTION ( 'NONE',  ( 0.000000000000000000, 0.000000000000000000, 1.000000000000000000 ) ) ;
#3318 = EDGE_CURVE ( 'NONE', #1080, #2630, #2353, .T. ) ;
#3319 = DIRECTION ( 'NONE',  ( 0.000000000000000000, 0.000000000000000000, -1.000000000000000000 ) ) ;
#3320 = AXIS2_PLACEMENT_3D ( 'NONE', #1442, #1400, #2545 ) ;
#3321 = AXIS2_PLACEMENT_3D ( 'NONE', #291, #3449, #2311 ) ;
#3322 = AXIS2_PLACEMENT_3D ( 'NONE', #2554, #631, #2035 ) ;
#3323 = DIRECTION ( 'NONE',  ( 1.000000000000000000, 0.000000000000000000, 0.000000000000000000 ) ) ;
#3324 = ORIENTED_EDGE ( 'NONE', *, *, #2699, .F. ) ;
#3325 = ORIENTED_EDGE ( 'NONE', *, *, #136, .T. ) ;
#3326 = APPLICATION_CONTEXT ( 'automotive_design' ) ;
#3327 = CIRCLE ( 'NONE', #1351, 0.2499999999999999722 ) ;
#3328 = ADVANCED_FACE ( 'NONE', ( #2323 ), #3157, .F. ) ;
#3329 = ORIENTED_EDGE ( 'NONE', *, *, #907, .F. ) ;
#3330 = CARTESIAN_POINT ( 'NONE',  ( 1.304685039370077737, 1.957185039370078039, -0.2500000000000000555 ) ) ;
#3331 = DIRECTION ( 'NONE',  ( 0.000000000000000000, 0.000000000000000000, 1.000000000000000000 ) ) ;
#3332 = ADVANCED_FACE ( 'NONE', ( #2933 ), #1807, .F. ) ;
#3333 = CARTESIAN_POINT ( 'NONE',  ( -0.9803149606299221830, -2.205000000000001847, 0.000000000000000000 ) ) ;
#3334 = ADVANCED_FACE ( 'NONE', ( #2296 ), #375, .F. ) ;
#3335 = DIRECTION ( 'NONE',  ( 0.000000000000000000, 0.000000000000000000, -1.000000000000000000 ) ) ;
#3336 = ADVANCED_FACE ( 'NONE', ( #2337 ), #2721, .F. ) ;
#3337 = LINE ( 'NONE', #1358, #97 ) ;
#3338 = CARTESIAN_POINT ( 'NONE',  ( 3.500000000000001332, 1.140000000000000124, -0.2500000000000000000 ) ) ;
#3339 = EDGE_LOOP ( 'NONE', ( #16, #3595, #855, #1902 ) ) ;
#3340 = CYLINDRICAL_SURFACE ( 'NONE', #757, 0.1250000000000000278 ) ;
#3341 = CARTESIAN_POINT ( 'NONE',  ( -2.250000000000000000, 1.000000000000000000, -0.7499999999999998890 ) ) ;
#3342 = DIRECTION ( 'NONE',  ( 0.000000000000000000, -0.000000000000000000, 1.000000000000000000 ) ) ;
#3343 = ORIENTED_EDGE ( 'NONE', *, *, #65, .F. ) ;
#3344 = ORIENTED_EDGE ( 'NONE', *, *, #2718, .F. ) ;
#3345 = DIRECTION ( 'NONE',  ( -1.809359557733305771E-16, 1.000000000000000000, -0.000000000000000000 ) ) ;
#3346 = CARTESIAN_POINT ( 'NONE',  ( -2.000000000000001776, 0.01968503937007826457, -1.000039370078740442 ) ) ;
#3347 = ADVANCED_FACE ( 'NONE', ( #1737, #1514 ), #1456, .T. ) ;
#3348 = DIRECTION ( 'NONE',  ( -3.642463991552350958E-16, -1.000000000000000000, 0.000000000000000000 ) ) ;
#3349 = DIRECTION ( 'NONE',  ( -7.123744041623132124E-16, 1.000000000000000000, -0.000000000000000000 ) ) ;
#3350 = EDGE_CURVE ( 'NONE', #3164, #2672, #639, .T. ) ;
#3351 = CARTESIAN_POINT ( 'NONE',  ( -2.000000000000001776, -0.6250000000000011102, 1.000000000000000000 ) ) ;
#3352 = EDGE_LOOP ( 'NONE', ( #1113, #2585, #1806, #117 ) ) ;
#3353 = CARTESIAN_POINT ( 'NONE',  ( 3.500000000000001332, 1.140000000000000124, 0.000000000000000000 ) ) ;
#3354 = FACE_OUTER_BOUND ( 'NONE', #1513, .T. ) ;
#3355 = CARTESIAN_POINT ( 'NONE',  ( -2.250000000000000000, 1.433012701892219187, -0.5000000000000000000 ) ) ;
#3356 = ORIENTED_EDGE ( 'NONE', *, *, #3038, .T. ) ;
#3357 = ORIENTED_EDGE ( 'NONE', *, *, #127, .F. ) ;
#3358 = ORIENTED_EDGE ( 'NONE', *, *, #2683, .T. ) ;
#3359 = ORIENTED_EDGE ( 'NONE', *, *, #1219, .T. ) ;
#3360 = CARTESIAN_POINT ( 'NONE',  ( 3.244064707258463631, 1.739999999999999991, -0.2515149586222085731 ) ) ;
#3361 = FACE_OUTER_BOUND ( 'NONE', #2338, .T. ) ;
#3362 = DIRECTION ( 'NONE',  ( 0.000000000000000000, 0.000000000000000000, -1.000000000000000000 ) ) ;
#3363 = CARTESIAN_POINT ( 'NONE',  ( -2.000000000000001776, -0.6250000000000011102, 0.8750000000000000000 ) ) ;
#3364 = VECTOR ( 'NONE', #2112, 39.37007874015748143 ) ;
#3365 = VERTEX_POINT ( 'NONE', #3549 ) ;
#3366 = CARTESIAN_POINT ( 'NONE',  ( -1.875000000000001110, -0.8750000000000012212, 0.2500000000000000000 ) ) ;
#3367 = DIRECTION ( 'NONE',  ( 0.000000000000000000, 0.000000000000000000, 1.000000000000000000 ) ) ;
#3368 = CIRCLE ( 'NONE', #33, 0.1249999999999999029 ) ;
#3369 = EDGE_CURVE ( 'NONE', #876, #318, #2394, .T. ) ;
#3370 = CARTESIAN_POINT ( 'NONE',  ( 2.054685039370077515, 2.082185039370078705, 0.2500393700787401641 ) ) ;
#3371 = VECTOR ( 'NONE', #3113, 39.37007874015748143 ) ;
#3372 = ORIENTED_EDGE ( 'NONE', *, *, #520, .T. ) ;
#3373 = VECTOR ( 'NONE', #50, 39.37007874015748143 ) ;
#3374 = ORIENTED_EDGE ( 'NONE', *, *, #2102, .F. ) ;
#3375 = VECTOR ( 'NONE', #215, 39.37007874015748143 ) ;
#3376 = AXIS2_PLACEMENT_3D ( 'NONE', #787, #740, #3085 ) ;
#3377 = ORIENTED_EDGE ( 'NONE', *, *, #1314, .F. ) ;
#3378 = VERTEX_POINT ( 'NONE', #719 ) ;
#3379 = VECTOR ( 'NONE', #1990, 39.37007874015748143 ) ;
#3380 = LINE ( 'NONE', #2281, #3140 ) ;
#3381 = CARTESIAN_POINT ( 'NONE',  ( -3.500000000000000000, 1.500000000000000222, 0.000000000000000000 ) ) ;
#3382 = VECTOR ( 'NONE', #3636, 39.37007874015748143 ) ;
#3383 = CARTESIAN_POINT ( 'NONE',  ( -2.625000000000001776, 0.3946850393700783166, 0.8750000000000000000 ) ) ;
#3384 = ADVANCED_FACE ( 'NONE', ( #3005 ), #745, .T. ) ;
#3385 = DIRECTION ( 'NONE',  ( -7.123744041623131138E-16, -1.000000000000000000, -0.000000000000000000 ) ) ;
#3386 = ORIENTED_EDGE ( 'NONE', *, *, #1969, .F. ) ;
#3387 = CARTESIAN_POINT ( 'NONE',  ( -0.9803149606299221830, -1.955000000000001625, 0.7499999999999998890 ) ) ;
#3388 = CARTESIAN_POINT ( 'NONE',  ( 0.8946850393700780391, -0.8750000000000007772, 0.000000000000000000 ) ) ;
#3389 = CARTESIAN_POINT ( 'NONE',  ( 2.054685039370077515, 2.019685039370078261, -0.2500000000000000555 ) ) ;
#3390 = CARTESIAN_POINT ( 'NONE',  ( 2.500000000000000444, -2.499999999999999556, -0.2500000000000000000 ) ) ;
#3391 = ORIENTED_EDGE ( 'NONE', *, *, #3581, .F. ) ;
#3392 = VERTEX_POINT ( 'NONE', #1288 ) ;
#3393 = CARTESIAN_POINT ( 'NONE',  ( 3.462072504617724977, -1.740000000000000213, -0.4334176862107638750 ) ) ;
#3394 = EDGE_CURVE ( 'NONE', #870, #3378, #1308, .T. ) ;
#3395 = EDGE_CURVE ( 'NONE', #413, #2258, #2434, .T. ) ;
#3396 = ORIENTED_EDGE ( 'NONE', *, *, #2552, .T. ) ;
#3397 = ORIENTED_EDGE ( 'NONE', *, *, #2743, .T. ) ;
#3398 = ORIENTED_EDGE ( 'NONE', *, *, #3008, .T. ) ;
#3399 = CARTESIAN_POINT ( 'NONE',  ( -2.000000000000001332, 2.144685039370078261, 0.1982233047033630791 ) ) ;
#3400 = LINE ( 'NONE', #2582, #567 ) ;
#3401 = CARTESIAN_POINT ( 'NONE',  ( -2.000000000000001332, 0.3946850393700784276, 0.2500000000000000000 ) ) ;
#3402 = DIRECTION ( 'NONE',  ( -1.000000000000000000, -1.208866533781747157E-16, 0.000000000000000000 ) ) ;
#3403 = ORIENTED_EDGE ( 'NONE', *, *, #1482, .T. ) ;
#3404 = CARTESIAN_POINT ( 'NONE',  ( 2.169685039370077284, 1.894685039370078261, 0.000000000000000000 ) ) ;
#3405 = DIRECTION ( 'NONE',  ( -9.106159978880879367E-16, -1.000000000000000000, 0.000000000000000000 ) ) ;
#3406 = ADVANCED_FACE ( 'NONE', ( #1554 ), #150, .F. ) ;
#3407 = CYLINDRICAL_SURFACE ( 'NONE', #523, 1.000000000000000222 ) ;
#3408 = CARTESIAN_POINT ( 'NONE',  ( -1.750000000000000222, 1.707106781186547906, -0.4999999999999999445 ) ) ;
#3409 = ORIENTED_EDGE ( 'NONE', *, *, #3560, .T. ) ;
#3410 = ORIENTED_EDGE ( 'NONE', *, *, #2102, .T. ) ;
#3411 = DIRECTION ( 'NONE',  ( -0.000000000000000000, -0.000000000000000000, -1.000000000000000000 ) ) ;
#3412 = ORIENTED_EDGE ( 'NONE', *, *, #1853, .F. ) ;
#3413 = EDGE_CURVE ( 'NONE', #2148, #421, #3599, .T. ) ;
#3414 = ORIENTED_EDGE ( 'NONE', *, *, #2741, .T. ) ;
#3415 = CARTESIAN_POINT ( 'NONE',  ( 0.7696850393700780391, -2.205000000000001403, 0.8750000000000000000 ) ) ;
#3416 = ORIENTED_EDGE ( 'NONE', *, *, #2419, .F. ) ;
#3417 = DIRECTION ( 'NONE',  ( 0.000000000000000000, 0.000000000000000000, -1.000000000000000000 ) ) ;
#3418 = ADVANCED_FACE ( 'NONE', ( #695 ), #2165, .F. ) ;
#3419 = DIRECTION ( 'NONE',  ( 1.000000000000000000, 0.000000000000000000, 0.000000000000000000 ) ) ;
#3420 = LINE ( 'NONE', #1184, #402 ) ;
#3421 = CARTESIAN_POINT ( 'NONE',  ( 0.7696850393700778170, -0.7500000000000007772, 0.1250000000000000000 ) ) ;
#3422 = ORIENTED_EDGE ( 'NONE', *, *, #3530, .F. ) ;
#3423 = PLANE ( 'NONE',  #1647 ) ;
#3424 = CARTESIAN_POINT ( 'NONE',  ( -2.257127056614971039, -1.462480636608144424, -0.4402066064758791697 ) ) ;
#3425 = AXIS2_PLACEMENT_3D ( 'NONE', #1719, #1694, #1897 ) ;
#3426 = SHAPE_DEFINITION_REPRESENTATION ( #1860, #3093 ) ;
#3427 = DIRECTION ( 'NONE',  ( 1.000000000000000000, 0.000000000000000000, 0.000000000000000000 ) ) ;
#3428 = ORIENTED_EDGE ( 'NONE', *, *, #114, .F. ) ;
#3429 = VERTEX_POINT ( 'NONE', #1568 ) ;
#3430 = CARTESIAN_POINT ( 'NONE',  ( 2.499999999999892086, -1.499999999999977351, -0.5000000000000000000 ) ) ;
#3431 = AXIS2_PLACEMENT_3D ( 'NONE', #3129, #2854, #2873 ) ;
#3432 = ORIENTED_EDGE ( 'NONE', *, *, #1453, .T. ) ;
#3433 = VECTOR ( 'NONE', #3068, 39.37007874015748143 ) ;
#3434 = VECTOR ( 'NONE', #3547, 39.37007874015748143 ) ;
#3435 = EDGE_LOOP ( 'NONE', ( #1310, #1624, #1936, #559 ) ) ;
#3436 = CARTESIAN_POINT ( 'NONE',  ( -1.687500000000001110, -0.5625000000000012212, 0.2500000000000000000 ) ) ;
#3437 = AXIS2_PLACEMENT_3D ( 'NONE', #444, #981, #2946 ) ;
#3438 = EDGE_LOOP ( 'NONE', ( #2800, #933, #1995, #922, #2913, #1436, #817, #3224 ) ) ;
#3439 = CARTESIAN_POINT ( 'NONE',  ( -2.000000000000001776, -0.6250000000000011102, 1.000000000000000000 ) ) ;
#3440 = CIRCLE ( 'NONE', #2732, 0.7500000000000002220 ) ;
#3441 = AXIS2_PLACEMENT_3D ( 'NONE', #2705, #2627, #366 ) ;
#3442 = EDGE_CURVE ( 'NONE', #694, #1735, #3191, .T. ) ;
#3443 = LINE ( 'NONE', #821, #1759 ) ;
#3444 = CARTESIAN_POINT ( 'NONE',  ( 0.8946850393700777060, -0.6250000000000006661, 0.2500000000000000000 ) ) ;
#3445 = EDGE_CURVE ( 'NONE', #2969, #970, #1851, .T. ) ;
#3446 = AXIS2_PLACEMENT_3D ( 'NONE', #3261, #1844, #1373 ) ;
#3447 = CYLINDRICAL_SURFACE ( 'NONE', #2662, 0.2499999999999999167 ) ;
#3448 = ORIENTED_EDGE ( 'NONE', *, *, #283, .F. ) ;
#3449 = DIRECTION ( 'NONE',  ( 0.000000000000000000, 0.000000000000000000, 1.000000000000000000 ) ) ;
#3450 = CYLINDRICAL_SURFACE ( 'NONE', #1531, 0.1249999999999999029 ) ;
#3451 = DIRECTION ( 'NONE',  ( 0.000000000000000000, 1.000000000000000000, 0.000000000000000000 ) ) ;
#3452 = FACE_OUTER_BOUND ( 'NONE', #465, .T. ) ;
#3453 = ORIENTED_EDGE ( 'NONE', *, *, #3554, .F. ) ;
#3454 = DIRECTION ( 'NONE',  ( 0.000000000000000000, 1.000000000000000000, 0.000000000000000000 ) ) ;
#3455 = CARTESIAN_POINT ( 'NONE',  ( -2.750000000000001332, 0.3946850393700783166, 0.000000000000000000 ) ) ;
#3456 = VERTEX_POINT ( 'NONE', #1905 ) ;
#3457 = ORIENTED_EDGE ( 'NONE', *, *, #2624, .F. ) ;
#3458 = DIRECTION ( 'NONE',  ( -1.359234848953423774E-16, 1.000000000000000000, 0.000000000000000000 ) ) ;
#3459 = ORIENTED_EDGE ( 'NONE', *, *, #2033, .F. ) ;
#3460 = CARTESIAN_POINT ( 'NONE',  ( 2.054685039370077515, 1.957185039370078261, 0.2500393700787401641 ) ) ;
#3461 = FACE_OUTER_BOUND ( 'NONE', #500, .T. ) ;
#3462 = DIRECTION ( 'NONE',  ( 1.000000000000000000, 0.000000000000000000, -0.000000000000000000 ) ) ;
#3463 = CARTESIAN_POINT ( 'NONE',  ( 2.269685039370077373, 1.894685039370078261, 0.000000000000000000 ) ) ;
#3464 = EDGE_CURVE ( 'NONE', #1736, #3588, #731, .T. ) ;
#3465 = PLANE ( 'NONE',  #1404 ) ;
#3466 = CARTESIAN_POINT ( 'NONE',  ( -1.743196128962297919, -1.462766449117713030, -0.4400608761296280758 ) ) ;
#3467 = DIRECTION ( 'NONE',  ( 1.000000000000000000, 0.000000000000000000, 0.000000000000000000 ) ) ;
#3468 = LINE ( 'NONE', #29, #1896 ) ;
#3469 = ORIENTED_EDGE ( 'NONE', *, *, #840, .F. ) ;
#3470 = ORIENTED_EDGE ( 'NONE', *, *, #2329, .F. ) ;
#3471 = CARTESIAN_POINT ( 'NONE',  ( 4.000039370078741108, -0.3553149606299210173, 0.7650000000000000133 ) ) ;
#3472 = ORIENTED_EDGE ( 'NONE', *, *, #315, .F. ) ;
#3473 = DIRECTION ( 'NONE',  ( 1.000000000000000000, 0.000000000000000000, 0.000000000000000000 ) ) ;
#3474 = ORIENTED_EDGE ( 'NONE', *, *, #1343, .F. ) ;
#3475 = CARTESIAN_POINT ( 'NONE',  ( -1.750000000000000222, -1.000000000000000222, -1.000000000000000222 ) ) ;
#3476 = CARTESIAN_POINT ( 'NONE',  ( 3.227415954382042429, -1.739999999999999991, -0.2500000000000000555 ) ) ;
#3477 = PLANE ( 'NONE',  #577 ) ;
#3478 = DIRECTION ( 'NONE',  ( -1.000000000000000000, 0.000000000000000000, 0.000000000000000000 ) ) ;
#3479 = DIRECTION ( 'NONE',  ( -0.000000000000000000, -0.000000000000000000, -1.000000000000000000 ) ) ;
#3480 = CARTESIAN_POINT ( 'NONE',  ( -2.325132225946211051, -1.494950572212385032, -0.3211408087915757492 ) ) ;
#3481 = ADVANCED_FACE ( 'NONE', ( #2991 ), #3587, .T. ) ;
#3482 =( LENGTH_UNIT ( ) NAMED_UNIT ( * ) SI_UNIT ( $, .METRE. ) );
#3483 = ORIENTED_EDGE ( 'NONE', *, *, #2867, .T. ) ;
#3484 = VERTEX_POINT ( 'NONE', #1023 ) ;
#3485 = ORIENTED_EDGE ( 'NONE', *, *, #2204, .T. ) ;
#3486 = DIRECTION ( 'NONE',  ( -7.284927983104701916E-16, 1.000000000000000000, 0.000000000000000000 ) ) ;
#3487 = EDGE_CURVE ( 'NONE', #3651, #2852, #133, .T. ) ;
#3488 = CIRCLE ( 'NONE', #90, 0.06249999999999995143 ) ;
#3489 = AXIS2_PLACEMENT_3D ( 'NONE', #1740, #2601, #3142 ) ;
#3490 = ORIENTED_EDGE ( 'NONE', *, *, #3188, .T. ) ;
#3491 = FACE_OUTER_BOUND ( 'NONE', #3170, .T. ) ;
#3492 = ADVANCED_FACE ( 'NONE', ( #1830 ), #185, .F. ) ;
#3493 = EDGE_LOOP ( 'NONE', ( #880, #1557, #55, #1432 ) ) ;
#3494 = LINE ( 'NONE', #934, #647 ) ;
#3495 = VECTOR ( 'NONE', #1825, 39.37007874015748143 ) ;
#3496 = CIRCLE ( 'NONE', #573, 1.000000000000000222 ) ;
#3497 = VECTOR ( 'NONE', #142, 39.37007874015748143 ) ;
#3498 = CARTESIAN_POINT ( 'NONE',  ( -1.618624466952019780, -1.849621369599834919, -0.2500000000000001110 ) ) ;
#3499 = VECTOR ( 'NONE', #1626, 39.37007874015748143 ) ;
#3500 = CARTESIAN_POINT ( 'NONE',  ( 3.730314960629923515, 1.140000000000000346, -0.2499999999999999722 ) ) ;
#3501 = VECTOR ( 'NONE', #148, 39.37007874015748143 ) ;
#3502 = AXIS2_PLACEMENT_3D ( 'NONE', #362, #2341, #2980 ) ;
#3503 = DIRECTION ( 'NONE',  ( -0.000000000000000000, -0.000000000000000000, -1.000000000000000000 ) ) ;
#3504 = CYLINDRICAL_SURFACE ( 'NONE', #2487, 0.1249999999999999029 ) ;
#3505 = CARTESIAN_POINT ( 'NONE',  ( 3.875000000000002220, 1.140000000000000346, -0.2499999999999999167 ) ) ;
#3506 = VECTOR ( 'NONE', #3427, 39.37007874015748143 ) ;
#3507 = DIRECTION ( 'NONE',  ( 1.000000000000000000, -0.000000000000000000, -0.000000000000000000 ) ) ;
#3508 = CARTESIAN_POINT ( 'NONE',  ( 4.000000000000000888, -1.140000000000000124, 0.000000000000000000 ) ) ;
#3509 = ORIENTED_EDGE ( 'NONE', *, *, #478, .F. ) ;
#3510 = ORIENTED_EDGE ( 'NONE', *, *, #2743, .F. ) ;
#3511 = DIRECTION ( 'NONE',  ( 0.000000000000000000, 0.000000000000000000, -1.000000000000000000 ) ) ;
#3512 = LINE ( 'NONE', #1864, #2903 ) ;
#3513 = ORIENTED_EDGE ( 'NONE', *, *, #520, .F. ) ;
#3514 = DIRECTION ( 'NONE',  ( 0.000000000000000000, 0.000000000000000000, 1.000000000000000000 ) ) ;
#3515 = ADVANCED_FACE ( 'NONE', ( #3286 ), #1324, .T. ) ;
#3516 = ORIENTED_EDGE ( 'NONE', *, *, #1446, .T. ) ;
#3517 = CARTESIAN_POINT ( 'NONE',  ( 2.500000000000000444, -2.499999999999999556, -0.2500000000000000000 ) ) ;
#3518 = EDGE_CURVE ( 'NONE', #3533, #3575, #765, .T. ) ;
#3519 = ORIENTED_EDGE ( 'NONE', *, *, #1502, .F. ) ;
#3520 = CARTESIAN_POINT ( 'NONE',  ( -1.500000000000000222, -1.968245836551854477, -0.2500000000000000000 ) ) ;
#3521 = LINE ( 'NONE', #101, #3617 ) ;
#3522 = DIRECTION ( 'NONE',  ( 1.000000000000000000, 1.092739197465706076E-15, 0.000000000000000000 ) ) ;
#3523 = CARTESIAN_POINT ( 'NONE',  ( 2.269685039370077373, 1.894685039370078261, 0.000000000000000000 ) ) ;
#3524 = DIRECTION ( 'NONE',  ( 1.000000000000000000, 0.000000000000000000, 0.000000000000000000 ) ) ;
#3525 = CARTESIAN_POINT ( 'NONE',  ( 0.5196850393700778170, -0.8750000000000008882, 0.2500000000000000000 ) ) ;
#3526 = VERTEX_POINT ( 'NONE', #2233 ) ;
#3527 = ORIENTED_EDGE ( 'NONE', *, *, #2508, .F. ) ;
#3528 = CARTESIAN_POINT ( 'NONE',  ( -2.256803871037702081, 1.462766449117713030, -0.4400608761296280758 ) ) ;
#3529 = CARTESIAN_POINT ( 'NONE',  ( 2.269685039370077817, -0.6250000000000005551, 0.2500000000000000000 ) ) ;
#3530 = EDGE_CURVE ( 'NONE', #2502, #251, #1635, .T. ) ;
#3531 = VERTEX_POINT ( 'NONE', #2501 ) ;
#3532 = CARTESIAN_POINT ( 'NONE',  ( 2.519685039370077373, 2.144685039370078261, 0.2500000000000000000 ) ) ;
#3533 = VERTEX_POINT ( 'NONE', #3355 ) ;
#3534 = FACE_OUTER_BOUND ( 'NONE', #1688, .T. ) ;
#3535 = EDGE_CURVE ( 'NONE', #525, #2502, #1816, .T. ) ;
#3536 = ORIENTED_EDGE ( 'NONE', *, *, #141, .T. ) ;
#3537 = CARTESIAN_POINT ( 'NONE',  ( 3.210563156939623131, -1.739999999999999991, -0.2500000000000000000 ) ) ;
#3538 = CARTESIAN_POINT ( 'NONE',  ( 1.304685039370077737, 2.019685039370078261, -0.2500000000000000555 ) ) ;
#3539 = EDGE_CURVE ( 'NONE', #1579, #2978, #1695, .T. ) ;
#3540 = DIRECTION ( 'NONE',  ( 1.000000000000000000, 0.000000000000000000, 0.000000000000000000 ) ) ;
#3541 = CARTESIAN_POINT ( 'NONE',  ( 2.519685039370077817, -0.7500000000000005551, 0.2500000000000000000 ) ) ;
#3542 = CARTESIAN_POINT ( 'NONE',  ( -2.625000000000001776, 0.3946850393700783166, 0.000000000000000000 ) ) ;
#3543 = PLANE ( 'NONE',  #3446 ) ;
#3544 = ORIENTED_EDGE ( 'NONE', *, *, #14, .F. ) ;
#3545 = ORIENTED_EDGE ( 'NONE', *, *, #3059, .T. ) ;
#3546 = FACE_OUTER_BOUND ( 'NONE', #2497, .T. ) ;
#3547 = DIRECTION ( 'NONE',  ( 1.809359557733305771E-16, -1.000000000000000000, 0.000000000000000000 ) ) ;
#3548 = ORIENTED_EDGE ( 'NONE', *, *, #2972, .T. ) ;
#3549 = CARTESIAN_POINT ( 'NONE',  ( 2.207185039370077373, 1.894685039370078261, 0.2500000000000000000 ) ) ;
#3550 = ORIENTED_EDGE ( 'NONE', *, *, #2574, .F. ) ;
#3551 = ORIENTED_EDGE ( 'NONE', *, *, #2860, .T. ) ;
#3552 = FACE_OUTER_BOUND ( 'NONE', #1079, .T. ) ;
#3553 = DIRECTION ( 'NONE',  ( 1.208866533781747157E-16, -1.000000000000000000, 0.000000000000000000 ) ) ;
#3554 = EDGE_CURVE ( 'NONE', #1508, #470, #2464, .T. ) ;
#3555 = TOROIDAL_SURFACE ( 'NONE', #1464, 0.7500000000001116884, 0.2500000000000000000 ) ;
#3556 = LINE ( 'NONE', #998, #2728 ) ;
#3557 = VECTOR ( 'NONE', #886, 39.37007874015748143 ) ;
#3558 = VECTOR ( 'NONE', #231, 39.37007874015748143 ) ;
#3559 = VECTOR ( 'NONE', #1619, 39.37007874015748143 ) ;
#3560 = EDGE_CURVE ( 'NONE', #993, #2022, #3649, .T. ) ;
#3561 = LINE ( 'NONE', #1841, #1172 ) ;
#3562 = CARTESIAN_POINT ( 'NONE',  ( 3.875000000000004885, 2.500039370078740664, -0.2499999999999999722 ) ) ;
#3563 = VECTOR ( 'NONE', #3658, 39.37007874015748143 ) ;
#3564 = EDGE_CURVE ( 'NONE', #3378, #2934, #1671, .T. ) ;
#3565 = DIRECTION ( 'NONE',  ( 1.000000000000000000, -0.000000000000000000, -0.000000000000000000 ) ) ;
#3566 = ORIENTED_EDGE ( 'NONE', *, *, #378, .F. ) ;
#3567 = ORIENTED_EDGE ( 'NONE', *, *, #1300, .T. ) ;
#3568 = AXIS2_PLACEMENT_3D ( 'NONE', #3115, #560, #1697 ) ;
#3569 = DIRECTION ( 'NONE',  ( 0.000000000000000000, 0.000000000000000000, 1.000000000000000000 ) ) ;
#3570 = FACE_OUTER_BOUND ( 'NONE', #25, .T. ) ;
#3571 = DIRECTION ( 'NONE',  ( 0.000000000000000000, -1.000000000000000000, 0.000000000000000000 ) ) ;
#3572 = ORIENTED_EDGE ( 'NONE', *, *, #2575, .F. ) ;
#3573 = ORIENTED_EDGE ( 'NONE', *, *, #1729, .F. ) ;
#3574 = VECTOR ( 'NONE', #1365, 39.37007874015748143 ) ;
#3575 = VERTEX_POINT ( 'NONE', #249 ) ;
#3576 = DIRECTION ( 'NONE',  ( 1.000000000000000000, -0.000000000000000000, -0.000000000000000000 ) ) ;
#3577 = LINE ( 'NONE', #2440, #2376 ) ;
#3578 = ADVANCED_FACE ( 'NONE', ( #794 ), #1377, .T. ) ;
#3579 = DIRECTION ( 'NONE',  ( -1.000000000000000000, 0.000000000000000000, 0.000000000000000000 ) ) ;
#3580 = DIRECTION ( 'NONE',  ( 0.000000000000000000, 1.000000000000000000, -0.000000000000000000 ) ) ;
#3581 = EDGE_CURVE ( 'NONE', #1327, #2978, #1340, .T. ) ;
#3582 = LINE ( 'NONE', #3297, #1237 ) ;
#3583 = ORIENTED_EDGE ( 'NONE', *, *, #537, .T. ) ;
#3584 = DIRECTION ( 'NONE',  ( -0.000000000000000000, -0.000000000000000000, 1.000000000000000000 ) ) ;
#3585 = CARTESIAN_POINT ( 'NONE',  ( -1.105314960629922183, 0.000000000000000000, 0.3749999999999999445 ) ) ;
#3586 = ADVANCED_FACE ( 'NONE', ( #271 ), #3090, .F. ) ;
#3587 = PLANE ( 'NONE',  #1097 ) ;
#3588 = VERTEX_POINT ( 'NONE', #233 ) ;
#3589 = ORIENTED_EDGE ( 'NONE', *, *, #1571, .F. ) ;
#3590 = CARTESIAN_POINT ( 'NONE',  ( -2.000000000000001776, 2.144685039370077817, 0.2500000000000000000 ) ) ;
#3591 = LINE ( 'NONE', #3628, #2610 ) ;
#3592 = CARTESIAN_POINT ( 'NONE',  ( -1.687500000000001554, 1.832185039370077817, 0.2500000000000000000 ) ) ;
#3593 = CYLINDRICAL_SURFACE ( 'NONE', #871, 0.1446850393700786497 ) ;
#3594 = CYLINDRICAL_SURFACE ( 'NONE', #409, 0.1446850393700786497 ) ;
#3595 = ORIENTED_EDGE ( 'NONE', *, *, #2940, .F. ) ;
#3596 = CARTESIAN_POINT ( 'NONE',  ( -1.875000000000001554, -3.392549170749951156E-16, 0.1250000000000000000 ) ) ;
#3597 = CARTESIAN_POINT ( 'NONE',  ( 2.269685039370077373, 1.832185039370078261, 0.000000000000000000 ) ) ;
#3598 = EDGE_CURVE ( 'NONE', #2108, #2897, #2516, .T. ) ;
#3599 = LINE ( 'NONE', #3270, #3364 ) ;
#3600 = ORIENTED_EDGE ( 'NONE', *, *, #1186, .F. ) ;
#3601 = ADVANCED_FACE ( 'NONE', ( #1062 ), #3667, .F. ) ;
#3602 = EDGE_CURVE ( 'NONE', #2852, #1289, #1111, .T. ) ;
#3603 = VERTEX_POINT ( 'NONE', #2254 ) ;
#3604 = CARTESIAN_POINT ( 'NONE',  ( 3.360240048909529875, -1.740000000000000213, -0.2948395637621066268 ) ) ;
#3605 = CARTESIAN_POINT ( 'NONE',  ( -2.500000000000000000, 1.000000000000000000, -0.5000000000000000000 ) ) ;
#3606 = AXIS2_PLACEMENT_3D ( 'NONE', #170, #1251, #3301 ) ;
#3607 = CARTESIAN_POINT ( 'NONE',  ( -1.747429458517555823, -1.720816378034298433, -0.4582901721996129329 ) ) ;
#3608 = CYLINDRICAL_SURFACE ( 'NONE', #997, 0.1250000000000000000 ) ;
#3609 = DIRECTION ( 'NONE',  ( -1.000000000000000000, -3.642463991552351451E-16, 0.000000000000000000 ) ) ;
#3610 = VECTOR ( 'NONE', #411, 39.37007874015748143 ) ;
#3611 = AXIS2_PLACEMENT_3D ( 'NONE', #2942, #3580, #1784 ) ;
#3612 = CARTESIAN_POINT ( 'NONE',  ( -2.252570541482444177, 1.720816378034298433, -0.4582901721996129329 ) ) ;
#3613 = VECTOR ( 'NONE', #2608, 39.37007874015748143 ) ;
#3614 = ORIENTED_EDGE ( 'NONE', *, *, #1446, .F. ) ;
#3615 = DIRECTION ( 'NONE',  ( -0.000000000000000000, -0.000000000000000000, 1.000000000000000000 ) ) ;
#3616 = CARTESIAN_POINT ( 'NONE',  ( 0.7696850393700778170, -0.6250000000000011102, 0.8750000000000000000 ) ) ;
#3617 = VECTOR ( 'NONE', #1240, 39.37007874015748143 ) ;
#3618 = VECTOR ( 'NONE', #1216, 39.37007874015748143 ) ;
#3619 = VECTOR ( 'NONE', #1014, 39.37007874015748143 ) ;
#3620 = DIRECTION ( 'NONE',  ( 0.000000000000000000, 0.000000000000000000, -1.000000000000000000 ) ) ;
#3621 = ORIENTED_EDGE ( 'NONE', *, *, #1039, .T. ) ;
#3622 = VERTEX_POINT ( 'NONE', #3106 ) ;
#3623 = AXIS2_PLACEMENT_3D ( 'NONE', #493, #1630, #3086 ) ;
#3624 = ADVANCED_FACE ( 'NONE', ( #2270 ), #3407, .T. ) ;
#3625 = VERTEX_POINT ( 'NONE', #1621 ) ;
#3626 = DIRECTION ( 'NONE',  ( 1.000000000000000000, 1.809359557733305771E-16, -0.000000000000000000 ) ) ;
#3627 = EDGE_CURVE ( 'NONE', #1917, #2382, #1935, .T. ) ;
#3628 = CARTESIAN_POINT ( 'NONE',  ( 2.519685039370077373, 2.144685039370078261, 0.000000000000000000 ) ) ;
#3629 = LINE ( 'NONE', #1030, #2241 ) ;
#3630 = CARTESIAN_POINT ( 'NONE',  ( -1.500000000000000222, 1.500000000000000444, -0.2500000000000000000 ) ) ;
#3631 = CYLINDRICAL_SURFACE ( 'NONE', #36, 0.06250000000000022204 ) ;
#3632 = CARTESIAN_POINT ( 'NONE',  ( -1.687500000000001554, 1.894685039370077817, 0.000000000000000000 ) ) ;
#3633 = EDGE_LOOP ( 'NONE', ( #1418, #2590, #253, #2765, #3674, #1553, #3396, #85 ) ) ;
#3634 = CARTESIAN_POINT ( 'NONE',  ( -2.250000000000000000, 1.000000000000000222, -1.000000000000000222 ) ) ;
#3635 = DIRECTION ( 'NONE',  ( -1.000000000000000000, 0.000000000000000000, 0.000000000000000000 ) ) ;
#3636 = DIRECTION ( 'NONE',  ( -1.000000000000000000, 0.000000000000000000, 0.000000000000000000 ) ) ;
#3637 = ORIENTED_EDGE ( 'NONE', *, *, #1912, .T. ) ;
#3638 = ADVANCED_FACE ( 'NONE', ( #2202 ), #1657, .F. ) ;
#3639 = ORIENTED_EDGE ( 'NONE', *, *, #1109, .T. ) ;
#3640 = ORIENTED_EDGE ( 'NONE', *, *, #2387, .T. ) ;
#3641 = LINE ( 'NONE', #3082, #1539 ) ;
#3642 = SURFACE_STYLE_USAGE ( .BOTH. , #1316 ) ;
#3643 = DIRECTION ( 'NONE',  ( 0.000000000000000000, 0.000000000000000000, -1.000000000000000000 ) ) ;
#3644 = EDGE_CURVE ( 'NONE', #1991, #1959, #1488, .T. ) ;
#3645 = CARTESIAN_POINT ( 'NONE',  ( 4.000000000000000888, 1.739999999999999991, -0.3749999999999999445 ) ) ;
#3646 = ORIENTED_EDGE ( 'NONE', *, *, #3602, .T. ) ;
#3647 = CARTESIAN_POINT ( 'NONE',  ( -2.000000000000001776, 0.1446850393700783721, 1.000000000000000000 ) ) ;
#3648 = CARTESIAN_POINT ( 'NONE',  ( 0.8946850393700779280, -0.8750000000000007772, 0.000000000000000000 ) ) ;
#3649 = LINE ( 'NONE', #829, #861 ) ;
#3650 = ORIENTED_EDGE ( 'NONE', *, *, #2375, .F. ) ;
#3651 = VERTEX_POINT ( 'NONE', #1746 ) ;
#3652 = ORIENTED_EDGE ( 'NONE', *, *, #3560, .F. ) ;
#3653 = ORIENTED_EDGE ( 'NONE', *, *, #2167, .F. ) ;
#3654 = ORIENTED_EDGE ( 'NONE', *, *, #2817, .T. ) ;
#3655 = EDGE_CURVE ( 'NONE', #1584, #1155, #2346, .T. ) ;
#3656 = CARTESIAN_POINT ( 'NONE',  ( -1.750000000000000222, 1.433012701892219187, -0.5000000000000000000 ) ) ;
#3657 = DIRECTION ( 'NONE',  ( 0.000000000000000000, 0.000000000000000000, -1.000000000000000000 ) ) ;
#3658 = DIRECTION ( 'NONE',  ( 0.000000000000000000, 0.000000000000000000, 1.000000000000000000 ) ) ;
#3659 = FACE_OUTER_BOUND ( 'NONE', #1607, .T. ) ;
#3660 = EDGE_CURVE ( 'NONE', #3264, #1275, #1147, .T. ) ;
#3661 = AXIS2_PLACEMENT_3D ( 'NONE', #3027, #3571, #2152 ) ;
#3662 = VERTEX_POINT ( 'NONE', #2034 ) ;
#3663 = DIRECTION ( 'NONE',  ( -1.208866533781747157E-16, 1.000000000000000000, 0.000000000000000000 ) ) ;
#3664 = ADVANCED_FACE ( 'NONE', ( #2070 ), #2629, .T. ) ;
#3665 = VECTOR ( 'NONE', #1812, 39.37007874015748143 ) ;
#3666 =( GEOMETRIC_REPRESENTATION_CONTEXT ( 3 ) GLOBAL_UNCERTAINTY_ASSIGNED_CONTEXT ( ( #1778 ) ) GLOBAL_UNIT_ASSIGNED_CONTEXT ( ( #1599, #1016, #3310 ) ) REPRESENTATION_CONTEXT ( 'NONE', 'WORKASPACE' ) );
#3667 = PLANE ( 'NONE',  #1601 ) ;
#3668 = DIRECTION ( 'NONE',  ( 6.070773319253905641E-15, 1.000000000000000000, 0.000000000000000000 ) ) ;
#3669 = VECTOR ( 'NONE', #3201, 39.37007874015748143 ) ;
#3670 = VERTEX_POINT ( 'NONE', #2569 ) ;
#3671 = VECTOR ( 'NONE', #2695, 39.37007874015748143 ) ;
#3672 = ORIENTED_EDGE ( 'NONE', *, *, #1528, .T. ) ;
#3673 = AXIS2_PLACEMENT_3D ( 'NONE', #2178, #1760, #594 ) ;
#3674 = ORIENTED_EDGE ( 'NONE', *, *, #1678, .T. ) ;
#3675 = VERTEX_POINT ( 'NONE', #943 ) ;
#3676 = VERTEX_POINT ( 'NONE', #84 ) ;
#3677 =( BOUNDED_CURVE ( )  B_SPLINE_CURVE ( 3, ( #3616, #3058, #3089, #3105 ),
 .UNSPECIFIED., .F., .F. ) 
 B_SPLINE_CURVE_WITH_KNOTS ( ( 4, 4 ),
 ( 0.000000000000000000, 1.570796326794896558 ),
 .UNSPECIFIED. ) 
 CURVE ( )  GEOMETRIC_REPRESENTATION_ITEM ( )  RATIONAL_B_SPLINE_CURVE ( ( 1.000000000000000000, 0.8047378541243649375, 0.8047378541243649375, 1.000000000000000000 ) ) 
 REPRESENTATION_ITEM ( '' )  );
#3678 = VECTOR ( 'NONE', #3331, 39.37007874015748143 ) ;
#3679 = LINE ( 'NONE', #839, #1834 ) ;
#3680 = ADVANCED_FACE ( 'NONE', ( #310 ), #2887, .T. ) ;
#3681 = CARTESIAN_POINT ( 'NONE',  ( -2.625000000000001776, 0.2696850393700783721, 0.000000000000000000 ) ) ;
#3682 = FACE_OUTER_BOUND ( 'NONE', #2453, .T. ) ;
#3683 = LINE ( 'NONE', #1124, #3075 ) ;
#3684 = ORIENTED_EDGE ( 'NONE', *, *, #2820, .T. ) ;
#3685 = CARTESIAN_POINT ( 'NONE',  ( -1.875000000000001776, 2.019685039370077817, 0.2500000000000000000 ) ) ;
#3686 = CARTESIAN_POINT ( 'NONE',  ( -1.702255078577700420, -1.489675157217478674, -0.3521144059012444316 ) ) ;
#3687 = ADVANCED_FACE ( 'NONE', ( #2017 ), #1767, .F. ) ;
#3688 = DIRECTION ( 'NONE',  ( -0.000000000000000000, -0.000000000000000000, -1.000000000000000000 ) ) ;
#3689 = CARTESIAN_POINT ( 'NONE',  ( -2.500000000000000000, -2.500000000000000444, -0.2500000000000000000 ) ) ;
#3690 = ORIENTED_EDGE ( 'NONE', *, *, #2899, .T. ) ;
#3691 = ORIENTED_EDGE ( 'NONE', *, *, #533, .T. ) ;
#3692 = EDGE_CURVE ( 'NONE', #1361, #1631, #1273, .T. ) ;
#3693 = ORIENTED_EDGE ( 'NONE', *, *, #2192, .F. ) ;
#3694 = EDGE_LOOP ( 'NONE', ( #1811, #2559, #1341, #2745 ) ) ;
#3695 = FACE_OUTER_BOUND ( 'NONE', #2030, .T. ) ;
ENDSEC;
END-ISO-10303-21;
