ISO-10303-21;
HEADER;
FILE_DESCRIPTION(('KiCad electronic assembly'),'2;1');
FILE_NAME('Smart_locker_step.step','2026-05-06T21:40:22',('Pcbnew'),(
    'Kicad'),'Open CASCADE STEP processor 7.9','KiCad to STEP converter'
  ,'Unknown');
FILE_SCHEMA(('AUTOMOTIVE_DESIGN { 1 0 10303 214 1 1 1 1 }'));
ENDSEC;
DATA;
#1 = APPLICATION_PROTOCOL_DEFINITION('international standard',
  'automotive_design',2000,#2);
#2 = APPLICATION_CONTEXT(
  'core data for automotive mechanical design processes');
#3 = SHAPE_DEFINITION_REPRESENTATION(#4,#10);
#4 = PRODUCT_DEFINITION_SHAPE('','',#5);
#5 = PRODUCT_DEFINITION('design','',#6,#9);
#6 = PRODUCT_DEFINITION_FORMATION('','',#7);
#7 = PRODUCT('Smart_locker_step 1','Smart_locker_step 1','',(#8));
#8 = PRODUCT_CONTEXT('',#2,'mechanical');
#9 = PRODUCT_DEFINITION_CONTEXT('part definition',#2,'design');
#10 = SHAPE_REPRESENTATION('',(#11,#15,#19,#23,#27,#31,#35,#39,#43,#47,
    #51,#55,#59,#63,#67,#71,#75,#79,#83,#87,#91,#95,#99,#103,#107,#111),
  #115);
#11 = AXIS2_PLACEMENT_3D('',#12,#13,#14);
#12 = CARTESIAN_POINT('',(0.,0.,0.));
#13 = DIRECTION('',(0.,0.,1.));
#14 = DIRECTION('',(1.,0.,-0.));
#15 = AXIS2_PLACEMENT_3D('',#16,#17,#18);
#16 = CARTESIAN_POINT('',(159.78,-75.24,1.595));
#17 = DIRECTION('',(0.,0.,1.));
#18 = DIRECTION('',(1.,0.,0.));
#19 = AXIS2_PLACEMENT_3D('',#20,#21,#22);
#20 = CARTESIAN_POINT('',(158.59,-90.74,1.595));
#21 = DIRECTION('',(0.,0.,1.));
#22 = DIRECTION('',(1.,0.,0.));
#23 = AXIS2_PLACEMENT_3D('',#24,#25,#26);
#24 = CARTESIAN_POINT('',(175.9,-83.24,1.595));
#25 = DIRECTION('',(0.,0.,1.));
#26 = DIRECTION('',(1.,0.,0.));
#27 = AXIS2_PLACEMENT_3D('',#28,#29,#30);
#28 = CARTESIAN_POINT('',(131.74,-104.74,1.595));
#29 = DIRECTION('',(0.,0.,1.));
#30 = DIRECTION('',(1.,0.,0.));
#31 = AXIS2_PLACEMENT_3D('',#32,#33,#34);
#32 = CARTESIAN_POINT('',(121.94,-106.62,1.595));
#33 = DIRECTION('',(0.,0.,1.));
#34 = DIRECTION('',(1.,0.,0.));
#35 = AXIS2_PLACEMENT_3D('',#36,#37,#38);
#36 = CARTESIAN_POINT('',(123.76,-51.35,1.595));
#37 = DIRECTION('',(0.,0.,1.));
#38 = DIRECTION('',(1.,0.,0.));
#39 = AXIS2_PLACEMENT_3D('',#40,#41,#42);
#40 = CARTESIAN_POINT('',(170.94,-85.24,1.595));
#41 = DIRECTION('',(0.,0.,1.));
#42 = DIRECTION('',(-1.,1.224646799147E-16,0.));
#43 = AXIS2_PLACEMENT_3D('',#44,#45,#46);
#44 = CARTESIAN_POINT('',(124.44,-99.94,1.595));
#45 = DIRECTION('',(0.,-0.,1.));
#46 = DIRECTION('',(1.110223024625E-16,1.,0.));
#47 = AXIS2_PLACEMENT_3D('',#48,#49,#50);
#48 = CARTESIAN_POINT('',(168.69,-39.24,1.595));
#49 = DIRECTION('',(0.,0.,1.));
#50 = DIRECTION('',(1.,0.,0.));
#51 = AXIS2_PLACEMENT_3D('',#52,#53,#54);
#52 = CARTESIAN_POINT('',(131.9,-87.24,1.595));
#53 = DIRECTION('',(0.,0.,1.));
#54 = DIRECTION('',(1.,0.,0.));
#55 = AXIS2_PLACEMENT_3D('',#56,#57,#58);
#56 = CARTESIAN_POINT('',(131.74,-124.74,1.595));
#57 = DIRECTION('',(0.,0.,1.));
#58 = DIRECTION('',(1.,0.,0.));
#59 = AXIS2_PLACEMENT_3D('',#60,#61,#62);
#60 = CARTESIAN_POINT('',(131.74,-116.74,1.595));
#61 = DIRECTION('',(0.,0.,1.));
#62 = DIRECTION('',(1.,0.,0.));
#63 = AXIS2_PLACEMENT_3D('',#64,#65,#66);
#64 = CARTESIAN_POINT('',(159.86,-70.69,1.595));
#65 = DIRECTION('',(0.,0.,1.));
#66 = DIRECTION('',(1.,0.,0.));
#67 = AXIS2_PLACEMENT_3D('',#68,#69,#70);
#68 = CARTESIAN_POINT('',(131.74,-100.74,1.595));
#69 = DIRECTION('',(0.,0.,1.));
#70 = DIRECTION('',(1.,0.,0.));
#71 = AXIS2_PLACEMENT_3D('',#72,#73,#74);
#72 = CARTESIAN_POINT('',(131.74,-108.74,1.595));
#73 = DIRECTION('',(0.,0.,1.));
#74 = DIRECTION('',(1.,0.,0.));
#75 = AXIS2_PLACEMENT_3D('',#76,#77,#78);
#76 = CARTESIAN_POINT('',(176.4,-72.74,1.595));
#77 = DIRECTION('',(0.,0.,1.));
#78 = DIRECTION('',(1.,0.,0.));
#79 = AXIS2_PLACEMENT_3D('',#80,#81,#82);
#80 = CARTESIAN_POINT('',(126.44,-71.74,1.595));
#81 = DIRECTION('',(-0.,0.,1.));
#82 = DIRECTION('',(1.110223024625E-16,-1.,0.));
#83 = AXIS2_PLACEMENT_3D('',#84,#85,#86);
#84 = CARTESIAN_POINT('',(174.94,-119.7,1.595));
#85 = DIRECTION('',(0.,0.,1.));
#86 = DIRECTION('',(1.,0.,0.));
#87 = AXIS2_PLACEMENT_3D('',#88,#89,#90);
#88 = CARTESIAN_POINT('',(131.74,-112.74,1.595));
#89 = DIRECTION('',(0.,0.,1.));
#90 = DIRECTION('',(1.,0.,0.));
#91 = AXIS2_PLACEMENT_3D('',#92,#93,#94);
#92 = CARTESIAN_POINT('',(152.24,-124.24,1.595));
#93 = DIRECTION('',(0.,0.,1.));
#94 = DIRECTION('',(1.,0.,0.));
#95 = AXIS2_PLACEMENT_3D('',#96,#97,#98);
#96 = CARTESIAN_POINT('',(152.78,-111.74,1.595));
#97 = DIRECTION('',(0.,0.,1.));
#98 = DIRECTION('',(1.,0.,0.));
#99 = AXIS2_PLACEMENT_3D('',#100,#101,#102);
#100 = CARTESIAN_POINT('',(131.74,-120.74,1.595));
#101 = DIRECTION('',(0.,0.,1.));
#102 = DIRECTION('',(1.,0.,0.));
#103 = AXIS2_PLACEMENT_3D('',#104,#105,#106);
#104 = CARTESIAN_POINT('',(166.94,-118.74,1.595));
#105 = DIRECTION('',(0.,-0.,1.));
#106 = DIRECTION('',(1.110223024625E-16,1.,0.));
#107 = AXIS2_PLACEMENT_3D('',#108,#109,#110);
#108 = CARTESIAN_POINT('',(159.78,-80.24,1.595));
#109 = DIRECTION('',(0.,0.,1.));
#110 = DIRECTION('',(1.,0.,0.));
#111 = AXIS2_PLACEMENT_3D('',#112,#113,#114);
#112 = CARTESIAN_POINT('',(0.,0.,0.));
#113 = DIRECTION('',(0.,0.,1.));
#114 = DIRECTION('',(1.,0.,-0.));
#115 = ( GEOMETRIC_REPRESENTATION_CONTEXT(3) 
GLOBAL_UNCERTAINTY_ASSIGNED_CONTEXT((#119)) GLOBAL_UNIT_ASSIGNED_CONTEXT
((#116,#117,#118)) REPRESENTATION_CONTEXT('Context #1',
  '3D Context with UNIT and UNCERTAINTY') );
#116 = ( LENGTH_UNIT() NAMED_UNIT(*) SI_UNIT(.MILLI.,.METRE.) );
#117 = ( NAMED_UNIT(*) PLANE_ANGLE_UNIT() SI_UNIT($,.RADIAN.) );
#118 = ( NAMED_UNIT(*) SI_UNIT($,.STERADIAN.) SOLID_ANGLE_UNIT() );
#119 = UNCERTAINTY_MEASURE_WITH_UNIT(LENGTH_MEASURE(2.E-07),#116,
  'distance_accuracy_value','confusion accuracy');
#120 = PRODUCT_RELATED_PRODUCT_CATEGORY('part',$,(#7));
#121 = SHAPE_DEFINITION_REPRESENTATION(#122,#128);
#122 = PRODUCT_DEFINITION_SHAPE('','',#123);
#123 = PRODUCT_DEFINITION('design','',#124,#127);
#124 = PRODUCT_DEFINITION_FORMATION('','',#125);
#125 = PRODUCT('R_Axial_DIN0207_L6.3mm_D2.5mm_P10.16mm_Horizontal',
  'R_Axial_DIN0207_L6.3mm_D2.5mm_P10.16mm_Horizontal','',(#126));
#126 = PRODUCT_CONTEXT('',#2,'mechanical');
#127 = PRODUCT_DEFINITION_CONTEXT('part definition',#2,'design');
#128 = ADVANCED_BREP_SHAPE_REPRESENTATION('',(#11,#129),#516);
#129 = MANIFOLD_SOLID_BREP('',#130);
#130 = CLOSED_SHELL('',(#131,#164,#190,#210,#230,#255,#280,#300,#326,
    #351,#376,#402,#411,#431,#456,#482,#507));
#131 = ADVANCED_FACE('',(#132),#159,.T.);
#132 = FACE_BOUND('',#133,.T.);
#133 = EDGE_LOOP('',(#134,#143,#151,#158));
#134 = ORIENTED_EDGE('',*,*,#135,.T.);
#135 = EDGE_CURVE('',#136,#136,#138,.T.);
#136 = VERTEX_POINT('',#137);
#137 = CARTESIAN_POINT('',(2.555,1.25,1.25));
#138 = CIRCLE('',#139,1.25);
#139 = AXIS2_PLACEMENT_3D('',#140,#141,#142);
#140 = CARTESIAN_POINT('',(2.555,0.,1.25));
#141 = DIRECTION('',(1.,0.,0.));
#142 = DIRECTION('',(-0.,1.,0.));
#143 = ORIENTED_EDGE('',*,*,#144,.T.);
#144 = EDGE_CURVE('',#136,#145,#147,.T.);
#145 = VERTEX_POINT('',#146);
#146 = CARTESIAN_POINT('',(3.505,1.25,1.25));
#147 = LINE('',#148,#149);
#148 = CARTESIAN_POINT('',(1.93,1.25,1.25));
#149 = VECTOR('',#150,1.);
#150 = DIRECTION('',(1.,0.,0.));
#151 = ORIENTED_EDGE('',*,*,#152,.F.);
#152 = EDGE_CURVE('',#145,#145,#153,.T.);
#153 = CIRCLE('',#154,1.25);
#154 = AXIS2_PLACEMENT_3D('',#155,#156,#157);
#155 = CARTESIAN_POINT('',(3.505,0.,1.25));
#156 = DIRECTION('',(1.,0.,0.));
#157 = DIRECTION('',(-0.,1.,0.));
#158 = ORIENTED_EDGE('',*,*,#144,.F.);
#159 = CYLINDRICAL_SURFACE('',#160,1.25);
#160 = AXIS2_PLACEMENT_3D('',#161,#162,#163);
#161 = CARTESIAN_POINT('',(1.93,0.,1.25));
#162 = DIRECTION('',(-1.,-0.,-0.));
#163 = DIRECTION('',(0.,1.,0.));
#164 = ADVANCED_FACE('',(#165),#185,.T.);
#165 = FACE_BOUND('',#166,.T.);
#166 = EDGE_LOOP('',(#167,#176,#183,#184));
#167 = ORIENTED_EDGE('',*,*,#168,.T.);
#168 = EDGE_CURVE('',#169,#169,#171,.T.);
#169 = VERTEX_POINT('',#170);
#170 = CARTESIAN_POINT('',(1.93,0.625,1.25));
#171 = CIRCLE('',#172,0.625);
#172 = AXIS2_PLACEMENT_3D('',#173,#174,#175);
#173 = CARTESIAN_POINT('',(1.93,0.,1.25));
#174 = DIRECTION('',(1.,0.,0.));
#175 = DIRECTION('',(-0.,1.,0.));
#176 = ORIENTED_EDGE('',*,*,#177,.F.);
#177 = EDGE_CURVE('',#136,#169,#178,.T.);
#178 = CIRCLE('',#179,0.625);
#179 = AXIS2_PLACEMENT_3D('',#180,#181,#182);
#180 = CARTESIAN_POINT('',(2.555,0.625,1.25));
#181 = DIRECTION('',(0.,-0.,1.));
#182 = DIRECTION('',(0.,1.,0.));
#183 = ORIENTED_EDGE('',*,*,#135,.F.);
#184 = ORIENTED_EDGE('',*,*,#177,.T.);
#185 = TOROIDAL_SURFACE('',#186,0.625,0.625);
#186 = AXIS2_PLACEMENT_3D('',#187,#188,#189);
#187 = CARTESIAN_POINT('',(2.555,0.,1.25));
#188 = DIRECTION('',(-1.,0.,0.));
#189 = DIRECTION('',(0.,1.,0.));
#190 = ADVANCED_FACE('',(#191,#194),#205,.F.);
#191 = FACE_BOUND('',#192,.F.);
#192 = EDGE_LOOP('',(#193));
#193 = ORIENTED_EDGE('',*,*,#152,.F.);
#194 = FACE_BOUND('',#195,.F.);
#195 = EDGE_LOOP('',(#196));
#196 = ORIENTED_EDGE('',*,*,#197,.F.);
#197 = EDGE_CURVE('',#198,#198,#200,.T.);
#198 = VERTEX_POINT('',#199);
#199 = CARTESIAN_POINT('',(3.505,1.125,1.25));
#200 = CIRCLE('',#201,1.125);
#201 = AXIS2_PLACEMENT_3D('',#202,#203,#204);
#202 = CARTESIAN_POINT('',(3.505,0.,1.25));
#203 = DIRECTION('',(-1.,0.,0.));
#204 = DIRECTION('',(0.,1.,0.));
#205 = PLANE('',#206);
#206 = AXIS2_PLACEMENT_3D('',#207,#208,#209);
#207 = CARTESIAN_POINT('',(3.505,1.25,1.25));
#208 = DIRECTION('',(-1.,0.,0.));
#209 = DIRECTION('',(0.,0.,-1.));
#210 = ADVANCED_FACE('',(#211,#214),#225,.T.);
#211 = FACE_BOUND('',#212,.T.);
#212 = EDGE_LOOP('',(#213));
#213 = ORIENTED_EDGE('',*,*,#168,.F.);
#214 = FACE_BOUND('',#215,.T.);
#215 = EDGE_LOOP('',(#216));
#216 = ORIENTED_EDGE('',*,*,#217,.T.);
#217 = EDGE_CURVE('',#218,#218,#220,.T.);
#218 = VERTEX_POINT('',#219);
#219 = CARTESIAN_POINT('',(1.93,0.,0.95));
#220 = CIRCLE('',#221,0.3);
#221 = AXIS2_PLACEMENT_3D('',#222,#223,#224);
#222 = CARTESIAN_POINT('',(1.93,0.,1.25));
#223 = DIRECTION('',(1.,-0.,0.));
#224 = DIRECTION('',(0.,0.,-1.));
#225 = PLANE('',#226);
#226 = AXIS2_PLACEMENT_3D('',#227,#228,#229);
#227 = CARTESIAN_POINT('',(1.93,1.25,1.25));
#228 = DIRECTION('',(-1.,0.,0.));
#229 = DIRECTION('',(0.,0.,-1.));
#230 = ADVANCED_FACE('',(#231),#250,.T.);
#231 = FACE_BOUND('',#232,.T.);
#232 = EDGE_LOOP('',(#233,#242,#248,#249));
#233 = ORIENTED_EDGE('',*,*,#234,.T.);
#234 = EDGE_CURVE('',#235,#235,#237,.T.);
#235 = VERTEX_POINT('',#236);
#236 = CARTESIAN_POINT('',(6.655,1.125,1.25));
#237 = CIRCLE('',#238,1.125);
#238 = AXIS2_PLACEMENT_3D('',#239,#240,#241);
#239 = CARTESIAN_POINT('',(6.655,0.,1.25));
#240 = DIRECTION('',(-1.,0.,0.));
#241 = DIRECTION('',(0.,1.,0.));
#242 = ORIENTED_EDGE('',*,*,#243,.F.);
#243 = EDGE_CURVE('',#198,#235,#244,.T.);
#244 = LINE('',#245,#246);
#245 = CARTESIAN_POINT('',(1.93,1.125,1.25));
#246 = VECTOR('',#247,1.);
#247 = DIRECTION('',(1.,0.,0.));
#248 = ORIENTED_EDGE('',*,*,#197,.F.);
#249 = ORIENTED_EDGE('',*,*,#243,.T.);
#250 = CYLINDRICAL_SURFACE('',#251,1.125);
#251 = AXIS2_PLACEMENT_3D('',#252,#253,#254);
#252 = CARTESIAN_POINT('',(1.93,0.,1.25));
#253 = DIRECTION('',(-1.,-0.,-0.));
#254 = DIRECTION('',(0.,1.,0.));
#255 = ADVANCED_FACE('',(#256),#275,.T.);
#256 = FACE_BOUND('',#257,.T.);
#257 = EDGE_LOOP('',(#258,#267,#273,#274));
#258 = ORIENTED_EDGE('',*,*,#259,.F.);
#259 = EDGE_CURVE('',#260,#260,#262,.T.);
#260 = VERTEX_POINT('',#261);
#261 = CARTESIAN_POINT('',(0.9,0.,0.95));
#262 = CIRCLE('',#263,0.3);
#263 = AXIS2_PLACEMENT_3D('',#264,#265,#266);
#264 = CARTESIAN_POINT('',(0.9,0.,1.25));
#265 = DIRECTION('',(-1.,0.,-1.188909441847E-17));
#266 = DIRECTION('',(-1.188909441847E-17,0.,1.));
#267 = ORIENTED_EDGE('',*,*,#268,.T.);
#268 = EDGE_CURVE('',#260,#218,#269,.T.);
#269 = LINE('',#270,#271);
#270 = CARTESIAN_POINT('',(0.9,0.,0.95));
#271 = VECTOR('',#272,1.);
#272 = DIRECTION('',(1.,0.,0.));
#273 = ORIENTED_EDGE('',*,*,#217,.F.);
#274 = ORIENTED_EDGE('',*,*,#268,.F.);
#275 = CYLINDRICAL_SURFACE('',#276,0.3);
#276 = AXIS2_PLACEMENT_3D('',#277,#278,#279);
#277 = CARTESIAN_POINT('',(0.9,0.,1.25));
#278 = DIRECTION('',(1.,0.,0.));
#279 = DIRECTION('',(0.,0.,-1.));
#280 = ADVANCED_FACE('',(#281,#292),#295,.T.);
#281 = FACE_BOUND('',#282,.T.);
#282 = EDGE_LOOP('',(#283));
#283 = ORIENTED_EDGE('',*,*,#284,.F.);
#284 = EDGE_CURVE('',#285,#285,#287,.T.);
#285 = VERTEX_POINT('',#286);
#286 = CARTESIAN_POINT('',(6.655,1.25,1.25));
#287 = CIRCLE('',#288,1.25);
#288 = AXIS2_PLACEMENT_3D('',#289,#290,#291);
#289 = CARTESIAN_POINT('',(6.655,0.,1.25));
#290 = DIRECTION('',(1.,0.,0.));
#291 = DIRECTION('',(-0.,1.,0.));
#292 = FACE_BOUND('',#293,.T.);
#293 = EDGE_LOOP('',(#294));
#294 = ORIENTED_EDGE('',*,*,#234,.F.);
#295 = PLANE('',#296);
#296 = AXIS2_PLACEMENT_3D('',#297,#298,#299);
#297 = CARTESIAN_POINT('',(6.655,1.25,1.25));
#298 = DIRECTION('',(-1.,0.,0.));
#299 = DIRECTION('',(0.,0.,-1.));
#300 = ADVANCED_FACE('',(#301),#321,.T.);
#301 = FACE_BOUND('',#302,.T.);
#302 = EDGE_LOOP('',(#303,#312,#313,#314));
#303 = ORIENTED_EDGE('',*,*,#304,.T.);
#304 = EDGE_CURVE('',#305,#260,#307,.T.);
#305 = VERTEX_POINT('',#306);
#306 = CARTESIAN_POINT('',(0.3,0.,0.35));
#307 = CIRCLE('',#308,0.6);
#308 = AXIS2_PLACEMENT_3D('',#309,#310,#311);
#309 = CARTESIAN_POINT('',(0.9,1.102182119233E-16,0.35));
#310 = DIRECTION('',(0.,1.,-0.));
#311 = DIRECTION('',(-1.,0.,4.93432455389E-16));
#312 = ORIENTED_EDGE('',*,*,#259,.T.);
#313 = ORIENTED_EDGE('',*,*,#304,.F.);
#314 = ORIENTED_EDGE('',*,*,#315,.T.);
#315 = EDGE_CURVE('',#305,#305,#316,.T.);
#316 = CIRCLE('',#317,0.3);
#317 = AXIS2_PLACEMENT_3D('',#318,#319,#320);
#318 = CARTESIAN_POINT('',(0.,0.,0.35));
#319 = DIRECTION('',(0.,0.,1.));
#320 = DIRECTION('',(1.,0.,-0.));
#321 = TOROIDAL_SURFACE('',#322,0.9,0.3);
#322 = AXIS2_PLACEMENT_3D('',#323,#324,#325);
#323 = CARTESIAN_POINT('',(0.9,0.,0.35));
#324 = DIRECTION('',(0.,1.,0.));
#325 = DIRECTION('',(-1.,0.,4.93432455389E-16));
#326 = ADVANCED_FACE('',(#327),#346,.T.);
#327 = FACE_BOUND('',#328,.T.);
#328 = EDGE_LOOP('',(#329,#330,#338,#345));
#329 = ORIENTED_EDGE('',*,*,#284,.T.);
#330 = ORIENTED_EDGE('',*,*,#331,.T.);
#331 = EDGE_CURVE('',#285,#332,#334,.T.);
#332 = VERTEX_POINT('',#333);
#333 = CARTESIAN_POINT('',(7.605,1.25,1.25));
#334 = LINE('',#335,#336);
#335 = CARTESIAN_POINT('',(6.655,1.25,1.25));
#336 = VECTOR('',#337,1.);
#337 = DIRECTION('',(1.,0.,0.));
#338 = ORIENTED_EDGE('',*,*,#339,.F.);
#339 = EDGE_CURVE('',#332,#332,#340,.T.);
#340 = CIRCLE('',#341,1.25);
#341 = AXIS2_PLACEMENT_3D('',#342,#343,#344);
#342 = CARTESIAN_POINT('',(7.605,0.,1.25));
#343 = DIRECTION('',(1.,0.,0.));
#344 = DIRECTION('',(-0.,1.,0.));
#345 = ORIENTED_EDGE('',*,*,#331,.F.);
#346 = CYLINDRICAL_SURFACE('',#347,1.25);
#347 = AXIS2_PLACEMENT_3D('',#348,#349,#350);
#348 = CARTESIAN_POINT('',(6.655,0.,1.25));
#349 = DIRECTION('',(-1.,-0.,-0.));
#350 = DIRECTION('',(0.,1.,0.));
#351 = ADVANCED_FACE('',(#352),#371,.T.);
#352 = FACE_BOUND('',#353,.T.);
#353 = EDGE_LOOP('',(#354,#362,#363,#364));
#354 = ORIENTED_EDGE('',*,*,#355,.T.);
#355 = EDGE_CURVE('',#356,#305,#358,.T.);
#356 = VERTEX_POINT('',#357);
#357 = CARTESIAN_POINT('',(0.3,-7.347880794884E-17,-3.));
#358 = LINE('',#359,#360);
#359 = CARTESIAN_POINT('',(0.3,0.,-3.));
#360 = VECTOR('',#361,1.);
#361 = DIRECTION('',(0.,0.,1.));
#362 = ORIENTED_EDGE('',*,*,#315,.F.);
#363 = ORIENTED_EDGE('',*,*,#355,.F.);
#364 = ORIENTED_EDGE('',*,*,#365,.T.);
#365 = EDGE_CURVE('',#356,#356,#366,.T.);
#366 = CIRCLE('',#367,0.3);
#367 = AXIS2_PLACEMENT_3D('',#368,#369,#370);
#368 = CARTESIAN_POINT('',(0.,0.,-3.));
#369 = DIRECTION('',(0.,0.,1.));
#370 = DIRECTION('',(1.,0.,-0.));
#371 = CYLINDRICAL_SURFACE('',#372,0.3);
#372 = AXIS2_PLACEMENT_3D('',#373,#374,#375);
#373 = CARTESIAN_POINT('',(0.,0.,-3.));
#374 = DIRECTION('',(0.,0.,1.));
#375 = DIRECTION('',(1.,0.,-0.));
#376 = ADVANCED_FACE('',(#377),#397,.T.);
#377 = FACE_BOUND('',#378,.T.);
#378 = EDGE_LOOP('',(#379,#388,#389,#390));
#379 = ORIENTED_EDGE('',*,*,#380,.F.);
#380 = EDGE_CURVE('',#332,#381,#383,.T.);
#381 = VERTEX_POINT('',#382);
#382 = CARTESIAN_POINT('',(8.23,0.625,1.25));
#383 = CIRCLE('',#384,0.625);
#384 = AXIS2_PLACEMENT_3D('',#385,#386,#387);
#385 = CARTESIAN_POINT('',(7.605,0.625,1.25));
#386 = DIRECTION('',(0.,0.,-1.));
#387 = DIRECTION('',(0.,1.,0.));
#388 = ORIENTED_EDGE('',*,*,#339,.T.);
#389 = ORIENTED_EDGE('',*,*,#380,.T.);
#390 = ORIENTED_EDGE('',*,*,#391,.F.);
#391 = EDGE_CURVE('',#381,#381,#392,.T.);
#392 = CIRCLE('',#393,0.625);
#393 = AXIS2_PLACEMENT_3D('',#394,#395,#396);
#394 = CARTESIAN_POINT('',(8.23,0.,1.25));
#395 = DIRECTION('',(1.,0.,0.));
#396 = DIRECTION('',(-0.,1.,0.));
#397 = TOROIDAL_SURFACE('',#398,0.625,0.625);
#398 = AXIS2_PLACEMENT_3D('',#399,#400,#401);
#399 = CARTESIAN_POINT('',(7.605,0.,1.25));
#400 = DIRECTION('',(1.,0.,0.));
#401 = DIRECTION('',(-0.,1.,0.));
#402 = ADVANCED_FACE('',(#403),#406,.T.);
#403 = FACE_BOUND('',#404,.F.);
#404 = EDGE_LOOP('',(#405));
#405 = ORIENTED_EDGE('',*,*,#365,.T.);
#406 = PLANE('',#407);
#407 = AXIS2_PLACEMENT_3D('',#408,#409,#410);
#408 = CARTESIAN_POINT('',(0.3,0.,-3.));
#409 = DIRECTION('',(0.,0.,-1.));
#410 = DIRECTION('',(-1.,0.,0.));
#411 = ADVANCED_FACE('',(#412,#415),#426,.F.);
#412 = FACE_BOUND('',#413,.F.);
#413 = EDGE_LOOP('',(#414));
#414 = ORIENTED_EDGE('',*,*,#391,.F.);
#415 = FACE_BOUND('',#416,.F.);
#416 = EDGE_LOOP('',(#417));
#417 = ORIENTED_EDGE('',*,*,#418,.T.);
#418 = EDGE_CURVE('',#419,#419,#421,.T.);
#419 = VERTEX_POINT('',#420);
#420 = CARTESIAN_POINT('',(8.23,0.,0.95));
#421 = CIRCLE('',#422,0.3);
#422 = AXIS2_PLACEMENT_3D('',#423,#424,#425);
#423 = CARTESIAN_POINT('',(8.23,0.,1.25));
#424 = DIRECTION('',(1.,-0.,0.));
#425 = DIRECTION('',(0.,0.,-1.));
#426 = PLANE('',#427);
#427 = AXIS2_PLACEMENT_3D('',#428,#429,#430);
#428 = CARTESIAN_POINT('',(8.23,1.25,1.25));
#429 = DIRECTION('',(-1.,0.,0.));
#430 = DIRECTION('',(0.,0.,-1.));
#431 = ADVANCED_FACE('',(#432),#451,.T.);
#432 = FACE_BOUND('',#433,.T.);
#433 = EDGE_LOOP('',(#434,#435,#443,#450));
#434 = ORIENTED_EDGE('',*,*,#418,.T.);
#435 = ORIENTED_EDGE('',*,*,#436,.T.);
#436 = EDGE_CURVE('',#419,#437,#439,.T.);
#437 = VERTEX_POINT('',#438);
#438 = CARTESIAN_POINT('',(9.26,0.,0.95));
#439 = LINE('',#440,#441);
#440 = CARTESIAN_POINT('',(0.9,0.,0.95));
#441 = VECTOR('',#442,1.);
#442 = DIRECTION('',(1.,0.,0.));
#443 = ORIENTED_EDGE('',*,*,#444,.F.);
#444 = EDGE_CURVE('',#437,#437,#445,.T.);
#445 = CIRCLE('',#446,0.3);
#446 = AXIS2_PLACEMENT_3D('',#447,#448,#449);
#447 = CARTESIAN_POINT('',(9.26,0.,1.25));
#448 = DIRECTION('',(1.,-0.,0.));
#449 = DIRECTION('',(0.,0.,-1.));
#450 = ORIENTED_EDGE('',*,*,#436,.F.);
#451 = CYLINDRICAL_SURFACE('',#452,0.3);
#452 = AXIS2_PLACEMENT_3D('',#453,#454,#455);
#453 = CARTESIAN_POINT('',(0.9,0.,1.25));
#454 = DIRECTION('',(1.,0.,0.));
#455 = DIRECTION('',(0.,0.,-1.));
#456 = ADVANCED_FACE('',(#457),#477,.T.);
#457 = FACE_BOUND('',#458,.T.);
#458 = EDGE_LOOP('',(#459,#468,#475,#476));
#459 = ORIENTED_EDGE('',*,*,#460,.T.);
#460 = EDGE_CURVE('',#437,#461,#463,.T.);
#461 = VERTEX_POINT('',#462);
#462 = CARTESIAN_POINT('',(9.86,0.,0.35));
#463 = CIRCLE('',#464,0.6);
#464 = AXIS2_PLACEMENT_3D('',#465,#466,#467);
#465 = CARTESIAN_POINT('',(9.26,1.102182119233E-16,0.35));
#466 = DIRECTION('',(0.,1.,0.));
#467 = DIRECTION('',(0.,-0.,1.));
#468 = ORIENTED_EDGE('',*,*,#469,.T.);
#469 = EDGE_CURVE('',#461,#461,#470,.T.);
#470 = CIRCLE('',#471,0.3);
#471 = AXIS2_PLACEMENT_3D('',#472,#473,#474);
#472 = CARTESIAN_POINT('',(10.16,0.,0.35));
#473 = DIRECTION('',(-5.053215498074E-16,0.,1.));
#474 = DIRECTION('',(1.,0.,5.053215498074E-16));
#475 = ORIENTED_EDGE('',*,*,#460,.F.);
#476 = ORIENTED_EDGE('',*,*,#444,.T.);
#477 = TOROIDAL_SURFACE('',#478,0.9,0.3);
#478 = AXIS2_PLACEMENT_3D('',#479,#480,#481);
#479 = CARTESIAN_POINT('',(9.26,0.,0.35));
#480 = DIRECTION('',(0.,1.,0.));
#481 = DIRECTION('',(0.,-0.,1.));
#482 = ADVANCED_FACE('',(#483),#502,.T.);
#483 = FACE_BOUND('',#484,.T.);
#484 = EDGE_LOOP('',(#485,#493,#500,#501));
#485 = ORIENTED_EDGE('',*,*,#486,.T.);
#486 = EDGE_CURVE('',#461,#487,#489,.T.);
#487 = VERTEX_POINT('',#488);
#488 = CARTESIAN_POINT('',(9.86,-7.347880794884E-17,-3.));
#489 = LINE('',#490,#491);
#490 = CARTESIAN_POINT('',(9.86,0.,0.35));
#491 = VECTOR('',#492,1.);
#492 = DIRECTION('',(0.,0.,-1.));
#493 = ORIENTED_EDGE('',*,*,#494,.F.);
#494 = EDGE_CURVE('',#487,#487,#495,.T.);
#495 = CIRCLE('',#496,0.3);
#496 = AXIS2_PLACEMENT_3D('',#497,#498,#499);
#497 = CARTESIAN_POINT('',(10.16,0.,-3.));
#498 = DIRECTION('',(0.,0.,-1.));
#499 = DIRECTION('',(-1.,0.,0.));
#500 = ORIENTED_EDGE('',*,*,#486,.F.);
#501 = ORIENTED_EDGE('',*,*,#469,.F.);
#502 = CYLINDRICAL_SURFACE('',#503,0.3);
#503 = AXIS2_PLACEMENT_3D('',#504,#505,#506);
#504 = CARTESIAN_POINT('',(10.16,0.,0.35));
#505 = DIRECTION('',(0.,0.,-1.));
#506 = DIRECTION('',(-1.,0.,0.));
#507 = ADVANCED_FACE('',(#508),#511,.F.);
#508 = FACE_BOUND('',#509,.T.);
#509 = EDGE_LOOP('',(#510));
#510 = ORIENTED_EDGE('',*,*,#494,.T.);
#511 = PLANE('',#512);
#512 = AXIS2_PLACEMENT_3D('',#513,#514,#515);
#513 = CARTESIAN_POINT('',(9.86,0.,-3.));
#514 = DIRECTION('',(0.,0.,1.));
#515 = DIRECTION('',(1.,0.,-0.));
#516 = ( GEOMETRIC_REPRESENTATION_CONTEXT(3) 
GLOBAL_UNCERTAINTY_ASSIGNED_CONTEXT((#520)) GLOBAL_UNIT_ASSIGNED_CONTEXT
((#517,#518,#519)) REPRESENTATION_CONTEXT('Context #1',
  '3D Context with UNIT and UNCERTAINTY') );
#517 = ( LENGTH_UNIT() NAMED_UNIT(*) SI_UNIT(.MILLI.,.METRE.) );
#518 = ( NAMED_UNIT(*) PLANE_ANGLE_UNIT() SI_UNIT($,.RADIAN.) );
#519 = ( NAMED_UNIT(*) SI_UNIT($,.STERADIAN.) SOLID_ANGLE_UNIT() );
#520 = UNCERTAINTY_MEASURE_WITH_UNIT(LENGTH_MEASURE(1.E-07),#517,
  'distance_accuracy_value','confusion accuracy');
#521 = CONTEXT_DEPENDENT_SHAPE_REPRESENTATION(#522,#524);
#522 = ( REPRESENTATION_RELATIONSHIP('','',#128,#10) 
REPRESENTATION_RELATIONSHIP_WITH_TRANSFORMATION(#523) 
SHAPE_REPRESENTATION_RELATIONSHIP() );
#523 = ITEM_DEFINED_TRANSFORMATION('','',#11,#15);
#524 = PRODUCT_DEFINITION_SHAPE('Placement','Placement of an item',#525
  );
#525 = NEXT_ASSEMBLY_USAGE_OCCURRENCE('1','R11','',#5,#123,$);
#526 = PRODUCT_RELATED_PRODUCT_CATEGORY('part',$,(#125));
#527 = SHAPE_DEFINITION_REPRESENTATION(#528,#534);
#528 = PRODUCT_DEFINITION_SHAPE('','',#529);
#529 = PRODUCT_DEFINITION('design','',#530,#533);
#530 = PRODUCT_DEFINITION_FORMATION('','',#531);
#531 = PRODUCT('R_Axial_DIN0309_L9.0mm_D3.2mm_P12.70mm_Horizontal',
  'R_Axial_DIN0309_L9.0mm_D3.2mm_P12.70mm_Horizontal','',(#532));
#532 = PRODUCT_CONTEXT('',#2,'mechanical');
#533 = PRODUCT_DEFINITION_CONTEXT('part definition',#2,'design');
#534 = ADVANCED_BREP_SHAPE_REPRESENTATION('',(#11,#535),#922);
#535 = MANIFOLD_SOLID_BREP('',#536);
#536 = CLOSED_SHELL('',(#537,#570,#596,#616,#636,#661,#686,#706,#732,
    #757,#782,#808,#817,#837,#862,#888,#913));
#537 = ADVANCED_FACE('',(#538),#565,.T.);
#538 = FACE_BOUND('',#539,.T.);
#539 = EDGE_LOOP('',(#540,#549,#557,#564));
#540 = ORIENTED_EDGE('',*,*,#541,.T.);
#541 = EDGE_CURVE('',#542,#542,#544,.T.);
#542 = VERTEX_POINT('',#543);
#543 = CARTESIAN_POINT('',(2.65,1.6,1.6));
#544 = CIRCLE('',#545,1.6);
#545 = AXIS2_PLACEMENT_3D('',#546,#547,#548);
#546 = CARTESIAN_POINT('',(2.65,0.,1.6));
#547 = DIRECTION('',(1.,0.,0.));
#548 = DIRECTION('',(-0.,1.,0.));
#549 = ORIENTED_EDGE('',*,*,#550,.T.);
#550 = EDGE_CURVE('',#542,#551,#553,.T.);
#551 = VERTEX_POINT('',#552);
#552 = CARTESIAN_POINT('',(4.1,1.6,1.6));
#553 = LINE('',#554,#555);
#554 = CARTESIAN_POINT('',(1.85,1.6,1.6));
#555 = VECTOR('',#556,1.);
#556 = DIRECTION('',(1.,0.,0.));
#557 = ORIENTED_EDGE('',*,*,#558,.F.);
#558 = EDGE_CURVE('',#551,#551,#559,.T.);
#559 = CIRCLE('',#560,1.6);
#560 = AXIS2_PLACEMENT_3D('',#561,#562,#563);
#561 = CARTESIAN_POINT('',(4.1,0.,1.6));
#562 = DIRECTION('',(1.,0.,0.));
#563 = DIRECTION('',(-0.,1.,0.));
#564 = ORIENTED_EDGE('',*,*,#550,.F.);
#565 = CYLINDRICAL_SURFACE('',#566,1.6);
#566 = AXIS2_PLACEMENT_3D('',#567,#568,#569);
#567 = CARTESIAN_POINT('',(1.85,0.,1.6));
#568 = DIRECTION('',(-1.,-0.,-0.));
#569 = DIRECTION('',(0.,1.,0.));
#570 = ADVANCED_FACE('',(#571),#591,.T.);
#571 = FACE_BOUND('',#572,.T.);
#572 = EDGE_LOOP('',(#573,#582,#589,#590));
#573 = ORIENTED_EDGE('',*,*,#574,.T.);
#574 = EDGE_CURVE('',#575,#575,#577,.T.);
#575 = VERTEX_POINT('',#576);
#576 = CARTESIAN_POINT('',(1.85,0.8,1.6));
#577 = CIRCLE('',#578,0.8);
#578 = AXIS2_PLACEMENT_3D('',#579,#580,#581);
#579 = CARTESIAN_POINT('',(1.85,0.,1.6));
#580 = DIRECTION('',(1.,0.,0.));
#581 = DIRECTION('',(-0.,1.,0.));
#582 = ORIENTED_EDGE('',*,*,#583,.F.);
#583 = EDGE_CURVE('',#542,#575,#584,.T.);
#584 = CIRCLE('',#585,0.8);
#585 = AXIS2_PLACEMENT_3D('',#586,#587,#588);
#586 = CARTESIAN_POINT('',(2.65,0.8,1.6));
#587 = DIRECTION('',(0.,-0.,1.));
#588 = DIRECTION('',(0.,1.,0.));
#589 = ORIENTED_EDGE('',*,*,#541,.F.);
#590 = ORIENTED_EDGE('',*,*,#583,.T.);
#591 = TOROIDAL_SURFACE('',#592,0.8,0.8);
#592 = AXIS2_PLACEMENT_3D('',#593,#594,#595);
#593 = CARTESIAN_POINT('',(2.65,0.,1.6));
#594 = DIRECTION('',(-1.,0.,0.));
#595 = DIRECTION('',(0.,1.,0.));
#596 = ADVANCED_FACE('',(#597,#600),#611,.F.);
#597 = FACE_BOUND('',#598,.F.);
#598 = EDGE_LOOP('',(#599));
#599 = ORIENTED_EDGE('',*,*,#558,.F.);
#600 = FACE_BOUND('',#601,.F.);
#601 = EDGE_LOOP('',(#602));
#602 = ORIENTED_EDGE('',*,*,#603,.F.);
#603 = EDGE_CURVE('',#604,#604,#606,.T.);
#604 = VERTEX_POINT('',#605);
#605 = CARTESIAN_POINT('',(4.1,1.44,1.6));
#606 = CIRCLE('',#607,1.44);
#607 = AXIS2_PLACEMENT_3D('',#608,#609,#610);
#608 = CARTESIAN_POINT('',(4.1,0.,1.6));
#609 = DIRECTION('',(-1.,0.,0.));
#610 = DIRECTION('',(0.,1.,0.));
#611 = PLANE('',#612);
#612 = AXIS2_PLACEMENT_3D('',#613,#614,#615);
#613 = CARTESIAN_POINT('',(4.1,1.6,1.6));
#614 = DIRECTION('',(-1.,0.,0.));
#615 = DIRECTION('',(0.,0.,-1.));
#616 = ADVANCED_FACE('',(#617,#620),#631,.T.);
#617 = FACE_BOUND('',#618,.T.);
#618 = EDGE_LOOP('',(#619));
#619 = ORIENTED_EDGE('',*,*,#574,.F.);
#620 = FACE_BOUND('',#621,.T.);
#621 = EDGE_LOOP('',(#622));
#622 = ORIENTED_EDGE('',*,*,#623,.T.);
#623 = EDGE_CURVE('',#624,#624,#626,.T.);
#624 = VERTEX_POINT('',#625);
#625 = CARTESIAN_POINT('',(1.85,0.,1.25));
#626 = CIRCLE('',#627,0.35);
#627 = AXIS2_PLACEMENT_3D('',#628,#629,#630);
#628 = CARTESIAN_POINT('',(1.85,0.,1.6));
#629 = DIRECTION('',(1.,-0.,0.));
#630 = DIRECTION('',(0.,0.,-1.));
#631 = PLANE('',#632);
#632 = AXIS2_PLACEMENT_3D('',#633,#634,#635);
#633 = CARTESIAN_POINT('',(1.85,1.6,1.6));
#634 = DIRECTION('',(-1.,0.,0.));
#635 = DIRECTION('',(0.,0.,-1.));
#636 = ADVANCED_FACE('',(#637),#656,.T.);
#637 = FACE_BOUND('',#638,.T.);
#638 = EDGE_LOOP('',(#639,#648,#654,#655));
#639 = ORIENTED_EDGE('',*,*,#640,.T.);
#640 = EDGE_CURVE('',#641,#641,#643,.T.);
#641 = VERTEX_POINT('',#642);
#642 = CARTESIAN_POINT('',(8.6,1.44,1.6));
#643 = CIRCLE('',#644,1.44);
#644 = AXIS2_PLACEMENT_3D('',#645,#646,#647);
#645 = CARTESIAN_POINT('',(8.6,0.,1.6));
#646 = DIRECTION('',(-1.,0.,0.));
#647 = DIRECTION('',(0.,1.,0.));
#648 = ORIENTED_EDGE('',*,*,#649,.F.);
#649 = EDGE_CURVE('',#604,#641,#650,.T.);
#650 = LINE('',#651,#652);
#651 = CARTESIAN_POINT('',(1.85,1.44,1.6));
#652 = VECTOR('',#653,1.);
#653 = DIRECTION('',(1.,0.,0.));
#654 = ORIENTED_EDGE('',*,*,#603,.F.);
#655 = ORIENTED_EDGE('',*,*,#649,.T.);
#656 = CYLINDRICAL_SURFACE('',#657,1.44);
#657 = AXIS2_PLACEMENT_3D('',#658,#659,#660);
#658 = CARTESIAN_POINT('',(1.85,0.,1.6));
#659 = DIRECTION('',(-1.,-0.,-0.));
#660 = DIRECTION('',(0.,1.,0.));
#661 = ADVANCED_FACE('',(#662),#681,.T.);
#662 = FACE_BOUND('',#663,.T.);
#663 = EDGE_LOOP('',(#664,#673,#679,#680));
#664 = ORIENTED_EDGE('',*,*,#665,.F.);
#665 = EDGE_CURVE('',#666,#666,#668,.T.);
#666 = VERTEX_POINT('',#667);
#667 = CARTESIAN_POINT('',(1.05,0.,1.25));
#668 = CIRCLE('',#669,0.35);
#669 = AXIS2_PLACEMENT_3D('',#670,#671,#672);
#670 = CARTESIAN_POINT('',(1.05,0.,1.6));
#671 = DIRECTION('',(-1.,0.,6.049014748177E-16));
#672 = DIRECTION('',(6.049014748177E-16,0.,1.));
#673 = ORIENTED_EDGE('',*,*,#674,.T.);
#674 = EDGE_CURVE('',#666,#624,#675,.T.);
#675 = LINE('',#676,#677);
#676 = CARTESIAN_POINT('',(1.05,0.,1.25));
#677 = VECTOR('',#678,1.);
#678 = DIRECTION('',(1.,0.,0.));
#679 = ORIENTED_EDGE('',*,*,#623,.F.);
#680 = ORIENTED_EDGE('',*,*,#674,.F.);
#681 = CYLINDRICAL_SURFACE('',#682,0.35);
#682 = AXIS2_PLACEMENT_3D('',#683,#684,#685);
#683 = CARTESIAN_POINT('',(1.05,0.,1.6));
#684 = DIRECTION('',(1.,0.,0.));
#685 = DIRECTION('',(0.,0.,-1.));
#686 = ADVANCED_FACE('',(#687,#698),#701,.T.);
#687 = FACE_BOUND('',#688,.T.);
#688 = EDGE_LOOP('',(#689));
#689 = ORIENTED_EDGE('',*,*,#690,.F.);
#690 = EDGE_CURVE('',#691,#691,#693,.T.);
#691 = VERTEX_POINT('',#692);
#692 = CARTESIAN_POINT('',(8.6,1.6,1.6));
#693 = CIRCLE('',#694,1.6);
#694 = AXIS2_PLACEMENT_3D('',#695,#696,#697);
#695 = CARTESIAN_POINT('',(8.6,0.,1.6));
#696 = DIRECTION('',(1.,0.,0.));
#697 = DIRECTION('',(-0.,1.,0.));
#698 = FACE_BOUND('',#699,.T.);
#699 = EDGE_LOOP('',(#700));
#700 = ORIENTED_EDGE('',*,*,#640,.F.);
#701 = PLANE('',#702);
#702 = AXIS2_PLACEMENT_3D('',#703,#704,#705);
#703 = CARTESIAN_POINT('',(8.6,1.6,1.6));
#704 = DIRECTION('',(-1.,0.,0.));
#705 = DIRECTION('',(0.,0.,-1.));
#706 = ADVANCED_FACE('',(#707),#727,.T.);
#707 = FACE_BOUND('',#708,.T.);
#708 = EDGE_LOOP('',(#709,#718,#719,#720));
#709 = ORIENTED_EDGE('',*,*,#710,.T.);
#710 = EDGE_CURVE('',#711,#666,#713,.T.);
#711 = VERTEX_POINT('',#712);
#712 = CARTESIAN_POINT('',(0.35,0.,0.55));
#713 = CIRCLE('',#714,0.7);
#714 = AXIS2_PLACEMENT_3D('',#715,#716,#717);
#715 = CARTESIAN_POINT('',(1.05,1.285879139105E-16,0.55));
#716 = DIRECTION('',(0.,1.,-0.));
#717 = DIRECTION('',(-1.,0.,0.));
#718 = ORIENTED_EDGE('',*,*,#665,.T.);
#719 = ORIENTED_EDGE('',*,*,#710,.F.);
#720 = ORIENTED_EDGE('',*,*,#721,.T.);
#721 = EDGE_CURVE('',#711,#711,#722,.T.);
#722 = CIRCLE('',#723,0.35);
#723 = AXIS2_PLACEMENT_3D('',#724,#725,#726);
#724 = CARTESIAN_POINT('',(0.,0.,0.55));
#725 = DIRECTION('',(0.,0.,1.));
#726 = DIRECTION('',(1.,0.,-0.));
#727 = TOROIDAL_SURFACE('',#728,1.05,0.35);
#728 = AXIS2_PLACEMENT_3D('',#729,#730,#731);
#729 = CARTESIAN_POINT('',(1.05,0.,0.55));
#730 = DIRECTION('',(0.,1.,0.));
#731 = DIRECTION('',(-1.,0.,0.));
#732 = ADVANCED_FACE('',(#733),#752,.T.);
#733 = FACE_BOUND('',#734,.T.);
#734 = EDGE_LOOP('',(#735,#736,#744,#751));
#735 = ORIENTED_EDGE('',*,*,#690,.T.);
#736 = ORIENTED_EDGE('',*,*,#737,.T.);
#737 = EDGE_CURVE('',#691,#738,#740,.T.);
#738 = VERTEX_POINT('',#739);
#739 = CARTESIAN_POINT('',(10.05,1.6,1.6));
#740 = LINE('',#741,#742);
#741 = CARTESIAN_POINT('',(8.6,1.6,1.6));
#742 = VECTOR('',#743,1.);
#743 = DIRECTION('',(1.,0.,0.));
#744 = ORIENTED_EDGE('',*,*,#745,.F.);
#745 = EDGE_CURVE('',#738,#738,#746,.T.);
#746 = CIRCLE('',#747,1.6);
#747 = AXIS2_PLACEMENT_3D('',#748,#749,#750);
#748 = CARTESIAN_POINT('',(10.05,0.,1.6));
#749 = DIRECTION('',(1.,0.,0.));
#750 = DIRECTION('',(-0.,1.,0.));
#751 = ORIENTED_EDGE('',*,*,#737,.F.);
#752 = CYLINDRICAL_SURFACE('',#753,1.6);
#753 = AXIS2_PLACEMENT_3D('',#754,#755,#756);
#754 = CARTESIAN_POINT('',(8.6,0.,1.6));
#755 = DIRECTION('',(-1.,-0.,-0.));
#756 = DIRECTION('',(0.,1.,0.));
#757 = ADVANCED_FACE('',(#758),#777,.T.);
#758 = FACE_BOUND('',#759,.T.);
#759 = EDGE_LOOP('',(#760,#768,#769,#770));
#760 = ORIENTED_EDGE('',*,*,#761,.T.);
#761 = EDGE_CURVE('',#762,#711,#764,.T.);
#762 = VERTEX_POINT('',#763);
#763 = CARTESIAN_POINT('',(0.35,-8.572527594031E-17,-3.));
#764 = LINE('',#765,#766);
#765 = CARTESIAN_POINT('',(0.35,0.,-3.));
#766 = VECTOR('',#767,1.);
#767 = DIRECTION('',(0.,0.,1.));
#768 = ORIENTED_EDGE('',*,*,#721,.F.);
#769 = ORIENTED_EDGE('',*,*,#761,.F.);
#770 = ORIENTED_EDGE('',*,*,#771,.T.);
#771 = EDGE_CURVE('',#762,#762,#772,.T.);
#772 = CIRCLE('',#773,0.35);
#773 = AXIS2_PLACEMENT_3D('',#774,#775,#776);
#774 = CARTESIAN_POINT('',(0.,0.,-3.));
#775 = DIRECTION('',(0.,0.,1.));
#776 = DIRECTION('',(1.,0.,-0.));
#777 = CYLINDRICAL_SURFACE('',#778,0.35);
#778 = AXIS2_PLACEMENT_3D('',#779,#780,#781);
#779 = CARTESIAN_POINT('',(0.,0.,-3.));
#780 = DIRECTION('',(0.,0.,1.));
#781 = DIRECTION('',(1.,0.,-0.));
#782 = ADVANCED_FACE('',(#783),#803,.T.);
#783 = FACE_BOUND('',#784,.T.);
#784 = EDGE_LOOP('',(#785,#794,#795,#796));
#785 = ORIENTED_EDGE('',*,*,#786,.F.);
#786 = EDGE_CURVE('',#738,#787,#789,.T.);
#787 = VERTEX_POINT('',#788);
#788 = CARTESIAN_POINT('',(10.85,0.8,1.6));
#789 = CIRCLE('',#790,0.8);
#790 = AXIS2_PLACEMENT_3D('',#791,#792,#793);
#791 = CARTESIAN_POINT('',(10.05,0.8,1.6));
#792 = DIRECTION('',(0.,0.,-1.));
#793 = DIRECTION('',(0.,1.,0.));
#794 = ORIENTED_EDGE('',*,*,#745,.T.);
#795 = ORIENTED_EDGE('',*,*,#786,.T.);
#796 = ORIENTED_EDGE('',*,*,#797,.F.);
#797 = EDGE_CURVE('',#787,#787,#798,.T.);
#798 = CIRCLE('',#799,0.8);
#799 = AXIS2_PLACEMENT_3D('',#800,#801,#802);
#800 = CARTESIAN_POINT('',(10.85,0.,1.6));
#801 = DIRECTION('',(1.,0.,0.));
#802 = DIRECTION('',(-0.,1.,0.));
#803 = TOROIDAL_SURFACE('',#804,0.8,0.8);
#804 = AXIS2_PLACEMENT_3D('',#805,#806,#807);
#805 = CARTESIAN_POINT('',(10.05,0.,1.6));
#806 = DIRECTION('',(1.,0.,0.));
#807 = DIRECTION('',(-0.,1.,0.));
#808 = ADVANCED_FACE('',(#809),#812,.T.);
#809 = FACE_BOUND('',#810,.F.);
#810 = EDGE_LOOP('',(#811));
#811 = ORIENTED_EDGE('',*,*,#771,.T.);
#812 = PLANE('',#813);
#813 = AXIS2_PLACEMENT_3D('',#814,#815,#816);
#814 = CARTESIAN_POINT('',(0.35,0.,-3.));
#815 = DIRECTION('',(0.,0.,-1.));
#816 = DIRECTION('',(-1.,0.,0.));
#817 = ADVANCED_FACE('',(#818,#821),#832,.F.);
#818 = FACE_BOUND('',#819,.F.);
#819 = EDGE_LOOP('',(#820));
#820 = ORIENTED_EDGE('',*,*,#797,.F.);
#821 = FACE_BOUND('',#822,.F.);
#822 = EDGE_LOOP('',(#823));
#823 = ORIENTED_EDGE('',*,*,#824,.T.);
#824 = EDGE_CURVE('',#825,#825,#827,.T.);
#825 = VERTEX_POINT('',#826);
#826 = CARTESIAN_POINT('',(10.85,0.,1.25));
#827 = CIRCLE('',#828,0.35);
#828 = AXIS2_PLACEMENT_3D('',#829,#830,#831);
#829 = CARTESIAN_POINT('',(10.85,0.,1.6));
#830 = DIRECTION('',(1.,-0.,0.));
#831 = DIRECTION('',(0.,0.,-1.));
#832 = PLANE('',#833);
#833 = AXIS2_PLACEMENT_3D('',#834,#835,#836);
#834 = CARTESIAN_POINT('',(10.85,1.6,1.6));
#835 = DIRECTION('',(-1.,0.,0.));
#836 = DIRECTION('',(0.,0.,-1.));
#837 = ADVANCED_FACE('',(#838),#857,.T.);
#838 = FACE_BOUND('',#839,.T.);
#839 = EDGE_LOOP('',(#840,#841,#849,#856));
#840 = ORIENTED_EDGE('',*,*,#824,.T.);
#841 = ORIENTED_EDGE('',*,*,#842,.T.);
#842 = EDGE_CURVE('',#825,#843,#845,.T.);
#843 = VERTEX_POINT('',#844);
#844 = CARTESIAN_POINT('',(11.65,0.,1.25));
#845 = LINE('',#846,#847);
#846 = CARTESIAN_POINT('',(1.05,0.,1.25));
#847 = VECTOR('',#848,1.);
#848 = DIRECTION('',(1.,0.,0.));
#849 = ORIENTED_EDGE('',*,*,#850,.F.);
#850 = EDGE_CURVE('',#843,#843,#851,.T.);
#851 = CIRCLE('',#852,0.35);
#852 = AXIS2_PLACEMENT_3D('',#853,#854,#855);
#853 = CARTESIAN_POINT('',(11.65,0.,1.6));
#854 = DIRECTION('',(1.,-0.,0.));
#855 = DIRECTION('',(0.,0.,-1.));
#856 = ORIENTED_EDGE('',*,*,#842,.F.);
#857 = CYLINDRICAL_SURFACE('',#858,0.35);
#858 = AXIS2_PLACEMENT_3D('',#859,#860,#861);
#859 = CARTESIAN_POINT('',(1.05,0.,1.6));
#860 = DIRECTION('',(1.,0.,0.));
#861 = DIRECTION('',(0.,0.,-1.));
#862 = ADVANCED_FACE('',(#863),#883,.T.);
#863 = FACE_BOUND('',#864,.T.);
#864 = EDGE_LOOP('',(#865,#874,#881,#882));
#865 = ORIENTED_EDGE('',*,*,#866,.T.);
#866 = EDGE_CURVE('',#843,#867,#869,.T.);
#867 = VERTEX_POINT('',#868);
#868 = CARTESIAN_POINT('',(12.35,0.,0.55));
#869 = CIRCLE('',#870,0.7);
#870 = AXIS2_PLACEMENT_3D('',#871,#872,#873);
#871 = CARTESIAN_POINT('',(11.65,1.285879139105E-16,0.55));
#872 = DIRECTION('',(0.,1.,0.));
#873 = DIRECTION('',(0.,-0.,1.));
#874 = ORIENTED_EDGE('',*,*,#875,.T.);
#875 = EDGE_CURVE('',#867,#867,#876,.T.);
#876 = CIRCLE('',#877,0.35);
#877 = AXIS2_PLACEMENT_3D('',#878,#879,#880);
#878 = CARTESIAN_POINT('',(12.7,0.,0.55));
#879 = DIRECTION('',(-1.171455364583E-15,0.,1.));
#880 = DIRECTION('',(1.,0.,1.171455364583E-15));
#881 = ORIENTED_EDGE('',*,*,#866,.F.);
#882 = ORIENTED_EDGE('',*,*,#850,.T.);
#883 = TOROIDAL_SURFACE('',#884,1.05,0.35);
#884 = AXIS2_PLACEMENT_3D('',#885,#886,#887);
#885 = CARTESIAN_POINT('',(11.65,0.,0.55));
#886 = DIRECTION('',(0.,1.,0.));
#887 = DIRECTION('',(0.,-0.,1.));
#888 = ADVANCED_FACE('',(#889),#908,.T.);
#889 = FACE_BOUND('',#890,.T.);
#890 = EDGE_LOOP('',(#891,#899,#906,#907));
#891 = ORIENTED_EDGE('',*,*,#892,.T.);
#892 = EDGE_CURVE('',#867,#893,#895,.T.);
#893 = VERTEX_POINT('',#894);
#894 = CARTESIAN_POINT('',(12.35,-8.572527594031E-17,-3.));
#895 = LINE('',#896,#897);
#896 = CARTESIAN_POINT('',(12.35,0.,0.55));
#897 = VECTOR('',#898,1.);
#898 = DIRECTION('',(0.,0.,-1.));
#899 = ORIENTED_EDGE('',*,*,#900,.F.);
#900 = EDGE_CURVE('',#893,#893,#901,.T.);
#901 = CIRCLE('',#902,0.35);
#902 = AXIS2_PLACEMENT_3D('',#903,#904,#905);
#903 = CARTESIAN_POINT('',(12.7,0.,-3.));
#904 = DIRECTION('',(0.,0.,-1.));
#905 = DIRECTION('',(-1.,0.,0.));
#906 = ORIENTED_EDGE('',*,*,#892,.F.);
#907 = ORIENTED_EDGE('',*,*,#875,.F.);
#908 = CYLINDRICAL_SURFACE('',#909,0.35);
#909 = AXIS2_PLACEMENT_3D('',#910,#911,#912);
#910 = CARTESIAN_POINT('',(12.7,0.,0.55));
#911 = DIRECTION('',(0.,0.,-1.));
#912 = DIRECTION('',(-1.,0.,0.));
#913 = ADVANCED_FACE('',(#914),#917,.F.);
#914 = FACE_BOUND('',#915,.T.);
#915 = EDGE_LOOP('',(#916));
#916 = ORIENTED_EDGE('',*,*,#900,.T.);
#917 = PLANE('',#918);
#918 = AXIS2_PLACEMENT_3D('',#919,#920,#921);
#919 = CARTESIAN_POINT('',(12.35,0.,-3.));
#920 = DIRECTION('',(0.,0.,1.));
#921 = DIRECTION('',(1.,0.,-0.));
#922 = ( GEOMETRIC_REPRESENTATION_CONTEXT(3) 
GLOBAL_UNCERTAINTY_ASSIGNED_CONTEXT((#926)) GLOBAL_UNIT_ASSIGNED_CONTEXT
((#923,#924,#925)) REPRESENTATION_CONTEXT('Context #1',
  '3D Context with UNIT and UNCERTAINTY') );
#923 = ( LENGTH_UNIT() NAMED_UNIT(*) SI_UNIT(.MILLI.,.METRE.) );
#924 = ( NAMED_UNIT(*) PLANE_ANGLE_UNIT() SI_UNIT($,.RADIAN.) );
#925 = ( NAMED_UNIT(*) SI_UNIT($,.STERADIAN.) SOLID_ANGLE_UNIT() );
#926 = UNCERTAINTY_MEASURE_WITH_UNIT(LENGTH_MEASURE(1.E-07),#923,
  'distance_accuracy_value','confusion accuracy');
#927 = CONTEXT_DEPENDENT_SHAPE_REPRESENTATION(#928,#930);
#928 = ( REPRESENTATION_RELATIONSHIP('','',#534,#10) 
REPRESENTATION_RELATIONSHIP_WITH_TRANSFORMATION(#929) 
SHAPE_REPRESENTATION_RELATIONSHIP() );
#929 = ITEM_DEFINED_TRANSFORMATION('','',#11,#19);
#930 = PRODUCT_DEFINITION_SHAPE('Placement','Placement of an item',#931
  );
#931 = NEXT_ASSEMBLY_USAGE_OCCURRENCE('2','R13','',#5,#529,$);
#932 = PRODUCT_RELATED_PRODUCT_CATEGORY('part',$,(#531));
#933 = SHAPE_DEFINITION_REPRESENTATION(#934,#940);
#934 = PRODUCT_DEFINITION_SHAPE('','',#935);
#935 = PRODUCT_DEFINITION('design','',#936,#939);
#936 = PRODUCT_DEFINITION_FORMATION('','',#937);
#937 = PRODUCT('TO-92','TO-92','',(#938));
#938 = PRODUCT_CONTEXT('',#2,'mechanical');
#939 = PRODUCT_DEFINITION_CONTEXT('part definition',#2,'design');
#940 = ADVANCED_BREP_SHAPE_REPRESENTATION('',(#11,#941),#1585);
#941 = MANIFOLD_SOLID_BREP('',#942);
#942 = CLOSED_SHELL('',(#943,#983,#1014,#1045,#1094,#1143,#1247,#1264,
    #1281,#1298,#1310,#1341,#1359,#1390,#1414,#1438,#1455,#1486,#1510,
    #1534,#1551,#1561,#1573));
#943 = ADVANCED_FACE('',(#944),#978,.F.);
#944 = FACE_BOUND('',#945,.F.);
#945 = EDGE_LOOP('',(#946,#956,#964,#972));
#946 = ORIENTED_EDGE('',*,*,#947,.T.);
#947 = EDGE_CURVE('',#948,#950,#952,.T.);
#948 = VERTEX_POINT('',#949);
#949 = CARTESIAN_POINT('',(1.03,-0.19,2.));
#950 = VERTEX_POINT('',#951);
#951 = CARTESIAN_POINT('',(1.51,-0.19,2.));
#952 = LINE('',#953,#954);
#953 = CARTESIAN_POINT('',(1.03,-0.19,2.));
#954 = VECTOR('',#955,1.);
#955 = DIRECTION('',(1.,-1.110223024625E-16,1.665334536938E-16));
#956 = ORIENTED_EDGE('',*,*,#957,.T.);
#957 = EDGE_CURVE('',#950,#958,#960,.T.);
#958 = VERTEX_POINT('',#959);
#959 = CARTESIAN_POINT('',(1.51,1.08,1.25));
#960 = LINE('',#961,#962);
#961 = CARTESIAN_POINT('',(1.51,-0.19,2.));
#962 = VECTOR('',#963,1.);
#963 = DIRECTION('',(2.86791082606E-16,0.861061475172,-0.508500871164));
#964 = ORIENTED_EDGE('',*,*,#965,.F.);
#965 = EDGE_CURVE('',#966,#958,#968,.T.);
#966 = VERTEX_POINT('',#967);
#967 = CARTESIAN_POINT('',(1.03,1.08,1.25));
#968 = LINE('',#969,#970);
#969 = CARTESIAN_POINT('',(1.03,1.08,1.25));
#970 = VECTOR('',#971,1.);
#971 = DIRECTION('',(1.,-1.110223024625E-16,1.665334536938E-16));
#972 = ORIENTED_EDGE('',*,*,#973,.F.);
#973 = EDGE_CURVE('',#948,#966,#974,.T.);
#974 = LINE('',#975,#976);
#975 = CARTESIAN_POINT('',(1.03,-0.19,2.));
#976 = VECTOR('',#977,1.);
#977 = DIRECTION('',(2.86791082606E-16,0.861061475172,-0.508500871164));
#978 = PLANE('',#979);
#979 = AXIS2_PLACEMENT_3D('',#980,#981,#982);
#980 = CARTESIAN_POINT('',(1.03,-0.19,2.));
#981 = DIRECTION('',(-8.694060378214E-17,0.508500871164,0.861061475172)
  );
#982 = DIRECTION('',(2.86791082606E-16,0.861061475172,-0.508500871164));
#983 = ADVANCED_FACE('',(#984),#1009,.T.);
#984 = FACE_BOUND('',#985,.T.);
#985 = EDGE_LOOP('',(#986,#987,#995,#1003));
#986 = ORIENTED_EDGE('',*,*,#947,.T.);
#987 = ORIENTED_EDGE('',*,*,#988,.T.);
#988 = EDGE_CURVE('',#950,#989,#991,.T.);
#989 = VERTEX_POINT('',#990);
#990 = CARTESIAN_POINT('',(1.51,-0.19,2.5));
#991 = LINE('',#992,#993);
#992 = CARTESIAN_POINT('',(1.51,-0.19,2.));
#993 = VECTOR('',#994,1.);
#994 = DIRECTION('',(-4.930380657631E-32,1.110223024625E-16,1.));
#995 = ORIENTED_EDGE('',*,*,#996,.F.);
#996 = EDGE_CURVE('',#997,#989,#999,.T.);
#997 = VERTEX_POINT('',#998);
#998 = CARTESIAN_POINT('',(1.03,-0.19,2.5));
#999 = LINE('',#1000,#1001);
#1000 = CARTESIAN_POINT('',(1.03,-0.19,2.5));
#1001 = VECTOR('',#1002,1.);
#1002 = DIRECTION('',(1.,-1.110223024625E-16,1.665334536938E-16));
#1003 = ORIENTED_EDGE('',*,*,#1004,.F.);
#1004 = EDGE_CURVE('',#948,#997,#1005,.T.);
#1005 = LINE('',#1006,#1007);
#1006 = CARTESIAN_POINT('',(1.03,-0.19,2.));
#1007 = VECTOR('',#1008,1.);
#1008 = DIRECTION('',(-4.930380657631E-32,1.110223024625E-16,1.));
#1009 = PLANE('',#1010);
#1010 = AXIS2_PLACEMENT_3D('',#1011,#1012,#1013);
#1011 = CARTESIAN_POINT('',(1.03,-0.19,2.));
#1012 = DIRECTION('',(-1.110223024625E-16,-1.,1.110223024625E-16));
#1013 = DIRECTION('',(-8.628166150855E-32,1.110223024625E-16,1.));
#1014 = ADVANCED_FACE('',(#1015),#1040,.T.);
#1015 = FACE_BOUND('',#1016,.T.);
#1016 = EDGE_LOOP('',(#1017,#1027,#1033,#1034));
#1017 = ORIENTED_EDGE('',*,*,#1018,.T.);
#1018 = EDGE_CURVE('',#1019,#1021,#1023,.T.);
#1019 = VERTEX_POINT('',#1020);
#1020 = CARTESIAN_POINT('',(1.03,1.08,-2.5));
#1021 = VERTEX_POINT('',#1022);
#1022 = CARTESIAN_POINT('',(1.51,1.08,-2.5));
#1023 = LINE('',#1024,#1025);
#1024 = CARTESIAN_POINT('',(1.03,1.08,-2.5));
#1025 = VECTOR('',#1026,1.);
#1026 = DIRECTION('',(1.,-1.110223024625E-16,1.665334536938E-16));
#1027 = ORIENTED_EDGE('',*,*,#1028,.T.);
#1028 = EDGE_CURVE('',#1021,#958,#1029,.T.);
#1029 = LINE('',#1030,#1031);
#1030 = CARTESIAN_POINT('',(1.51,1.08,-2.5));
#1031 = VECTOR('',#1032,1.);
#1032 = DIRECTION('',(-4.930380657631E-32,1.110223024625E-16,1.));
#1033 = ORIENTED_EDGE('',*,*,#965,.F.);
#1034 = ORIENTED_EDGE('',*,*,#1035,.F.);
#1035 = EDGE_CURVE('',#1019,#966,#1036,.T.);
#1036 = LINE('',#1037,#1038);
#1037 = CARTESIAN_POINT('',(1.03,1.08,-2.5));
#1038 = VECTOR('',#1039,1.);
#1039 = DIRECTION('',(-4.930380657631E-32,1.110223024625E-16,1.));
#1040 = PLANE('',#1041);
#1041 = AXIS2_PLACEMENT_3D('',#1042,#1043,#1044);
#1042 = CARTESIAN_POINT('',(1.03,1.08,-2.5));
#1043 = DIRECTION('',(-1.110223024625E-16,-1.,1.110223024625E-16));
#1044 = DIRECTION('',(-8.628166150855E-32,1.110223024625E-16,1.));
#1045 = ADVANCED_FACE('',(#1046),#1089,.T.);
#1046 = FACE_BOUND('',#1047,.T.);
#1047 = EDGE_LOOP('',(#1048,#1056,#1064,#1072,#1080,#1086,#1087,#1088));
#1048 = ORIENTED_EDGE('',*,*,#1049,.T.);
#1049 = EDGE_CURVE('',#997,#1050,#1052,.T.);
#1050 = VERTEX_POINT('',#1051);
#1051 = CARTESIAN_POINT('',(1.03,0.19,2.5));
#1052 = LINE('',#1053,#1054);
#1053 = CARTESIAN_POINT('',(1.03,-0.19,2.5));
#1054 = VECTOR('',#1055,1.);
#1055 = DIRECTION('',(3.330669073875E-16,1.,-6.162975822039E-32));
#1056 = ORIENTED_EDGE('',*,*,#1057,.T.);
#1057 = EDGE_CURVE('',#1050,#1058,#1060,.T.);
#1058 = VERTEX_POINT('',#1059);
#1059 = CARTESIAN_POINT('',(1.03,0.19,2.15));
#1060 = LINE('',#1061,#1062);
#1061 = CARTESIAN_POINT('',(1.03,0.19,2.5));
#1062 = VECTOR('',#1063,1.);
#1063 = DIRECTION('',(4.930380657631E-32,-1.110223024625E-16,-1.));
#1064 = ORIENTED_EDGE('',*,*,#1065,.T.);
#1065 = EDGE_CURVE('',#1058,#1066,#1068,.T.);
#1066 = VERTEX_POINT('',#1067);
#1067 = CARTESIAN_POINT('',(1.03,1.46,1.4));
#1068 = LINE('',#1069,#1070);
#1069 = CARTESIAN_POINT('',(1.03,0.19,2.15));
#1070 = VECTOR('',#1071,1.);
#1071 = DIRECTION('',(2.86791082606E-16,0.861061475172,-0.508500871164)
  );
#1072 = ORIENTED_EDGE('',*,*,#1073,.T.);
#1073 = EDGE_CURVE('',#1066,#1074,#1076,.T.);
#1074 = VERTEX_POINT('',#1075);
#1075 = CARTESIAN_POINT('',(1.03,1.46,-2.5));
#1076 = LINE('',#1077,#1078);
#1077 = CARTESIAN_POINT('',(1.03,1.46,1.4));
#1078 = VECTOR('',#1079,1.);
#1079 = DIRECTION('',(4.930380657631E-32,-1.110223024625E-16,-1.));
#1080 = ORIENTED_EDGE('',*,*,#1081,.T.);
#1081 = EDGE_CURVE('',#1074,#1019,#1082,.T.);
#1082 = LINE('',#1083,#1084);
#1083 = CARTESIAN_POINT('',(1.03,1.46,-2.5));
#1084 = VECTOR('',#1085,1.);
#1085 = DIRECTION('',(-3.330669073875E-16,-1.,6.162975822039E-32));
#1086 = ORIENTED_EDGE('',*,*,#1035,.T.);
#1087 = ORIENTED_EDGE('',*,*,#973,.F.);
#1088 = ORIENTED_EDGE('',*,*,#1004,.T.);
#1089 = PLANE('',#1090);
#1090 = AXIS2_PLACEMENT_3D('',#1091,#1092,#1093);
#1091 = CARTESIAN_POINT('',(1.03,0.988648971978,0.20186498485));
#1092 = DIRECTION('',(-1.,2.286822345945E-16,-1.086149449854E-16));
#1093 = DIRECTION('',(-2.286822345945E-16,-1.,-1.110223024625E-16));
#1094 = ADVANCED_FACE('',(#1095),#1138,.F.);
#1095 = FACE_BOUND('',#1096,.F.);
#1096 = EDGE_LOOP('',(#1097,#1105,#1113,#1121,#1129,#1135,#1136,#1137));
#1097 = ORIENTED_EDGE('',*,*,#1098,.T.);
#1098 = EDGE_CURVE('',#989,#1099,#1101,.T.);
#1099 = VERTEX_POINT('',#1100);
#1100 = CARTESIAN_POINT('',(1.51,0.19,2.5));
#1101 = LINE('',#1102,#1103);
#1102 = CARTESIAN_POINT('',(1.51,-0.19,2.5));
#1103 = VECTOR('',#1104,1.);
#1104 = DIRECTION('',(3.330669073875E-16,1.,-6.162975822039E-32));
#1105 = ORIENTED_EDGE('',*,*,#1106,.T.);
#1106 = EDGE_CURVE('',#1099,#1107,#1109,.T.);
#1107 = VERTEX_POINT('',#1108);
#1108 = CARTESIAN_POINT('',(1.51,0.19,2.15));
#1109 = LINE('',#1110,#1111);
#1110 = CARTESIAN_POINT('',(1.51,0.19,2.5));
#1111 = VECTOR('',#1112,1.);
#1112 = DIRECTION('',(4.930380657631E-32,-1.110223024625E-16,-1.));
#1113 = ORIENTED_EDGE('',*,*,#1114,.T.);
#1114 = EDGE_CURVE('',#1107,#1115,#1117,.T.);
#1115 = VERTEX_POINT('',#1116);
#1116 = CARTESIAN_POINT('',(1.51,1.46,1.4));
#1117 = LINE('',#1118,#1119);
#1118 = CARTESIAN_POINT('',(1.51,0.19,2.15));
#1119 = VECTOR('',#1120,1.);
#1120 = DIRECTION('',(2.86791082606E-16,0.861061475172,-0.508500871164)
  );
#1121 = ORIENTED_EDGE('',*,*,#1122,.T.);
#1122 = EDGE_CURVE('',#1115,#1123,#1125,.T.);
#1123 = VERTEX_POINT('',#1124);
#1124 = CARTESIAN_POINT('',(1.51,1.46,-2.5));
#1125 = LINE('',#1126,#1127);
#1126 = CARTESIAN_POINT('',(1.51,1.46,1.4));
#1127 = VECTOR('',#1128,1.);
#1128 = DIRECTION('',(4.930380657631E-32,-1.110223024625E-16,-1.));
#1129 = ORIENTED_EDGE('',*,*,#1130,.T.);
#1130 = EDGE_CURVE('',#1123,#1021,#1131,.T.);
#1131 = LINE('',#1132,#1133);
#1132 = CARTESIAN_POINT('',(1.51,1.46,-2.5));
#1133 = VECTOR('',#1134,1.);
#1134 = DIRECTION('',(-3.330669073875E-16,-1.,6.162975822039E-32));
#1135 = ORIENTED_EDGE('',*,*,#1028,.T.);
#1136 = ORIENTED_EDGE('',*,*,#957,.F.);
#1137 = ORIENTED_EDGE('',*,*,#988,.T.);
#1138 = PLANE('',#1139);
#1139 = AXIS2_PLACEMENT_3D('',#1140,#1141,#1142);
#1140 = CARTESIAN_POINT('',(1.51,0.988648971978,0.20186498485));
#1141 = DIRECTION('',(-1.,2.286822345945E-16,-1.086149449854E-16));
#1142 = DIRECTION('',(-2.286822345945E-16,-1.,-1.110223024625E-16));
#1143 = ADVANCED_FACE('',(#1144,#1163,#1197,#1208),#1242,.T.);
#1144 = FACE_BOUND('',#1145,.T.);
#1145 = EDGE_LOOP('',(#1146,#1156));
#1146 = ORIENTED_EDGE('',*,*,#1147,.F.);
#1147 = EDGE_CURVE('',#1148,#1150,#1152,.T.);
#1148 = VERTEX_POINT('',#1149);
#1149 = CARTESIAN_POINT('',(-0.745769083998,-1.329999999999,2.5));
#1150 = VERTEX_POINT('',#1151);
#1151 = CARTESIAN_POINT('',(3.285769083998,-1.329999999999,2.5));
#1152 = LINE('',#1153,#1154);
#1153 = CARTESIAN_POINT('',(-0.745769083998,-1.329999999999,2.5));
#1154 = VECTOR('',#1155,1.);
#1155 = DIRECTION('',(1.,0.,0.));
#1156 = ORIENTED_EDGE('',*,*,#1157,.F.);
#1157 = EDGE_CURVE('',#1150,#1148,#1158,.T.);
#1158 = CIRCLE('',#1159,2.415);
#1159 = AXIS2_PLACEMENT_3D('',#1160,#1161,#1162);
#1160 = CARTESIAN_POINT('',(1.27,0.,2.5));
#1161 = DIRECTION('',(0.,0.,1.));
#1162 = DIRECTION('',(1.,0.,-0.));
#1163 = FACE_BOUND('',#1164,.T.);
#1164 = EDGE_LOOP('',(#1165,#1175,#1183,#1191));
#1165 = ORIENTED_EDGE('',*,*,#1166,.F.);
#1166 = EDGE_CURVE('',#1167,#1169,#1171,.T.);
#1167 = VERTEX_POINT('',#1168);
#1168 = CARTESIAN_POINT('',(0.24,0.19,2.5));
#1169 = VERTEX_POINT('',#1170);
#1170 = CARTESIAN_POINT('',(0.24,-0.19,2.5));
#1171 = LINE('',#1172,#1173);
#1172 = CARTESIAN_POINT('',(0.24,0.19,2.5));
#1173 = VECTOR('',#1174,1.);
#1174 = DIRECTION('',(0.,-1.,0.));
#1175 = ORIENTED_EDGE('',*,*,#1176,.F.);
#1176 = EDGE_CURVE('',#1177,#1167,#1179,.T.);
#1177 = VERTEX_POINT('',#1178);
#1178 = CARTESIAN_POINT('',(-0.24,0.19,2.5));
#1179 = LINE('',#1180,#1181);
#1180 = CARTESIAN_POINT('',(-0.24,0.19,2.5));
#1181 = VECTOR('',#1182,1.);
#1182 = DIRECTION('',(1.,0.,0.));
#1183 = ORIENTED_EDGE('',*,*,#1184,.F.);
#1184 = EDGE_CURVE('',#1185,#1177,#1187,.T.);
#1185 = VERTEX_POINT('',#1186);
#1186 = CARTESIAN_POINT('',(-0.24,-0.19,2.5));
#1187 = LINE('',#1188,#1189);
#1188 = CARTESIAN_POINT('',(-0.24,-0.19,2.5));
#1189 = VECTOR('',#1190,1.);
#1190 = DIRECTION('',(0.,1.,0.));
#1191 = ORIENTED_EDGE('',*,*,#1192,.F.);
#1192 = EDGE_CURVE('',#1169,#1185,#1193,.T.);
#1193 = LINE('',#1194,#1195);
#1194 = CARTESIAN_POINT('',(0.24,-0.19,2.5));
#1195 = VECTOR('',#1196,1.);
#1196 = DIRECTION('',(-1.,0.,0.));
#1197 = FACE_BOUND('',#1198,.T.);
#1198 = EDGE_LOOP('',(#1199,#1200,#1201,#1202));
#1199 = ORIENTED_EDGE('',*,*,#1049,.F.);
#1200 = ORIENTED_EDGE('',*,*,#996,.T.);
#1201 = ORIENTED_EDGE('',*,*,#1098,.T.);
#1202 = ORIENTED_EDGE('',*,*,#1203,.F.);
#1203 = EDGE_CURVE('',#1050,#1099,#1204,.T.);
#1204 = LINE('',#1205,#1206);
#1205 = CARTESIAN_POINT('',(1.03,0.19,2.5));
#1206 = VECTOR('',#1207,1.);
#1207 = DIRECTION('',(1.,-1.110223024625E-16,1.665334536938E-16));
#1208 = FACE_BOUND('',#1209,.T.);
#1209 = EDGE_LOOP('',(#1210,#1220,#1228,#1236));
#1210 = ORIENTED_EDGE('',*,*,#1211,.F.);
#1211 = EDGE_CURVE('',#1212,#1214,#1216,.T.);
#1212 = VERTEX_POINT('',#1213);
#1213 = CARTESIAN_POINT('',(2.3,-0.19,2.5));
#1214 = VERTEX_POINT('',#1215);
#1215 = CARTESIAN_POINT('',(2.3,0.19,2.5));
#1216 = LINE('',#1217,#1218);
#1217 = CARTESIAN_POINT('',(2.3,-0.19,2.5));
#1218 = VECTOR('',#1219,1.);
#1219 = DIRECTION('',(0.,1.,0.));
#1220 = ORIENTED_EDGE('',*,*,#1221,.F.);
#1221 = EDGE_CURVE('',#1222,#1212,#1224,.T.);
#1222 = VERTEX_POINT('',#1223);
#1223 = CARTESIAN_POINT('',(2.78,-0.19,2.5));
#1224 = LINE('',#1225,#1226);
#1225 = CARTESIAN_POINT('',(2.78,-0.19,2.5));
#1226 = VECTOR('',#1227,1.);
#1227 = DIRECTION('',(-1.,0.,0.));
#1228 = ORIENTED_EDGE('',*,*,#1229,.F.);
#1229 = EDGE_CURVE('',#1230,#1222,#1232,.T.);
#1230 = VERTEX_POINT('',#1231);
#1231 = CARTESIAN_POINT('',(2.78,0.19,2.5));
#1232 = LINE('',#1233,#1234);
#1233 = CARTESIAN_POINT('',(2.78,0.19,2.5));
#1234 = VECTOR('',#1235,1.);
#1235 = DIRECTION('',(0.,-1.,0.));
#1236 = ORIENTED_EDGE('',*,*,#1237,.F.);
#1237 = EDGE_CURVE('',#1214,#1230,#1238,.T.);
#1238 = LINE('',#1239,#1240);
#1239 = CARTESIAN_POINT('',(2.3,0.19,2.5));
#1240 = VECTOR('',#1241,1.);
#1241 = DIRECTION('',(1.,0.,0.));
#1242 = PLANE('',#1243);
#1243 = AXIS2_PLACEMENT_3D('',#1244,#1245,#1246);
#1244 = CARTESIAN_POINT('',(-0.745769083998,-1.329999999999,2.5));
#1245 = DIRECTION('',(0.,0.,-1.));
#1246 = DIRECTION('',(-1.,0.,0.));
#1247 = ADVANCED_FACE('',(#1248),#1259,.T.);
#1248 = FACE_BOUND('',#1249,.T.);
#1249 = EDGE_LOOP('',(#1250,#1256,#1257,#1258));
#1250 = ORIENTED_EDGE('',*,*,#1251,.T.);
#1251 = EDGE_CURVE('',#1074,#1123,#1252,.T.);
#1252 = LINE('',#1253,#1254);
#1253 = CARTESIAN_POINT('',(1.03,1.46,-2.5));
#1254 = VECTOR('',#1255,1.);
#1255 = DIRECTION('',(1.,-1.110223024625E-16,1.665334536938E-16));
#1256 = ORIENTED_EDGE('',*,*,#1130,.T.);
#1257 = ORIENTED_EDGE('',*,*,#1018,.F.);
#1258 = ORIENTED_EDGE('',*,*,#1081,.F.);
#1259 = PLANE('',#1260);
#1260 = AXIS2_PLACEMENT_3D('',#1261,#1262,#1263);
#1261 = CARTESIAN_POINT('',(1.03,1.46,-2.5));
#1262 = DIRECTION('',(1.665334536938E-16,-1.232595164408E-31,-1.));
#1263 = DIRECTION('',(-3.330669073875E-16,-1.,6.779273404245E-32));
#1264 = ADVANCED_FACE('',(#1265),#1276,.T.);
#1265 = FACE_BOUND('',#1266,.T.);
#1266 = EDGE_LOOP('',(#1267,#1268,#1269,#1275));
#1267 = ORIENTED_EDGE('',*,*,#1203,.T.);
#1268 = ORIENTED_EDGE('',*,*,#1106,.T.);
#1269 = ORIENTED_EDGE('',*,*,#1270,.F.);
#1270 = EDGE_CURVE('',#1058,#1107,#1271,.T.);
#1271 = LINE('',#1272,#1273);
#1272 = CARTESIAN_POINT('',(1.03,0.19,2.15));
#1273 = VECTOR('',#1274,1.);
#1274 = DIRECTION('',(1.,-1.110223024625E-16,1.665334536938E-16));
#1275 = ORIENTED_EDGE('',*,*,#1057,.F.);
#1276 = PLANE('',#1277);
#1277 = AXIS2_PLACEMENT_3D('',#1278,#1279,#1280);
#1278 = CARTESIAN_POINT('',(1.03,0.19,2.5));
#1279 = DIRECTION('',(1.110223024625E-16,1.,-1.110223024625E-16));
#1280 = DIRECTION('',(8.628166150855E-32,-1.110223024625E-16,-1.));
#1281 = ADVANCED_FACE('',(#1282),#1293,.T.);
#1282 = FACE_BOUND('',#1283,.T.);
#1283 = EDGE_LOOP('',(#1284,#1285,#1286,#1292));
#1284 = ORIENTED_EDGE('',*,*,#1270,.T.);
#1285 = ORIENTED_EDGE('',*,*,#1114,.T.);
#1286 = ORIENTED_EDGE('',*,*,#1287,.F.);
#1287 = EDGE_CURVE('',#1066,#1115,#1288,.T.);
#1288 = LINE('',#1289,#1290);
#1289 = CARTESIAN_POINT('',(1.03,1.46,1.4));
#1290 = VECTOR('',#1291,1.);
#1291 = DIRECTION('',(1.,-1.110223024625E-16,1.665334536938E-16));
#1292 = ORIENTED_EDGE('',*,*,#1065,.F.);
#1293 = PLANE('',#1294);
#1294 = AXIS2_PLACEMENT_3D('',#1295,#1296,#1297);
#1295 = CARTESIAN_POINT('',(1.03,0.19,2.15));
#1296 = DIRECTION('',(-8.694060378214E-17,0.508500871164,0.861061475172)
  );
#1297 = DIRECTION('',(2.86791082606E-16,0.861061475172,-0.508500871164)
  );
#1298 = ADVANCED_FACE('',(#1299),#1305,.T.);
#1299 = FACE_BOUND('',#1300,.T.);
#1300 = EDGE_LOOP('',(#1301,#1302,#1303,#1304));
#1301 = ORIENTED_EDGE('',*,*,#1287,.T.);
#1302 = ORIENTED_EDGE('',*,*,#1122,.T.);
#1303 = ORIENTED_EDGE('',*,*,#1251,.F.);
#1304 = ORIENTED_EDGE('',*,*,#1073,.F.);
#1305 = PLANE('',#1306);
#1306 = AXIS2_PLACEMENT_3D('',#1307,#1308,#1309);
#1307 = CARTESIAN_POINT('',(1.03,1.46,1.4));
#1308 = DIRECTION('',(1.110223024625E-16,1.,-1.110223024625E-16));
#1309 = DIRECTION('',(8.628166150855E-32,-1.110223024625E-16,-1.));
#1310 = ADVANCED_FACE('',(#1311),#1336,.F.);
#1311 = FACE_BOUND('',#1312,.F.);
#1312 = EDGE_LOOP('',(#1313,#1321,#1329,#1335));
#1313 = ORIENTED_EDGE('',*,*,#1314,.T.);
#1314 = EDGE_CURVE('',#1148,#1315,#1317,.T.);
#1315 = VERTEX_POINT('',#1316);
#1316 = CARTESIAN_POINT('',(-0.745769083998,-1.329999999999,7.3));
#1317 = LINE('',#1318,#1319);
#1318 = CARTESIAN_POINT('',(-0.745769083998,-1.329999999999,2.5));
#1319 = VECTOR('',#1320,1.);
#1320 = DIRECTION('',(0.,0.,1.));
#1321 = ORIENTED_EDGE('',*,*,#1322,.T.);
#1322 = EDGE_CURVE('',#1315,#1323,#1325,.T.);
#1323 = VERTEX_POINT('',#1324);
#1324 = CARTESIAN_POINT('',(3.285769083998,-1.329999999999,7.3));
#1325 = LINE('',#1326,#1327);
#1326 = CARTESIAN_POINT('',(-0.745769083998,-1.329999999999,7.3));
#1327 = VECTOR('',#1328,1.);
#1328 = DIRECTION('',(1.,0.,0.));
#1329 = ORIENTED_EDGE('',*,*,#1330,.F.);
#1330 = EDGE_CURVE('',#1150,#1323,#1331,.T.);
#1331 = LINE('',#1332,#1333);
#1332 = CARTESIAN_POINT('',(3.285769083998,-1.329999999999,2.5));
#1333 = VECTOR('',#1334,1.);
#1334 = DIRECTION('',(0.,0.,1.));
#1335 = ORIENTED_EDGE('',*,*,#1147,.F.);
#1336 = PLANE('',#1337);
#1337 = AXIS2_PLACEMENT_3D('',#1338,#1339,#1340);
#1338 = CARTESIAN_POINT('',(-0.745769083998,-1.329999999999,2.5));
#1339 = DIRECTION('',(0.,1.,0.));
#1340 = DIRECTION('',(1.,0.,0.));
#1341 = ADVANCED_FACE('',(#1342),#1354,.T.);
#1342 = FACE_BOUND('',#1343,.T.);
#1343 = EDGE_LOOP('',(#1344,#1345,#1346,#1353));
#1344 = ORIENTED_EDGE('',*,*,#1157,.T.);
#1345 = ORIENTED_EDGE('',*,*,#1314,.T.);
#1346 = ORIENTED_EDGE('',*,*,#1347,.F.);
#1347 = EDGE_CURVE('',#1323,#1315,#1348,.T.);
#1348 = CIRCLE('',#1349,2.415);
#1349 = AXIS2_PLACEMENT_3D('',#1350,#1351,#1352);
#1350 = CARTESIAN_POINT('',(1.27,0.,7.3));
#1351 = DIRECTION('',(0.,0.,1.));
#1352 = DIRECTION('',(1.,0.,-0.));
#1353 = ORIENTED_EDGE('',*,*,#1330,.F.);
#1354 = CYLINDRICAL_SURFACE('',#1355,2.415);
#1355 = AXIS2_PLACEMENT_3D('',#1356,#1357,#1358);
#1356 = CARTESIAN_POINT('',(1.27,0.,2.5));
#1357 = DIRECTION('',(-0.,-0.,-1.));
#1358 = DIRECTION('',(1.,0.,0.));
#1359 = ADVANCED_FACE('',(#1360),#1385,.F.);
#1360 = FACE_BOUND('',#1361,.F.);
#1361 = EDGE_LOOP('',(#1362,#1370,#1378,#1384));
#1362 = ORIENTED_EDGE('',*,*,#1363,.T.);
#1363 = EDGE_CURVE('',#1167,#1364,#1366,.T.);
#1364 = VERTEX_POINT('',#1365);
#1365 = CARTESIAN_POINT('',(0.24,0.19,-2.5));
#1366 = LINE('',#1367,#1368);
#1367 = CARTESIAN_POINT('',(0.24,0.19,2.5));
#1368 = VECTOR('',#1369,1.);
#1369 = DIRECTION('',(-0.,-0.,-1.));
#1370 = ORIENTED_EDGE('',*,*,#1371,.T.);
#1371 = EDGE_CURVE('',#1364,#1372,#1374,.T.);
#1372 = VERTEX_POINT('',#1373);
#1373 = CARTESIAN_POINT('',(0.24,-0.19,-2.5));
#1374 = LINE('',#1375,#1376);
#1375 = CARTESIAN_POINT('',(0.24,0.19,-2.5));
#1376 = VECTOR('',#1377,1.);
#1377 = DIRECTION('',(0.,-1.,0.));
#1378 = ORIENTED_EDGE('',*,*,#1379,.F.);
#1379 = EDGE_CURVE('',#1169,#1372,#1380,.T.);
#1380 = LINE('',#1381,#1382);
#1381 = CARTESIAN_POINT('',(0.24,-0.19,2.5));
#1382 = VECTOR('',#1383,1.);
#1383 = DIRECTION('',(-0.,-0.,-1.));
#1384 = ORIENTED_EDGE('',*,*,#1166,.F.);
#1385 = PLANE('',#1386);
#1386 = AXIS2_PLACEMENT_3D('',#1387,#1388,#1389);
#1387 = CARTESIAN_POINT('',(0.24,0.19,2.5));
#1388 = DIRECTION('',(-1.,0.,0.));
#1389 = DIRECTION('',(0.,-1.,0.));
#1390 = ADVANCED_FACE('',(#1391),#1409,.F.);
#1391 = FACE_BOUND('',#1392,.F.);
#1392 = EDGE_LOOP('',(#1393,#1394,#1402,#1408));
#1393 = ORIENTED_EDGE('',*,*,#1379,.T.);
#1394 = ORIENTED_EDGE('',*,*,#1395,.T.);
#1395 = EDGE_CURVE('',#1372,#1396,#1398,.T.);
#1396 = VERTEX_POINT('',#1397);
#1397 = CARTESIAN_POINT('',(-0.24,-0.19,-2.5));
#1398 = LINE('',#1399,#1400);
#1399 = CARTESIAN_POINT('',(0.24,-0.19,-2.5));
#1400 = VECTOR('',#1401,1.);
#1401 = DIRECTION('',(-1.,0.,0.));
#1402 = ORIENTED_EDGE('',*,*,#1403,.F.);
#1403 = EDGE_CURVE('',#1185,#1396,#1404,.T.);
#1404 = LINE('',#1405,#1406);
#1405 = CARTESIAN_POINT('',(-0.24,-0.19,2.5));
#1406 = VECTOR('',#1407,1.);
#1407 = DIRECTION('',(-0.,-0.,-1.));
#1408 = ORIENTED_EDGE('',*,*,#1192,.F.);
#1409 = PLANE('',#1410);
#1410 = AXIS2_PLACEMENT_3D('',#1411,#1412,#1413);
#1411 = CARTESIAN_POINT('',(0.24,-0.19,2.5));
#1412 = DIRECTION('',(0.,1.,0.));
#1413 = DIRECTION('',(-1.,0.,0.));
#1414 = ADVANCED_FACE('',(#1415),#1433,.F.);
#1415 = FACE_BOUND('',#1416,.F.);
#1416 = EDGE_LOOP('',(#1417,#1418,#1426,#1432));
#1417 = ORIENTED_EDGE('',*,*,#1403,.T.);
#1418 = ORIENTED_EDGE('',*,*,#1419,.T.);
#1419 = EDGE_CURVE('',#1396,#1420,#1422,.T.);
#1420 = VERTEX_POINT('',#1421);
#1421 = CARTESIAN_POINT('',(-0.24,0.19,-2.5));
#1422 = LINE('',#1423,#1424);
#1423 = CARTESIAN_POINT('',(-0.24,-0.19,-2.5));
#1424 = VECTOR('',#1425,1.);
#1425 = DIRECTION('',(0.,1.,0.));
#1426 = ORIENTED_EDGE('',*,*,#1427,.F.);
#1427 = EDGE_CURVE('',#1177,#1420,#1428,.T.);
#1428 = LINE('',#1429,#1430);
#1429 = CARTESIAN_POINT('',(-0.24,0.19,2.5));
#1430 = VECTOR('',#1431,1.);
#1431 = DIRECTION('',(-0.,-0.,-1.));
#1432 = ORIENTED_EDGE('',*,*,#1184,.F.);
#1433 = PLANE('',#1434);
#1434 = AXIS2_PLACEMENT_3D('',#1435,#1436,#1437);
#1435 = CARTESIAN_POINT('',(-0.24,-0.19,2.5));
#1436 = DIRECTION('',(1.,0.,0.));
#1437 = DIRECTION('',(-0.,1.,0.));
#1438 = ADVANCED_FACE('',(#1439),#1450,.F.);
#1439 = FACE_BOUND('',#1440,.F.);
#1440 = EDGE_LOOP('',(#1441,#1442,#1448,#1449));
#1441 = ORIENTED_EDGE('',*,*,#1427,.T.);
#1442 = ORIENTED_EDGE('',*,*,#1443,.T.);
#1443 = EDGE_CURVE('',#1420,#1364,#1444,.T.);
#1444 = LINE('',#1445,#1446);
#1445 = CARTESIAN_POINT('',(-0.24,0.19,-2.5));
#1446 = VECTOR('',#1447,1.);
#1447 = DIRECTION('',(1.,0.,0.));
#1448 = ORIENTED_EDGE('',*,*,#1363,.F.);
#1449 = ORIENTED_EDGE('',*,*,#1176,.F.);
#1450 = PLANE('',#1451);
#1451 = AXIS2_PLACEMENT_3D('',#1452,#1453,#1454);
#1452 = CARTESIAN_POINT('',(-0.24,0.19,2.5));
#1453 = DIRECTION('',(0.,-1.,0.));
#1454 = DIRECTION('',(1.,0.,0.));
#1455 = ADVANCED_FACE('',(#1456),#1481,.F.);
#1456 = FACE_BOUND('',#1457,.F.);
#1457 = EDGE_LOOP('',(#1458,#1466,#1474,#1480));
#1458 = ORIENTED_EDGE('',*,*,#1459,.T.);
#1459 = EDGE_CURVE('',#1212,#1460,#1462,.T.);
#1460 = VERTEX_POINT('',#1461);
#1461 = CARTESIAN_POINT('',(2.3,-0.19,-2.5));
#1462 = LINE('',#1463,#1464);
#1463 = CARTESIAN_POINT('',(2.3,-0.19,2.5));
#1464 = VECTOR('',#1465,1.);
#1465 = DIRECTION('',(-0.,-0.,-1.));
#1466 = ORIENTED_EDGE('',*,*,#1467,.T.);
#1467 = EDGE_CURVE('',#1460,#1468,#1470,.T.);
#1468 = VERTEX_POINT('',#1469);
#1469 = CARTESIAN_POINT('',(2.3,0.19,-2.5));
#1470 = LINE('',#1471,#1472);
#1471 = CARTESIAN_POINT('',(2.3,-0.19,-2.5));
#1472 = VECTOR('',#1473,1.);
#1473 = DIRECTION('',(0.,1.,0.));
#1474 = ORIENTED_EDGE('',*,*,#1475,.F.);
#1475 = EDGE_CURVE('',#1214,#1468,#1476,.T.);
#1476 = LINE('',#1477,#1478);
#1477 = CARTESIAN_POINT('',(2.3,0.19,2.5));
#1478 = VECTOR('',#1479,1.);
#1479 = DIRECTION('',(-0.,-0.,-1.));
#1480 = ORIENTED_EDGE('',*,*,#1211,.F.);
#1481 = PLANE('',#1482);
#1482 = AXIS2_PLACEMENT_3D('',#1483,#1484,#1485);
#1483 = CARTESIAN_POINT('',(2.3,-0.19,2.5));
#1484 = DIRECTION('',(1.,0.,0.));
#1485 = DIRECTION('',(-0.,1.,0.));
#1486 = ADVANCED_FACE('',(#1487),#1505,.F.);
#1487 = FACE_BOUND('',#1488,.F.);
#1488 = EDGE_LOOP('',(#1489,#1490,#1498,#1504));
#1489 = ORIENTED_EDGE('',*,*,#1475,.T.);
#1490 = ORIENTED_EDGE('',*,*,#1491,.T.);
#1491 = EDGE_CURVE('',#1468,#1492,#1494,.T.);
#1492 = VERTEX_POINT('',#1493);
#1493 = CARTESIAN_POINT('',(2.78,0.19,-2.5));
#1494 = LINE('',#1495,#1496);
#1495 = CARTESIAN_POINT('',(2.3,0.19,-2.5));
#1496 = VECTOR('',#1497,1.);
#1497 = DIRECTION('',(1.,0.,0.));
#1498 = ORIENTED_EDGE('',*,*,#1499,.F.);
#1499 = EDGE_CURVE('',#1230,#1492,#1500,.T.);
#1500 = LINE('',#1501,#1502);
#1501 = CARTESIAN_POINT('',(2.78,0.19,2.5));
#1502 = VECTOR('',#1503,1.);
#1503 = DIRECTION('',(-0.,-0.,-1.));
#1504 = ORIENTED_EDGE('',*,*,#1237,.F.);
#1505 = PLANE('',#1506);
#1506 = AXIS2_PLACEMENT_3D('',#1507,#1508,#1509);
#1507 = CARTESIAN_POINT('',(2.3,0.19,2.5));
#1508 = DIRECTION('',(0.,-1.,0.));
#1509 = DIRECTION('',(1.,0.,0.));
#1510 = ADVANCED_FACE('',(#1511),#1529,.F.);
#1511 = FACE_BOUND('',#1512,.F.);
#1512 = EDGE_LOOP('',(#1513,#1514,#1522,#1528));
#1513 = ORIENTED_EDGE('',*,*,#1499,.T.);
#1514 = ORIENTED_EDGE('',*,*,#1515,.T.);
#1515 = EDGE_CURVE('',#1492,#1516,#1518,.T.);
#1516 = VERTEX_POINT('',#1517);
#1517 = CARTESIAN_POINT('',(2.78,-0.19,-2.5));
#1518 = LINE('',#1519,#1520);
#1519 = CARTESIAN_POINT('',(2.78,0.19,-2.5));
#1520 = VECTOR('',#1521,1.);
#1521 = DIRECTION('',(0.,-1.,0.));
#1522 = ORIENTED_EDGE('',*,*,#1523,.F.);
#1523 = EDGE_CURVE('',#1222,#1516,#1524,.T.);
#1524 = LINE('',#1525,#1526);
#1525 = CARTESIAN_POINT('',(2.78,-0.19,2.5));
#1526 = VECTOR('',#1527,1.);
#1527 = DIRECTION('',(-0.,-0.,-1.));
#1528 = ORIENTED_EDGE('',*,*,#1229,.F.);
#1529 = PLANE('',#1530);
#1530 = AXIS2_PLACEMENT_3D('',#1531,#1532,#1533);
#1531 = CARTESIAN_POINT('',(2.78,0.19,2.5));
#1532 = DIRECTION('',(-1.,0.,0.));
#1533 = DIRECTION('',(0.,-1.,0.));
#1534 = ADVANCED_FACE('',(#1535),#1546,.F.);
#1535 = FACE_BOUND('',#1536,.F.);
#1536 = EDGE_LOOP('',(#1537,#1538,#1544,#1545));
#1537 = ORIENTED_EDGE('',*,*,#1523,.T.);
#1538 = ORIENTED_EDGE('',*,*,#1539,.T.);
#1539 = EDGE_CURVE('',#1516,#1460,#1540,.T.);
#1540 = LINE('',#1541,#1542);
#1541 = CARTESIAN_POINT('',(2.78,-0.19,-2.5));
#1542 = VECTOR('',#1543,1.);
#1543 = DIRECTION('',(-1.,0.,0.));
#1544 = ORIENTED_EDGE('',*,*,#1459,.F.);
#1545 = ORIENTED_EDGE('',*,*,#1221,.F.);
#1546 = PLANE('',#1547);
#1547 = AXIS2_PLACEMENT_3D('',#1548,#1549,#1550);
#1548 = CARTESIAN_POINT('',(2.78,-0.19,2.5));
#1549 = DIRECTION('',(0.,1.,0.));
#1550 = DIRECTION('',(-1.,0.,0.));
#1551 = ADVANCED_FACE('',(#1552),#1556,.F.);
#1552 = FACE_BOUND('',#1553,.T.);
#1553 = EDGE_LOOP('',(#1554,#1555));
#1554 = ORIENTED_EDGE('',*,*,#1322,.T.);
#1555 = ORIENTED_EDGE('',*,*,#1347,.T.);
#1556 = PLANE('',#1557);
#1557 = AXIS2_PLACEMENT_3D('',#1558,#1559,#1560);
#1558 = CARTESIAN_POINT('',(-0.745769083998,-1.329999999999,7.3));
#1559 = DIRECTION('',(0.,0.,-1.));
#1560 = DIRECTION('',(-1.,0.,0.));
#1561 = ADVANCED_FACE('',(#1562),#1568,.F.);
#1562 = FACE_BOUND('',#1563,.T.);
#1563 = EDGE_LOOP('',(#1564,#1565,#1566,#1567));
#1564 = ORIENTED_EDGE('',*,*,#1443,.T.);
#1565 = ORIENTED_EDGE('',*,*,#1371,.T.);
#1566 = ORIENTED_EDGE('',*,*,#1395,.T.);
#1567 = ORIENTED_EDGE('',*,*,#1419,.T.);
#1568 = PLANE('',#1569);
#1569 = AXIS2_PLACEMENT_3D('',#1570,#1571,#1572);
#1570 = CARTESIAN_POINT('',(-0.24,0.19,-2.5));
#1571 = DIRECTION('',(0.,0.,1.));
#1572 = DIRECTION('',(1.,0.,-0.));
#1573 = ADVANCED_FACE('',(#1574),#1580,.F.);
#1574 = FACE_BOUND('',#1575,.T.);
#1575 = EDGE_LOOP('',(#1576,#1577,#1578,#1579));
#1576 = ORIENTED_EDGE('',*,*,#1491,.T.);
#1577 = ORIENTED_EDGE('',*,*,#1515,.T.);
#1578 = ORIENTED_EDGE('',*,*,#1539,.T.);
#1579 = ORIENTED_EDGE('',*,*,#1467,.T.);
#1580 = PLANE('',#1581);
#1581 = AXIS2_PLACEMENT_3D('',#1582,#1583,#1584);
#1582 = CARTESIAN_POINT('',(2.3,0.19,-2.5));
#1583 = DIRECTION('',(0.,0.,1.));
#1584 = DIRECTION('',(1.,0.,-0.));
#1585 = ( GEOMETRIC_REPRESENTATION_CONTEXT(3) 
GLOBAL_UNCERTAINTY_ASSIGNED_CONTEXT((#1589)) 
GLOBAL_UNIT_ASSIGNED_CONTEXT((#1586,#1587,#1588)) REPRESENTATION_CONTEXT
('Context #1','3D Context with UNIT and UNCERTAINTY') );
#1586 = ( LENGTH_UNIT() NAMED_UNIT(*) SI_UNIT(.MILLI.,.METRE.) );
#1587 = ( NAMED_UNIT(*) PLANE_ANGLE_UNIT() SI_UNIT($,.RADIAN.) );
#1588 = ( NAMED_UNIT(*) SI_UNIT($,.STERADIAN.) SOLID_ANGLE_UNIT() );
#1589 = UNCERTAINTY_MEASURE_WITH_UNIT(LENGTH_MEASURE(1.E-07),#1586,
  'distance_accuracy_value','confusion accuracy');
#1590 = CONTEXT_DEPENDENT_SHAPE_REPRESENTATION(#1591,#1593);
#1591 = ( REPRESENTATION_RELATIONSHIP('','',#940,#10) 
REPRESENTATION_RELATIONSHIP_WITH_TRANSFORMATION(#1592) 
SHAPE_REPRESENTATION_RELATIONSHIP() );
#1592 = ITEM_DEFINED_TRANSFORMATION('','',#11,#23);
#1593 = PRODUCT_DEFINITION_SHAPE('Placement','Placement of an item',
  #1594);
#1594 = NEXT_ASSEMBLY_USAGE_OCCURRENCE('3','Q2','',#5,#935,$);
#1595 = PRODUCT_RELATED_PRODUCT_CATEGORY('part',$,(#937));
#1596 = CONTEXT_DEPENDENT_SHAPE_REPRESENTATION(#1597,#1599);
#1597 = ( REPRESENTATION_RELATIONSHIP('','',#534,#10) 
REPRESENTATION_RELATIONSHIP_WITH_TRANSFORMATION(#1598) 
SHAPE_REPRESENTATION_RELATIONSHIP() );
#1598 = ITEM_DEFINED_TRANSFORMATION('','',#11,#27);
#1599 = PRODUCT_DEFINITION_SHAPE('Placement','Placement of an item',
  #1600);
#1600 = NEXT_ASSEMBLY_USAGE_OCCURRENCE('4','R7','',#5,#529,$);
#1601 = SHAPE_DEFINITION_REPRESENTATION(#1602,#1608);
#1602 = PRODUCT_DEFINITION_SHAPE('','',#1603);
#1603 = PRODUCT_DEFINITION('design','',#1604,#1607);
#1604 = PRODUCT_DEFINITION_FORMATION('','',#1605);
#1605 = PRODUCT('PinSocket_1x07_P2.54mm_Vertical',
  'PinSocket_1x07_P2.54mm_Vertical','',(#1606));
#1606 = PRODUCT_CONTEXT('',#2,'mechanical');
#1607 = PRODUCT_DEFINITION_CONTEXT('part definition',#2,'design');
#1608 = ADVANCED_BREP_SHAPE_REPRESENTATION('',(#11,#1609),#7323);
#1609 = MANIFOLD_SOLID_BREP('',#1610);
#1610 = CLOSED_SHELL('',(#1611,#1651,#1714,#1777,#1794,#2049,#2071,#2088
    ,#2567,#2579,#2591,#2622,#2646,#2670,#2687,#2718,#2742,#2766,#2783,
    #2814,#2838,#2862,#2879,#2910,#2934,#2958,#2975,#3006,#3030,#3054,
    #3071,#3102,#3126,#3150,#3167,#3198,#3222,#3246,#3263,#3280,#3327,
    #3344,#3391,#3408,#3455,#3472,#3519,#3536,#3583,#3600,#3647,#3664,
    #3711,#3728,#3775,#3792,#3839,#3856,#3903,#3920,#3967,#3984,#4031,
    #4048,#4095,#4112,#4159,#4190,#4246,#4270,#4319,#4350,#4406,#4430,
    #4479,#4510,#4566,#4590,#4639,#4670,#4726,#4750,#4799,#4830,#4886,
    #4910,#4959,#4990,#5046,#5070,#5119,#5150,#5206,#5230,#5279,#5296,
    #5313,#5330,#5347,#5359,#5376,#5393,#5410,#5427,#5439,#5456,#5473,
    #5490,#5507,#5519,#5536,#5553,#5570,#5587,#5599,#5616,#5633,#5650,
    #5667,#5679,#5696,#5713,#5730,#5747,#5759,#5776,#5793,#5810,#5827,
    #5839,#5856,#5873,#5922,#5946,#5988,#6005,#6022,#6039,#6088,#6112,
    #6154,#6171,#6188,#6205,#6254,#6278,#6320,#6337,#6354,#6371,#6420,
    #6444,#6486,#6503,#6520,#6537,#6586,#6610,#6652,#6669,#6686,#6703,
    #6752,#6776,#6818,#6835,#6852,#6869,#6918,#6942,#6984,#7001,#7018,
    #7035,#7047,#7064,#7081,#7093,#7110,#7127,#7139,#7156,#7173,#7185,
    #7202,#7219,#7231,#7248,#7265,#7277,#7294,#7311));
#1611 = ADVANCED_FACE('',(#1612),#1646,.F.);
#1612 = FACE_BOUND('',#1613,.F.);
#1613 = EDGE_LOOP('',(#1614,#1624,#1632,#1640));
#1614 = ORIENTED_EDGE('',*,*,#1615,.T.);
#1615 = EDGE_CURVE('',#1616,#1618,#1620,.T.);
#1616 = VERTEX_POINT('',#1617);
#1617 = CARTESIAN_POINT('',(1.27,-16.51,0.));
#1618 = VERTEX_POINT('',#1619);
#1619 = CARTESIAN_POINT('',(1.27,-16.51,8.5));
#1620 = LINE('',#1621,#1622);
#1621 = CARTESIAN_POINT('',(1.27,-16.51,0.));
#1622 = VECTOR('',#1623,1.);
#1623 = DIRECTION('',(0.,0.,1.));
#1624 = ORIENTED_EDGE('',*,*,#1625,.T.);
#1625 = EDGE_CURVE('',#1618,#1626,#1628,.T.);
#1626 = VERTEX_POINT('',#1627);
#1627 = CARTESIAN_POINT('',(1.27,1.27,8.5));
#1628 = LINE('',#1629,#1630);
#1629 = CARTESIAN_POINT('',(1.27,-16.51,8.5));
#1630 = VECTOR('',#1631,1.);
#1631 = DIRECTION('',(1.110223024625E-16,1.,0.));
#1632 = ORIENTED_EDGE('',*,*,#1633,.F.);
#1633 = EDGE_CURVE('',#1634,#1626,#1636,.T.);
#1634 = VERTEX_POINT('',#1635);
#1635 = CARTESIAN_POINT('',(1.27,1.27,0.));
#1636 = LINE('',#1637,#1638);
#1637 = CARTESIAN_POINT('',(1.27,1.27,0.));
#1638 = VECTOR('',#1639,1.);
#1639 = DIRECTION('',(0.,0.,1.));
#1640 = ORIENTED_EDGE('',*,*,#1641,.F.);
#1641 = EDGE_CURVE('',#1616,#1634,#1642,.T.);
#1642 = LINE('',#1643,#1644);
#1643 = CARTESIAN_POINT('',(1.27,-16.51,0.));
#1644 = VECTOR('',#1645,1.);
#1645 = DIRECTION('',(1.110223024625E-16,1.,0.));
#1646 = PLANE('',#1647);
#1647 = AXIS2_PLACEMENT_3D('',#1648,#1649,#1650);
#1648 = CARTESIAN_POINT('',(1.27,-16.51,0.));
#1649 = DIRECTION('',(-1.,1.110223024625E-16,0.));
#1650 = DIRECTION('',(1.110223024625E-16,1.,0.));
#1651 = ADVANCED_FACE('',(#1652),#1709,.F.);
#1652 = FACE_BOUND('',#1653,.F.);
#1653 = EDGE_LOOP('',(#1654,#1664,#1672,#1678,#1679,#1687,#1695,#1703));
#1654 = ORIENTED_EDGE('',*,*,#1655,.F.);
#1655 = EDGE_CURVE('',#1656,#1658,#1660,.T.);
#1656 = VERTEX_POINT('',#1657);
#1657 = CARTESIAN_POINT('',(-1.27,-16.51,0.));
#1658 = VERTEX_POINT('',#1659);
#1659 = CARTESIAN_POINT('',(-0.846666666667,-16.51,0.));
#1660 = LINE('',#1661,#1662);
#1661 = CARTESIAN_POINT('',(-1.27,-16.51,0.));
#1662 = VECTOR('',#1663,1.);
#1663 = DIRECTION('',(1.,-1.110223024625E-16,0.));
#1664 = ORIENTED_EDGE('',*,*,#1665,.T.);
#1665 = EDGE_CURVE('',#1656,#1666,#1668,.T.);
#1666 = VERTEX_POINT('',#1667);
#1667 = CARTESIAN_POINT('',(-1.27,-16.51,8.5));
#1668 = LINE('',#1669,#1670);
#1669 = CARTESIAN_POINT('',(-1.27,-16.51,0.));
#1670 = VECTOR('',#1671,1.);
#1671 = DIRECTION('',(0.,0.,1.));
#1672 = ORIENTED_EDGE('',*,*,#1673,.T.);
#1673 = EDGE_CURVE('',#1666,#1618,#1674,.T.);
#1674 = LINE('',#1675,#1676);
#1675 = CARTESIAN_POINT('',(-1.27,-16.51,8.5));
#1676 = VECTOR('',#1677,1.);
#1677 = DIRECTION('',(1.,-1.110223024625E-16,0.));
#1678 = ORIENTED_EDGE('',*,*,#1615,.F.);
#1679 = ORIENTED_EDGE('',*,*,#1680,.F.);
#1680 = EDGE_CURVE('',#1681,#1616,#1683,.T.);
#1681 = VERTEX_POINT('',#1682);
#1682 = CARTESIAN_POINT('',(0.846666666667,-16.51,0.));
#1683 = LINE('',#1684,#1685);
#1684 = CARTESIAN_POINT('',(-1.27,-16.51,0.));
#1685 = VECTOR('',#1686,1.);
#1686 = DIRECTION('',(1.,-1.110223024625E-16,0.));
#1687 = ORIENTED_EDGE('',*,*,#1688,.T.);
#1688 = EDGE_CURVE('',#1681,#1689,#1691,.T.);
#1689 = VERTEX_POINT('',#1690);
#1690 = CARTESIAN_POINT('',(0.846666666667,-16.51,0.2));
#1691 = LINE('',#1692,#1693);
#1692 = CARTESIAN_POINT('',(0.846666666667,-16.51,0.));
#1693 = VECTOR('',#1694,1.);
#1694 = DIRECTION('',(0.,0.,1.));
#1695 = ORIENTED_EDGE('',*,*,#1696,.F.);
#1696 = EDGE_CURVE('',#1697,#1689,#1699,.T.);
#1697 = VERTEX_POINT('',#1698);
#1698 = CARTESIAN_POINT('',(-0.846666666667,-16.51,0.2));
#1699 = LINE('',#1700,#1701);
#1700 = CARTESIAN_POINT('',(-0.846666666667,-16.51,0.2));
#1701 = VECTOR('',#1702,1.);
#1702 = DIRECTION('',(1.,-1.110223024625E-16,0.));
#1703 = ORIENTED_EDGE('',*,*,#1704,.F.);
#1704 = EDGE_CURVE('',#1658,#1697,#1705,.T.);
#1705 = LINE('',#1706,#1707);
#1706 = CARTESIAN_POINT('',(-0.846666666667,-16.51,0.));
#1707 = VECTOR('',#1708,1.);
#1708 = DIRECTION('',(0.,0.,1.));
#1709 = PLANE('',#1710);
#1710 = AXIS2_PLACEMENT_3D('',#1711,#1712,#1713);
#1711 = CARTESIAN_POINT('',(-1.27,-16.51,0.));
#1712 = DIRECTION('',(1.110223024625E-16,1.,0.));
#1713 = DIRECTION('',(1.,-1.110223024625E-16,0.));
#1714 = ADVANCED_FACE('',(#1715),#1772,.F.);
#1715 = FACE_BOUND('',#1716,.F.);
#1716 = EDGE_LOOP('',(#1717,#1725,#1726,#1734,#1742,#1750,#1758,#1766));
#1717 = ORIENTED_EDGE('',*,*,#1718,.F.);
#1718 = EDGE_CURVE('',#1634,#1719,#1721,.T.);
#1719 = VERTEX_POINT('',#1720);
#1720 = CARTESIAN_POINT('',(0.846666666667,1.27,0.));
#1721 = LINE('',#1722,#1723);
#1722 = CARTESIAN_POINT('',(1.27,1.27,0.));
#1723 = VECTOR('',#1724,1.);
#1724 = DIRECTION('',(-1.,1.110223024625E-16,0.));
#1725 = ORIENTED_EDGE('',*,*,#1633,.T.);
#1726 = ORIENTED_EDGE('',*,*,#1727,.T.);
#1727 = EDGE_CURVE('',#1626,#1728,#1730,.T.);
#1728 = VERTEX_POINT('',#1729);
#1729 = CARTESIAN_POINT('',(-1.27,1.27,8.5));
#1730 = LINE('',#1731,#1732);
#1731 = CARTESIAN_POINT('',(1.27,1.27,8.5));
#1732 = VECTOR('',#1733,1.);
#1733 = DIRECTION('',(-1.,1.110223024625E-16,0.));
#1734 = ORIENTED_EDGE('',*,*,#1735,.F.);
#1735 = EDGE_CURVE('',#1736,#1728,#1738,.T.);
#1736 = VERTEX_POINT('',#1737);
#1737 = CARTESIAN_POINT('',(-1.27,1.27,0.));
#1738 = LINE('',#1739,#1740);
#1739 = CARTESIAN_POINT('',(-1.27,1.27,0.));
#1740 = VECTOR('',#1741,1.);
#1741 = DIRECTION('',(0.,0.,1.));
#1742 = ORIENTED_EDGE('',*,*,#1743,.F.);
#1743 = EDGE_CURVE('',#1744,#1736,#1746,.T.);
#1744 = VERTEX_POINT('',#1745);
#1745 = CARTESIAN_POINT('',(-0.846666666667,1.27,0.));
#1746 = LINE('',#1747,#1748);
#1747 = CARTESIAN_POINT('',(1.27,1.27,0.));
#1748 = VECTOR('',#1749,1.);
#1749 = DIRECTION('',(-1.,1.110223024625E-16,0.));
#1750 = ORIENTED_EDGE('',*,*,#1751,.T.);
#1751 = EDGE_CURVE('',#1744,#1752,#1754,.T.);
#1752 = VERTEX_POINT('',#1753);
#1753 = CARTESIAN_POINT('',(-0.846666666667,1.27,0.2));
#1754 = LINE('',#1755,#1756);
#1755 = CARTESIAN_POINT('',(-0.846666666667,1.27,0.));
#1756 = VECTOR('',#1757,1.);
#1757 = DIRECTION('',(0.,0.,1.));
#1758 = ORIENTED_EDGE('',*,*,#1759,.F.);
#1759 = EDGE_CURVE('',#1760,#1752,#1762,.T.);
#1760 = VERTEX_POINT('',#1761);
#1761 = CARTESIAN_POINT('',(0.846666666667,1.27,0.2));
#1762 = LINE('',#1763,#1764);
#1763 = CARTESIAN_POINT('',(0.846666666667,1.27,0.2));
#1764 = VECTOR('',#1765,1.);
#1765 = DIRECTION('',(-1.,1.110223024625E-16,0.));
#1766 = ORIENTED_EDGE('',*,*,#1767,.F.);
#1767 = EDGE_CURVE('',#1719,#1760,#1768,.T.);
#1768 = LINE('',#1769,#1770);
#1769 = CARTESIAN_POINT('',(0.846666666667,1.27,0.));
#1770 = VECTOR('',#1771,1.);
#1771 = DIRECTION('',(0.,0.,1.));
#1772 = PLANE('',#1773);
#1773 = AXIS2_PLACEMENT_3D('',#1774,#1775,#1776);
#1774 = CARTESIAN_POINT('',(1.27,1.27,0.));
#1775 = DIRECTION('',(-1.110223024625E-16,-1.,0.));
#1776 = DIRECTION('',(-1.,1.110223024625E-16,0.));
#1777 = ADVANCED_FACE('',(#1778),#1789,.F.);
#1778 = FACE_BOUND('',#1779,.F.);
#1779 = EDGE_LOOP('',(#1780,#1781,#1782,#1783));
#1780 = ORIENTED_EDGE('',*,*,#1680,.T.);
#1781 = ORIENTED_EDGE('',*,*,#1641,.T.);
#1782 = ORIENTED_EDGE('',*,*,#1718,.T.);
#1783 = ORIENTED_EDGE('',*,*,#1784,.F.);
#1784 = EDGE_CURVE('',#1681,#1719,#1785,.T.);
#1785 = LINE('',#1786,#1787);
#1786 = CARTESIAN_POINT('',(0.846666666667,-16.51,0.));
#1787 = VECTOR('',#1788,1.);
#1788 = DIRECTION('',(1.110223024625E-16,1.,0.));
#1789 = PLANE('',#1790);
#1790 = AXIS2_PLACEMENT_3D('',#1791,#1792,#1793);
#1791 = CARTESIAN_POINT('',(-8.182343691487E-16,-7.62,0.));
#1792 = DIRECTION('',(0.,0.,1.));
#1793 = DIRECTION('',(1.110223024625E-16,1.,-0.));
#1794 = ADVANCED_FACE('',(#1795,#1806,#1840,#1874,#1908,#1942,#1976,
    #2010),#2044,.T.);
#1795 = FACE_BOUND('',#1796,.T.);
#1796 = EDGE_LOOP('',(#1797,#1798,#1799,#1805));
#1797 = ORIENTED_EDGE('',*,*,#1625,.T.);
#1798 = ORIENTED_EDGE('',*,*,#1727,.T.);
#1799 = ORIENTED_EDGE('',*,*,#1800,.T.);
#1800 = EDGE_CURVE('',#1728,#1666,#1801,.T.);
#1801 = LINE('',#1802,#1803);
#1802 = CARTESIAN_POINT('',(-1.27,1.27,8.5));
#1803 = VECTOR('',#1804,1.);
#1804 = DIRECTION('',(-1.110223024625E-16,-1.,0.));
#1805 = ORIENTED_EDGE('',*,*,#1673,.T.);
#1806 = FACE_BOUND('',#1807,.T.);
#1807 = EDGE_LOOP('',(#1808,#1818,#1826,#1834));
#1808 = ORIENTED_EDGE('',*,*,#1809,.F.);
#1809 = EDGE_CURVE('',#1810,#1812,#1814,.T.);
#1810 = VERTEX_POINT('',#1811);
#1811 = CARTESIAN_POINT('',(0.6,-15.84,8.5));
#1812 = VERTEX_POINT('',#1813);
#1813 = CARTESIAN_POINT('',(0.6,-14.64,8.5));
#1814 = LINE('',#1815,#1816);
#1815 = CARTESIAN_POINT('',(0.6,-15.84,8.5));
#1816 = VECTOR('',#1817,1.);
#1817 = DIRECTION('',(1.110223024625E-16,1.,0.));
#1818 = ORIENTED_EDGE('',*,*,#1819,.F.);
#1819 = EDGE_CURVE('',#1820,#1810,#1822,.T.);
#1820 = VERTEX_POINT('',#1821);
#1821 = CARTESIAN_POINT('',(-0.6,-15.84,8.5));
#1822 = LINE('',#1823,#1824);
#1823 = CARTESIAN_POINT('',(-0.6,-15.84,8.5));
#1824 = VECTOR('',#1825,1.);
#1825 = DIRECTION('',(1.,-1.110223024625E-16,0.));
#1826 = ORIENTED_EDGE('',*,*,#1827,.F.);
#1827 = EDGE_CURVE('',#1828,#1820,#1830,.T.);
#1828 = VERTEX_POINT('',#1829);
#1829 = CARTESIAN_POINT('',(-0.6,-14.64,8.5));
#1830 = LINE('',#1831,#1832);
#1831 = CARTESIAN_POINT('',(-0.6,-14.64,8.5));
#1832 = VECTOR('',#1833,1.);
#1833 = DIRECTION('',(-1.110223024625E-16,-1.,0.));
#1834 = ORIENTED_EDGE('',*,*,#1835,.F.);
#1835 = EDGE_CURVE('',#1812,#1828,#1836,.T.);
#1836 = LINE('',#1837,#1838);
#1837 = CARTESIAN_POINT('',(0.6,-14.64,8.5));
#1838 = VECTOR('',#1839,1.);
#1839 = DIRECTION('',(-1.,1.110223024625E-16,0.));
#1840 = FACE_BOUND('',#1841,.T.);
#1841 = EDGE_LOOP('',(#1842,#1852,#1860,#1868));
#1842 = ORIENTED_EDGE('',*,*,#1843,.F.);
#1843 = EDGE_CURVE('',#1844,#1846,#1848,.T.);
#1844 = VERTEX_POINT('',#1845);
#1845 = CARTESIAN_POINT('',(0.6,-13.3,8.5));
#1846 = VERTEX_POINT('',#1847);
#1847 = CARTESIAN_POINT('',(0.6,-12.1,8.5));
#1848 = LINE('',#1849,#1850);
#1849 = CARTESIAN_POINT('',(0.6,-13.3,8.5));
#1850 = VECTOR('',#1851,1.);
#1851 = DIRECTION('',(1.110223024625E-16,1.,0.));
#1852 = ORIENTED_EDGE('',*,*,#1853,.F.);
#1853 = EDGE_CURVE('',#1854,#1844,#1856,.T.);
#1854 = VERTEX_POINT('',#1855);
#1855 = CARTESIAN_POINT('',(-0.6,-13.3,8.5));
#1856 = LINE('',#1857,#1858);
#1857 = CARTESIAN_POINT('',(-0.6,-13.3,8.5));
#1858 = VECTOR('',#1859,1.);
#1859 = DIRECTION('',(1.,-1.110223024625E-16,0.));
#1860 = ORIENTED_EDGE('',*,*,#1861,.F.);
#1861 = EDGE_CURVE('',#1862,#1854,#1864,.T.);
#1862 = VERTEX_POINT('',#1863);
#1863 = CARTESIAN_POINT('',(-0.6,-12.1,8.5));
#1864 = LINE('',#1865,#1866);
#1865 = CARTESIAN_POINT('',(-0.6,-12.1,8.5));
#1866 = VECTOR('',#1867,1.);
#1867 = DIRECTION('',(-1.110223024625E-16,-1.,0.));
#1868 = ORIENTED_EDGE('',*,*,#1869,.F.);
#1869 = EDGE_CURVE('',#1846,#1862,#1870,.T.);
#1870 = LINE('',#1871,#1872);
#1871 = CARTESIAN_POINT('',(0.6,-12.1,8.5));
#1872 = VECTOR('',#1873,1.);
#1873 = DIRECTION('',(-1.,1.110223024625E-16,0.));
#1874 = FACE_BOUND('',#1875,.T.);
#1875 = EDGE_LOOP('',(#1876,#1886,#1894,#1902));
#1876 = ORIENTED_EDGE('',*,*,#1877,.F.);
#1877 = EDGE_CURVE('',#1878,#1880,#1882,.T.);
#1878 = VERTEX_POINT('',#1879);
#1879 = CARTESIAN_POINT('',(0.6,-10.76,8.5));
#1880 = VERTEX_POINT('',#1881);
#1881 = CARTESIAN_POINT('',(0.6,-9.56,8.5));
#1882 = LINE('',#1883,#1884);
#1883 = CARTESIAN_POINT('',(0.6,-10.76,8.5));
#1884 = VECTOR('',#1885,1.);
#1885 = DIRECTION('',(1.110223024625E-16,1.,0.));
#1886 = ORIENTED_EDGE('',*,*,#1887,.F.);
#1887 = EDGE_CURVE('',#1888,#1878,#1890,.T.);
#1888 = VERTEX_POINT('',#1889);
#1889 = CARTESIAN_POINT('',(-0.6,-10.76,8.5));
#1890 = LINE('',#1891,#1892);
#1891 = CARTESIAN_POINT('',(-0.6,-10.76,8.5));
#1892 = VECTOR('',#1893,1.);
#1893 = DIRECTION('',(1.,-1.110223024625E-16,0.));
#1894 = ORIENTED_EDGE('',*,*,#1895,.F.);
#1895 = EDGE_CURVE('',#1896,#1888,#1898,.T.);
#1896 = VERTEX_POINT('',#1897);
#1897 = CARTESIAN_POINT('',(-0.6,-9.56,8.5));
#1898 = LINE('',#1899,#1900);
#1899 = CARTESIAN_POINT('',(-0.6,-9.56,8.5));
#1900 = VECTOR('',#1901,1.);
#1901 = DIRECTION('',(-1.110223024625E-16,-1.,0.));
#1902 = ORIENTED_EDGE('',*,*,#1903,.F.);
#1903 = EDGE_CURVE('',#1880,#1896,#1904,.T.);
#1904 = LINE('',#1905,#1906);
#1905 = CARTESIAN_POINT('',(0.6,-9.56,8.5));
#1906 = VECTOR('',#1907,1.);
#1907 = DIRECTION('',(-1.,1.110223024625E-16,0.));
#1908 = FACE_BOUND('',#1909,.T.);
#1909 = EDGE_LOOP('',(#1910,#1920,#1928,#1936));
#1910 = ORIENTED_EDGE('',*,*,#1911,.F.);
#1911 = EDGE_CURVE('',#1912,#1914,#1916,.T.);
#1912 = VERTEX_POINT('',#1913);
#1913 = CARTESIAN_POINT('',(0.6,-8.22,8.5));
#1914 = VERTEX_POINT('',#1915);
#1915 = CARTESIAN_POINT('',(0.6,-7.02,8.5));
#1916 = LINE('',#1917,#1918);
#1917 = CARTESIAN_POINT('',(0.6,-8.22,8.5));
#1918 = VECTOR('',#1919,1.);
#1919 = DIRECTION('',(1.110223024625E-16,1.,0.));
#1920 = ORIENTED_EDGE('',*,*,#1921,.F.);
#1921 = EDGE_CURVE('',#1922,#1912,#1924,.T.);
#1922 = VERTEX_POINT('',#1923);
#1923 = CARTESIAN_POINT('',(-0.6,-8.22,8.5));
#1924 = LINE('',#1925,#1926);
#1925 = CARTESIAN_POINT('',(-0.6,-8.22,8.5));
#1926 = VECTOR('',#1927,1.);
#1927 = DIRECTION('',(1.,-1.110223024625E-16,0.));
#1928 = ORIENTED_EDGE('',*,*,#1929,.F.);
#1929 = EDGE_CURVE('',#1930,#1922,#1932,.T.);
#1930 = VERTEX_POINT('',#1931);
#1931 = CARTESIAN_POINT('',(-0.6,-7.02,8.5));
#1932 = LINE('',#1933,#1934);
#1933 = CARTESIAN_POINT('',(-0.6,-7.02,8.5));
#1934 = VECTOR('',#1935,1.);
#1935 = DIRECTION('',(-1.110223024625E-16,-1.,0.));
#1936 = ORIENTED_EDGE('',*,*,#1937,.F.);
#1937 = EDGE_CURVE('',#1914,#1930,#1938,.T.);
#1938 = LINE('',#1939,#1940);
#1939 = CARTESIAN_POINT('',(0.6,-7.02,8.5));
#1940 = VECTOR('',#1941,1.);
#1941 = DIRECTION('',(-1.,1.110223024625E-16,0.));
#1942 = FACE_BOUND('',#1943,.T.);
#1943 = EDGE_LOOP('',(#1944,#1954,#1962,#1970));
#1944 = ORIENTED_EDGE('',*,*,#1945,.F.);
#1945 = EDGE_CURVE('',#1946,#1948,#1950,.T.);
#1946 = VERTEX_POINT('',#1947);
#1947 = CARTESIAN_POINT('',(0.6,-5.68,8.5));
#1948 = VERTEX_POINT('',#1949);
#1949 = CARTESIAN_POINT('',(0.6,-4.48,8.5));
#1950 = LINE('',#1951,#1952);
#1951 = CARTESIAN_POINT('',(0.6,-5.68,8.5));
#1952 = VECTOR('',#1953,1.);
#1953 = DIRECTION('',(1.110223024625E-16,1.,0.));
#1954 = ORIENTED_EDGE('',*,*,#1955,.F.);
#1955 = EDGE_CURVE('',#1956,#1946,#1958,.T.);
#1956 = VERTEX_POINT('',#1957);
#1957 = CARTESIAN_POINT('',(-0.6,-5.68,8.5));
#1958 = LINE('',#1959,#1960);
#1959 = CARTESIAN_POINT('',(-0.6,-5.68,8.5));
#1960 = VECTOR('',#1961,1.);
#1961 = DIRECTION('',(1.,-1.110223024625E-16,0.));
#1962 = ORIENTED_EDGE('',*,*,#1963,.F.);
#1963 = EDGE_CURVE('',#1964,#1956,#1966,.T.);
#1964 = VERTEX_POINT('',#1965);
#1965 = CARTESIAN_POINT('',(-0.6,-4.48,8.5));
#1966 = LINE('',#1967,#1968);
#1967 = CARTESIAN_POINT('',(-0.6,-4.48,8.5));
#1968 = VECTOR('',#1969,1.);
#1969 = DIRECTION('',(-1.110223024625E-16,-1.,0.));
#1970 = ORIENTED_EDGE('',*,*,#1971,.F.);
#1971 = EDGE_CURVE('',#1948,#1964,#1972,.T.);
#1972 = LINE('',#1973,#1974);
#1973 = CARTESIAN_POINT('',(0.6,-4.48,8.5));
#1974 = VECTOR('',#1975,1.);
#1975 = DIRECTION('',(-1.,1.110223024625E-16,0.));
#1976 = FACE_BOUND('',#1977,.T.);
#1977 = EDGE_LOOP('',(#1978,#1988,#1996,#2004));
#1978 = ORIENTED_EDGE('',*,*,#1979,.F.);
#1979 = EDGE_CURVE('',#1980,#1982,#1984,.T.);
#1980 = VERTEX_POINT('',#1981);
#1981 = CARTESIAN_POINT('',(0.6,-3.14,8.5));
#1982 = VERTEX_POINT('',#1983);
#1983 = CARTESIAN_POINT('',(0.6,-1.94,8.5));
#1984 = LINE('',#1985,#1986);
#1985 = CARTESIAN_POINT('',(0.6,-3.14,8.5));
#1986 = VECTOR('',#1987,1.);
#1987 = DIRECTION('',(1.110223024625E-16,1.,0.));
#1988 = ORIENTED_EDGE('',*,*,#1989,.F.);
#1989 = EDGE_CURVE('',#1990,#1980,#1992,.T.);
#1990 = VERTEX_POINT('',#1991);
#1991 = CARTESIAN_POINT('',(-0.6,-3.14,8.5));
#1992 = LINE('',#1993,#1994);
#1993 = CARTESIAN_POINT('',(-0.6,-3.14,8.5));
#1994 = VECTOR('',#1995,1.);
#1995 = DIRECTION('',(1.,-1.110223024625E-16,0.));
#1996 = ORIENTED_EDGE('',*,*,#1997,.F.);
#1997 = EDGE_CURVE('',#1998,#1990,#2000,.T.);
#1998 = VERTEX_POINT('',#1999);
#1999 = CARTESIAN_POINT('',(-0.6,-1.94,8.5));
#2000 = LINE('',#2001,#2002);
#2001 = CARTESIAN_POINT('',(-0.6,-1.94,8.5));
#2002 = VECTOR('',#2003,1.);
#2003 = DIRECTION('',(-1.110223024625E-16,-1.,0.));
#2004 = ORIENTED_EDGE('',*,*,#2005,.F.);
#2005 = EDGE_CURVE('',#1982,#1998,#2006,.T.);
#2006 = LINE('',#2007,#2008);
#2007 = CARTESIAN_POINT('',(0.6,-1.94,8.5));
#2008 = VECTOR('',#2009,1.);
#2009 = DIRECTION('',(-1.,1.110223024625E-16,0.));
#2010 = FACE_BOUND('',#2011,.T.);
#2011 = EDGE_LOOP('',(#2012,#2022,#2030,#2038));
#2012 = ORIENTED_EDGE('',*,*,#2013,.F.);
#2013 = EDGE_CURVE('',#2014,#2016,#2018,.T.);
#2014 = VERTEX_POINT('',#2015);
#2015 = CARTESIAN_POINT('',(0.6,-0.6,8.5));
#2016 = VERTEX_POINT('',#2017);
#2017 = CARTESIAN_POINT('',(0.6,0.6,8.5));
#2018 = LINE('',#2019,#2020);
#2019 = CARTESIAN_POINT('',(0.6,-0.6,8.5));
#2020 = VECTOR('',#2021,1.);
#2021 = DIRECTION('',(1.110223024625E-16,1.,0.));
#2022 = ORIENTED_EDGE('',*,*,#2023,.F.);
#2023 = EDGE_CURVE('',#2024,#2014,#2026,.T.);
#2024 = VERTEX_POINT('',#2025);
#2025 = CARTESIAN_POINT('',(-0.6,-0.6,8.5));
#2026 = LINE('',#2027,#2028);
#2027 = CARTESIAN_POINT('',(-0.6,-0.6,8.5));
#2028 = VECTOR('',#2029,1.);
#2029 = DIRECTION('',(1.,-1.110223024625E-16,0.));
#2030 = ORIENTED_EDGE('',*,*,#2031,.F.);
#2031 = EDGE_CURVE('',#2032,#2024,#2034,.T.);
#2032 = VERTEX_POINT('',#2033);
#2033 = CARTESIAN_POINT('',(-0.6,0.6,8.5));
#2034 = LINE('',#2035,#2036);
#2035 = CARTESIAN_POINT('',(-0.6,0.6,8.5));
#2036 = VECTOR('',#2037,1.);
#2037 = DIRECTION('',(-1.110223024625E-16,-1.,0.));
#2038 = ORIENTED_EDGE('',*,*,#2039,.F.);
#2039 = EDGE_CURVE('',#2016,#2032,#2040,.T.);
#2040 = LINE('',#2041,#2042);
#2041 = CARTESIAN_POINT('',(0.6,0.6,8.5));
#2042 = VECTOR('',#2043,1.);
#2043 = DIRECTION('',(-1.,1.110223024625E-16,0.));
#2044 = PLANE('',#2045);
#2045 = AXIS2_PLACEMENT_3D('',#2046,#2047,#2048);
#2046 = CARTESIAN_POINT('',(-8.182343691487E-16,-7.62,8.5));
#2047 = DIRECTION('',(0.,0.,1.));
#2048 = DIRECTION('',(1.110223024625E-16,1.,-0.));
#2049 = ADVANCED_FACE('',(#2050),#2066,.F.);
#2050 = FACE_BOUND('',#2051,.F.);
#2051 = EDGE_LOOP('',(#2052,#2053,#2059,#2060));
#2052 = ORIENTED_EDGE('',*,*,#1655,.T.);
#2053 = ORIENTED_EDGE('',*,*,#2054,.F.);
#2054 = EDGE_CURVE('',#1744,#1658,#2055,.T.);
#2055 = LINE('',#2056,#2057);
#2056 = CARTESIAN_POINT('',(-0.846666666667,1.27,0.));
#2057 = VECTOR('',#2058,1.);
#2058 = DIRECTION('',(-1.110223024625E-16,-1.,0.));
#2059 = ORIENTED_EDGE('',*,*,#1743,.T.);
#2060 = ORIENTED_EDGE('',*,*,#2061,.T.);
#2061 = EDGE_CURVE('',#1736,#1656,#2062,.T.);
#2062 = LINE('',#2063,#2064);
#2063 = CARTESIAN_POINT('',(-1.27,1.27,0.));
#2064 = VECTOR('',#2065,1.);
#2065 = DIRECTION('',(-1.110223024625E-16,-1.,0.));
#2066 = PLANE('',#2067);
#2067 = AXIS2_PLACEMENT_3D('',#2068,#2069,#2070);
#2068 = CARTESIAN_POINT('',(-8.182343691487E-16,-7.62,0.));
#2069 = DIRECTION('',(0.,0.,1.));
#2070 = DIRECTION('',(1.110223024625E-16,1.,-0.));
#2071 = ADVANCED_FACE('',(#2072),#2083,.T.);
#2072 = FACE_BOUND('',#2073,.T.);
#2073 = EDGE_LOOP('',(#2074,#2075,#2081,#2082));
#2074 = ORIENTED_EDGE('',*,*,#1751,.T.);
#2075 = ORIENTED_EDGE('',*,*,#2076,.T.);
#2076 = EDGE_CURVE('',#1752,#1697,#2077,.T.);
#2077 = LINE('',#2078,#2079);
#2078 = CARTESIAN_POINT('',(-0.846666666667,1.27,0.2));
#2079 = VECTOR('',#2080,1.);
#2080 = DIRECTION('',(-1.110223024625E-16,-1.,0.));
#2081 = ORIENTED_EDGE('',*,*,#1704,.F.);
#2082 = ORIENTED_EDGE('',*,*,#2054,.F.);
#2083 = PLANE('',#2084);
#2084 = AXIS2_PLACEMENT_3D('',#2085,#2086,#2087);
#2085 = CARTESIAN_POINT('',(-0.846666666667,1.27,0.));
#2086 = DIRECTION('',(1.,-1.110223024625E-16,0.));
#2087 = DIRECTION('',(-1.110223024625E-16,-1.,0.));
#2088 = ADVANCED_FACE('',(#2089,#2100,#2166,#2232,#2298,#2364,#2430,
    #2496),#2562,.F.);
#2089 = FACE_BOUND('',#2090,.F.);
#2090 = EDGE_LOOP('',(#2091,#2097,#2098,#2099));
#2091 = ORIENTED_EDGE('',*,*,#2092,.T.);
#2092 = EDGE_CURVE('',#1689,#1760,#2093,.T.);
#2093 = LINE('',#2094,#2095);
#2094 = CARTESIAN_POINT('',(0.846666666667,-16.51,0.2));
#2095 = VECTOR('',#2096,1.);
#2096 = DIRECTION('',(1.110223024625E-16,1.,0.));
#2097 = ORIENTED_EDGE('',*,*,#1759,.T.);
#2098 = ORIENTED_EDGE('',*,*,#2076,.T.);
#2099 = ORIENTED_EDGE('',*,*,#1696,.T.);
#2100 = FACE_BOUND('',#2101,.F.);
#2101 = EDGE_LOOP('',(#2102,#2112,#2120,#2128,#2136,#2144,#2152,#2160));
#2102 = ORIENTED_EDGE('',*,*,#2103,.F.);
#2103 = EDGE_CURVE('',#2104,#2106,#2108,.T.);
#2104 = VERTEX_POINT('',#2105);
#2105 = CARTESIAN_POINT('',(-0.1,-15.69,0.2));
#2106 = VERTEX_POINT('',#2107);
#2107 = CARTESIAN_POINT('',(0.1,-15.69,0.2));
#2108 = LINE('',#2109,#2110);
#2109 = CARTESIAN_POINT('',(-0.1,-15.69,0.2));
#2110 = VECTOR('',#2111,1.);
#2111 = DIRECTION('',(1.,-1.110223024625E-16,0.));
#2112 = ORIENTED_EDGE('',*,*,#2113,.T.);
#2113 = EDGE_CURVE('',#2104,#2114,#2116,.T.);
#2114 = VERTEX_POINT('',#2115);
#2115 = CARTESIAN_POINT('',(-0.1,-15.54,0.2));
#2116 = LINE('',#2117,#2118);
#2117 = CARTESIAN_POINT('',(-0.1,-15.69,0.2));
#2118 = VECTOR('',#2119,1.);
#2119 = DIRECTION('',(1.110223024625E-16,1.,0.));
#2120 = ORIENTED_EDGE('',*,*,#2121,.F.);
#2121 = EDGE_CURVE('',#2122,#2114,#2124,.T.);
#2122 = VERTEX_POINT('',#2123);
#2123 = CARTESIAN_POINT('',(-0.1,-14.94,0.2));
#2124 = LINE('',#2125,#2126);
#2125 = CARTESIAN_POINT('',(-0.1,-11.43,0.2));
#2126 = VECTOR('',#2127,1.);
#2127 = DIRECTION('',(-1.110223024625E-16,-1.,0.));
#2128 = ORIENTED_EDGE('',*,*,#2129,.T.);
#2129 = EDGE_CURVE('',#2122,#2130,#2132,.T.);
#2130 = VERTEX_POINT('',#2131);
#2131 = CARTESIAN_POINT('',(-0.1,-14.79,0.2));
#2132 = LINE('',#2133,#2134);
#2133 = CARTESIAN_POINT('',(-0.1,-15.69,0.2));
#2134 = VECTOR('',#2135,1.);
#2135 = DIRECTION('',(1.110223024625E-16,1.,0.));
#2136 = ORIENTED_EDGE('',*,*,#2137,.T.);
#2137 = EDGE_CURVE('',#2130,#2138,#2140,.T.);
#2138 = VERTEX_POINT('',#2139);
#2139 = CARTESIAN_POINT('',(0.1,-14.79,0.2));
#2140 = LINE('',#2141,#2142);
#2141 = CARTESIAN_POINT('',(-0.1,-14.79,0.2));
#2142 = VECTOR('',#2143,1.);
#2143 = DIRECTION('',(1.,-1.110223024625E-16,0.));
#2144 = ORIENTED_EDGE('',*,*,#2145,.T.);
#2145 = EDGE_CURVE('',#2138,#2146,#2148,.T.);
#2146 = VERTEX_POINT('',#2147);
#2147 = CARTESIAN_POINT('',(0.1,-14.94,0.2));
#2148 = LINE('',#2149,#2150);
#2149 = CARTESIAN_POINT('',(0.1,-14.79,0.2));
#2150 = VECTOR('',#2151,1.);
#2151 = DIRECTION('',(-1.110223024625E-16,-1.,0.));
#2152 = ORIENTED_EDGE('',*,*,#2153,.T.);
#2153 = EDGE_CURVE('',#2146,#2154,#2156,.T.);
#2154 = VERTEX_POINT('',#2155);
#2155 = CARTESIAN_POINT('',(0.1,-15.54,0.2));
#2156 = LINE('',#2157,#2158);
#2157 = CARTESIAN_POINT('',(0.1,-11.43,0.2));
#2158 = VECTOR('',#2159,1.);
#2159 = DIRECTION('',(-1.110223024625E-16,-1.,0.));
#2160 = ORIENTED_EDGE('',*,*,#2161,.T.);
#2161 = EDGE_CURVE('',#2154,#2106,#2162,.T.);
#2162 = LINE('',#2163,#2164);
#2163 = CARTESIAN_POINT('',(0.1,-14.79,0.2));
#2164 = VECTOR('',#2165,1.);
#2165 = DIRECTION('',(-1.110223024625E-16,-1.,0.));
#2166 = FACE_BOUND('',#2167,.F.);
#2167 = EDGE_LOOP('',(#2168,#2178,#2186,#2194,#2202,#2210,#2218,#2226));
#2168 = ORIENTED_EDGE('',*,*,#2169,.F.);
#2169 = EDGE_CURVE('',#2170,#2172,#2174,.T.);
#2170 = VERTEX_POINT('',#2171);
#2171 = CARTESIAN_POINT('',(-0.1,-13.15,0.2));
#2172 = VERTEX_POINT('',#2173);
#2173 = CARTESIAN_POINT('',(0.1,-13.15,0.2));
#2174 = LINE('',#2175,#2176);
#2175 = CARTESIAN_POINT('',(-0.1,-13.15,0.2));
#2176 = VECTOR('',#2177,1.);
#2177 = DIRECTION('',(1.,-1.110223024625E-16,0.));
#2178 = ORIENTED_EDGE('',*,*,#2179,.T.);
#2179 = EDGE_CURVE('',#2170,#2180,#2182,.T.);
#2180 = VERTEX_POINT('',#2181);
#2181 = CARTESIAN_POINT('',(-0.1,-13.,0.2));
#2182 = LINE('',#2183,#2184);
#2183 = CARTESIAN_POINT('',(-0.1,-13.15,0.2));
#2184 = VECTOR('',#2185,1.);
#2185 = DIRECTION('',(1.110223024625E-16,1.,0.));
#2186 = ORIENTED_EDGE('',*,*,#2187,.F.);
#2187 = EDGE_CURVE('',#2188,#2180,#2190,.T.);
#2188 = VERTEX_POINT('',#2189);
#2189 = CARTESIAN_POINT('',(-0.1,-12.4,0.2));
#2190 = LINE('',#2191,#2192);
#2191 = CARTESIAN_POINT('',(-0.1,-10.16,0.2));
#2192 = VECTOR('',#2193,1.);
#2193 = DIRECTION('',(-1.110223024625E-16,-1.,0.));
#2194 = ORIENTED_EDGE('',*,*,#2195,.T.);
#2195 = EDGE_CURVE('',#2188,#2196,#2198,.T.);
#2196 = VERTEX_POINT('',#2197);
#2197 = CARTESIAN_POINT('',(-0.1,-12.25,0.2));
#2198 = LINE('',#2199,#2200);
#2199 = CARTESIAN_POINT('',(-0.1,-13.15,0.2));
#2200 = VECTOR('',#2201,1.);
#2201 = DIRECTION('',(1.110223024625E-16,1.,0.));
#2202 = ORIENTED_EDGE('',*,*,#2203,.T.);
#2203 = EDGE_CURVE('',#2196,#2204,#2206,.T.);
#2204 = VERTEX_POINT('',#2205);
#2205 = CARTESIAN_POINT('',(0.1,-12.25,0.2));
#2206 = LINE('',#2207,#2208);
#2207 = CARTESIAN_POINT('',(-0.1,-12.25,0.2));
#2208 = VECTOR('',#2209,1.);
#2209 = DIRECTION('',(1.,-1.110223024625E-16,0.));
#2210 = ORIENTED_EDGE('',*,*,#2211,.T.);
#2211 = EDGE_CURVE('',#2204,#2212,#2214,.T.);
#2212 = VERTEX_POINT('',#2213);
#2213 = CARTESIAN_POINT('',(0.1,-12.4,0.2));
#2214 = LINE('',#2215,#2216);
#2215 = CARTESIAN_POINT('',(0.1,-12.25,0.2));
#2216 = VECTOR('',#2217,1.);
#2217 = DIRECTION('',(-1.110223024625E-16,-1.,0.));
#2218 = ORIENTED_EDGE('',*,*,#2219,.T.);
#2219 = EDGE_CURVE('',#2212,#2220,#2222,.T.);
#2220 = VERTEX_POINT('',#2221);
#2221 = CARTESIAN_POINT('',(0.1,-13.,0.2));
#2222 = LINE('',#2223,#2224);
#2223 = CARTESIAN_POINT('',(0.1,-10.16,0.2));
#2224 = VECTOR('',#2225,1.);
#2225 = DIRECTION('',(-1.110223024625E-16,-1.,0.));
#2226 = ORIENTED_EDGE('',*,*,#2227,.T.);
#2227 = EDGE_CURVE('',#2220,#2172,#2228,.T.);
#2228 = LINE('',#2229,#2230);
#2229 = CARTESIAN_POINT('',(0.1,-12.25,0.2));
#2230 = VECTOR('',#2231,1.);
#2231 = DIRECTION('',(-1.110223024625E-16,-1.,0.));
#2232 = FACE_BOUND('',#2233,.F.);
#2233 = EDGE_LOOP('',(#2234,#2244,#2252,#2260,#2268,#2276,#2284,#2292));
#2234 = ORIENTED_EDGE('',*,*,#2235,.F.);
#2235 = EDGE_CURVE('',#2236,#2238,#2240,.T.);
#2236 = VERTEX_POINT('',#2237);
#2237 = CARTESIAN_POINT('',(-0.1,-10.61,0.2));
#2238 = VERTEX_POINT('',#2239);
#2239 = CARTESIAN_POINT('',(0.1,-10.61,0.2));
#2240 = LINE('',#2241,#2242);
#2241 = CARTESIAN_POINT('',(-0.1,-10.61,0.2));
#2242 = VECTOR('',#2243,1.);
#2243 = DIRECTION('',(1.,-1.110223024625E-16,0.));
#2244 = ORIENTED_EDGE('',*,*,#2245,.T.);
#2245 = EDGE_CURVE('',#2236,#2246,#2248,.T.);
#2246 = VERTEX_POINT('',#2247);
#2247 = CARTESIAN_POINT('',(-0.1,-10.46,0.2));
#2248 = LINE('',#2249,#2250);
#2249 = CARTESIAN_POINT('',(-0.1,-10.61,0.2));
#2250 = VECTOR('',#2251,1.);
#2251 = DIRECTION('',(1.110223024625E-16,1.,0.));
#2252 = ORIENTED_EDGE('',*,*,#2253,.F.);
#2253 = EDGE_CURVE('',#2254,#2246,#2256,.T.);
#2254 = VERTEX_POINT('',#2255);
#2255 = CARTESIAN_POINT('',(-0.1,-9.86,0.2));
#2256 = LINE('',#2257,#2258);
#2257 = CARTESIAN_POINT('',(-0.1,-8.89,0.2));
#2258 = VECTOR('',#2259,1.);
#2259 = DIRECTION('',(-1.110223024625E-16,-1.,0.));
#2260 = ORIENTED_EDGE('',*,*,#2261,.T.);
#2261 = EDGE_CURVE('',#2254,#2262,#2264,.T.);
#2262 = VERTEX_POINT('',#2263);
#2263 = CARTESIAN_POINT('',(-0.1,-9.71,0.2));
#2264 = LINE('',#2265,#2266);
#2265 = CARTESIAN_POINT('',(-0.1,-10.61,0.2));
#2266 = VECTOR('',#2267,1.);
#2267 = DIRECTION('',(1.110223024625E-16,1.,0.));
#2268 = ORIENTED_EDGE('',*,*,#2269,.T.);
#2269 = EDGE_CURVE('',#2262,#2270,#2272,.T.);
#2270 = VERTEX_POINT('',#2271);
#2271 = CARTESIAN_POINT('',(0.1,-9.71,0.2));
#2272 = LINE('',#2273,#2274);
#2273 = CARTESIAN_POINT('',(-0.1,-9.71,0.2));
#2274 = VECTOR('',#2275,1.);
#2275 = DIRECTION('',(1.,-1.110223024625E-16,0.));
#2276 = ORIENTED_EDGE('',*,*,#2277,.T.);
#2277 = EDGE_CURVE('',#2270,#2278,#2280,.T.);
#2278 = VERTEX_POINT('',#2279);
#2279 = CARTESIAN_POINT('',(0.1,-9.86,0.2));
#2280 = LINE('',#2281,#2282);
#2281 = CARTESIAN_POINT('',(0.1,-9.71,0.2));
#2282 = VECTOR('',#2283,1.);
#2283 = DIRECTION('',(-1.110223024625E-16,-1.,0.));
#2284 = ORIENTED_EDGE('',*,*,#2285,.T.);
#2285 = EDGE_CURVE('',#2278,#2286,#2288,.T.);
#2286 = VERTEX_POINT('',#2287);
#2287 = CARTESIAN_POINT('',(0.1,-10.46,0.2));
#2288 = LINE('',#2289,#2290);
#2289 = CARTESIAN_POINT('',(0.1,-8.89,0.2));
#2290 = VECTOR('',#2291,1.);
#2291 = DIRECTION('',(-1.110223024625E-16,-1.,0.));
#2292 = ORIENTED_EDGE('',*,*,#2293,.T.);
#2293 = EDGE_CURVE('',#2286,#2238,#2294,.T.);
#2294 = LINE('',#2295,#2296);
#2295 = CARTESIAN_POINT('',(0.1,-9.71,0.2));
#2296 = VECTOR('',#2297,1.);
#2297 = DIRECTION('',(-1.110223024625E-16,-1.,0.));
#2298 = FACE_BOUND('',#2299,.F.);
#2299 = EDGE_LOOP('',(#2300,#2310,#2318,#2326,#2334,#2342,#2350,#2358));
#2300 = ORIENTED_EDGE('',*,*,#2301,.F.);
#2301 = EDGE_CURVE('',#2302,#2304,#2306,.T.);
#2302 = VERTEX_POINT('',#2303);
#2303 = CARTESIAN_POINT('',(-0.1,-8.07,0.2));
#2304 = VERTEX_POINT('',#2305);
#2305 = CARTESIAN_POINT('',(0.1,-8.07,0.2));
#2306 = LINE('',#2307,#2308);
#2307 = CARTESIAN_POINT('',(-0.1,-8.07,0.2));
#2308 = VECTOR('',#2309,1.);
#2309 = DIRECTION('',(1.,-1.110223024625E-16,0.));
#2310 = ORIENTED_EDGE('',*,*,#2311,.T.);
#2311 = EDGE_CURVE('',#2302,#2312,#2314,.T.);
#2312 = VERTEX_POINT('',#2313);
#2313 = CARTESIAN_POINT('',(-0.1,-7.92,0.2));
#2314 = LINE('',#2315,#2316);
#2315 = CARTESIAN_POINT('',(-0.1,-8.07,0.2));
#2316 = VECTOR('',#2317,1.);
#2317 = DIRECTION('',(1.110223024625E-16,1.,0.));
#2318 = ORIENTED_EDGE('',*,*,#2319,.F.);
#2319 = EDGE_CURVE('',#2320,#2312,#2322,.T.);
#2320 = VERTEX_POINT('',#2321);
#2321 = CARTESIAN_POINT('',(-0.1,-7.32,0.2));
#2322 = LINE('',#2323,#2324);
#2323 = CARTESIAN_POINT('',(-0.1,-7.62,0.2));
#2324 = VECTOR('',#2325,1.);
#2325 = DIRECTION('',(-1.110223024625E-16,-1.,0.));
#2326 = ORIENTED_EDGE('',*,*,#2327,.T.);
#2327 = EDGE_CURVE('',#2320,#2328,#2330,.T.);
#2328 = VERTEX_POINT('',#2329);
#2329 = CARTESIAN_POINT('',(-0.1,-7.17,0.2));
#2330 = LINE('',#2331,#2332);
#2331 = CARTESIAN_POINT('',(-0.1,-8.07,0.2));
#2332 = VECTOR('',#2333,1.);
#2333 = DIRECTION('',(1.110223024625E-16,1.,0.));
#2334 = ORIENTED_EDGE('',*,*,#2335,.T.);
#2335 = EDGE_CURVE('',#2328,#2336,#2338,.T.);
#2336 = VERTEX_POINT('',#2337);
#2337 = CARTESIAN_POINT('',(0.1,-7.17,0.2));
#2338 = LINE('',#2339,#2340);
#2339 = CARTESIAN_POINT('',(-0.1,-7.17,0.2));
#2340 = VECTOR('',#2341,1.);
#2341 = DIRECTION('',(1.,-1.110223024625E-16,0.));
#2342 = ORIENTED_EDGE('',*,*,#2343,.T.);
#2343 = EDGE_CURVE('',#2336,#2344,#2346,.T.);
#2344 = VERTEX_POINT('',#2345);
#2345 = CARTESIAN_POINT('',(0.1,-7.32,0.2));
#2346 = LINE('',#2347,#2348);
#2347 = CARTESIAN_POINT('',(0.1,-7.17,0.2));
#2348 = VECTOR('',#2349,1.);
#2349 = DIRECTION('',(-1.110223024625E-16,-1.,0.));
#2350 = ORIENTED_EDGE('',*,*,#2351,.T.);
#2351 = EDGE_CURVE('',#2344,#2352,#2354,.T.);
#2352 = VERTEX_POINT('',#2353);
#2353 = CARTESIAN_POINT('',(0.1,-7.92,0.2));
#2354 = LINE('',#2355,#2356);
#2355 = CARTESIAN_POINT('',(0.1,-7.62,0.2));
#2356 = VECTOR('',#2357,1.);
#2357 = DIRECTION('',(-1.110223024625E-16,-1.,0.));
#2358 = ORIENTED_EDGE('',*,*,#2359,.T.);
#2359 = EDGE_CURVE('',#2352,#2304,#2360,.T.);
#2360 = LINE('',#2361,#2362);
#2361 = CARTESIAN_POINT('',(0.1,-7.17,0.2));
#2362 = VECTOR('',#2363,1.);
#2363 = DIRECTION('',(-1.110223024625E-16,-1.,0.));
#2364 = FACE_BOUND('',#2365,.F.);
#2365 = EDGE_LOOP('',(#2366,#2376,#2384,#2392,#2400,#2408,#2416,#2424));
#2366 = ORIENTED_EDGE('',*,*,#2367,.F.);
#2367 = EDGE_CURVE('',#2368,#2370,#2372,.T.);
#2368 = VERTEX_POINT('',#2369);
#2369 = CARTESIAN_POINT('',(-0.1,-5.53,0.2));
#2370 = VERTEX_POINT('',#2371);
#2371 = CARTESIAN_POINT('',(0.1,-5.53,0.2));
#2372 = LINE('',#2373,#2374);
#2373 = CARTESIAN_POINT('',(-0.1,-5.53,0.2));
#2374 = VECTOR('',#2375,1.);
#2375 = DIRECTION('',(1.,-1.110223024625E-16,0.));
#2376 = ORIENTED_EDGE('',*,*,#2377,.T.);
#2377 = EDGE_CURVE('',#2368,#2378,#2380,.T.);
#2378 = VERTEX_POINT('',#2379);
#2379 = CARTESIAN_POINT('',(-0.1,-5.38,0.2));
#2380 = LINE('',#2381,#2382);
#2381 = CARTESIAN_POINT('',(-0.1,-5.53,0.2));
#2382 = VECTOR('',#2383,1.);
#2383 = DIRECTION('',(1.110223024625E-16,1.,0.));
#2384 = ORIENTED_EDGE('',*,*,#2385,.F.);
#2385 = EDGE_CURVE('',#2386,#2378,#2388,.T.);
#2386 = VERTEX_POINT('',#2387);
#2387 = CARTESIAN_POINT('',(-0.1,-4.78,0.2));
#2388 = LINE('',#2389,#2390);
#2389 = CARTESIAN_POINT('',(-0.1,-6.35,0.2));
#2390 = VECTOR('',#2391,1.);
#2391 = DIRECTION('',(-1.110223024625E-16,-1.,0.));
#2392 = ORIENTED_EDGE('',*,*,#2393,.T.);
#2393 = EDGE_CURVE('',#2386,#2394,#2396,.T.);
#2394 = VERTEX_POINT('',#2395);
#2395 = CARTESIAN_POINT('',(-0.1,-4.63,0.2));
#2396 = LINE('',#2397,#2398);
#2397 = CARTESIAN_POINT('',(-0.1,-5.53,0.2));
#2398 = VECTOR('',#2399,1.);
#2399 = DIRECTION('',(1.110223024625E-16,1.,0.));
#2400 = ORIENTED_EDGE('',*,*,#2401,.T.);
#2401 = EDGE_CURVE('',#2394,#2402,#2404,.T.);
#2402 = VERTEX_POINT('',#2403);
#2403 = CARTESIAN_POINT('',(0.1,-4.63,0.2));
#2404 = LINE('',#2405,#2406);
#2405 = CARTESIAN_POINT('',(-0.1,-4.63,0.2));
#2406 = VECTOR('',#2407,1.);
#2407 = DIRECTION('',(1.,-1.110223024625E-16,0.));
#2408 = ORIENTED_EDGE('',*,*,#2409,.T.);
#2409 = EDGE_CURVE('',#2402,#2410,#2412,.T.);
#2410 = VERTEX_POINT('',#2411);
#2411 = CARTESIAN_POINT('',(0.1,-4.78,0.2));
#2412 = LINE('',#2413,#2414);
#2413 = CARTESIAN_POINT('',(0.1,-4.63,0.2));
#2414 = VECTOR('',#2415,1.);
#2415 = DIRECTION('',(-1.110223024625E-16,-1.,0.));
#2416 = ORIENTED_EDGE('',*,*,#2417,.T.);
#2417 = EDGE_CURVE('',#2410,#2418,#2420,.T.);
#2418 = VERTEX_POINT('',#2419);
#2419 = CARTESIAN_POINT('',(0.1,-5.38,0.2));
#2420 = LINE('',#2421,#2422);
#2421 = CARTESIAN_POINT('',(0.1,-6.35,0.2));
#2422 = VECTOR('',#2423,1.);
#2423 = DIRECTION('',(-1.110223024625E-16,-1.,0.));
#2424 = ORIENTED_EDGE('',*,*,#2425,.T.);
#2425 = EDGE_CURVE('',#2418,#2370,#2426,.T.);
#2426 = LINE('',#2427,#2428);
#2427 = CARTESIAN_POINT('',(0.1,-4.63,0.2));
#2428 = VECTOR('',#2429,1.);
#2429 = DIRECTION('',(-1.110223024625E-16,-1.,0.));
#2430 = FACE_BOUND('',#2431,.F.);
#2431 = EDGE_LOOP('',(#2432,#2442,#2450,#2458,#2466,#2474,#2482,#2490));
#2432 = ORIENTED_EDGE('',*,*,#2433,.F.);
#2433 = EDGE_CURVE('',#2434,#2436,#2438,.T.);
#2434 = VERTEX_POINT('',#2435);
#2435 = CARTESIAN_POINT('',(-0.1,-2.99,0.2));
#2436 = VERTEX_POINT('',#2437);
#2437 = CARTESIAN_POINT('',(0.1,-2.99,0.2));
#2438 = LINE('',#2439,#2440);
#2439 = CARTESIAN_POINT('',(-0.1,-2.99,0.2));
#2440 = VECTOR('',#2441,1.);
#2441 = DIRECTION('',(1.,-1.110223024625E-16,0.));
#2442 = ORIENTED_EDGE('',*,*,#2443,.T.);
#2443 = EDGE_CURVE('',#2434,#2444,#2446,.T.);
#2444 = VERTEX_POINT('',#2445);
#2445 = CARTESIAN_POINT('',(-0.1,-2.84,0.2));
#2446 = LINE('',#2447,#2448);
#2447 = CARTESIAN_POINT('',(-0.1,-2.99,0.2));
#2448 = VECTOR('',#2449,1.);
#2449 = DIRECTION('',(1.110223024625E-16,1.,0.));
#2450 = ORIENTED_EDGE('',*,*,#2451,.F.);
#2451 = EDGE_CURVE('',#2452,#2444,#2454,.T.);
#2452 = VERTEX_POINT('',#2453);
#2453 = CARTESIAN_POINT('',(-0.1,-2.24,0.2));
#2454 = LINE('',#2455,#2456);
#2455 = CARTESIAN_POINT('',(-0.1,-5.08,0.2));
#2456 = VECTOR('',#2457,1.);
#2457 = DIRECTION('',(-1.110223024625E-16,-1.,0.));
#2458 = ORIENTED_EDGE('',*,*,#2459,.T.);
#2459 = EDGE_CURVE('',#2452,#2460,#2462,.T.);
#2460 = VERTEX_POINT('',#2461);
#2461 = CARTESIAN_POINT('',(-0.1,-2.09,0.2));
#2462 = LINE('',#2463,#2464);
#2463 = CARTESIAN_POINT('',(-0.1,-2.99,0.2));
#2464 = VECTOR('',#2465,1.);
#2465 = DIRECTION('',(1.110223024625E-16,1.,0.));
#2466 = ORIENTED_EDGE('',*,*,#2467,.T.);
#2467 = EDGE_CURVE('',#2460,#2468,#2470,.T.);
#2468 = VERTEX_POINT('',#2469);
#2469 = CARTESIAN_POINT('',(0.1,-2.09,0.2));
#2470 = LINE('',#2471,#2472);
#2471 = CARTESIAN_POINT('',(-0.1,-2.09,0.2));
#2472 = VECTOR('',#2473,1.);
#2473 = DIRECTION('',(1.,-1.110223024625E-16,0.));
#2474 = ORIENTED_EDGE('',*,*,#2475,.T.);
#2475 = EDGE_CURVE('',#2468,#2476,#2478,.T.);
#2476 = VERTEX_POINT('',#2477);
#2477 = CARTESIAN_POINT('',(0.1,-2.24,0.2));
#2478 = LINE('',#2479,#2480);
#2479 = CARTESIAN_POINT('',(0.1,-2.09,0.2));
#2480 = VECTOR('',#2481,1.);
#2481 = DIRECTION('',(-1.110223024625E-16,-1.,0.));
#2482 = ORIENTED_EDGE('',*,*,#2483,.T.);
#2483 = EDGE_CURVE('',#2476,#2484,#2486,.T.);
#2484 = VERTEX_POINT('',#2485);
#2485 = CARTESIAN_POINT('',(0.1,-2.84,0.2));
#2486 = LINE('',#2487,#2488);
#2487 = CARTESIAN_POINT('',(0.1,-5.08,0.2));
#2488 = VECTOR('',#2489,1.);
#2489 = DIRECTION('',(-1.110223024625E-16,-1.,0.));
#2490 = ORIENTED_EDGE('',*,*,#2491,.T.);
#2491 = EDGE_CURVE('',#2484,#2436,#2492,.T.);
#2492 = LINE('',#2493,#2494);
#2493 = CARTESIAN_POINT('',(0.1,-2.09,0.2));
#2494 = VECTOR('',#2495,1.);
#2495 = DIRECTION('',(-1.110223024625E-16,-1.,0.));
#2496 = FACE_BOUND('',#2497,.F.);
#2497 = EDGE_LOOP('',(#2498,#2508,#2516,#2524,#2532,#2540,#2548,#2556));
#2498 = ORIENTED_EDGE('',*,*,#2499,.F.);
#2499 = EDGE_CURVE('',#2500,#2502,#2504,.T.);
#2500 = VERTEX_POINT('',#2501);
#2501 = CARTESIAN_POINT('',(-0.1,-0.45,0.2));
#2502 = VERTEX_POINT('',#2503);
#2503 = CARTESIAN_POINT('',(0.1,-0.45,0.2));
#2504 = LINE('',#2505,#2506);
#2505 = CARTESIAN_POINT('',(-0.1,-0.45,0.2));
#2506 = VECTOR('',#2507,1.);
#2507 = DIRECTION('',(1.,-1.110223024625E-16,0.));
#2508 = ORIENTED_EDGE('',*,*,#2509,.T.);
#2509 = EDGE_CURVE('',#2500,#2510,#2512,.T.);
#2510 = VERTEX_POINT('',#2511);
#2511 = CARTESIAN_POINT('',(-0.1,-0.3,0.2));
#2512 = LINE('',#2513,#2514);
#2513 = CARTESIAN_POINT('',(-0.1,-0.45,0.2));
#2514 = VECTOR('',#2515,1.);
#2515 = DIRECTION('',(1.110223024625E-16,1.,0.));
#2516 = ORIENTED_EDGE('',*,*,#2517,.F.);
#2517 = EDGE_CURVE('',#2518,#2510,#2520,.T.);
#2518 = VERTEX_POINT('',#2519);
#2519 = CARTESIAN_POINT('',(-0.1,0.3,0.2));
#2520 = LINE('',#2521,#2522);
#2521 = CARTESIAN_POINT('',(-0.1,-3.81,0.2));
#2522 = VECTOR('',#2523,1.);
#2523 = DIRECTION('',(-1.110223024625E-16,-1.,0.));
#2524 = ORIENTED_EDGE('',*,*,#2525,.T.);
#2525 = EDGE_CURVE('',#2518,#2526,#2528,.T.);
#2526 = VERTEX_POINT('',#2527);
#2527 = CARTESIAN_POINT('',(-0.1,0.45,0.2));
#2528 = LINE('',#2529,#2530);
#2529 = CARTESIAN_POINT('',(-0.1,-0.45,0.2));
#2530 = VECTOR('',#2531,1.);
#2531 = DIRECTION('',(1.110223024625E-16,1.,0.));
#2532 = ORIENTED_EDGE('',*,*,#2533,.T.);
#2533 = EDGE_CURVE('',#2526,#2534,#2536,.T.);
#2534 = VERTEX_POINT('',#2535);
#2535 = CARTESIAN_POINT('',(0.1,0.45,0.2));
#2536 = LINE('',#2537,#2538);
#2537 = CARTESIAN_POINT('',(-0.1,0.45,0.2));
#2538 = VECTOR('',#2539,1.);
#2539 = DIRECTION('',(1.,-1.110223024625E-16,0.));
#2540 = ORIENTED_EDGE('',*,*,#2541,.T.);
#2541 = EDGE_CURVE('',#2534,#2542,#2544,.T.);
#2542 = VERTEX_POINT('',#2543);
#2543 = CARTESIAN_POINT('',(0.1,0.3,0.2));
#2544 = LINE('',#2545,#2546);
#2545 = CARTESIAN_POINT('',(0.1,0.45,0.2));
#2546 = VECTOR('',#2547,1.);
#2547 = DIRECTION('',(-1.110223024625E-16,-1.,0.));
#2548 = ORIENTED_EDGE('',*,*,#2549,.T.);
#2549 = EDGE_CURVE('',#2542,#2550,#2552,.T.);
#2550 = VERTEX_POINT('',#2551);
#2551 = CARTESIAN_POINT('',(0.1,-0.3,0.2));
#2552 = LINE('',#2553,#2554);
#2553 = CARTESIAN_POINT('',(0.1,-3.81,0.2));
#2554 = VECTOR('',#2555,1.);
#2555 = DIRECTION('',(-1.110223024625E-16,-1.,0.));
#2556 = ORIENTED_EDGE('',*,*,#2557,.T.);
#2557 = EDGE_CURVE('',#2550,#2502,#2558,.T.);
#2558 = LINE('',#2559,#2560);
#2559 = CARTESIAN_POINT('',(0.1,0.45,0.2));
#2560 = VECTOR('',#2561,1.);
#2561 = DIRECTION('',(-1.110223024625E-16,-1.,0.));
#2562 = PLANE('',#2563);
#2563 = AXIS2_PLACEMENT_3D('',#2564,#2565,#2566);
#2564 = CARTESIAN_POINT('',(-6.785537934727E-16,-7.62,0.2));
#2565 = DIRECTION('',(0.,0.,1.));
#2566 = DIRECTION('',(1.110223024625E-16,1.,-0.));
#2567 = ADVANCED_FACE('',(#2568),#2574,.T.);
#2568 = FACE_BOUND('',#2569,.T.);
#2569 = EDGE_LOOP('',(#2570,#2571,#2572,#2573));
#2570 = ORIENTED_EDGE('',*,*,#1688,.T.);
#2571 = ORIENTED_EDGE('',*,*,#2092,.T.);
#2572 = ORIENTED_EDGE('',*,*,#1767,.F.);
#2573 = ORIENTED_EDGE('',*,*,#1784,.F.);
#2574 = PLANE('',#2575);
#2575 = AXIS2_PLACEMENT_3D('',#2576,#2577,#2578);
#2576 = CARTESIAN_POINT('',(0.846666666667,-16.51,0.));
#2577 = DIRECTION('',(-1.,1.110223024625E-16,0.));
#2578 = DIRECTION('',(1.110223024625E-16,1.,0.));
#2579 = ADVANCED_FACE('',(#2580),#2586,.F.);
#2580 = FACE_BOUND('',#2581,.F.);
#2581 = EDGE_LOOP('',(#2582,#2583,#2584,#2585));
#2582 = ORIENTED_EDGE('',*,*,#1735,.T.);
#2583 = ORIENTED_EDGE('',*,*,#1800,.T.);
#2584 = ORIENTED_EDGE('',*,*,#1665,.F.);
#2585 = ORIENTED_EDGE('',*,*,#2061,.F.);
#2586 = PLANE('',#2587);
#2587 = AXIS2_PLACEMENT_3D('',#2588,#2589,#2590);
#2588 = CARTESIAN_POINT('',(-1.27,1.27,0.));
#2589 = DIRECTION('',(1.,-1.110223024625E-16,0.));
#2590 = DIRECTION('',(-1.110223024625E-16,-1.,0.));
#2591 = ADVANCED_FACE('',(#2592),#2617,.T.);
#2592 = FACE_BOUND('',#2593,.T.);
#2593 = EDGE_LOOP('',(#2594,#2602,#2603,#2611));
#2594 = ORIENTED_EDGE('',*,*,#2595,.F.);
#2595 = EDGE_CURVE('',#1810,#2596,#2598,.T.);
#2596 = VERTEX_POINT('',#2597);
#2597 = CARTESIAN_POINT('',(0.3,-15.54,8.2));
#2598 = LINE('',#2599,#2600);
#2599 = CARTESIAN_POINT('',(0.3,-15.54,8.2));
#2600 = VECTOR('',#2601,1.);
#2601 = DIRECTION('',(-0.57735026919,0.57735026919,-0.57735026919));
#2602 = ORIENTED_EDGE('',*,*,#1809,.T.);
#2603 = ORIENTED_EDGE('',*,*,#2604,.T.);
#2604 = EDGE_CURVE('',#1812,#2605,#2607,.T.);
#2605 = VERTEX_POINT('',#2606);
#2606 = CARTESIAN_POINT('',(0.3,-14.94,8.2));
#2607 = LINE('',#2608,#2609);
#2608 = CARTESIAN_POINT('',(0.3,-14.94,8.2));
#2609 = VECTOR('',#2610,1.);
#2610 = DIRECTION('',(-0.57735026919,-0.57735026919,-0.57735026919));
#2611 = ORIENTED_EDGE('',*,*,#2612,.F.);
#2612 = EDGE_CURVE('',#2596,#2605,#2613,.T.);
#2613 = LINE('',#2614,#2615);
#2614 = CARTESIAN_POINT('',(0.3,-15.84,8.2));
#2615 = VECTOR('',#2616,1.);
#2616 = DIRECTION('',(1.110223024625E-16,1.,0.));
#2617 = PLANE('',#2618);
#2618 = AXIS2_PLACEMENT_3D('',#2619,#2620,#2621);
#2619 = CARTESIAN_POINT('',(0.45,-15.84,8.35));
#2620 = DIRECTION('',(-0.707106781187,7.850462293414E-17,0.707106781187)
  );
#2621 = DIRECTION('',(1.110223024625E-16,1.,2.680278185005E-29));
#2622 = ADVANCED_FACE('',(#2623),#2641,.T.);
#2623 = FACE_BOUND('',#2624,.T.);
#2624 = EDGE_LOOP('',(#2625,#2626,#2627,#2635));
#2625 = ORIENTED_EDGE('',*,*,#2604,.F.);
#2626 = ORIENTED_EDGE('',*,*,#1835,.T.);
#2627 = ORIENTED_EDGE('',*,*,#2628,.T.);
#2628 = EDGE_CURVE('',#1828,#2629,#2631,.T.);
#2629 = VERTEX_POINT('',#2630);
#2630 = CARTESIAN_POINT('',(-0.3,-14.94,8.2));
#2631 = LINE('',#2632,#2633);
#2632 = CARTESIAN_POINT('',(-0.3,-14.94,8.2));
#2633 = VECTOR('',#2634,1.);
#2634 = DIRECTION('',(0.57735026919,-0.57735026919,-0.57735026919));
#2635 = ORIENTED_EDGE('',*,*,#2636,.F.);
#2636 = EDGE_CURVE('',#2605,#2629,#2637,.T.);
#2637 = LINE('',#2638,#2639);
#2638 = CARTESIAN_POINT('',(0.6,-14.94,8.2));
#2639 = VECTOR('',#2640,1.);
#2640 = DIRECTION('',(-1.,1.110223024625E-16,0.));
#2641 = PLANE('',#2642);
#2642 = AXIS2_PLACEMENT_3D('',#2643,#2644,#2645);
#2643 = CARTESIAN_POINT('',(0.6,-14.79,8.35));
#2644 = DIRECTION('',(-8.197719098449E-17,-0.707106781187,0.707106781187
    ));
#2645 = DIRECTION('',(-1.,1.13477778879E-16,-2.455476416522E-18));
#2646 = ADVANCED_FACE('',(#2647),#2665,.T.);
#2647 = FACE_BOUND('',#2648,.T.);
#2648 = EDGE_LOOP('',(#2649,#2650,#2651,#2659));
#2649 = ORIENTED_EDGE('',*,*,#2628,.F.);
#2650 = ORIENTED_EDGE('',*,*,#1827,.T.);
#2651 = ORIENTED_EDGE('',*,*,#2652,.T.);
#2652 = EDGE_CURVE('',#1820,#2653,#2655,.T.);
#2653 = VERTEX_POINT('',#2654);
#2654 = CARTESIAN_POINT('',(-0.3,-15.54,8.2));
#2655 = LINE('',#2656,#2657);
#2656 = CARTESIAN_POINT('',(-0.3,-15.54,8.2));
#2657 = VECTOR('',#2658,1.);
#2658 = DIRECTION('',(0.57735026919,0.57735026919,-0.57735026919));
#2659 = ORIENTED_EDGE('',*,*,#2660,.F.);
#2660 = EDGE_CURVE('',#2629,#2653,#2661,.T.);
#2661 = LINE('',#2662,#2663);
#2662 = CARTESIAN_POINT('',(-0.3,-14.64,8.2));
#2663 = VECTOR('',#2664,1.);
#2664 = DIRECTION('',(-1.110223024625E-16,-1.,0.));
#2665 = PLANE('',#2666);
#2666 = AXIS2_PLACEMENT_3D('',#2667,#2668,#2669);
#2667 = CARTESIAN_POINT('',(-0.45,-14.64,8.35));
#2668 = DIRECTION('',(0.707106781187,-7.503205488379E-17,0.707106781187)
  );
#2669 = DIRECTION('',(-1.08566826046E-16,-1.,2.455476416575E-18));
#2670 = ADVANCED_FACE('',(#2671),#2682,.T.);
#2671 = FACE_BOUND('',#2672,.T.);
#2672 = EDGE_LOOP('',(#2673,#2674,#2675,#2676));
#2673 = ORIENTED_EDGE('',*,*,#2652,.F.);
#2674 = ORIENTED_EDGE('',*,*,#1819,.T.);
#2675 = ORIENTED_EDGE('',*,*,#2595,.T.);
#2676 = ORIENTED_EDGE('',*,*,#2677,.F.);
#2677 = EDGE_CURVE('',#2653,#2596,#2678,.T.);
#2678 = LINE('',#2679,#2680);
#2679 = CARTESIAN_POINT('',(-0.6,-15.54,8.2));
#2680 = VECTOR('',#2681,1.);
#2681 = DIRECTION('',(1.,-1.110223024625E-16,0.));
#2682 = PLANE('',#2683);
#2683 = AXIS2_PLACEMENT_3D('',#2684,#2685,#2686);
#2684 = CARTESIAN_POINT('',(-0.6,-15.69,8.35));
#2685 = DIRECTION('',(8.197719098449E-17,0.707106781187,0.707106781187)
  );
#2686 = DIRECTION('',(1.,-1.13477778879E-16,-2.455476416522E-18));
#2687 = ADVANCED_FACE('',(#2688),#2713,.T.);
#2688 = FACE_BOUND('',#2689,.T.);
#2689 = EDGE_LOOP('',(#2690,#2698,#2699,#2707));
#2690 = ORIENTED_EDGE('',*,*,#2691,.F.);
#2691 = EDGE_CURVE('',#1844,#2692,#2694,.T.);
#2692 = VERTEX_POINT('',#2693);
#2693 = CARTESIAN_POINT('',(0.3,-13.,8.2));
#2694 = LINE('',#2695,#2696);
#2695 = CARTESIAN_POINT('',(0.3,-13.,8.2));
#2696 = VECTOR('',#2697,1.);
#2697 = DIRECTION('',(-0.57735026919,0.57735026919,-0.57735026919));
#2698 = ORIENTED_EDGE('',*,*,#1843,.T.);
#2699 = ORIENTED_EDGE('',*,*,#2700,.T.);
#2700 = EDGE_CURVE('',#1846,#2701,#2703,.T.);
#2701 = VERTEX_POINT('',#2702);
#2702 = CARTESIAN_POINT('',(0.3,-12.4,8.2));
#2703 = LINE('',#2704,#2705);
#2704 = CARTESIAN_POINT('',(0.3,-12.4,8.2));
#2705 = VECTOR('',#2706,1.);
#2706 = DIRECTION('',(-0.57735026919,-0.57735026919,-0.57735026919));
#2707 = ORIENTED_EDGE('',*,*,#2708,.F.);
#2708 = EDGE_CURVE('',#2692,#2701,#2709,.T.);
#2709 = LINE('',#2710,#2711);
#2710 = CARTESIAN_POINT('',(0.3,-13.3,8.2));
#2711 = VECTOR('',#2712,1.);
#2712 = DIRECTION('',(1.110223024625E-16,1.,0.));
#2713 = PLANE('',#2714);
#2714 = AXIS2_PLACEMENT_3D('',#2715,#2716,#2717);
#2715 = CARTESIAN_POINT('',(0.45,-13.3,8.35));
#2716 = DIRECTION('',(-0.707106781187,7.850462293414E-17,0.707106781187)
  );
#2717 = DIRECTION('',(1.110223024625E-16,1.,2.680278185005E-29));
#2718 = ADVANCED_FACE('',(#2719),#2737,.T.);
#2719 = FACE_BOUND('',#2720,.T.);
#2720 = EDGE_LOOP('',(#2721,#2722,#2723,#2731));
#2721 = ORIENTED_EDGE('',*,*,#2700,.F.);
#2722 = ORIENTED_EDGE('',*,*,#1869,.T.);
#2723 = ORIENTED_EDGE('',*,*,#2724,.T.);
#2724 = EDGE_CURVE('',#1862,#2725,#2727,.T.);
#2725 = VERTEX_POINT('',#2726);
#2726 = CARTESIAN_POINT('',(-0.3,-12.4,8.2));
#2727 = LINE('',#2728,#2729);
#2728 = CARTESIAN_POINT('',(-0.3,-12.4,8.2));
#2729 = VECTOR('',#2730,1.);
#2730 = DIRECTION('',(0.57735026919,-0.57735026919,-0.57735026919));
#2731 = ORIENTED_EDGE('',*,*,#2732,.F.);
#2732 = EDGE_CURVE('',#2701,#2725,#2733,.T.);
#2733 = LINE('',#2734,#2735);
#2734 = CARTESIAN_POINT('',(0.6,-12.4,8.2));
#2735 = VECTOR('',#2736,1.);
#2736 = DIRECTION('',(-1.,1.110223024625E-16,0.));
#2737 = PLANE('',#2738);
#2738 = AXIS2_PLACEMENT_3D('',#2739,#2740,#2741);
#2739 = CARTESIAN_POINT('',(0.6,-12.25,8.35));
#2740 = DIRECTION('',(-8.197719098449E-17,-0.707106781187,0.707106781187
    ));
#2741 = DIRECTION('',(-1.,1.13477778879E-16,-2.455476416522E-18));
#2742 = ADVANCED_FACE('',(#2743),#2761,.T.);
#2743 = FACE_BOUND('',#2744,.T.);
#2744 = EDGE_LOOP('',(#2745,#2746,#2747,#2755));
#2745 = ORIENTED_EDGE('',*,*,#2724,.F.);
#2746 = ORIENTED_EDGE('',*,*,#1861,.T.);
#2747 = ORIENTED_EDGE('',*,*,#2748,.T.);
#2748 = EDGE_CURVE('',#1854,#2749,#2751,.T.);
#2749 = VERTEX_POINT('',#2750);
#2750 = CARTESIAN_POINT('',(-0.3,-13.,8.2));
#2751 = LINE('',#2752,#2753);
#2752 = CARTESIAN_POINT('',(-0.3,-13.,8.2));
#2753 = VECTOR('',#2754,1.);
#2754 = DIRECTION('',(0.57735026919,0.57735026919,-0.57735026919));
#2755 = ORIENTED_EDGE('',*,*,#2756,.F.);
#2756 = EDGE_CURVE('',#2725,#2749,#2757,.T.);
#2757 = LINE('',#2758,#2759);
#2758 = CARTESIAN_POINT('',(-0.3,-12.1,8.2));
#2759 = VECTOR('',#2760,1.);
#2760 = DIRECTION('',(-1.110223024625E-16,-1.,0.));
#2761 = PLANE('',#2762);
#2762 = AXIS2_PLACEMENT_3D('',#2763,#2764,#2765);
#2763 = CARTESIAN_POINT('',(-0.45,-12.1,8.35));
#2764 = DIRECTION('',(0.707106781187,-7.503205488379E-17,0.707106781187)
  );
#2765 = DIRECTION('',(-1.08566826046E-16,-1.,2.455476416575E-18));
#2766 = ADVANCED_FACE('',(#2767),#2778,.T.);
#2767 = FACE_BOUND('',#2768,.T.);
#2768 = EDGE_LOOP('',(#2769,#2770,#2771,#2772));
#2769 = ORIENTED_EDGE('',*,*,#2748,.F.);
#2770 = ORIENTED_EDGE('',*,*,#1853,.T.);
#2771 = ORIENTED_EDGE('',*,*,#2691,.T.);
#2772 = ORIENTED_EDGE('',*,*,#2773,.F.);
#2773 = EDGE_CURVE('',#2749,#2692,#2774,.T.);
#2774 = LINE('',#2775,#2776);
#2775 = CARTESIAN_POINT('',(-0.6,-13.,8.2));
#2776 = VECTOR('',#2777,1.);
#2777 = DIRECTION('',(1.,-1.110223024625E-16,0.));
#2778 = PLANE('',#2779);
#2779 = AXIS2_PLACEMENT_3D('',#2780,#2781,#2782);
#2780 = CARTESIAN_POINT('',(-0.6,-13.15,8.35));
#2781 = DIRECTION('',(8.197719098449E-17,0.707106781187,0.707106781187)
  );
#2782 = DIRECTION('',(1.,-1.13477778879E-16,-2.455476416522E-18));
#2783 = ADVANCED_FACE('',(#2784),#2809,.T.);
#2784 = FACE_BOUND('',#2785,.T.);
#2785 = EDGE_LOOP('',(#2786,#2794,#2795,#2803));
#2786 = ORIENTED_EDGE('',*,*,#2787,.F.);
#2787 = EDGE_CURVE('',#1878,#2788,#2790,.T.);
#2788 = VERTEX_POINT('',#2789);
#2789 = CARTESIAN_POINT('',(0.3,-10.46,8.2));
#2790 = LINE('',#2791,#2792);
#2791 = CARTESIAN_POINT('',(0.3,-10.46,8.2));
#2792 = VECTOR('',#2793,1.);
#2793 = DIRECTION('',(-0.57735026919,0.57735026919,-0.57735026919));
#2794 = ORIENTED_EDGE('',*,*,#1877,.T.);
#2795 = ORIENTED_EDGE('',*,*,#2796,.T.);
#2796 = EDGE_CURVE('',#1880,#2797,#2799,.T.);
#2797 = VERTEX_POINT('',#2798);
#2798 = CARTESIAN_POINT('',(0.3,-9.86,8.2));
#2799 = LINE('',#2800,#2801);
#2800 = CARTESIAN_POINT('',(0.3,-9.86,8.2));
#2801 = VECTOR('',#2802,1.);
#2802 = DIRECTION('',(-0.57735026919,-0.57735026919,-0.57735026919));
#2803 = ORIENTED_EDGE('',*,*,#2804,.F.);
#2804 = EDGE_CURVE('',#2788,#2797,#2805,.T.);
#2805 = LINE('',#2806,#2807);
#2806 = CARTESIAN_POINT('',(0.3,-10.76,8.2));
#2807 = VECTOR('',#2808,1.);
#2808 = DIRECTION('',(1.110223024625E-16,1.,0.));
#2809 = PLANE('',#2810);
#2810 = AXIS2_PLACEMENT_3D('',#2811,#2812,#2813);
#2811 = CARTESIAN_POINT('',(0.45,-10.76,8.35));
#2812 = DIRECTION('',(-0.707106781187,7.850462293414E-17,0.707106781187)
  );
#2813 = DIRECTION('',(1.110223024625E-16,1.,2.680278185005E-29));
#2814 = ADVANCED_FACE('',(#2815),#2833,.T.);
#2815 = FACE_BOUND('',#2816,.T.);
#2816 = EDGE_LOOP('',(#2817,#2818,#2819,#2827));
#2817 = ORIENTED_EDGE('',*,*,#2796,.F.);
#2818 = ORIENTED_EDGE('',*,*,#1903,.T.);
#2819 = ORIENTED_EDGE('',*,*,#2820,.T.);
#2820 = EDGE_CURVE('',#1896,#2821,#2823,.T.);
#2821 = VERTEX_POINT('',#2822);
#2822 = CARTESIAN_POINT('',(-0.3,-9.86,8.2));
#2823 = LINE('',#2824,#2825);
#2824 = CARTESIAN_POINT('',(-0.3,-9.86,8.2));
#2825 = VECTOR('',#2826,1.);
#2826 = DIRECTION('',(0.57735026919,-0.57735026919,-0.57735026919));
#2827 = ORIENTED_EDGE('',*,*,#2828,.F.);
#2828 = EDGE_CURVE('',#2797,#2821,#2829,.T.);
#2829 = LINE('',#2830,#2831);
#2830 = CARTESIAN_POINT('',(0.6,-9.86,8.2));
#2831 = VECTOR('',#2832,1.);
#2832 = DIRECTION('',(-1.,1.110223024625E-16,0.));
#2833 = PLANE('',#2834);
#2834 = AXIS2_PLACEMENT_3D('',#2835,#2836,#2837);
#2835 = CARTESIAN_POINT('',(0.6,-9.71,8.35));
#2836 = DIRECTION('',(-8.197719098449E-17,-0.707106781187,0.707106781187
    ));
#2837 = DIRECTION('',(-1.,1.13477778879E-16,-2.455476416522E-18));
#2838 = ADVANCED_FACE('',(#2839),#2857,.T.);
#2839 = FACE_BOUND('',#2840,.T.);
#2840 = EDGE_LOOP('',(#2841,#2842,#2843,#2851));
#2841 = ORIENTED_EDGE('',*,*,#2820,.F.);
#2842 = ORIENTED_EDGE('',*,*,#1895,.T.);
#2843 = ORIENTED_EDGE('',*,*,#2844,.T.);
#2844 = EDGE_CURVE('',#1888,#2845,#2847,.T.);
#2845 = VERTEX_POINT('',#2846);
#2846 = CARTESIAN_POINT('',(-0.3,-10.46,8.2));
#2847 = LINE('',#2848,#2849);
#2848 = CARTESIAN_POINT('',(-0.3,-10.46,8.2));
#2849 = VECTOR('',#2850,1.);
#2850 = DIRECTION('',(0.57735026919,0.57735026919,-0.57735026919));
#2851 = ORIENTED_EDGE('',*,*,#2852,.F.);
#2852 = EDGE_CURVE('',#2821,#2845,#2853,.T.);
#2853 = LINE('',#2854,#2855);
#2854 = CARTESIAN_POINT('',(-0.3,-9.56,8.2));
#2855 = VECTOR('',#2856,1.);
#2856 = DIRECTION('',(-1.110223024625E-16,-1.,0.));
#2857 = PLANE('',#2858);
#2858 = AXIS2_PLACEMENT_3D('',#2859,#2860,#2861);
#2859 = CARTESIAN_POINT('',(-0.45,-9.56,8.35));
#2860 = DIRECTION('',(0.707106781187,-7.503205488379E-17,0.707106781187)
  );
#2861 = DIRECTION('',(-1.08566826046E-16,-1.,2.455476416575E-18));
#2862 = ADVANCED_FACE('',(#2863),#2874,.T.);
#2863 = FACE_BOUND('',#2864,.T.);
#2864 = EDGE_LOOP('',(#2865,#2866,#2867,#2868));
#2865 = ORIENTED_EDGE('',*,*,#2844,.F.);
#2866 = ORIENTED_EDGE('',*,*,#1887,.T.);
#2867 = ORIENTED_EDGE('',*,*,#2787,.T.);
#2868 = ORIENTED_EDGE('',*,*,#2869,.F.);
#2869 = EDGE_CURVE('',#2845,#2788,#2870,.T.);
#2870 = LINE('',#2871,#2872);
#2871 = CARTESIAN_POINT('',(-0.6,-10.46,8.2));
#2872 = VECTOR('',#2873,1.);
#2873 = DIRECTION('',(1.,-1.110223024625E-16,0.));
#2874 = PLANE('',#2875);
#2875 = AXIS2_PLACEMENT_3D('',#2876,#2877,#2878);
#2876 = CARTESIAN_POINT('',(-0.6,-10.61,8.35));
#2877 = DIRECTION('',(8.197719098449E-17,0.707106781187,0.707106781187)
  );
#2878 = DIRECTION('',(1.,-1.13477778879E-16,-2.455476416522E-18));
#2879 = ADVANCED_FACE('',(#2880),#2905,.T.);
#2880 = FACE_BOUND('',#2881,.T.);
#2881 = EDGE_LOOP('',(#2882,#2890,#2891,#2899));
#2882 = ORIENTED_EDGE('',*,*,#2883,.F.);
#2883 = EDGE_CURVE('',#1912,#2884,#2886,.T.);
#2884 = VERTEX_POINT('',#2885);
#2885 = CARTESIAN_POINT('',(0.3,-7.92,8.2));
#2886 = LINE('',#2887,#2888);
#2887 = CARTESIAN_POINT('',(0.3,-7.92,8.2));
#2888 = VECTOR('',#2889,1.);
#2889 = DIRECTION('',(-0.57735026919,0.57735026919,-0.57735026919));
#2890 = ORIENTED_EDGE('',*,*,#1911,.T.);
#2891 = ORIENTED_EDGE('',*,*,#2892,.T.);
#2892 = EDGE_CURVE('',#1914,#2893,#2895,.T.);
#2893 = VERTEX_POINT('',#2894);
#2894 = CARTESIAN_POINT('',(0.3,-7.32,8.2));
#2895 = LINE('',#2896,#2897);
#2896 = CARTESIAN_POINT('',(0.3,-7.32,8.2));
#2897 = VECTOR('',#2898,1.);
#2898 = DIRECTION('',(-0.57735026919,-0.57735026919,-0.57735026919));
#2899 = ORIENTED_EDGE('',*,*,#2900,.F.);
#2900 = EDGE_CURVE('',#2884,#2893,#2901,.T.);
#2901 = LINE('',#2902,#2903);
#2902 = CARTESIAN_POINT('',(0.3,-8.22,8.2));
#2903 = VECTOR('',#2904,1.);
#2904 = DIRECTION('',(1.110223024625E-16,1.,0.));
#2905 = PLANE('',#2906);
#2906 = AXIS2_PLACEMENT_3D('',#2907,#2908,#2909);
#2907 = CARTESIAN_POINT('',(0.45,-8.22,8.35));
#2908 = DIRECTION('',(-0.707106781187,7.850462293414E-17,0.707106781187)
  );
#2909 = DIRECTION('',(1.110223024625E-16,1.,2.680278185005E-29));
#2910 = ADVANCED_FACE('',(#2911),#2929,.T.);
#2911 = FACE_BOUND('',#2912,.T.);
#2912 = EDGE_LOOP('',(#2913,#2914,#2915,#2923));
#2913 = ORIENTED_EDGE('',*,*,#2892,.F.);
#2914 = ORIENTED_EDGE('',*,*,#1937,.T.);
#2915 = ORIENTED_EDGE('',*,*,#2916,.T.);
#2916 = EDGE_CURVE('',#1930,#2917,#2919,.T.);
#2917 = VERTEX_POINT('',#2918);
#2918 = CARTESIAN_POINT('',(-0.3,-7.32,8.2));
#2919 = LINE('',#2920,#2921);
#2920 = CARTESIAN_POINT('',(-0.3,-7.32,8.2));
#2921 = VECTOR('',#2922,1.);
#2922 = DIRECTION('',(0.57735026919,-0.57735026919,-0.57735026919));
#2923 = ORIENTED_EDGE('',*,*,#2924,.F.);
#2924 = EDGE_CURVE('',#2893,#2917,#2925,.T.);
#2925 = LINE('',#2926,#2927);
#2926 = CARTESIAN_POINT('',(0.6,-7.32,8.2));
#2927 = VECTOR('',#2928,1.);
#2928 = DIRECTION('',(-1.,1.110223024625E-16,0.));
#2929 = PLANE('',#2930);
#2930 = AXIS2_PLACEMENT_3D('',#2931,#2932,#2933);
#2931 = CARTESIAN_POINT('',(0.6,-7.17,8.35));
#2932 = DIRECTION('',(-8.197719098449E-17,-0.707106781187,0.707106781187
    ));
#2933 = DIRECTION('',(-1.,1.13477778879E-16,-2.455476416522E-18));
#2934 = ADVANCED_FACE('',(#2935),#2953,.T.);
#2935 = FACE_BOUND('',#2936,.T.);
#2936 = EDGE_LOOP('',(#2937,#2938,#2939,#2947));
#2937 = ORIENTED_EDGE('',*,*,#2916,.F.);
#2938 = ORIENTED_EDGE('',*,*,#1929,.T.);
#2939 = ORIENTED_EDGE('',*,*,#2940,.T.);
#2940 = EDGE_CURVE('',#1922,#2941,#2943,.T.);
#2941 = VERTEX_POINT('',#2942);
#2942 = CARTESIAN_POINT('',(-0.3,-7.92,8.2));
#2943 = LINE('',#2944,#2945);
#2944 = CARTESIAN_POINT('',(-0.3,-7.92,8.2));
#2945 = VECTOR('',#2946,1.);
#2946 = DIRECTION('',(0.57735026919,0.57735026919,-0.57735026919));
#2947 = ORIENTED_EDGE('',*,*,#2948,.F.);
#2948 = EDGE_CURVE('',#2917,#2941,#2949,.T.);
#2949 = LINE('',#2950,#2951);
#2950 = CARTESIAN_POINT('',(-0.3,-7.02,8.2));
#2951 = VECTOR('',#2952,1.);
#2952 = DIRECTION('',(-1.110223024625E-16,-1.,0.));
#2953 = PLANE('',#2954);
#2954 = AXIS2_PLACEMENT_3D('',#2955,#2956,#2957);
#2955 = CARTESIAN_POINT('',(-0.45,-7.02,8.35));
#2956 = DIRECTION('',(0.707106781187,-7.503205488379E-17,0.707106781187)
  );
#2957 = DIRECTION('',(-1.08566826046E-16,-1.,2.455476416575E-18));
#2958 = ADVANCED_FACE('',(#2959),#2970,.T.);
#2959 = FACE_BOUND('',#2960,.T.);
#2960 = EDGE_LOOP('',(#2961,#2962,#2963,#2964));
#2961 = ORIENTED_EDGE('',*,*,#2940,.F.);
#2962 = ORIENTED_EDGE('',*,*,#1921,.T.);
#2963 = ORIENTED_EDGE('',*,*,#2883,.T.);
#2964 = ORIENTED_EDGE('',*,*,#2965,.F.);
#2965 = EDGE_CURVE('',#2941,#2884,#2966,.T.);
#2966 = LINE('',#2967,#2968);
#2967 = CARTESIAN_POINT('',(-0.6,-7.92,8.2));
#2968 = VECTOR('',#2969,1.);
#2969 = DIRECTION('',(1.,-1.110223024625E-16,0.));
#2970 = PLANE('',#2971);
#2971 = AXIS2_PLACEMENT_3D('',#2972,#2973,#2974);
#2972 = CARTESIAN_POINT('',(-0.6,-8.07,8.35));
#2973 = DIRECTION('',(8.197719098449E-17,0.707106781187,0.707106781187)
  );
#2974 = DIRECTION('',(1.,-1.13477778879E-16,-2.455476416522E-18));
#2975 = ADVANCED_FACE('',(#2976),#3001,.T.);
#2976 = FACE_BOUND('',#2977,.T.);
#2977 = EDGE_LOOP('',(#2978,#2986,#2987,#2995));
#2978 = ORIENTED_EDGE('',*,*,#2979,.F.);
#2979 = EDGE_CURVE('',#1946,#2980,#2982,.T.);
#2980 = VERTEX_POINT('',#2981);
#2981 = CARTESIAN_POINT('',(0.3,-5.38,8.2));
#2982 = LINE('',#2983,#2984);
#2983 = CARTESIAN_POINT('',(0.3,-5.38,8.2));
#2984 = VECTOR('',#2985,1.);
#2985 = DIRECTION('',(-0.57735026919,0.57735026919,-0.57735026919));
#2986 = ORIENTED_EDGE('',*,*,#1945,.T.);
#2987 = ORIENTED_EDGE('',*,*,#2988,.T.);
#2988 = EDGE_CURVE('',#1948,#2989,#2991,.T.);
#2989 = VERTEX_POINT('',#2990);
#2990 = CARTESIAN_POINT('',(0.3,-4.78,8.2));
#2991 = LINE('',#2992,#2993);
#2992 = CARTESIAN_POINT('',(0.3,-4.78,8.2));
#2993 = VECTOR('',#2994,1.);
#2994 = DIRECTION('',(-0.57735026919,-0.57735026919,-0.57735026919));
#2995 = ORIENTED_EDGE('',*,*,#2996,.F.);
#2996 = EDGE_CURVE('',#2980,#2989,#2997,.T.);
#2997 = LINE('',#2998,#2999);
#2998 = CARTESIAN_POINT('',(0.3,-5.68,8.2));
#2999 = VECTOR('',#3000,1.);
#3000 = DIRECTION('',(1.110223024625E-16,1.,0.));
#3001 = PLANE('',#3002);
#3002 = AXIS2_PLACEMENT_3D('',#3003,#3004,#3005);
#3003 = CARTESIAN_POINT('',(0.45,-5.68,8.35));
#3004 = DIRECTION('',(-0.707106781187,7.850462293414E-17,0.707106781187)
  );
#3005 = DIRECTION('',(1.110223024625E-16,1.,2.680278185005E-29));
#3006 = ADVANCED_FACE('',(#3007),#3025,.T.);
#3007 = FACE_BOUND('',#3008,.T.);
#3008 = EDGE_LOOP('',(#3009,#3010,#3011,#3019));
#3009 = ORIENTED_EDGE('',*,*,#2988,.F.);
#3010 = ORIENTED_EDGE('',*,*,#1971,.T.);
#3011 = ORIENTED_EDGE('',*,*,#3012,.T.);
#3012 = EDGE_CURVE('',#1964,#3013,#3015,.T.);
#3013 = VERTEX_POINT('',#3014);
#3014 = CARTESIAN_POINT('',(-0.3,-4.78,8.2));
#3015 = LINE('',#3016,#3017);
#3016 = CARTESIAN_POINT('',(-0.3,-4.78,8.2));
#3017 = VECTOR('',#3018,1.);
#3018 = DIRECTION('',(0.57735026919,-0.57735026919,-0.57735026919));
#3019 = ORIENTED_EDGE('',*,*,#3020,.F.);
#3020 = EDGE_CURVE('',#2989,#3013,#3021,.T.);
#3021 = LINE('',#3022,#3023);
#3022 = CARTESIAN_POINT('',(0.6,-4.78,8.2));
#3023 = VECTOR('',#3024,1.);
#3024 = DIRECTION('',(-1.,1.110223024625E-16,0.));
#3025 = PLANE('',#3026);
#3026 = AXIS2_PLACEMENT_3D('',#3027,#3028,#3029);
#3027 = CARTESIAN_POINT('',(0.6,-4.63,8.35));
#3028 = DIRECTION('',(-8.197719098449E-17,-0.707106781187,0.707106781187
    ));
#3029 = DIRECTION('',(-1.,1.13477778879E-16,-2.455476416522E-18));
#3030 = ADVANCED_FACE('',(#3031),#3049,.T.);
#3031 = FACE_BOUND('',#3032,.T.);
#3032 = EDGE_LOOP('',(#3033,#3034,#3035,#3043));
#3033 = ORIENTED_EDGE('',*,*,#3012,.F.);
#3034 = ORIENTED_EDGE('',*,*,#1963,.T.);
#3035 = ORIENTED_EDGE('',*,*,#3036,.T.);
#3036 = EDGE_CURVE('',#1956,#3037,#3039,.T.);
#3037 = VERTEX_POINT('',#3038);
#3038 = CARTESIAN_POINT('',(-0.3,-5.38,8.2));
#3039 = LINE('',#3040,#3041);
#3040 = CARTESIAN_POINT('',(-0.3,-5.38,8.2));
#3041 = VECTOR('',#3042,1.);
#3042 = DIRECTION('',(0.57735026919,0.57735026919,-0.57735026919));
#3043 = ORIENTED_EDGE('',*,*,#3044,.F.);
#3044 = EDGE_CURVE('',#3013,#3037,#3045,.T.);
#3045 = LINE('',#3046,#3047);
#3046 = CARTESIAN_POINT('',(-0.3,-4.48,8.2));
#3047 = VECTOR('',#3048,1.);
#3048 = DIRECTION('',(-1.110223024625E-16,-1.,0.));
#3049 = PLANE('',#3050);
#3050 = AXIS2_PLACEMENT_3D('',#3051,#3052,#3053);
#3051 = CARTESIAN_POINT('',(-0.45,-4.48,8.35));
#3052 = DIRECTION('',(0.707106781187,-7.503205488379E-17,0.707106781187)
  );
#3053 = DIRECTION('',(-1.08566826046E-16,-1.,2.455476416575E-18));
#3054 = ADVANCED_FACE('',(#3055),#3066,.T.);
#3055 = FACE_BOUND('',#3056,.T.);
#3056 = EDGE_LOOP('',(#3057,#3058,#3059,#3060));
#3057 = ORIENTED_EDGE('',*,*,#3036,.F.);
#3058 = ORIENTED_EDGE('',*,*,#1955,.T.);
#3059 = ORIENTED_EDGE('',*,*,#2979,.T.);
#3060 = ORIENTED_EDGE('',*,*,#3061,.F.);
#3061 = EDGE_CURVE('',#3037,#2980,#3062,.T.);
#3062 = LINE('',#3063,#3064);
#3063 = CARTESIAN_POINT('',(-0.6,-5.38,8.2));
#3064 = VECTOR('',#3065,1.);
#3065 = DIRECTION('',(1.,-1.110223024625E-16,0.));
#3066 = PLANE('',#3067);
#3067 = AXIS2_PLACEMENT_3D('',#3068,#3069,#3070);
#3068 = CARTESIAN_POINT('',(-0.6,-5.53,8.35));
#3069 = DIRECTION('',(8.197719098449E-17,0.707106781187,0.707106781187)
  );
#3070 = DIRECTION('',(1.,-1.13477778879E-16,-2.455476416522E-18));
#3071 = ADVANCED_FACE('',(#3072),#3097,.T.);
#3072 = FACE_BOUND('',#3073,.T.);
#3073 = EDGE_LOOP('',(#3074,#3082,#3083,#3091));
#3074 = ORIENTED_EDGE('',*,*,#3075,.F.);
#3075 = EDGE_CURVE('',#1980,#3076,#3078,.T.);
#3076 = VERTEX_POINT('',#3077);
#3077 = CARTESIAN_POINT('',(0.3,-2.84,8.2));
#3078 = LINE('',#3079,#3080);
#3079 = CARTESIAN_POINT('',(0.3,-2.84,8.2));
#3080 = VECTOR('',#3081,1.);
#3081 = DIRECTION('',(-0.57735026919,0.57735026919,-0.57735026919));
#3082 = ORIENTED_EDGE('',*,*,#1979,.T.);
#3083 = ORIENTED_EDGE('',*,*,#3084,.T.);
#3084 = EDGE_CURVE('',#1982,#3085,#3087,.T.);
#3085 = VERTEX_POINT('',#3086);
#3086 = CARTESIAN_POINT('',(0.3,-2.24,8.2));
#3087 = LINE('',#3088,#3089);
#3088 = CARTESIAN_POINT('',(0.3,-2.24,8.2));
#3089 = VECTOR('',#3090,1.);
#3090 = DIRECTION('',(-0.57735026919,-0.57735026919,-0.57735026919));
#3091 = ORIENTED_EDGE('',*,*,#3092,.F.);
#3092 = EDGE_CURVE('',#3076,#3085,#3093,.T.);
#3093 = LINE('',#3094,#3095);
#3094 = CARTESIAN_POINT('',(0.3,-3.14,8.2));
#3095 = VECTOR('',#3096,1.);
#3096 = DIRECTION('',(1.110223024625E-16,1.,0.));
#3097 = PLANE('',#3098);
#3098 = AXIS2_PLACEMENT_3D('',#3099,#3100,#3101);
#3099 = CARTESIAN_POINT('',(0.45,-3.14,8.35));
#3100 = DIRECTION('',(-0.707106781187,7.850462293414E-17,0.707106781187)
  );
#3101 = DIRECTION('',(1.110223024625E-16,1.,2.680278185005E-29));
#3102 = ADVANCED_FACE('',(#3103),#3121,.T.);
#3103 = FACE_BOUND('',#3104,.T.);
#3104 = EDGE_LOOP('',(#3105,#3106,#3107,#3115));
#3105 = ORIENTED_EDGE('',*,*,#3084,.F.);
#3106 = ORIENTED_EDGE('',*,*,#2005,.T.);
#3107 = ORIENTED_EDGE('',*,*,#3108,.T.);
#3108 = EDGE_CURVE('',#1998,#3109,#3111,.T.);
#3109 = VERTEX_POINT('',#3110);
#3110 = CARTESIAN_POINT('',(-0.3,-2.24,8.2));
#3111 = LINE('',#3112,#3113);
#3112 = CARTESIAN_POINT('',(-0.3,-2.24,8.2));
#3113 = VECTOR('',#3114,1.);
#3114 = DIRECTION('',(0.57735026919,-0.57735026919,-0.57735026919));
#3115 = ORIENTED_EDGE('',*,*,#3116,.F.);
#3116 = EDGE_CURVE('',#3085,#3109,#3117,.T.);
#3117 = LINE('',#3118,#3119);
#3118 = CARTESIAN_POINT('',(0.6,-2.24,8.2));
#3119 = VECTOR('',#3120,1.);
#3120 = DIRECTION('',(-1.,1.110223024625E-16,0.));
#3121 = PLANE('',#3122);
#3122 = AXIS2_PLACEMENT_3D('',#3123,#3124,#3125);
#3123 = CARTESIAN_POINT('',(0.6,-2.09,8.35));
#3124 = DIRECTION('',(-8.197719098449E-17,-0.707106781187,0.707106781187
    ));
#3125 = DIRECTION('',(-1.,1.13477778879E-16,-2.455476416522E-18));
#3126 = ADVANCED_FACE('',(#3127),#3145,.T.);
#3127 = FACE_BOUND('',#3128,.T.);
#3128 = EDGE_LOOP('',(#3129,#3130,#3131,#3139));
#3129 = ORIENTED_EDGE('',*,*,#3108,.F.);
#3130 = ORIENTED_EDGE('',*,*,#1997,.T.);
#3131 = ORIENTED_EDGE('',*,*,#3132,.T.);
#3132 = EDGE_CURVE('',#1990,#3133,#3135,.T.);
#3133 = VERTEX_POINT('',#3134);
#3134 = CARTESIAN_POINT('',(-0.3,-2.84,8.2));
#3135 = LINE('',#3136,#3137);
#3136 = CARTESIAN_POINT('',(-0.3,-2.84,8.2));
#3137 = VECTOR('',#3138,1.);
#3138 = DIRECTION('',(0.57735026919,0.57735026919,-0.57735026919));
#3139 = ORIENTED_EDGE('',*,*,#3140,.F.);
#3140 = EDGE_CURVE('',#3109,#3133,#3141,.T.);
#3141 = LINE('',#3142,#3143);
#3142 = CARTESIAN_POINT('',(-0.3,-1.94,8.2));
#3143 = VECTOR('',#3144,1.);
#3144 = DIRECTION('',(-1.110223024625E-16,-1.,0.));
#3145 = PLANE('',#3146);
#3146 = AXIS2_PLACEMENT_3D('',#3147,#3148,#3149);
#3147 = CARTESIAN_POINT('',(-0.45,-1.94,8.35));
#3148 = DIRECTION('',(0.707106781187,-7.503205488379E-17,0.707106781187)
  );
#3149 = DIRECTION('',(-1.08566826046E-16,-1.,2.455476416575E-18));
#3150 = ADVANCED_FACE('',(#3151),#3162,.T.);
#3151 = FACE_BOUND('',#3152,.T.);
#3152 = EDGE_LOOP('',(#3153,#3154,#3155,#3156));
#3153 = ORIENTED_EDGE('',*,*,#3132,.F.);
#3154 = ORIENTED_EDGE('',*,*,#1989,.T.);
#3155 = ORIENTED_EDGE('',*,*,#3075,.T.);
#3156 = ORIENTED_EDGE('',*,*,#3157,.F.);
#3157 = EDGE_CURVE('',#3133,#3076,#3158,.T.);
#3158 = LINE('',#3159,#3160);
#3159 = CARTESIAN_POINT('',(-0.6,-2.84,8.2));
#3160 = VECTOR('',#3161,1.);
#3161 = DIRECTION('',(1.,-1.110223024625E-16,0.));
#3162 = PLANE('',#3163);
#3163 = AXIS2_PLACEMENT_3D('',#3164,#3165,#3166);
#3164 = CARTESIAN_POINT('',(-0.6,-2.99,8.35));
#3165 = DIRECTION('',(8.197719098449E-17,0.707106781187,0.707106781187)
  );
#3166 = DIRECTION('',(1.,-1.13477778879E-16,-2.455476416522E-18));
#3167 = ADVANCED_FACE('',(#3168),#3193,.T.);
#3168 = FACE_BOUND('',#3169,.T.);
#3169 = EDGE_LOOP('',(#3170,#3178,#3179,#3187));
#3170 = ORIENTED_EDGE('',*,*,#3171,.F.);
#3171 = EDGE_CURVE('',#2014,#3172,#3174,.T.);
#3172 = VERTEX_POINT('',#3173);
#3173 = CARTESIAN_POINT('',(0.3,-0.3,8.2));
#3174 = LINE('',#3175,#3176);
#3175 = CARTESIAN_POINT('',(0.3,-0.3,8.2));
#3176 = VECTOR('',#3177,1.);
#3177 = DIRECTION('',(-0.57735026919,0.57735026919,-0.57735026919));
#3178 = ORIENTED_EDGE('',*,*,#2013,.T.);
#3179 = ORIENTED_EDGE('',*,*,#3180,.T.);
#3180 = EDGE_CURVE('',#2016,#3181,#3183,.T.);
#3181 = VERTEX_POINT('',#3182);
#3182 = CARTESIAN_POINT('',(0.3,0.3,8.2));
#3183 = LINE('',#3184,#3185);
#3184 = CARTESIAN_POINT('',(0.3,0.3,8.2));
#3185 = VECTOR('',#3186,1.);
#3186 = DIRECTION('',(-0.57735026919,-0.57735026919,-0.57735026919));
#3187 = ORIENTED_EDGE('',*,*,#3188,.F.);
#3188 = EDGE_CURVE('',#3172,#3181,#3189,.T.);
#3189 = LINE('',#3190,#3191);
#3190 = CARTESIAN_POINT('',(0.3,-0.6,8.2));
#3191 = VECTOR('',#3192,1.);
#3192 = DIRECTION('',(1.110223024625E-16,1.,0.));
#3193 = PLANE('',#3194);
#3194 = AXIS2_PLACEMENT_3D('',#3195,#3196,#3197);
#3195 = CARTESIAN_POINT('',(0.45,-0.6,8.35));
#3196 = DIRECTION('',(-0.707106781187,7.850462293414E-17,0.707106781187)
  );
#3197 = DIRECTION('',(1.110223024625E-16,1.,2.680278185005E-29));
#3198 = ADVANCED_FACE('',(#3199),#3217,.T.);
#3199 = FACE_BOUND('',#3200,.T.);
#3200 = EDGE_LOOP('',(#3201,#3202,#3203,#3211));
#3201 = ORIENTED_EDGE('',*,*,#3180,.F.);
#3202 = ORIENTED_EDGE('',*,*,#2039,.T.);
#3203 = ORIENTED_EDGE('',*,*,#3204,.T.);
#3204 = EDGE_CURVE('',#2032,#3205,#3207,.T.);
#3205 = VERTEX_POINT('',#3206);
#3206 = CARTESIAN_POINT('',(-0.3,0.3,8.2));
#3207 = LINE('',#3208,#3209);
#3208 = CARTESIAN_POINT('',(-0.3,0.3,8.2));
#3209 = VECTOR('',#3210,1.);
#3210 = DIRECTION('',(0.57735026919,-0.57735026919,-0.57735026919));
#3211 = ORIENTED_EDGE('',*,*,#3212,.F.);
#3212 = EDGE_CURVE('',#3181,#3205,#3213,.T.);
#3213 = LINE('',#3214,#3215);
#3214 = CARTESIAN_POINT('',(0.6,0.3,8.2));
#3215 = VECTOR('',#3216,1.);
#3216 = DIRECTION('',(-1.,1.110223024625E-16,0.));
#3217 = PLANE('',#3218);
#3218 = AXIS2_PLACEMENT_3D('',#3219,#3220,#3221);
#3219 = CARTESIAN_POINT('',(0.6,0.45,8.35));
#3220 = DIRECTION('',(-8.197719098449E-17,-0.707106781187,0.707106781187
    ));
#3221 = DIRECTION('',(-1.,1.13477778879E-16,-2.455476416522E-18));
#3222 = ADVANCED_FACE('',(#3223),#3241,.T.);
#3223 = FACE_BOUND('',#3224,.T.);
#3224 = EDGE_LOOP('',(#3225,#3226,#3227,#3235));
#3225 = ORIENTED_EDGE('',*,*,#3204,.F.);
#3226 = ORIENTED_EDGE('',*,*,#2031,.T.);
#3227 = ORIENTED_EDGE('',*,*,#3228,.T.);
#3228 = EDGE_CURVE('',#2024,#3229,#3231,.T.);
#3229 = VERTEX_POINT('',#3230);
#3230 = CARTESIAN_POINT('',(-0.3,-0.3,8.2));
#3231 = LINE('',#3232,#3233);
#3232 = CARTESIAN_POINT('',(-0.3,-0.3,8.2));
#3233 = VECTOR('',#3234,1.);
#3234 = DIRECTION('',(0.57735026919,0.57735026919,-0.57735026919));
#3235 = ORIENTED_EDGE('',*,*,#3236,.F.);
#3236 = EDGE_CURVE('',#3205,#3229,#3237,.T.);
#3237 = LINE('',#3238,#3239);
#3238 = CARTESIAN_POINT('',(-0.3,0.6,8.2));
#3239 = VECTOR('',#3240,1.);
#3240 = DIRECTION('',(-1.110223024625E-16,-1.,0.));
#3241 = PLANE('',#3242);
#3242 = AXIS2_PLACEMENT_3D('',#3243,#3244,#3245);
#3243 = CARTESIAN_POINT('',(-0.45,0.6,8.35));
#3244 = DIRECTION('',(0.707106781187,-7.503205488379E-17,0.707106781187)
  );
#3245 = DIRECTION('',(-1.08566826046E-16,-1.,2.455476416575E-18));
#3246 = ADVANCED_FACE('',(#3247),#3258,.T.);
#3247 = FACE_BOUND('',#3248,.T.);
#3248 = EDGE_LOOP('',(#3249,#3250,#3251,#3252));
#3249 = ORIENTED_EDGE('',*,*,#3228,.F.);
#3250 = ORIENTED_EDGE('',*,*,#2023,.T.);
#3251 = ORIENTED_EDGE('',*,*,#3171,.T.);
#3252 = ORIENTED_EDGE('',*,*,#3253,.F.);
#3253 = EDGE_CURVE('',#3229,#3172,#3254,.T.);
#3254 = LINE('',#3255,#3256);
#3255 = CARTESIAN_POINT('',(-0.6,-0.3,8.2));
#3256 = VECTOR('',#3257,1.);
#3257 = DIRECTION('',(1.,-1.110223024625E-16,0.));
#3258 = PLANE('',#3259);
#3259 = AXIS2_PLACEMENT_3D('',#3260,#3261,#3262);
#3260 = CARTESIAN_POINT('',(-0.6,-0.45,8.35));
#3261 = DIRECTION('',(8.197719098449E-17,0.707106781187,0.707106781187)
  );
#3262 = DIRECTION('',(1.,-1.13477778879E-16,-2.455476416522E-18));
#3263 = ADVANCED_FACE('',(#3264),#3275,.T.);
#3264 = FACE_BOUND('',#3265,.T.);
#3265 = EDGE_LOOP('',(#3266,#3267,#3268,#3274));
#3266 = ORIENTED_EDGE('',*,*,#2103,.F.);
#3267 = ORIENTED_EDGE('',*,*,#2113,.T.);
#3268 = ORIENTED_EDGE('',*,*,#3269,.T.);
#3269 = EDGE_CURVE('',#2114,#2154,#3270,.T.);
#3270 = LINE('',#3271,#3272);
#3271 = CARTESIAN_POINT('',(-0.1,-15.54,0.2));
#3272 = VECTOR('',#3273,1.);
#3273 = DIRECTION('',(1.,-1.110223024625E-16,0.));
#3274 = ORIENTED_EDGE('',*,*,#2161,.T.);
#3275 = PLANE('',#3276);
#3276 = AXIS2_PLACEMENT_3D('',#3277,#3278,#3279);
#3277 = CARTESIAN_POINT('',(-0.1,-15.54,0.2));
#3278 = DIRECTION('',(0.,-0.,-1.));
#3279 = DIRECTION('',(-1.110223024625E-16,-1.,0.));
#3280 = ADVANCED_FACE('',(#3281),#3322,.F.);
#3281 = FACE_BOUND('',#3282,.F.);
#3282 = EDGE_LOOP('',(#3283,#3291,#3292,#3300,#3308,#3316));
#3283 = ORIENTED_EDGE('',*,*,#3284,.T.);
#3284 = EDGE_CURVE('',#3285,#2154,#3287,.T.);
#3285 = VERTEX_POINT('',#3286);
#3286 = CARTESIAN_POINT('',(0.1,-15.54,-2.5));
#3287 = LINE('',#3288,#3289);
#3288 = CARTESIAN_POINT('',(0.1,-15.54,-2.5));
#3289 = VECTOR('',#3290,1.);
#3290 = DIRECTION('',(0.,0.,1.));
#3291 = ORIENTED_EDGE('',*,*,#2153,.F.);
#3292 = ORIENTED_EDGE('',*,*,#3293,.T.);
#3293 = EDGE_CURVE('',#2146,#3294,#3296,.T.);
#3294 = VERTEX_POINT('',#3295);
#3295 = CARTESIAN_POINT('',(0.1,-14.94,-2.5));
#3296 = LINE('',#3297,#3298);
#3297 = CARTESIAN_POINT('',(0.1,-14.94,0.2));
#3298 = VECTOR('',#3299,1.);
#3299 = DIRECTION('',(0.,0.,-1.));
#3300 = ORIENTED_EDGE('',*,*,#3301,.T.);
#3301 = EDGE_CURVE('',#3294,#3302,#3304,.T.);
#3302 = VERTEX_POINT('',#3303);
#3303 = CARTESIAN_POINT('',(0.1,-15.09,-3.1));
#3304 = LINE('',#3305,#3306);
#3305 = CARTESIAN_POINT('',(0.1,-14.94,-2.5));
#3306 = VECTOR('',#3307,1.);
#3307 = DIRECTION('',(-2.692686352073E-17,-0.242535625036,
    -0.970142500145));
#3308 = ORIENTED_EDGE('',*,*,#3309,.T.);
#3309 = EDGE_CURVE('',#3302,#3310,#3312,.T.);
#3310 = VERTEX_POINT('',#3311);
#3311 = CARTESIAN_POINT('',(0.1,-15.39,-3.1));
#3312 = LINE('',#3313,#3314);
#3313 = CARTESIAN_POINT('',(0.1,-15.09,-3.1));
#3314 = VECTOR('',#3315,1.);
#3315 = DIRECTION('',(-1.110223024625E-16,-1.,0.));
#3316 = ORIENTED_EDGE('',*,*,#3317,.T.);
#3317 = EDGE_CURVE('',#3310,#3285,#3318,.T.);
#3318 = LINE('',#3319,#3320);
#3319 = CARTESIAN_POINT('',(0.1,-15.39,-3.1));
#3320 = VECTOR('',#3321,1.);
#3321 = DIRECTION('',(-2.692686352073E-17,-0.242535625036,0.970142500145
    ));
#3322 = PLANE('',#3323);
#3323 = AXIS2_PLACEMENT_3D('',#3324,#3325,#3326);
#3324 = CARTESIAN_POINT('',(0.1,-15.24,3.911477598424));
#3325 = DIRECTION('',(-1.,1.110223024625E-16,0.));
#3326 = DIRECTION('',(0.,0.,1.));
#3327 = ADVANCED_FACE('',(#3328),#3339,.T.);
#3328 = FACE_BOUND('',#3329,.T.);
#3329 = EDGE_LOOP('',(#3330,#3336,#3337,#3338));
#3330 = ORIENTED_EDGE('',*,*,#3331,.F.);
#3331 = EDGE_CURVE('',#2122,#2146,#3332,.T.);
#3332 = LINE('',#3333,#3334);
#3333 = CARTESIAN_POINT('',(-0.1,-14.94,0.2));
#3334 = VECTOR('',#3335,1.);
#3335 = DIRECTION('',(1.,-1.110223024625E-16,0.));
#3336 = ORIENTED_EDGE('',*,*,#2129,.T.);
#3337 = ORIENTED_EDGE('',*,*,#2137,.T.);
#3338 = ORIENTED_EDGE('',*,*,#2145,.T.);
#3339 = PLANE('',#3340);
#3340 = AXIS2_PLACEMENT_3D('',#3341,#3342,#3343);
#3341 = CARTESIAN_POINT('',(-0.1,-15.54,0.2));
#3342 = DIRECTION('',(0.,-0.,-1.));
#3343 = DIRECTION('',(-1.110223024625E-16,-1.,0.));
#3344 = ADVANCED_FACE('',(#3345),#3386,.T.);
#3345 = FACE_BOUND('',#3346,.T.);
#3346 = EDGE_LOOP('',(#3347,#3355,#3356,#3364,#3372,#3380));
#3347 = ORIENTED_EDGE('',*,*,#3348,.T.);
#3348 = EDGE_CURVE('',#3349,#2114,#3351,.T.);
#3349 = VERTEX_POINT('',#3350);
#3350 = CARTESIAN_POINT('',(-0.1,-15.54,-2.5));
#3351 = LINE('',#3352,#3353);
#3352 = CARTESIAN_POINT('',(-0.1,-15.54,-2.5));
#3353 = VECTOR('',#3354,1.);
#3354 = DIRECTION('',(0.,0.,1.));
#3355 = ORIENTED_EDGE('',*,*,#2121,.F.);
#3356 = ORIENTED_EDGE('',*,*,#3357,.T.);
#3357 = EDGE_CURVE('',#2122,#3358,#3360,.T.);
#3358 = VERTEX_POINT('',#3359);
#3359 = CARTESIAN_POINT('',(-0.1,-14.94,-2.5));
#3360 = LINE('',#3361,#3362);
#3361 = CARTESIAN_POINT('',(-0.1,-14.94,0.2));
#3362 = VECTOR('',#3363,1.);
#3363 = DIRECTION('',(0.,0.,-1.));
#3364 = ORIENTED_EDGE('',*,*,#3365,.T.);
#3365 = EDGE_CURVE('',#3358,#3366,#3368,.T.);
#3366 = VERTEX_POINT('',#3367);
#3367 = CARTESIAN_POINT('',(-0.1,-15.09,-3.1));
#3368 = LINE('',#3369,#3370);
#3369 = CARTESIAN_POINT('',(-0.1,-14.94,-2.5));
#3370 = VECTOR('',#3371,1.);
#3371 = DIRECTION('',(-2.692686352073E-17,-0.242535625036,
    -0.970142500145));
#3372 = ORIENTED_EDGE('',*,*,#3373,.F.);
#3373 = EDGE_CURVE('',#3374,#3366,#3376,.T.);
#3374 = VERTEX_POINT('',#3375);
#3375 = CARTESIAN_POINT('',(-0.1,-15.39,-3.1));
#3376 = LINE('',#3377,#3378);
#3377 = CARTESIAN_POINT('',(-0.1,-15.39,-3.1));
#3378 = VECTOR('',#3379,1.);
#3379 = DIRECTION('',(1.110223024625E-16,1.,0.));
#3380 = ORIENTED_EDGE('',*,*,#3381,.T.);
#3381 = EDGE_CURVE('',#3374,#3349,#3382,.T.);
#3382 = LINE('',#3383,#3384);
#3383 = CARTESIAN_POINT('',(-0.1,-15.39,-3.1));
#3384 = VECTOR('',#3385,1.);
#3385 = DIRECTION('',(-2.692686352073E-17,-0.242535625036,0.970142500145
    ));
#3386 = PLANE('',#3387);
#3387 = AXIS2_PLACEMENT_3D('',#3388,#3389,#3390);
#3388 = CARTESIAN_POINT('',(-0.1,-15.24,3.911477598424));
#3389 = DIRECTION('',(-1.,1.110223024625E-16,0.));
#3390 = DIRECTION('',(0.,0.,1.));
#3391 = ADVANCED_FACE('',(#3392),#3403,.T.);
#3392 = FACE_BOUND('',#3393,.T.);
#3393 = EDGE_LOOP('',(#3394,#3395,#3396,#3402));
#3394 = ORIENTED_EDGE('',*,*,#2169,.F.);
#3395 = ORIENTED_EDGE('',*,*,#2179,.T.);
#3396 = ORIENTED_EDGE('',*,*,#3397,.T.);
#3397 = EDGE_CURVE('',#2180,#2220,#3398,.T.);
#3398 = LINE('',#3399,#3400);
#3399 = CARTESIAN_POINT('',(-0.1,-13.,0.2));
#3400 = VECTOR('',#3401,1.);
#3401 = DIRECTION('',(1.,-1.110223024625E-16,0.));
#3402 = ORIENTED_EDGE('',*,*,#2227,.T.);
#3403 = PLANE('',#3404);
#3404 = AXIS2_PLACEMENT_3D('',#3405,#3406,#3407);
#3405 = CARTESIAN_POINT('',(-0.1,-13.,0.2));
#3406 = DIRECTION('',(0.,-0.,-1.));
#3407 = DIRECTION('',(-1.110223024625E-16,-1.,0.));
#3408 = ADVANCED_FACE('',(#3409),#3450,.F.);
#3409 = FACE_BOUND('',#3410,.F.);
#3410 = EDGE_LOOP('',(#3411,#3419,#3420,#3428,#3436,#3444));
#3411 = ORIENTED_EDGE('',*,*,#3412,.T.);
#3412 = EDGE_CURVE('',#3413,#2220,#3415,.T.);
#3413 = VERTEX_POINT('',#3414);
#3414 = CARTESIAN_POINT('',(0.1,-13.,-2.5));
#3415 = LINE('',#3416,#3417);
#3416 = CARTESIAN_POINT('',(0.1,-13.,-2.5));
#3417 = VECTOR('',#3418,1.);
#3418 = DIRECTION('',(0.,0.,1.));
#3419 = ORIENTED_EDGE('',*,*,#2219,.F.);
#3420 = ORIENTED_EDGE('',*,*,#3421,.T.);
#3421 = EDGE_CURVE('',#2212,#3422,#3424,.T.);
#3422 = VERTEX_POINT('',#3423);
#3423 = CARTESIAN_POINT('',(0.1,-12.4,-2.5));
#3424 = LINE('',#3425,#3426);
#3425 = CARTESIAN_POINT('',(0.1,-12.4,0.2));
#3426 = VECTOR('',#3427,1.);
#3427 = DIRECTION('',(0.,0.,-1.));
#3428 = ORIENTED_EDGE('',*,*,#3429,.T.);
#3429 = EDGE_CURVE('',#3422,#3430,#3432,.T.);
#3430 = VERTEX_POINT('',#3431);
#3431 = CARTESIAN_POINT('',(0.1,-12.55,-3.1));
#3432 = LINE('',#3433,#3434);
#3433 = CARTESIAN_POINT('',(0.1,-12.4,-2.5));
#3434 = VECTOR('',#3435,1.);
#3435 = DIRECTION('',(-2.692686352073E-17,-0.242535625036,
    -0.970142500145));
#3436 = ORIENTED_EDGE('',*,*,#3437,.T.);
#3437 = EDGE_CURVE('',#3430,#3438,#3440,.T.);
#3438 = VERTEX_POINT('',#3439);
#3439 = CARTESIAN_POINT('',(0.1,-12.85,-3.1));
#3440 = LINE('',#3441,#3442);
#3441 = CARTESIAN_POINT('',(0.1,-12.55,-3.1));
#3442 = VECTOR('',#3443,1.);
#3443 = DIRECTION('',(-1.110223024625E-16,-1.,0.));
#3444 = ORIENTED_EDGE('',*,*,#3445,.T.);
#3445 = EDGE_CURVE('',#3438,#3413,#3446,.T.);
#3446 = LINE('',#3447,#3448);
#3447 = CARTESIAN_POINT('',(0.1,-12.85,-3.1));
#3448 = VECTOR('',#3449,1.);
#3449 = DIRECTION('',(-2.692686352073E-17,-0.242535625036,0.970142500145
    ));
#3450 = PLANE('',#3451);
#3451 = AXIS2_PLACEMENT_3D('',#3452,#3453,#3454);
#3452 = CARTESIAN_POINT('',(0.1,-12.7,3.911477598424));
#3453 = DIRECTION('',(-1.,1.110223024625E-16,0.));
#3454 = DIRECTION('',(0.,0.,1.));
#3455 = ADVANCED_FACE('',(#3456),#3467,.T.);
#3456 = FACE_BOUND('',#3457,.T.);
#3457 = EDGE_LOOP('',(#3458,#3464,#3465,#3466));
#3458 = ORIENTED_EDGE('',*,*,#3459,.F.);
#3459 = EDGE_CURVE('',#2188,#2212,#3460,.T.);
#3460 = LINE('',#3461,#3462);
#3461 = CARTESIAN_POINT('',(-0.1,-12.4,0.2));
#3462 = VECTOR('',#3463,1.);
#3463 = DIRECTION('',(1.,-1.110223024625E-16,0.));
#3464 = ORIENTED_EDGE('',*,*,#2195,.T.);
#3465 = ORIENTED_EDGE('',*,*,#2203,.T.);
#3466 = ORIENTED_EDGE('',*,*,#2211,.T.);
#3467 = PLANE('',#3468);
#3468 = AXIS2_PLACEMENT_3D('',#3469,#3470,#3471);
#3469 = CARTESIAN_POINT('',(-0.1,-13.,0.2));
#3470 = DIRECTION('',(0.,-0.,-1.));
#3471 = DIRECTION('',(-1.110223024625E-16,-1.,0.));
#3472 = ADVANCED_FACE('',(#3473),#3514,.T.);
#3473 = FACE_BOUND('',#3474,.T.);
#3474 = EDGE_LOOP('',(#3475,#3483,#3484,#3492,#3500,#3508));
#3475 = ORIENTED_EDGE('',*,*,#3476,.T.);
#3476 = EDGE_CURVE('',#3477,#2180,#3479,.T.);
#3477 = VERTEX_POINT('',#3478);
#3478 = CARTESIAN_POINT('',(-0.1,-13.,-2.5));
#3479 = LINE('',#3480,#3481);
#3480 = CARTESIAN_POINT('',(-0.1,-13.,-2.5));
#3481 = VECTOR('',#3482,1.);
#3482 = DIRECTION('',(0.,0.,1.));
#3483 = ORIENTED_EDGE('',*,*,#2187,.F.);
#3484 = ORIENTED_EDGE('',*,*,#3485,.T.);
#3485 = EDGE_CURVE('',#2188,#3486,#3488,.T.);
#3486 = VERTEX_POINT('',#3487);
#3487 = CARTESIAN_POINT('',(-0.1,-12.4,-2.5));
#3488 = LINE('',#3489,#3490);
#3489 = CARTESIAN_POINT('',(-0.1,-12.4,0.2));
#3490 = VECTOR('',#3491,1.);
#3491 = DIRECTION('',(0.,0.,-1.));
#3492 = ORIENTED_EDGE('',*,*,#3493,.T.);
#3493 = EDGE_CURVE('',#3486,#3494,#3496,.T.);
#3494 = VERTEX_POINT('',#3495);
#3495 = CARTESIAN_POINT('',(-0.1,-12.55,-3.1));
#3496 = LINE('',#3497,#3498);
#3497 = CARTESIAN_POINT('',(-0.1,-12.4,-2.5));
#3498 = VECTOR('',#3499,1.);
#3499 = DIRECTION('',(-2.692686352073E-17,-0.242535625036,
    -0.970142500145));
#3500 = ORIENTED_EDGE('',*,*,#3501,.F.);
#3501 = EDGE_CURVE('',#3502,#3494,#3504,.T.);
#3502 = VERTEX_POINT('',#3503);
#3503 = CARTESIAN_POINT('',(-0.1,-12.85,-3.1));
#3504 = LINE('',#3505,#3506);
#3505 = CARTESIAN_POINT('',(-0.1,-12.85,-3.1));
#3506 = VECTOR('',#3507,1.);
#3507 = DIRECTION('',(1.110223024625E-16,1.,0.));
#3508 = ORIENTED_EDGE('',*,*,#3509,.T.);
#3509 = EDGE_CURVE('',#3502,#3477,#3510,.T.);
#3510 = LINE('',#3511,#3512);
#3511 = CARTESIAN_POINT('',(-0.1,-12.85,-3.1));
#3512 = VECTOR('',#3513,1.);
#3513 = DIRECTION('',(-2.692686352073E-17,-0.242535625036,0.970142500145
    ));
#3514 = PLANE('',#3515);
#3515 = AXIS2_PLACEMENT_3D('',#3516,#3517,#3518);
#3516 = CARTESIAN_POINT('',(-0.1,-12.7,3.911477598424));
#3517 = DIRECTION('',(-1.,1.110223024625E-16,0.));
#3518 = DIRECTION('',(0.,0.,1.));
#3519 = ADVANCED_FACE('',(#3520),#3531,.T.);
#3520 = FACE_BOUND('',#3521,.T.);
#3521 = EDGE_LOOP('',(#3522,#3523,#3524,#3530));
#3522 = ORIENTED_EDGE('',*,*,#2235,.F.);
#3523 = ORIENTED_EDGE('',*,*,#2245,.T.);
#3524 = ORIENTED_EDGE('',*,*,#3525,.T.);
#3525 = EDGE_CURVE('',#2246,#2286,#3526,.T.);
#3526 = LINE('',#3527,#3528);
#3527 = CARTESIAN_POINT('',(-0.1,-10.46,0.2));
#3528 = VECTOR('',#3529,1.);
#3529 = DIRECTION('',(1.,-1.110223024625E-16,0.));
#3530 = ORIENTED_EDGE('',*,*,#2293,.T.);
#3531 = PLANE('',#3532);
#3532 = AXIS2_PLACEMENT_3D('',#3533,#3534,#3535);
#3533 = CARTESIAN_POINT('',(-0.1,-10.46,0.2));
#3534 = DIRECTION('',(0.,-0.,-1.));
#3535 = DIRECTION('',(-1.110223024625E-16,-1.,0.));
#3536 = ADVANCED_FACE('',(#3537),#3578,.F.);
#3537 = FACE_BOUND('',#3538,.F.);
#3538 = EDGE_LOOP('',(#3539,#3547,#3548,#3556,#3564,#3572));
#3539 = ORIENTED_EDGE('',*,*,#3540,.T.);
#3540 = EDGE_CURVE('',#3541,#2286,#3543,.T.);
#3541 = VERTEX_POINT('',#3542);
#3542 = CARTESIAN_POINT('',(0.1,-10.46,-2.5));
#3543 = LINE('',#3544,#3545);
#3544 = CARTESIAN_POINT('',(0.1,-10.46,-2.5));
#3545 = VECTOR('',#3546,1.);
#3546 = DIRECTION('',(0.,0.,1.));
#3547 = ORIENTED_EDGE('',*,*,#2285,.F.);
#3548 = ORIENTED_EDGE('',*,*,#3549,.T.);
#3549 = EDGE_CURVE('',#2278,#3550,#3552,.T.);
#3550 = VERTEX_POINT('',#3551);
#3551 = CARTESIAN_POINT('',(0.1,-9.86,-2.5));
#3552 = LINE('',#3553,#3554);
#3553 = CARTESIAN_POINT('',(0.1,-9.86,0.2));
#3554 = VECTOR('',#3555,1.);
#3555 = DIRECTION('',(0.,0.,-1.));
#3556 = ORIENTED_EDGE('',*,*,#3557,.T.);
#3557 = EDGE_CURVE('',#3550,#3558,#3560,.T.);
#3558 = VERTEX_POINT('',#3559);
#3559 = CARTESIAN_POINT('',(0.1,-10.01,-3.1));
#3560 = LINE('',#3561,#3562);
#3561 = CARTESIAN_POINT('',(0.1,-9.86,-2.5));
#3562 = VECTOR('',#3563,1.);
#3563 = DIRECTION('',(-2.692686352073E-17,-0.242535625036,
    -0.970142500145));
#3564 = ORIENTED_EDGE('',*,*,#3565,.T.);
#3565 = EDGE_CURVE('',#3558,#3566,#3568,.T.);
#3566 = VERTEX_POINT('',#3567);
#3567 = CARTESIAN_POINT('',(0.1,-10.31,-3.1));
#3568 = LINE('',#3569,#3570);
#3569 = CARTESIAN_POINT('',(0.1,-10.01,-3.1));
#3570 = VECTOR('',#3571,1.);
#3571 = DIRECTION('',(-1.110223024625E-16,-1.,0.));
#3572 = ORIENTED_EDGE('',*,*,#3573,.T.);
#3573 = EDGE_CURVE('',#3566,#3541,#3574,.T.);
#3574 = LINE('',#3575,#3576);
#3575 = CARTESIAN_POINT('',(0.1,-10.31,-3.1));
#3576 = VECTOR('',#3577,1.);
#3577 = DIRECTION('',(-2.692686352073E-17,-0.242535625036,0.970142500145
    ));
#3578 = PLANE('',#3579);
#3579 = AXIS2_PLACEMENT_3D('',#3580,#3581,#3582);
#3580 = CARTESIAN_POINT('',(0.1,-10.16,3.911477598424));
#3581 = DIRECTION('',(-1.,1.110223024625E-16,0.));
#3582 = DIRECTION('',(0.,0.,1.));
#3583 = ADVANCED_FACE('',(#3584),#3595,.T.);
#3584 = FACE_BOUND('',#3585,.T.);
#3585 = EDGE_LOOP('',(#3586,#3592,#3593,#3594));
#3586 = ORIENTED_EDGE('',*,*,#3587,.F.);
#3587 = EDGE_CURVE('',#2254,#2278,#3588,.T.);
#3588 = LINE('',#3589,#3590);
#3589 = CARTESIAN_POINT('',(-0.1,-9.86,0.2));
#3590 = VECTOR('',#3591,1.);
#3591 = DIRECTION('',(1.,-1.110223024625E-16,0.));
#3592 = ORIENTED_EDGE('',*,*,#2261,.T.);
#3593 = ORIENTED_EDGE('',*,*,#2269,.T.);
#3594 = ORIENTED_EDGE('',*,*,#2277,.T.);
#3595 = PLANE('',#3596);
#3596 = AXIS2_PLACEMENT_3D('',#3597,#3598,#3599);
#3597 = CARTESIAN_POINT('',(-0.1,-10.46,0.2));
#3598 = DIRECTION('',(0.,-0.,-1.));
#3599 = DIRECTION('',(-1.110223024625E-16,-1.,0.));
#3600 = ADVANCED_FACE('',(#3601),#3642,.T.);
#3601 = FACE_BOUND('',#3602,.T.);
#3602 = EDGE_LOOP('',(#3603,#3611,#3612,#3620,#3628,#3636));
#3603 = ORIENTED_EDGE('',*,*,#3604,.T.);
#3604 = EDGE_CURVE('',#3605,#2246,#3607,.T.);
#3605 = VERTEX_POINT('',#3606);
#3606 = CARTESIAN_POINT('',(-0.1,-10.46,-2.5));
#3607 = LINE('',#3608,#3609);
#3608 = CARTESIAN_POINT('',(-0.1,-10.46,-2.5));
#3609 = VECTOR('',#3610,1.);
#3610 = DIRECTION('',(0.,0.,1.));
#3611 = ORIENTED_EDGE('',*,*,#2253,.F.);
#3612 = ORIENTED_EDGE('',*,*,#3613,.T.);
#3613 = EDGE_CURVE('',#2254,#3614,#3616,.T.);
#3614 = VERTEX_POINT('',#3615);
#3615 = CARTESIAN_POINT('',(-0.1,-9.86,-2.5));
#3616 = LINE('',#3617,#3618);
#3617 = CARTESIAN_POINT('',(-0.1,-9.86,0.2));
#3618 = VECTOR('',#3619,1.);
#3619 = DIRECTION('',(0.,0.,-1.));
#3620 = ORIENTED_EDGE('',*,*,#3621,.T.);
#3621 = EDGE_CURVE('',#3614,#3622,#3624,.T.);
#3622 = VERTEX_POINT('',#3623);
#3623 = CARTESIAN_POINT('',(-0.1,-10.01,-3.1));
#3624 = LINE('',#3625,#3626);
#3625 = CARTESIAN_POINT('',(-0.1,-9.86,-2.5));
#3626 = VECTOR('',#3627,1.);
#3627 = DIRECTION('',(-2.692686352073E-17,-0.242535625036,
    -0.970142500145));
#3628 = ORIENTED_EDGE('',*,*,#3629,.F.);
#3629 = EDGE_CURVE('',#3630,#3622,#3632,.T.);
#3630 = VERTEX_POINT('',#3631);
#3631 = CARTESIAN_POINT('',(-0.1,-10.31,-3.1));
#3632 = LINE('',#3633,#3634);
#3633 = CARTESIAN_POINT('',(-0.1,-10.31,-3.1));
#3634 = VECTOR('',#3635,1.);
#3635 = DIRECTION('',(1.110223024625E-16,1.,0.));
#3636 = ORIENTED_EDGE('',*,*,#3637,.T.);
#3637 = EDGE_CURVE('',#3630,#3605,#3638,.T.);
#3638 = LINE('',#3639,#3640);
#3639 = CARTESIAN_POINT('',(-0.1,-10.31,-3.1));
#3640 = VECTOR('',#3641,1.);
#3641 = DIRECTION('',(-2.692686352073E-17,-0.242535625036,0.970142500145
    ));
#3642 = PLANE('',#3643);
#3643 = AXIS2_PLACEMENT_3D('',#3644,#3645,#3646);
#3644 = CARTESIAN_POINT('',(-0.1,-10.16,3.911477598424));
#3645 = DIRECTION('',(-1.,1.110223024625E-16,0.));
#3646 = DIRECTION('',(0.,0.,1.));
#3647 = ADVANCED_FACE('',(#3648),#3659,.T.);
#3648 = FACE_BOUND('',#3649,.T.);
#3649 = EDGE_LOOP('',(#3650,#3651,#3652,#3658));
#3650 = ORIENTED_EDGE('',*,*,#2301,.F.);
#3651 = ORIENTED_EDGE('',*,*,#2311,.T.);
#3652 = ORIENTED_EDGE('',*,*,#3653,.T.);
#3653 = EDGE_CURVE('',#2312,#2352,#3654,.T.);
#3654 = LINE('',#3655,#3656);
#3655 = CARTESIAN_POINT('',(-0.1,-7.92,0.2));
#3656 = VECTOR('',#3657,1.);
#3657 = DIRECTION('',(1.,-1.110223024625E-16,0.));
#3658 = ORIENTED_EDGE('',*,*,#2359,.T.);
#3659 = PLANE('',#3660);
#3660 = AXIS2_PLACEMENT_3D('',#3661,#3662,#3663);
#3661 = CARTESIAN_POINT('',(-0.1,-7.92,0.2));
#3662 = DIRECTION('',(0.,-0.,-1.));
#3663 = DIRECTION('',(-1.110223024625E-16,-1.,0.));
#3664 = ADVANCED_FACE('',(#3665),#3706,.F.);
#3665 = FACE_BOUND('',#3666,.F.);
#3666 = EDGE_LOOP('',(#3667,#3675,#3676,#3684,#3692,#3700));
#3667 = ORIENTED_EDGE('',*,*,#3668,.T.);
#3668 = EDGE_CURVE('',#3669,#2352,#3671,.T.);
#3669 = VERTEX_POINT('',#3670);
#3670 = CARTESIAN_POINT('',(0.1,-7.92,-2.5));
#3671 = LINE('',#3672,#3673);
#3672 = CARTESIAN_POINT('',(0.1,-7.92,-2.5));
#3673 = VECTOR('',#3674,1.);
#3674 = DIRECTION('',(0.,0.,1.));
#3675 = ORIENTED_EDGE('',*,*,#2351,.F.);
#3676 = ORIENTED_EDGE('',*,*,#3677,.T.);
#3677 = EDGE_CURVE('',#2344,#3678,#3680,.T.);
#3678 = VERTEX_POINT('',#3679);
#3679 = CARTESIAN_POINT('',(0.1,-7.32,-2.5));
#3680 = LINE('',#3681,#3682);
#3681 = CARTESIAN_POINT('',(0.1,-7.32,0.2));
#3682 = VECTOR('',#3683,1.);
#3683 = DIRECTION('',(0.,0.,-1.));
#3684 = ORIENTED_EDGE('',*,*,#3685,.T.);
#3685 = EDGE_CURVE('',#3678,#3686,#3688,.T.);
#3686 = VERTEX_POINT('',#3687);
#3687 = CARTESIAN_POINT('',(0.1,-7.47,-3.1));
#3688 = LINE('',#3689,#3690);
#3689 = CARTESIAN_POINT('',(0.1,-7.32,-2.5));
#3690 = VECTOR('',#3691,1.);
#3691 = DIRECTION('',(-2.692686352073E-17,-0.242535625036,
    -0.970142500145));
#3692 = ORIENTED_EDGE('',*,*,#3693,.T.);
#3693 = EDGE_CURVE('',#3686,#3694,#3696,.T.);
#3694 = VERTEX_POINT('',#3695);
#3695 = CARTESIAN_POINT('',(0.1,-7.77,-3.1));
#3696 = LINE('',#3697,#3698);
#3697 = CARTESIAN_POINT('',(0.1,-7.47,-3.1));
#3698 = VECTOR('',#3699,1.);
#3699 = DIRECTION('',(-1.110223024625E-16,-1.,0.));
#3700 = ORIENTED_EDGE('',*,*,#3701,.T.);
#3701 = EDGE_CURVE('',#3694,#3669,#3702,.T.);
#3702 = LINE('',#3703,#3704);
#3703 = CARTESIAN_POINT('',(0.1,-7.77,-3.1));
#3704 = VECTOR('',#3705,1.);
#3705 = DIRECTION('',(-2.692686352073E-17,-0.242535625036,0.970142500145
    ));
#3706 = PLANE('',#3707);
#3707 = AXIS2_PLACEMENT_3D('',#3708,#3709,#3710);
#3708 = CARTESIAN_POINT('',(0.1,-7.62,3.911477598424));
#3709 = DIRECTION('',(-1.,1.110223024625E-16,0.));
#3710 = DIRECTION('',(0.,0.,1.));
#3711 = ADVANCED_FACE('',(#3712),#3723,.T.);
#3712 = FACE_BOUND('',#3713,.T.);
#3713 = EDGE_LOOP('',(#3714,#3720,#3721,#3722));
#3714 = ORIENTED_EDGE('',*,*,#3715,.F.);
#3715 = EDGE_CURVE('',#2320,#2344,#3716,.T.);
#3716 = LINE('',#3717,#3718);
#3717 = CARTESIAN_POINT('',(-0.1,-7.32,0.2));
#3718 = VECTOR('',#3719,1.);
#3719 = DIRECTION('',(1.,-1.110223024625E-16,0.));
#3720 = ORIENTED_EDGE('',*,*,#2327,.T.);
#3721 = ORIENTED_EDGE('',*,*,#2335,.T.);
#3722 = ORIENTED_EDGE('',*,*,#2343,.T.);
#3723 = PLANE('',#3724);
#3724 = AXIS2_PLACEMENT_3D('',#3725,#3726,#3727);
#3725 = CARTESIAN_POINT('',(-0.1,-7.92,0.2));
#3726 = DIRECTION('',(0.,-0.,-1.));
#3727 = DIRECTION('',(-1.110223024625E-16,-1.,0.));
#3728 = ADVANCED_FACE('',(#3729),#3770,.T.);
#3729 = FACE_BOUND('',#3730,.T.);
#3730 = EDGE_LOOP('',(#3731,#3739,#3740,#3748,#3756,#3764));
#3731 = ORIENTED_EDGE('',*,*,#3732,.T.);
#3732 = EDGE_CURVE('',#3733,#2312,#3735,.T.);
#3733 = VERTEX_POINT('',#3734);
#3734 = CARTESIAN_POINT('',(-0.1,-7.92,-2.5));
#3735 = LINE('',#3736,#3737);
#3736 = CARTESIAN_POINT('',(-0.1,-7.92,-2.5));
#3737 = VECTOR('',#3738,1.);
#3738 = DIRECTION('',(0.,0.,1.));
#3739 = ORIENTED_EDGE('',*,*,#2319,.F.);
#3740 = ORIENTED_EDGE('',*,*,#3741,.T.);
#3741 = EDGE_CURVE('',#2320,#3742,#3744,.T.);
#3742 = VERTEX_POINT('',#3743);
#3743 = CARTESIAN_POINT('',(-0.1,-7.32,-2.5));
#3744 = LINE('',#3745,#3746);
#3745 = CARTESIAN_POINT('',(-0.1,-7.32,0.2));
#3746 = VECTOR('',#3747,1.);
#3747 = DIRECTION('',(0.,0.,-1.));
#3748 = ORIENTED_EDGE('',*,*,#3749,.T.);
#3749 = EDGE_CURVE('',#3742,#3750,#3752,.T.);
#3750 = VERTEX_POINT('',#3751);
#3751 = CARTESIAN_POINT('',(-0.1,-7.47,-3.1));
#3752 = LINE('',#3753,#3754);
#3753 = CARTESIAN_POINT('',(-0.1,-7.32,-2.5));
#3754 = VECTOR('',#3755,1.);
#3755 = DIRECTION('',(-2.692686352073E-17,-0.242535625036,
    -0.970142500145));
#3756 = ORIENTED_EDGE('',*,*,#3757,.F.);
#3757 = EDGE_CURVE('',#3758,#3750,#3760,.T.);
#3758 = VERTEX_POINT('',#3759);
#3759 = CARTESIAN_POINT('',(-0.1,-7.77,-3.1));
#3760 = LINE('',#3761,#3762);
#3761 = CARTESIAN_POINT('',(-0.1,-7.77,-3.1));
#3762 = VECTOR('',#3763,1.);
#3763 = DIRECTION('',(1.110223024625E-16,1.,0.));
#3764 = ORIENTED_EDGE('',*,*,#3765,.T.);
#3765 = EDGE_CURVE('',#3758,#3733,#3766,.T.);
#3766 = LINE('',#3767,#3768);
#3767 = CARTESIAN_POINT('',(-0.1,-7.77,-3.1));
#3768 = VECTOR('',#3769,1.);
#3769 = DIRECTION('',(-2.692686352073E-17,-0.242535625036,0.970142500145
    ));
#3770 = PLANE('',#3771);
#3771 = AXIS2_PLACEMENT_3D('',#3772,#3773,#3774);
#3772 = CARTESIAN_POINT('',(-0.1,-7.62,3.911477598424));
#3773 = DIRECTION('',(-1.,1.110223024625E-16,0.));
#3774 = DIRECTION('',(0.,0.,1.));
#3775 = ADVANCED_FACE('',(#3776),#3787,.T.);
#3776 = FACE_BOUND('',#3777,.T.);
#3777 = EDGE_LOOP('',(#3778,#3779,#3780,#3786));
#3778 = ORIENTED_EDGE('',*,*,#2367,.F.);
#3779 = ORIENTED_EDGE('',*,*,#2377,.T.);
#3780 = ORIENTED_EDGE('',*,*,#3781,.T.);
#3781 = EDGE_CURVE('',#2378,#2418,#3782,.T.);
#3782 = LINE('',#3783,#3784);
#3783 = CARTESIAN_POINT('',(-0.1,-5.38,0.2));
#3784 = VECTOR('',#3785,1.);
#3785 = DIRECTION('',(1.,-1.110223024625E-16,0.));
#3786 = ORIENTED_EDGE('',*,*,#2425,.T.);
#3787 = PLANE('',#3788);
#3788 = AXIS2_PLACEMENT_3D('',#3789,#3790,#3791);
#3789 = CARTESIAN_POINT('',(-0.1,-5.38,0.2));
#3790 = DIRECTION('',(0.,-0.,-1.));
#3791 = DIRECTION('',(-1.110223024625E-16,-1.,0.));
#3792 = ADVANCED_FACE('',(#3793),#3834,.F.);
#3793 = FACE_BOUND('',#3794,.F.);
#3794 = EDGE_LOOP('',(#3795,#3803,#3804,#3812,#3820,#3828));
#3795 = ORIENTED_EDGE('',*,*,#3796,.T.);
#3796 = EDGE_CURVE('',#3797,#2418,#3799,.T.);
#3797 = VERTEX_POINT('',#3798);
#3798 = CARTESIAN_POINT('',(0.1,-5.38,-2.5));
#3799 = LINE('',#3800,#3801);
#3800 = CARTESIAN_POINT('',(0.1,-5.38,-2.5));
#3801 = VECTOR('',#3802,1.);
#3802 = DIRECTION('',(0.,0.,1.));
#3803 = ORIENTED_EDGE('',*,*,#2417,.F.);
#3804 = ORIENTED_EDGE('',*,*,#3805,.T.);
#3805 = EDGE_CURVE('',#2410,#3806,#3808,.T.);
#3806 = VERTEX_POINT('',#3807);
#3807 = CARTESIAN_POINT('',(0.1,-4.78,-2.5));
#3808 = LINE('',#3809,#3810);
#3809 = CARTESIAN_POINT('',(0.1,-4.78,0.2));
#3810 = VECTOR('',#3811,1.);
#3811 = DIRECTION('',(0.,0.,-1.));
#3812 = ORIENTED_EDGE('',*,*,#3813,.T.);
#3813 = EDGE_CURVE('',#3806,#3814,#3816,.T.);
#3814 = VERTEX_POINT('',#3815);
#3815 = CARTESIAN_POINT('',(0.1,-4.93,-3.1));
#3816 = LINE('',#3817,#3818);
#3817 = CARTESIAN_POINT('',(0.1,-4.78,-2.5));
#3818 = VECTOR('',#3819,1.);
#3819 = DIRECTION('',(-2.692686352073E-17,-0.242535625036,
    -0.970142500145));
#3820 = ORIENTED_EDGE('',*,*,#3821,.T.);
#3821 = EDGE_CURVE('',#3814,#3822,#3824,.T.);
#3822 = VERTEX_POINT('',#3823);
#3823 = CARTESIAN_POINT('',(0.1,-5.23,-3.1));
#3824 = LINE('',#3825,#3826);
#3825 = CARTESIAN_POINT('',(0.1,-4.93,-3.1));
#3826 = VECTOR('',#3827,1.);
#3827 = DIRECTION('',(-1.110223024625E-16,-1.,0.));
#3828 = ORIENTED_EDGE('',*,*,#3829,.T.);
#3829 = EDGE_CURVE('',#3822,#3797,#3830,.T.);
#3830 = LINE('',#3831,#3832);
#3831 = CARTESIAN_POINT('',(0.1,-5.23,-3.1));
#3832 = VECTOR('',#3833,1.);
#3833 = DIRECTION('',(-2.692686352073E-17,-0.242535625036,0.970142500145
    ));
#3834 = PLANE('',#3835);
#3835 = AXIS2_PLACEMENT_3D('',#3836,#3837,#3838);
#3836 = CARTESIAN_POINT('',(0.1,-5.08,3.911477598424));
#3837 = DIRECTION('',(-1.,1.110223024625E-16,0.));
#3838 = DIRECTION('',(0.,0.,1.));
#3839 = ADVANCED_FACE('',(#3840),#3851,.T.);
#3840 = FACE_BOUND('',#3841,.T.);
#3841 = EDGE_LOOP('',(#3842,#3848,#3849,#3850));
#3842 = ORIENTED_EDGE('',*,*,#3843,.F.);
#3843 = EDGE_CURVE('',#2386,#2410,#3844,.T.);
#3844 = LINE('',#3845,#3846);
#3845 = CARTESIAN_POINT('',(-0.1,-4.78,0.2));
#3846 = VECTOR('',#3847,1.);
#3847 = DIRECTION('',(1.,-1.110223024625E-16,0.));
#3848 = ORIENTED_EDGE('',*,*,#2393,.T.);
#3849 = ORIENTED_EDGE('',*,*,#2401,.T.);
#3850 = ORIENTED_EDGE('',*,*,#2409,.T.);
#3851 = PLANE('',#3852);
#3852 = AXIS2_PLACEMENT_3D('',#3853,#3854,#3855);
#3853 = CARTESIAN_POINT('',(-0.1,-5.38,0.2));
#3854 = DIRECTION('',(0.,-0.,-1.));
#3855 = DIRECTION('',(-1.110223024625E-16,-1.,0.));
#3856 = ADVANCED_FACE('',(#3857),#3898,.T.);
#3857 = FACE_BOUND('',#3858,.T.);
#3858 = EDGE_LOOP('',(#3859,#3867,#3868,#3876,#3884,#3892));
#3859 = ORIENTED_EDGE('',*,*,#3860,.T.);
#3860 = EDGE_CURVE('',#3861,#2378,#3863,.T.);
#3861 = VERTEX_POINT('',#3862);
#3862 = CARTESIAN_POINT('',(-0.1,-5.38,-2.5));
#3863 = LINE('',#3864,#3865);
#3864 = CARTESIAN_POINT('',(-0.1,-5.38,-2.5));
#3865 = VECTOR('',#3866,1.);
#3866 = DIRECTION('',(0.,0.,1.));
#3867 = ORIENTED_EDGE('',*,*,#2385,.F.);
#3868 = ORIENTED_EDGE('',*,*,#3869,.T.);
#3869 = EDGE_CURVE('',#2386,#3870,#3872,.T.);
#3870 = VERTEX_POINT('',#3871);
#3871 = CARTESIAN_POINT('',(-0.1,-4.78,-2.5));
#3872 = LINE('',#3873,#3874);
#3873 = CARTESIAN_POINT('',(-0.1,-4.78,0.2));
#3874 = VECTOR('',#3875,1.);
#3875 = DIRECTION('',(0.,0.,-1.));
#3876 = ORIENTED_EDGE('',*,*,#3877,.T.);
#3877 = EDGE_CURVE('',#3870,#3878,#3880,.T.);
#3878 = VERTEX_POINT('',#3879);
#3879 = CARTESIAN_POINT('',(-0.1,-4.93,-3.1));
#3880 = LINE('',#3881,#3882);
#3881 = CARTESIAN_POINT('',(-0.1,-4.78,-2.5));
#3882 = VECTOR('',#3883,1.);
#3883 = DIRECTION('',(-2.692686352073E-17,-0.242535625036,
    -0.970142500145));
#3884 = ORIENTED_EDGE('',*,*,#3885,.F.);
#3885 = EDGE_CURVE('',#3886,#3878,#3888,.T.);
#3886 = VERTEX_POINT('',#3887);
#3887 = CARTESIAN_POINT('',(-0.1,-5.23,-3.1));
#3888 = LINE('',#3889,#3890);
#3889 = CARTESIAN_POINT('',(-0.1,-5.23,-3.1));
#3890 = VECTOR('',#3891,1.);
#3891 = DIRECTION('',(1.110223024625E-16,1.,0.));
#3892 = ORIENTED_EDGE('',*,*,#3893,.T.);
#3893 = EDGE_CURVE('',#3886,#3861,#3894,.T.);
#3894 = LINE('',#3895,#3896);
#3895 = CARTESIAN_POINT('',(-0.1,-5.23,-3.1));
#3896 = VECTOR('',#3897,1.);
#3897 = DIRECTION('',(-2.692686352073E-17,-0.242535625036,0.970142500145
    ));
#3898 = PLANE('',#3899);
#3899 = AXIS2_PLACEMENT_3D('',#3900,#3901,#3902);
#3900 = CARTESIAN_POINT('',(-0.1,-5.08,3.911477598424));
#3901 = DIRECTION('',(-1.,1.110223024625E-16,0.));
#3902 = DIRECTION('',(0.,0.,1.));
#3903 = ADVANCED_FACE('',(#3904),#3915,.T.);
#3904 = FACE_BOUND('',#3905,.T.);
#3905 = EDGE_LOOP('',(#3906,#3907,#3908,#3914));
#3906 = ORIENTED_EDGE('',*,*,#2433,.F.);
#3907 = ORIENTED_EDGE('',*,*,#2443,.T.);
#3908 = ORIENTED_EDGE('',*,*,#3909,.T.);
#3909 = EDGE_CURVE('',#2444,#2484,#3910,.T.);
#3910 = LINE('',#3911,#3912);
#3911 = CARTESIAN_POINT('',(-0.1,-2.84,0.2));
#3912 = VECTOR('',#3913,1.);
#3913 = DIRECTION('',(1.,-1.110223024625E-16,0.));
#3914 = ORIENTED_EDGE('',*,*,#2491,.T.);
#3915 = PLANE('',#3916);
#3916 = AXIS2_PLACEMENT_3D('',#3917,#3918,#3919);
#3917 = CARTESIAN_POINT('',(-0.1,-2.84,0.2));
#3918 = DIRECTION('',(0.,-0.,-1.));
#3919 = DIRECTION('',(-1.110223024625E-16,-1.,0.));
#3920 = ADVANCED_FACE('',(#3921),#3962,.F.);
#3921 = FACE_BOUND('',#3922,.F.);
#3922 = EDGE_LOOP('',(#3923,#3931,#3932,#3940,#3948,#3956));
#3923 = ORIENTED_EDGE('',*,*,#3924,.T.);
#3924 = EDGE_CURVE('',#3925,#2484,#3927,.T.);
#3925 = VERTEX_POINT('',#3926);
#3926 = CARTESIAN_POINT('',(0.1,-2.84,-2.5));
#3927 = LINE('',#3928,#3929);
#3928 = CARTESIAN_POINT('',(0.1,-2.84,-2.5));
#3929 = VECTOR('',#3930,1.);
#3930 = DIRECTION('',(0.,0.,1.));
#3931 = ORIENTED_EDGE('',*,*,#2483,.F.);
#3932 = ORIENTED_EDGE('',*,*,#3933,.T.);
#3933 = EDGE_CURVE('',#2476,#3934,#3936,.T.);
#3934 = VERTEX_POINT('',#3935);
#3935 = CARTESIAN_POINT('',(0.1,-2.24,-2.5));
#3936 = LINE('',#3937,#3938);
#3937 = CARTESIAN_POINT('',(0.1,-2.24,0.2));
#3938 = VECTOR('',#3939,1.);
#3939 = DIRECTION('',(0.,0.,-1.));
#3940 = ORIENTED_EDGE('',*,*,#3941,.T.);
#3941 = EDGE_CURVE('',#3934,#3942,#3944,.T.);
#3942 = VERTEX_POINT('',#3943);
#3943 = CARTESIAN_POINT('',(0.1,-2.39,-3.1));
#3944 = LINE('',#3945,#3946);
#3945 = CARTESIAN_POINT('',(0.1,-2.24,-2.5));
#3946 = VECTOR('',#3947,1.);
#3947 = DIRECTION('',(-2.692686352073E-17,-0.242535625036,
    -0.970142500145));
#3948 = ORIENTED_EDGE('',*,*,#3949,.T.);
#3949 = EDGE_CURVE('',#3942,#3950,#3952,.T.);
#3950 = VERTEX_POINT('',#3951);
#3951 = CARTESIAN_POINT('',(0.1,-2.69,-3.1));
#3952 = LINE('',#3953,#3954);
#3953 = CARTESIAN_POINT('',(0.1,-2.39,-3.1));
#3954 = VECTOR('',#3955,1.);
#3955 = DIRECTION('',(-1.110223024625E-16,-1.,0.));
#3956 = ORIENTED_EDGE('',*,*,#3957,.T.);
#3957 = EDGE_CURVE('',#3950,#3925,#3958,.T.);
#3958 = LINE('',#3959,#3960);
#3959 = CARTESIAN_POINT('',(0.1,-2.69,-3.1));
#3960 = VECTOR('',#3961,1.);
#3961 = DIRECTION('',(-2.692686352073E-17,-0.242535625036,0.970142500145
    ));
#3962 = PLANE('',#3963);
#3963 = AXIS2_PLACEMENT_3D('',#3964,#3965,#3966);
#3964 = CARTESIAN_POINT('',(0.1,-2.54,3.911477598424));
#3965 = DIRECTION('',(-1.,1.110223024625E-16,0.));
#3966 = DIRECTION('',(0.,0.,1.));
#3967 = ADVANCED_FACE('',(#3968),#3979,.T.);
#3968 = FACE_BOUND('',#3969,.T.);
#3969 = EDGE_LOOP('',(#3970,#3976,#3977,#3978));
#3970 = ORIENTED_EDGE('',*,*,#3971,.F.);
#3971 = EDGE_CURVE('',#2452,#2476,#3972,.T.);
#3972 = LINE('',#3973,#3974);
#3973 = CARTESIAN_POINT('',(-0.1,-2.24,0.2));
#3974 = VECTOR('',#3975,1.);
#3975 = DIRECTION('',(1.,-1.110223024625E-16,0.));
#3976 = ORIENTED_EDGE('',*,*,#2459,.T.);
#3977 = ORIENTED_EDGE('',*,*,#2467,.T.);
#3978 = ORIENTED_EDGE('',*,*,#2475,.T.);
#3979 = PLANE('',#3980);
#3980 = AXIS2_PLACEMENT_3D('',#3981,#3982,#3983);
#3981 = CARTESIAN_POINT('',(-0.1,-2.84,0.2));
#3982 = DIRECTION('',(0.,-0.,-1.));
#3983 = DIRECTION('',(-1.110223024625E-16,-1.,0.));
#3984 = ADVANCED_FACE('',(#3985),#4026,.T.);
#3985 = FACE_BOUND('',#3986,.T.);
#3986 = EDGE_LOOP('',(#3987,#3995,#3996,#4004,#4012,#4020));
#3987 = ORIENTED_EDGE('',*,*,#3988,.T.);
#3988 = EDGE_CURVE('',#3989,#2444,#3991,.T.);
#3989 = VERTEX_POINT('',#3990);
#3990 = CARTESIAN_POINT('',(-0.1,-2.84,-2.5));
#3991 = LINE('',#3992,#3993);
#3992 = CARTESIAN_POINT('',(-0.1,-2.84,-2.5));
#3993 = VECTOR('',#3994,1.);
#3994 = DIRECTION('',(0.,0.,1.));
#3995 = ORIENTED_EDGE('',*,*,#2451,.F.);
#3996 = ORIENTED_EDGE('',*,*,#3997,.T.);
#3997 = EDGE_CURVE('',#2452,#3998,#4000,.T.);
#3998 = VERTEX_POINT('',#3999);
#3999 = CARTESIAN_POINT('',(-0.1,-2.24,-2.5));
#4000 = LINE('',#4001,#4002);
#4001 = CARTESIAN_POINT('',(-0.1,-2.24,0.2));
#4002 = VECTOR('',#4003,1.);
#4003 = DIRECTION('',(0.,0.,-1.));
#4004 = ORIENTED_EDGE('',*,*,#4005,.T.);
#4005 = EDGE_CURVE('',#3998,#4006,#4008,.T.);
#4006 = VERTEX_POINT('',#4007);
#4007 = CARTESIAN_POINT('',(-0.1,-2.39,-3.1));
#4008 = LINE('',#4009,#4010);
#4009 = CARTESIAN_POINT('',(-0.1,-2.24,-2.5));
#4010 = VECTOR('',#4011,1.);
#4011 = DIRECTION('',(-2.692686352073E-17,-0.242535625036,
    -0.970142500145));
#4012 = ORIENTED_EDGE('',*,*,#4013,.F.);
#4013 = EDGE_CURVE('',#4014,#4006,#4016,.T.);
#4014 = VERTEX_POINT('',#4015);
#4015 = CARTESIAN_POINT('',(-0.1,-2.69,-3.1));
#4016 = LINE('',#4017,#4018);
#4017 = CARTESIAN_POINT('',(-0.1,-2.69,-3.1));
#4018 = VECTOR('',#4019,1.);
#4019 = DIRECTION('',(1.110223024625E-16,1.,0.));
#4020 = ORIENTED_EDGE('',*,*,#4021,.T.);
#4021 = EDGE_CURVE('',#4014,#3989,#4022,.T.);
#4022 = LINE('',#4023,#4024);
#4023 = CARTESIAN_POINT('',(-0.1,-2.69,-3.1));
#4024 = VECTOR('',#4025,1.);
#4025 = DIRECTION('',(-2.692686352073E-17,-0.242535625036,0.970142500145
    ));
#4026 = PLANE('',#4027);
#4027 = AXIS2_PLACEMENT_3D('',#4028,#4029,#4030);
#4028 = CARTESIAN_POINT('',(-0.1,-2.54,3.911477598424));
#4029 = DIRECTION('',(-1.,1.110223024625E-16,0.));
#4030 = DIRECTION('',(0.,0.,1.));
#4031 = ADVANCED_FACE('',(#4032),#4043,.T.);
#4032 = FACE_BOUND('',#4033,.T.);
#4033 = EDGE_LOOP('',(#4034,#4035,#4036,#4042));
#4034 = ORIENTED_EDGE('',*,*,#2499,.F.);
#4035 = ORIENTED_EDGE('',*,*,#2509,.T.);
#4036 = ORIENTED_EDGE('',*,*,#4037,.T.);
#4037 = EDGE_CURVE('',#2510,#2550,#4038,.T.);
#4038 = LINE('',#4039,#4040);
#4039 = CARTESIAN_POINT('',(-0.1,-0.3,0.2));
#4040 = VECTOR('',#4041,1.);
#4041 = DIRECTION('',(1.,-1.110223024625E-16,0.));
#4042 = ORIENTED_EDGE('',*,*,#2557,.T.);
#4043 = PLANE('',#4044);
#4044 = AXIS2_PLACEMENT_3D('',#4045,#4046,#4047);
#4045 = CARTESIAN_POINT('',(-0.1,-0.3,0.2));
#4046 = DIRECTION('',(0.,-0.,-1.));
#4047 = DIRECTION('',(-1.110223024625E-16,-1.,0.));
#4048 = ADVANCED_FACE('',(#4049),#4090,.F.);
#4049 = FACE_BOUND('',#4050,.F.);
#4050 = EDGE_LOOP('',(#4051,#4059,#4060,#4068,#4076,#4084));
#4051 = ORIENTED_EDGE('',*,*,#4052,.T.);
#4052 = EDGE_CURVE('',#4053,#2550,#4055,.T.);
#4053 = VERTEX_POINT('',#4054);
#4054 = CARTESIAN_POINT('',(0.1,-0.3,-2.5));
#4055 = LINE('',#4056,#4057);
#4056 = CARTESIAN_POINT('',(0.1,-0.3,-2.5));
#4057 = VECTOR('',#4058,1.);
#4058 = DIRECTION('',(0.,0.,1.));
#4059 = ORIENTED_EDGE('',*,*,#2549,.F.);
#4060 = ORIENTED_EDGE('',*,*,#4061,.T.);
#4061 = EDGE_CURVE('',#2542,#4062,#4064,.T.);
#4062 = VERTEX_POINT('',#4063);
#4063 = CARTESIAN_POINT('',(0.1,0.3,-2.5));
#4064 = LINE('',#4065,#4066);
#4065 = CARTESIAN_POINT('',(0.1,0.3,0.2));
#4066 = VECTOR('',#4067,1.);
#4067 = DIRECTION('',(0.,0.,-1.));
#4068 = ORIENTED_EDGE('',*,*,#4069,.T.);
#4069 = EDGE_CURVE('',#4062,#4070,#4072,.T.);
#4070 = VERTEX_POINT('',#4071);
#4071 = CARTESIAN_POINT('',(0.1,0.15,-3.1));
#4072 = LINE('',#4073,#4074);
#4073 = CARTESIAN_POINT('',(0.1,0.3,-2.5));
#4074 = VECTOR('',#4075,1.);
#4075 = DIRECTION('',(-2.692686352073E-17,-0.242535625036,
    -0.970142500145));
#4076 = ORIENTED_EDGE('',*,*,#4077,.T.);
#4077 = EDGE_CURVE('',#4070,#4078,#4080,.T.);
#4078 = VERTEX_POINT('',#4079);
#4079 = CARTESIAN_POINT('',(0.1,-0.15,-3.1));
#4080 = LINE('',#4081,#4082);
#4081 = CARTESIAN_POINT('',(0.1,0.15,-3.1));
#4082 = VECTOR('',#4083,1.);
#4083 = DIRECTION('',(-1.110223024625E-16,-1.,0.));
#4084 = ORIENTED_EDGE('',*,*,#4085,.T.);
#4085 = EDGE_CURVE('',#4078,#4053,#4086,.T.);
#4086 = LINE('',#4087,#4088);
#4087 = CARTESIAN_POINT('',(0.1,-0.15,-3.1));
#4088 = VECTOR('',#4089,1.);
#4089 = DIRECTION('',(-2.692686352073E-17,-0.242535625036,0.970142500145
    ));
#4090 = PLANE('',#4091);
#4091 = AXIS2_PLACEMENT_3D('',#4092,#4093,#4094);
#4092 = CARTESIAN_POINT('',(0.1,-1.110223024625E-17,3.911477598424));
#4093 = DIRECTION('',(-1.,1.110223024625E-16,0.));
#4094 = DIRECTION('',(0.,0.,1.));
#4095 = ADVANCED_FACE('',(#4096),#4107,.T.);
#4096 = FACE_BOUND('',#4097,.T.);
#4097 = EDGE_LOOP('',(#4098,#4104,#4105,#4106));
#4098 = ORIENTED_EDGE('',*,*,#4099,.F.);
#4099 = EDGE_CURVE('',#2518,#2542,#4100,.T.);
#4100 = LINE('',#4101,#4102);
#4101 = CARTESIAN_POINT('',(-0.1,0.3,0.2));
#4102 = VECTOR('',#4103,1.);
#4103 = DIRECTION('',(1.,-1.110223024625E-16,0.));
#4104 = ORIENTED_EDGE('',*,*,#2525,.T.);
#4105 = ORIENTED_EDGE('',*,*,#2533,.T.);
#4106 = ORIENTED_EDGE('',*,*,#2541,.T.);
#4107 = PLANE('',#4108);
#4108 = AXIS2_PLACEMENT_3D('',#4109,#4110,#4111);
#4109 = CARTESIAN_POINT('',(-0.1,-0.3,0.2));
#4110 = DIRECTION('',(0.,-0.,-1.));
#4111 = DIRECTION('',(-1.110223024625E-16,-1.,0.));
#4112 = ADVANCED_FACE('',(#4113),#4154,.T.);
#4113 = FACE_BOUND('',#4114,.T.);
#4114 = EDGE_LOOP('',(#4115,#4123,#4124,#4132,#4140,#4148));
#4115 = ORIENTED_EDGE('',*,*,#4116,.T.);
#4116 = EDGE_CURVE('',#4117,#2510,#4119,.T.);
#4117 = VERTEX_POINT('',#4118);
#4118 = CARTESIAN_POINT('',(-0.1,-0.3,-2.5));
#4119 = LINE('',#4120,#4121);
#4120 = CARTESIAN_POINT('',(-0.1,-0.3,-2.5));
#4121 = VECTOR('',#4122,1.);
#4122 = DIRECTION('',(0.,0.,1.));
#4123 = ORIENTED_EDGE('',*,*,#2517,.F.);
#4124 = ORIENTED_EDGE('',*,*,#4125,.T.);
#4125 = EDGE_CURVE('',#2518,#4126,#4128,.T.);
#4126 = VERTEX_POINT('',#4127);
#4127 = CARTESIAN_POINT('',(-0.1,0.3,-2.5));
#4128 = LINE('',#4129,#4130);
#4129 = CARTESIAN_POINT('',(-0.1,0.3,0.2));
#4130 = VECTOR('',#4131,1.);
#4131 = DIRECTION('',(0.,0.,-1.));
#4132 = ORIENTED_EDGE('',*,*,#4133,.T.);
#4133 = EDGE_CURVE('',#4126,#4134,#4136,.T.);
#4134 = VERTEX_POINT('',#4135);
#4135 = CARTESIAN_POINT('',(-0.1,0.15,-3.1));
#4136 = LINE('',#4137,#4138);
#4137 = CARTESIAN_POINT('',(-0.1,0.3,-2.5));
#4138 = VECTOR('',#4139,1.);
#4139 = DIRECTION('',(-2.692686352073E-17,-0.242535625036,
    -0.970142500145));
#4140 = ORIENTED_EDGE('',*,*,#4141,.F.);
#4141 = EDGE_CURVE('',#4142,#4134,#4144,.T.);
#4142 = VERTEX_POINT('',#4143);
#4143 = CARTESIAN_POINT('',(-0.1,-0.15,-3.1));
#4144 = LINE('',#4145,#4146);
#4145 = CARTESIAN_POINT('',(-0.1,-0.15,-3.1));
#4146 = VECTOR('',#4147,1.);
#4147 = DIRECTION('',(1.110223024625E-16,1.,0.));
#4148 = ORIENTED_EDGE('',*,*,#4149,.T.);
#4149 = EDGE_CURVE('',#4142,#4117,#4150,.T.);
#4150 = LINE('',#4151,#4152);
#4151 = CARTESIAN_POINT('',(-0.1,-0.15,-3.1));
#4152 = VECTOR('',#4153,1.);
#4153 = DIRECTION('',(-2.692686352073E-17,-0.242535625036,0.970142500145
    ));
#4154 = PLANE('',#4155);
#4155 = AXIS2_PLACEMENT_3D('',#4156,#4157,#4158);
#4156 = CARTESIAN_POINT('',(-0.1,1.110223024625E-17,3.911477598424));
#4157 = DIRECTION('',(-1.,1.110223024625E-16,0.));
#4158 = DIRECTION('',(0.,0.,1.));
#4159 = ADVANCED_FACE('',(#4160),#4185,.F.);
#4160 = FACE_BOUND('',#4161,.F.);
#4161 = EDGE_LOOP('',(#4162,#4170,#4178,#4184));
#4162 = ORIENTED_EDGE('',*,*,#4163,.T.);
#4163 = EDGE_CURVE('',#2596,#4164,#4166,.T.);
#4164 = VERTEX_POINT('',#4165);
#4165 = CARTESIAN_POINT('',(0.3,-15.54,0.9));
#4166 = LINE('',#4167,#4168);
#4167 = CARTESIAN_POINT('',(0.3,-15.54,8.2));
#4168 = VECTOR('',#4169,1.);
#4169 = DIRECTION('',(0.,-0.,-1.));
#4170 = ORIENTED_EDGE('',*,*,#4171,.T.);
#4171 = EDGE_CURVE('',#4164,#4172,#4174,.T.);
#4172 = VERTEX_POINT('',#4173);
#4173 = CARTESIAN_POINT('',(0.3,-14.94,0.9));
#4174 = LINE('',#4175,#4176);
#4175 = CARTESIAN_POINT('',(0.3,-15.54,0.9));
#4176 = VECTOR('',#4177,1.);
#4177 = DIRECTION('',(1.110223024625E-16,1.,0.));
#4178 = ORIENTED_EDGE('',*,*,#4179,.F.);
#4179 = EDGE_CURVE('',#2605,#4172,#4180,.T.);
#4180 = LINE('',#4181,#4182);
#4181 = CARTESIAN_POINT('',(0.3,-14.94,8.2));
#4182 = VECTOR('',#4183,1.);
#4183 = DIRECTION('',(0.,-0.,-1.));
#4184 = ORIENTED_EDGE('',*,*,#2612,.F.);
#4185 = PLANE('',#4186);
#4186 = AXIS2_PLACEMENT_3D('',#4187,#4188,#4189);
#4187 = CARTESIAN_POINT('',(0.3,-15.54,8.2));
#4188 = DIRECTION('',(1.,-1.110223024625E-16,0.));
#4189 = DIRECTION('',(1.110223024625E-16,1.,0.));
#4190 = ADVANCED_FACE('',(#4191),#4241,.F.);
#4191 = FACE_BOUND('',#4192,.F.);
#4192 = EDGE_LOOP('',(#4193,#4194,#4195,#4203,#4211,#4219,#4227,#4235));
#4193 = ORIENTED_EDGE('',*,*,#2636,.F.);
#4194 = ORIENTED_EDGE('',*,*,#4179,.T.);
#4195 = ORIENTED_EDGE('',*,*,#4196,.T.);
#4196 = EDGE_CURVE('',#4172,#4197,#4199,.T.);
#4197 = VERTEX_POINT('',#4198);
#4198 = CARTESIAN_POINT('',(0.1,-14.94,0.9));
#4199 = LINE('',#4200,#4201);
#4200 = CARTESIAN_POINT('',(0.3,-14.94,0.9));
#4201 = VECTOR('',#4202,1.);
#4202 = DIRECTION('',(-1.,1.110223024625E-16,0.));
#4203 = ORIENTED_EDGE('',*,*,#4204,.T.);
#4204 = EDGE_CURVE('',#4197,#4205,#4207,.T.);
#4205 = VERTEX_POINT('',#4206);
#4206 = CARTESIAN_POINT('',(0.1,-14.94,7.4));
#4207 = LINE('',#4208,#4209);
#4208 = CARTESIAN_POINT('',(0.1,-14.94,6.055738799212));
#4209 = VECTOR('',#4210,1.);
#4210 = DIRECTION('',(0.,-0.,1.));
#4211 = ORIENTED_EDGE('',*,*,#4212,.F.);
#4212 = EDGE_CURVE('',#4213,#4205,#4215,.T.);
#4213 = VERTEX_POINT('',#4214);
#4214 = CARTESIAN_POINT('',(-0.1,-14.94,7.4));
#4215 = LINE('',#4216,#4217);
#4216 = CARTESIAN_POINT('',(-0.1,-14.94,7.4));
#4217 = VECTOR('',#4218,1.);
#4218 = DIRECTION('',(1.,-1.110223024625E-16,0.));
#4219 = ORIENTED_EDGE('',*,*,#4220,.F.);
#4220 = EDGE_CURVE('',#4221,#4213,#4223,.T.);
#4221 = VERTEX_POINT('',#4222);
#4222 = CARTESIAN_POINT('',(-0.1,-14.94,0.9));
#4223 = LINE('',#4224,#4225);
#4224 = CARTESIAN_POINT('',(-0.1,-14.94,6.055738799212));
#4225 = VECTOR('',#4226,1.);
#4226 = DIRECTION('',(0.,-0.,1.));
#4227 = ORIENTED_EDGE('',*,*,#4228,.T.);
#4228 = EDGE_CURVE('',#4221,#4229,#4231,.T.);
#4229 = VERTEX_POINT('',#4230);
#4230 = CARTESIAN_POINT('',(-0.3,-14.94,0.9));
#4231 = LINE('',#4232,#4233);
#4232 = CARTESIAN_POINT('',(0.3,-14.94,0.9));
#4233 = VECTOR('',#4234,1.);
#4234 = DIRECTION('',(-1.,1.110223024625E-16,0.));
#4235 = ORIENTED_EDGE('',*,*,#4236,.F.);
#4236 = EDGE_CURVE('',#2629,#4229,#4237,.T.);
#4237 = LINE('',#4238,#4239);
#4238 = CARTESIAN_POINT('',(-0.3,-14.94,8.2));
#4239 = VECTOR('',#4240,1.);
#4240 = DIRECTION('',(0.,-0.,-1.));
#4241 = PLANE('',#4242);
#4242 = AXIS2_PLACEMENT_3D('',#4243,#4244,#4245);
#4243 = CARTESIAN_POINT('',(0.3,-14.94,8.2));
#4244 = DIRECTION('',(1.110223024625E-16,1.,0.));
#4245 = DIRECTION('',(-1.,1.110223024625E-16,0.));
#4246 = ADVANCED_FACE('',(#4247),#4265,.F.);
#4247 = FACE_BOUND('',#4248,.F.);
#4248 = EDGE_LOOP('',(#4249,#4250,#4258,#4264));
#4249 = ORIENTED_EDGE('',*,*,#4236,.T.);
#4250 = ORIENTED_EDGE('',*,*,#4251,.T.);
#4251 = EDGE_CURVE('',#4229,#4252,#4254,.T.);
#4252 = VERTEX_POINT('',#4253);
#4253 = CARTESIAN_POINT('',(-0.3,-15.54,0.9));
#4254 = LINE('',#4255,#4256);
#4255 = CARTESIAN_POINT('',(-0.3,-14.94,0.9));
#4256 = VECTOR('',#4257,1.);
#4257 = DIRECTION('',(-1.110223024625E-16,-1.,0.));
#4258 = ORIENTED_EDGE('',*,*,#4259,.F.);
#4259 = EDGE_CURVE('',#2653,#4252,#4260,.T.);
#4260 = LINE('',#4261,#4262);
#4261 = CARTESIAN_POINT('',(-0.3,-15.54,8.2));
#4262 = VECTOR('',#4263,1.);
#4263 = DIRECTION('',(0.,-0.,-1.));
#4264 = ORIENTED_EDGE('',*,*,#2660,.F.);
#4265 = PLANE('',#4266);
#4266 = AXIS2_PLACEMENT_3D('',#4267,#4268,#4269);
#4267 = CARTESIAN_POINT('',(-0.3,-14.94,8.2));
#4268 = DIRECTION('',(-1.,1.110223024625E-16,0.));
#4269 = DIRECTION('',(-1.110223024625E-16,-1.,0.));
#4270 = ADVANCED_FACE('',(#4271),#4314,.F.);
#4271 = FACE_BOUND('',#4272,.F.);
#4272 = EDGE_LOOP('',(#4273,#4274,#4275,#4283,#4291,#4299,#4307,#4313));
#4273 = ORIENTED_EDGE('',*,*,#2677,.F.);
#4274 = ORIENTED_EDGE('',*,*,#4259,.T.);
#4275 = ORIENTED_EDGE('',*,*,#4276,.T.);
#4276 = EDGE_CURVE('',#4252,#4277,#4279,.T.);
#4277 = VERTEX_POINT('',#4278);
#4278 = CARTESIAN_POINT('',(-0.1,-15.54,0.9));
#4279 = LINE('',#4280,#4281);
#4280 = CARTESIAN_POINT('',(-0.3,-15.54,0.9));
#4281 = VECTOR('',#4282,1.);
#4282 = DIRECTION('',(1.,-1.110223024625E-16,0.));
#4283 = ORIENTED_EDGE('',*,*,#4284,.F.);
#4284 = EDGE_CURVE('',#4285,#4277,#4287,.T.);
#4285 = VERTEX_POINT('',#4286);
#4286 = CARTESIAN_POINT('',(-0.1,-15.54,7.4));
#4287 = LINE('',#4288,#4289);
#4288 = CARTESIAN_POINT('',(-0.1,-15.54,6.055738799212));
#4289 = VECTOR('',#4290,1.);
#4290 = DIRECTION('',(-0.,0.,-1.));
#4291 = ORIENTED_EDGE('',*,*,#4292,.T.);
#4292 = EDGE_CURVE('',#4285,#4293,#4295,.T.);
#4293 = VERTEX_POINT('',#4294);
#4294 = CARTESIAN_POINT('',(0.1,-15.54,7.4));
#4295 = LINE('',#4296,#4297);
#4296 = CARTESIAN_POINT('',(-0.1,-15.54,7.4));
#4297 = VECTOR('',#4298,1.);
#4298 = DIRECTION('',(1.,-1.110223024625E-16,0.));
#4299 = ORIENTED_EDGE('',*,*,#4300,.T.);
#4300 = EDGE_CURVE('',#4293,#4301,#4303,.T.);
#4301 = VERTEX_POINT('',#4302);
#4302 = CARTESIAN_POINT('',(0.1,-15.54,0.9));
#4303 = LINE('',#4304,#4305);
#4304 = CARTESIAN_POINT('',(0.1,-15.54,6.055738799212));
#4305 = VECTOR('',#4306,1.);
#4306 = DIRECTION('',(-0.,0.,-1.));
#4307 = ORIENTED_EDGE('',*,*,#4308,.T.);
#4308 = EDGE_CURVE('',#4301,#4164,#4309,.T.);
#4309 = LINE('',#4310,#4311);
#4310 = CARTESIAN_POINT('',(-0.3,-15.54,0.9));
#4311 = VECTOR('',#4312,1.);
#4312 = DIRECTION('',(1.,-1.110223024625E-16,0.));
#4313 = ORIENTED_EDGE('',*,*,#4163,.F.);
#4314 = PLANE('',#4315);
#4315 = AXIS2_PLACEMENT_3D('',#4316,#4317,#4318);
#4316 = CARTESIAN_POINT('',(-0.3,-15.54,8.2));
#4317 = DIRECTION('',(-1.110223024625E-16,-1.,0.));
#4318 = DIRECTION('',(1.,-1.110223024625E-16,0.));
#4319 = ADVANCED_FACE('',(#4320),#4345,.F.);
#4320 = FACE_BOUND('',#4321,.F.);
#4321 = EDGE_LOOP('',(#4322,#4330,#4338,#4344));
#4322 = ORIENTED_EDGE('',*,*,#4323,.T.);
#4323 = EDGE_CURVE('',#2692,#4324,#4326,.T.);
#4324 = VERTEX_POINT('',#4325);
#4325 = CARTESIAN_POINT('',(0.3,-13.,0.9));
#4326 = LINE('',#4327,#4328);
#4327 = CARTESIAN_POINT('',(0.3,-13.,8.2));
#4328 = VECTOR('',#4329,1.);
#4329 = DIRECTION('',(0.,-0.,-1.));
#4330 = ORIENTED_EDGE('',*,*,#4331,.T.);
#4331 = EDGE_CURVE('',#4324,#4332,#4334,.T.);
#4332 = VERTEX_POINT('',#4333);
#4333 = CARTESIAN_POINT('',(0.3,-12.4,0.9));
#4334 = LINE('',#4335,#4336);
#4335 = CARTESIAN_POINT('',(0.3,-13.,0.9));
#4336 = VECTOR('',#4337,1.);
#4337 = DIRECTION('',(1.110223024625E-16,1.,0.));
#4338 = ORIENTED_EDGE('',*,*,#4339,.F.);
#4339 = EDGE_CURVE('',#2701,#4332,#4340,.T.);
#4340 = LINE('',#4341,#4342);
#4341 = CARTESIAN_POINT('',(0.3,-12.4,8.2));
#4342 = VECTOR('',#4343,1.);
#4343 = DIRECTION('',(0.,-0.,-1.));
#4344 = ORIENTED_EDGE('',*,*,#2708,.F.);
#4345 = PLANE('',#4346);
#4346 = AXIS2_PLACEMENT_3D('',#4347,#4348,#4349);
#4347 = CARTESIAN_POINT('',(0.3,-13.,8.2));
#4348 = DIRECTION('',(1.,-1.110223024625E-16,0.));
#4349 = DIRECTION('',(1.110223024625E-16,1.,0.));
#4350 = ADVANCED_FACE('',(#4351),#4401,.F.);
#4351 = FACE_BOUND('',#4352,.F.);
#4352 = EDGE_LOOP('',(#4353,#4354,#4355,#4363,#4371,#4379,#4387,#4395));
#4353 = ORIENTED_EDGE('',*,*,#2732,.F.);
#4354 = ORIENTED_EDGE('',*,*,#4339,.T.);
#4355 = ORIENTED_EDGE('',*,*,#4356,.T.);
#4356 = EDGE_CURVE('',#4332,#4357,#4359,.T.);
#4357 = VERTEX_POINT('',#4358);
#4358 = CARTESIAN_POINT('',(0.1,-12.4,0.9));
#4359 = LINE('',#4360,#4361);
#4360 = CARTESIAN_POINT('',(0.3,-12.4,0.9));
#4361 = VECTOR('',#4362,1.);
#4362 = DIRECTION('',(-1.,1.110223024625E-16,0.));
#4363 = ORIENTED_EDGE('',*,*,#4364,.T.);
#4364 = EDGE_CURVE('',#4357,#4365,#4367,.T.);
#4365 = VERTEX_POINT('',#4366);
#4366 = CARTESIAN_POINT('',(0.1,-12.4,7.4));
#4367 = LINE('',#4368,#4369);
#4368 = CARTESIAN_POINT('',(0.1,-12.4,6.055738799212));
#4369 = VECTOR('',#4370,1.);
#4370 = DIRECTION('',(0.,-0.,1.));
#4371 = ORIENTED_EDGE('',*,*,#4372,.F.);
#4372 = EDGE_CURVE('',#4373,#4365,#4375,.T.);
#4373 = VERTEX_POINT('',#4374);
#4374 = CARTESIAN_POINT('',(-0.1,-12.4,7.4));
#4375 = LINE('',#4376,#4377);
#4376 = CARTESIAN_POINT('',(-0.1,-12.4,7.4));
#4377 = VECTOR('',#4378,1.);
#4378 = DIRECTION('',(1.,-1.110223024625E-16,0.));
#4379 = ORIENTED_EDGE('',*,*,#4380,.F.);
#4380 = EDGE_CURVE('',#4381,#4373,#4383,.T.);
#4381 = VERTEX_POINT('',#4382);
#4382 = CARTESIAN_POINT('',(-0.1,-12.4,0.9));
#4383 = LINE('',#4384,#4385);
#4384 = CARTESIAN_POINT('',(-0.1,-12.4,6.055738799212));
#4385 = VECTOR('',#4386,1.);
#4386 = DIRECTION('',(0.,-0.,1.));
#4387 = ORIENTED_EDGE('',*,*,#4388,.T.);
#4388 = EDGE_CURVE('',#4381,#4389,#4391,.T.);
#4389 = VERTEX_POINT('',#4390);
#4390 = CARTESIAN_POINT('',(-0.3,-12.4,0.9));
#4391 = LINE('',#4392,#4393);
#4392 = CARTESIAN_POINT('',(0.3,-12.4,0.9));
#4393 = VECTOR('',#4394,1.);
#4394 = DIRECTION('',(-1.,1.110223024625E-16,0.));
#4395 = ORIENTED_EDGE('',*,*,#4396,.F.);
#4396 = EDGE_CURVE('',#2725,#4389,#4397,.T.);
#4397 = LINE('',#4398,#4399);
#4398 = CARTESIAN_POINT('',(-0.3,-12.4,8.2));
#4399 = VECTOR('',#4400,1.);
#4400 = DIRECTION('',(0.,-0.,-1.));
#4401 = PLANE('',#4402);
#4402 = AXIS2_PLACEMENT_3D('',#4403,#4404,#4405);
#4403 = CARTESIAN_POINT('',(0.3,-12.4,8.2));
#4404 = DIRECTION('',(1.110223024625E-16,1.,0.));
#4405 = DIRECTION('',(-1.,1.110223024625E-16,0.));
#4406 = ADVANCED_FACE('',(#4407),#4425,.F.);
#4407 = FACE_BOUND('',#4408,.F.);
#4408 = EDGE_LOOP('',(#4409,#4410,#4418,#4424));
#4409 = ORIENTED_EDGE('',*,*,#4396,.T.);
#4410 = ORIENTED_EDGE('',*,*,#4411,.T.);
#4411 = EDGE_CURVE('',#4389,#4412,#4414,.T.);
#4412 = VERTEX_POINT('',#4413);
#4413 = CARTESIAN_POINT('',(-0.3,-13.,0.9));
#4414 = LINE('',#4415,#4416);
#4415 = CARTESIAN_POINT('',(-0.3,-12.4,0.9));
#4416 = VECTOR('',#4417,1.);
#4417 = DIRECTION('',(-1.110223024625E-16,-1.,0.));
#4418 = ORIENTED_EDGE('',*,*,#4419,.F.);
#4419 = EDGE_CURVE('',#2749,#4412,#4420,.T.);
#4420 = LINE('',#4421,#4422);
#4421 = CARTESIAN_POINT('',(-0.3,-13.,8.2));
#4422 = VECTOR('',#4423,1.);
#4423 = DIRECTION('',(0.,-0.,-1.));
#4424 = ORIENTED_EDGE('',*,*,#2756,.F.);
#4425 = PLANE('',#4426);
#4426 = AXIS2_PLACEMENT_3D('',#4427,#4428,#4429);
#4427 = CARTESIAN_POINT('',(-0.3,-12.4,8.2));
#4428 = DIRECTION('',(-1.,1.110223024625E-16,0.));
#4429 = DIRECTION('',(-1.110223024625E-16,-1.,0.));
#4430 = ADVANCED_FACE('',(#4431),#4474,.F.);
#4431 = FACE_BOUND('',#4432,.F.);
#4432 = EDGE_LOOP('',(#4433,#4434,#4435,#4443,#4451,#4459,#4467,#4473));
#4433 = ORIENTED_EDGE('',*,*,#2773,.F.);
#4434 = ORIENTED_EDGE('',*,*,#4419,.T.);
#4435 = ORIENTED_EDGE('',*,*,#4436,.T.);
#4436 = EDGE_CURVE('',#4412,#4437,#4439,.T.);
#4437 = VERTEX_POINT('',#4438);
#4438 = CARTESIAN_POINT('',(-0.1,-13.,0.9));
#4439 = LINE('',#4440,#4441);
#4440 = CARTESIAN_POINT('',(-0.3,-13.,0.9));
#4441 = VECTOR('',#4442,1.);
#4442 = DIRECTION('',(1.,-1.110223024625E-16,0.));
#4443 = ORIENTED_EDGE('',*,*,#4444,.F.);
#4444 = EDGE_CURVE('',#4445,#4437,#4447,.T.);
#4445 = VERTEX_POINT('',#4446);
#4446 = CARTESIAN_POINT('',(-0.1,-13.,7.4));
#4447 = LINE('',#4448,#4449);
#4448 = CARTESIAN_POINT('',(-0.1,-13.,6.055738799212));
#4449 = VECTOR('',#4450,1.);
#4450 = DIRECTION('',(-0.,0.,-1.));
#4451 = ORIENTED_EDGE('',*,*,#4452,.T.);
#4452 = EDGE_CURVE('',#4445,#4453,#4455,.T.);
#4453 = VERTEX_POINT('',#4454);
#4454 = CARTESIAN_POINT('',(0.1,-13.,7.4));
#4455 = LINE('',#4456,#4457);
#4456 = CARTESIAN_POINT('',(-0.1,-13.,7.4));
#4457 = VECTOR('',#4458,1.);
#4458 = DIRECTION('',(1.,-1.110223024625E-16,0.));
#4459 = ORIENTED_EDGE('',*,*,#4460,.T.);
#4460 = EDGE_CURVE('',#4453,#4461,#4463,.T.);
#4461 = VERTEX_POINT('',#4462);
#4462 = CARTESIAN_POINT('',(0.1,-13.,0.9));
#4463 = LINE('',#4464,#4465);
#4464 = CARTESIAN_POINT('',(0.1,-13.,6.055738799212));
#4465 = VECTOR('',#4466,1.);
#4466 = DIRECTION('',(-0.,0.,-1.));
#4467 = ORIENTED_EDGE('',*,*,#4468,.T.);
#4468 = EDGE_CURVE('',#4461,#4324,#4469,.T.);
#4469 = LINE('',#4470,#4471);
#4470 = CARTESIAN_POINT('',(-0.3,-13.,0.9));
#4471 = VECTOR('',#4472,1.);
#4472 = DIRECTION('',(1.,-1.110223024625E-16,0.));
#4473 = ORIENTED_EDGE('',*,*,#4323,.F.);
#4474 = PLANE('',#4475);
#4475 = AXIS2_PLACEMENT_3D('',#4476,#4477,#4478);
#4476 = CARTESIAN_POINT('',(-0.3,-13.,8.2));
#4477 = DIRECTION('',(-1.110223024625E-16,-1.,0.));
#4478 = DIRECTION('',(1.,-1.110223024625E-16,0.));
#4479 = ADVANCED_FACE('',(#4480),#4505,.F.);
#4480 = FACE_BOUND('',#4481,.F.);
#4481 = EDGE_LOOP('',(#4482,#4490,#4498,#4504));
#4482 = ORIENTED_EDGE('',*,*,#4483,.T.);
#4483 = EDGE_CURVE('',#2788,#4484,#4486,.T.);
#4484 = VERTEX_POINT('',#4485);
#4485 = CARTESIAN_POINT('',(0.3,-10.46,0.9));
#4486 = LINE('',#4487,#4488);
#4487 = CARTESIAN_POINT('',(0.3,-10.46,8.2));
#4488 = VECTOR('',#4489,1.);
#4489 = DIRECTION('',(0.,-0.,-1.));
#4490 = ORIENTED_EDGE('',*,*,#4491,.T.);
#4491 = EDGE_CURVE('',#4484,#4492,#4494,.T.);
#4492 = VERTEX_POINT('',#4493);
#4493 = CARTESIAN_POINT('',(0.3,-9.86,0.9));
#4494 = LINE('',#4495,#4496);
#4495 = CARTESIAN_POINT('',(0.3,-10.46,0.9));
#4496 = VECTOR('',#4497,1.);
#4497 = DIRECTION('',(1.110223024625E-16,1.,0.));
#4498 = ORIENTED_EDGE('',*,*,#4499,.F.);
#4499 = EDGE_CURVE('',#2797,#4492,#4500,.T.);
#4500 = LINE('',#4501,#4502);
#4501 = CARTESIAN_POINT('',(0.3,-9.86,8.2));
#4502 = VECTOR('',#4503,1.);
#4503 = DIRECTION('',(0.,-0.,-1.));
#4504 = ORIENTED_EDGE('',*,*,#2804,.F.);
#4505 = PLANE('',#4506);
#4506 = AXIS2_PLACEMENT_3D('',#4507,#4508,#4509);
#4507 = CARTESIAN_POINT('',(0.3,-10.46,8.2));
#4508 = DIRECTION('',(1.,-1.110223024625E-16,0.));
#4509 = DIRECTION('',(1.110223024625E-16,1.,0.));
#4510 = ADVANCED_FACE('',(#4511),#4561,.F.);
#4511 = FACE_BOUND('',#4512,.F.);
#4512 = EDGE_LOOP('',(#4513,#4514,#4515,#4523,#4531,#4539,#4547,#4555));
#4513 = ORIENTED_EDGE('',*,*,#2828,.F.);
#4514 = ORIENTED_EDGE('',*,*,#4499,.T.);
#4515 = ORIENTED_EDGE('',*,*,#4516,.T.);
#4516 = EDGE_CURVE('',#4492,#4517,#4519,.T.);
#4517 = VERTEX_POINT('',#4518);
#4518 = CARTESIAN_POINT('',(0.1,-9.86,0.9));
#4519 = LINE('',#4520,#4521);
#4520 = CARTESIAN_POINT('',(0.3,-9.86,0.9));
#4521 = VECTOR('',#4522,1.);
#4522 = DIRECTION('',(-1.,1.110223024625E-16,0.));
#4523 = ORIENTED_EDGE('',*,*,#4524,.T.);
#4524 = EDGE_CURVE('',#4517,#4525,#4527,.T.);
#4525 = VERTEX_POINT('',#4526);
#4526 = CARTESIAN_POINT('',(0.1,-9.86,7.4));
#4527 = LINE('',#4528,#4529);
#4528 = CARTESIAN_POINT('',(0.1,-9.86,6.055738799212));
#4529 = VECTOR('',#4530,1.);
#4530 = DIRECTION('',(0.,-0.,1.));
#4531 = ORIENTED_EDGE('',*,*,#4532,.F.);
#4532 = EDGE_CURVE('',#4533,#4525,#4535,.T.);
#4533 = VERTEX_POINT('',#4534);
#4534 = CARTESIAN_POINT('',(-0.1,-9.86,7.4));
#4535 = LINE('',#4536,#4537);
#4536 = CARTESIAN_POINT('',(-0.1,-9.86,7.4));
#4537 = VECTOR('',#4538,1.);
#4538 = DIRECTION('',(1.,-1.110223024625E-16,0.));
#4539 = ORIENTED_EDGE('',*,*,#4540,.F.);
#4540 = EDGE_CURVE('',#4541,#4533,#4543,.T.);
#4541 = VERTEX_POINT('',#4542);
#4542 = CARTESIAN_POINT('',(-0.1,-9.86,0.9));
#4543 = LINE('',#4544,#4545);
#4544 = CARTESIAN_POINT('',(-0.1,-9.86,6.055738799212));
#4545 = VECTOR('',#4546,1.);
#4546 = DIRECTION('',(0.,-0.,1.));
#4547 = ORIENTED_EDGE('',*,*,#4548,.T.);
#4548 = EDGE_CURVE('',#4541,#4549,#4551,.T.);
#4549 = VERTEX_POINT('',#4550);
#4550 = CARTESIAN_POINT('',(-0.3,-9.86,0.9));
#4551 = LINE('',#4552,#4553);
#4552 = CARTESIAN_POINT('',(0.3,-9.86,0.9));
#4553 = VECTOR('',#4554,1.);
#4554 = DIRECTION('',(-1.,1.110223024625E-16,0.));
#4555 = ORIENTED_EDGE('',*,*,#4556,.F.);
#4556 = EDGE_CURVE('',#2821,#4549,#4557,.T.);
#4557 = LINE('',#4558,#4559);
#4558 = CARTESIAN_POINT('',(-0.3,-9.86,8.2));
#4559 = VECTOR('',#4560,1.);
#4560 = DIRECTION('',(0.,-0.,-1.));
#4561 = PLANE('',#4562);
#4562 = AXIS2_PLACEMENT_3D('',#4563,#4564,#4565);
#4563 = CARTESIAN_POINT('',(0.3,-9.86,8.2));
#4564 = DIRECTION('',(1.110223024625E-16,1.,0.));
#4565 = DIRECTION('',(-1.,1.110223024625E-16,0.));
#4566 = ADVANCED_FACE('',(#4567),#4585,.F.);
#4567 = FACE_BOUND('',#4568,.F.);
#4568 = EDGE_LOOP('',(#4569,#4570,#4578,#4584));
#4569 = ORIENTED_EDGE('',*,*,#4556,.T.);
#4570 = ORIENTED_EDGE('',*,*,#4571,.T.);
#4571 = EDGE_CURVE('',#4549,#4572,#4574,.T.);
#4572 = VERTEX_POINT('',#4573);
#4573 = CARTESIAN_POINT('',(-0.3,-10.46,0.9));
#4574 = LINE('',#4575,#4576);
#4575 = CARTESIAN_POINT('',(-0.3,-9.86,0.9));
#4576 = VECTOR('',#4577,1.);
#4577 = DIRECTION('',(-1.110223024625E-16,-1.,0.));
#4578 = ORIENTED_EDGE('',*,*,#4579,.F.);
#4579 = EDGE_CURVE('',#2845,#4572,#4580,.T.);
#4580 = LINE('',#4581,#4582);
#4581 = CARTESIAN_POINT('',(-0.3,-10.46,8.2));
#4582 = VECTOR('',#4583,1.);
#4583 = DIRECTION('',(0.,-0.,-1.));
#4584 = ORIENTED_EDGE('',*,*,#2852,.F.);
#4585 = PLANE('',#4586);
#4586 = AXIS2_PLACEMENT_3D('',#4587,#4588,#4589);
#4587 = CARTESIAN_POINT('',(-0.3,-9.86,8.2));
#4588 = DIRECTION('',(-1.,1.110223024625E-16,0.));
#4589 = DIRECTION('',(-1.110223024625E-16,-1.,0.));
#4590 = ADVANCED_FACE('',(#4591),#4634,.F.);
#4591 = FACE_BOUND('',#4592,.F.);
#4592 = EDGE_LOOP('',(#4593,#4594,#4595,#4603,#4611,#4619,#4627,#4633));
#4593 = ORIENTED_EDGE('',*,*,#2869,.F.);
#4594 = ORIENTED_EDGE('',*,*,#4579,.T.);
#4595 = ORIENTED_EDGE('',*,*,#4596,.T.);
#4596 = EDGE_CURVE('',#4572,#4597,#4599,.T.);
#4597 = VERTEX_POINT('',#4598);
#4598 = CARTESIAN_POINT('',(-0.1,-10.46,0.9));
#4599 = LINE('',#4600,#4601);
#4600 = CARTESIAN_POINT('',(-0.3,-10.46,0.9));
#4601 = VECTOR('',#4602,1.);
#4602 = DIRECTION('',(1.,-1.110223024625E-16,0.));
#4603 = ORIENTED_EDGE('',*,*,#4604,.F.);
#4604 = EDGE_CURVE('',#4605,#4597,#4607,.T.);
#4605 = VERTEX_POINT('',#4606);
#4606 = CARTESIAN_POINT('',(-0.1,-10.46,7.4));
#4607 = LINE('',#4608,#4609);
#4608 = CARTESIAN_POINT('',(-0.1,-10.46,6.055738799212));
#4609 = VECTOR('',#4610,1.);
#4610 = DIRECTION('',(-0.,0.,-1.));
#4611 = ORIENTED_EDGE('',*,*,#4612,.T.);
#4612 = EDGE_CURVE('',#4605,#4613,#4615,.T.);
#4613 = VERTEX_POINT('',#4614);
#4614 = CARTESIAN_POINT('',(0.1,-10.46,7.4));
#4615 = LINE('',#4616,#4617);
#4616 = CARTESIAN_POINT('',(-0.1,-10.46,7.4));
#4617 = VECTOR('',#4618,1.);
#4618 = DIRECTION('',(1.,-1.110223024625E-16,0.));
#4619 = ORIENTED_EDGE('',*,*,#4620,.T.);
#4620 = EDGE_CURVE('',#4613,#4621,#4623,.T.);
#4621 = VERTEX_POINT('',#4622);
#4622 = CARTESIAN_POINT('',(0.1,-10.46,0.9));
#4623 = LINE('',#4624,#4625);
#4624 = CARTESIAN_POINT('',(0.1,-10.46,6.055738799212));
#4625 = VECTOR('',#4626,1.);
#4626 = DIRECTION('',(-0.,0.,-1.));
#4627 = ORIENTED_EDGE('',*,*,#4628,.T.);
#4628 = EDGE_CURVE('',#4621,#4484,#4629,.T.);
#4629 = LINE('',#4630,#4631);
#4630 = CARTESIAN_POINT('',(-0.3,-10.46,0.9));
#4631 = VECTOR('',#4632,1.);
#4632 = DIRECTION('',(1.,-1.110223024625E-16,0.));
#4633 = ORIENTED_EDGE('',*,*,#4483,.F.);
#4634 = PLANE('',#4635);
#4635 = AXIS2_PLACEMENT_3D('',#4636,#4637,#4638);
#4636 = CARTESIAN_POINT('',(-0.3,-10.46,8.2));
#4637 = DIRECTION('',(-1.110223024625E-16,-1.,0.));
#4638 = DIRECTION('',(1.,-1.110223024625E-16,0.));
#4639 = ADVANCED_FACE('',(#4640),#4665,.F.);
#4640 = FACE_BOUND('',#4641,.F.);
#4641 = EDGE_LOOP('',(#4642,#4650,#4658,#4664));
#4642 = ORIENTED_EDGE('',*,*,#4643,.T.);
#4643 = EDGE_CURVE('',#2884,#4644,#4646,.T.);
#4644 = VERTEX_POINT('',#4645);
#4645 = CARTESIAN_POINT('',(0.3,-7.92,0.9));
#4646 = LINE('',#4647,#4648);
#4647 = CARTESIAN_POINT('',(0.3,-7.92,8.2));
#4648 = VECTOR('',#4649,1.);
#4649 = DIRECTION('',(0.,-0.,-1.));
#4650 = ORIENTED_EDGE('',*,*,#4651,.T.);
#4651 = EDGE_CURVE('',#4644,#4652,#4654,.T.);
#4652 = VERTEX_POINT('',#4653);
#4653 = CARTESIAN_POINT('',(0.3,-7.32,0.9));
#4654 = LINE('',#4655,#4656);
#4655 = CARTESIAN_POINT('',(0.3,-7.92,0.9));
#4656 = VECTOR('',#4657,1.);
#4657 = DIRECTION('',(1.110223024625E-16,1.,0.));
#4658 = ORIENTED_EDGE('',*,*,#4659,.F.);
#4659 = EDGE_CURVE('',#2893,#4652,#4660,.T.);
#4660 = LINE('',#4661,#4662);
#4661 = CARTESIAN_POINT('',(0.3,-7.32,8.2));
#4662 = VECTOR('',#4663,1.);
#4663 = DIRECTION('',(0.,-0.,-1.));
#4664 = ORIENTED_EDGE('',*,*,#2900,.F.);
#4665 = PLANE('',#4666);
#4666 = AXIS2_PLACEMENT_3D('',#4667,#4668,#4669);
#4667 = CARTESIAN_POINT('',(0.3,-7.92,8.2));
#4668 = DIRECTION('',(1.,-1.110223024625E-16,0.));
#4669 = DIRECTION('',(1.110223024625E-16,1.,0.));
#4670 = ADVANCED_FACE('',(#4671),#4721,.F.);
#4671 = FACE_BOUND('',#4672,.F.);
#4672 = EDGE_LOOP('',(#4673,#4674,#4675,#4683,#4691,#4699,#4707,#4715));
#4673 = ORIENTED_EDGE('',*,*,#2924,.F.);
#4674 = ORIENTED_EDGE('',*,*,#4659,.T.);
#4675 = ORIENTED_EDGE('',*,*,#4676,.T.);
#4676 = EDGE_CURVE('',#4652,#4677,#4679,.T.);
#4677 = VERTEX_POINT('',#4678);
#4678 = CARTESIAN_POINT('',(0.1,-7.32,0.9));
#4679 = LINE('',#4680,#4681);
#4680 = CARTESIAN_POINT('',(0.3,-7.32,0.9));
#4681 = VECTOR('',#4682,1.);
#4682 = DIRECTION('',(-1.,1.110223024625E-16,0.));
#4683 = ORIENTED_EDGE('',*,*,#4684,.T.);
#4684 = EDGE_CURVE('',#4677,#4685,#4687,.T.);
#4685 = VERTEX_POINT('',#4686);
#4686 = CARTESIAN_POINT('',(0.1,-7.32,7.4));
#4687 = LINE('',#4688,#4689);
#4688 = CARTESIAN_POINT('',(0.1,-7.32,6.055738799212));
#4689 = VECTOR('',#4690,1.);
#4690 = DIRECTION('',(0.,-0.,1.));
#4691 = ORIENTED_EDGE('',*,*,#4692,.F.);
#4692 = EDGE_CURVE('',#4693,#4685,#4695,.T.);
#4693 = VERTEX_POINT('',#4694);
#4694 = CARTESIAN_POINT('',(-0.1,-7.32,7.4));
#4695 = LINE('',#4696,#4697);
#4696 = CARTESIAN_POINT('',(-0.1,-7.32,7.4));
#4697 = VECTOR('',#4698,1.);
#4698 = DIRECTION('',(1.,-1.110223024625E-16,0.));
#4699 = ORIENTED_EDGE('',*,*,#4700,.F.);
#4700 = EDGE_CURVE('',#4701,#4693,#4703,.T.);
#4701 = VERTEX_POINT('',#4702);
#4702 = CARTESIAN_POINT('',(-0.1,-7.32,0.9));
#4703 = LINE('',#4704,#4705);
#4704 = CARTESIAN_POINT('',(-0.1,-7.32,6.055738799212));
#4705 = VECTOR('',#4706,1.);
#4706 = DIRECTION('',(0.,-0.,1.));
#4707 = ORIENTED_EDGE('',*,*,#4708,.T.);
#4708 = EDGE_CURVE('',#4701,#4709,#4711,.T.);
#4709 = VERTEX_POINT('',#4710);
#4710 = CARTESIAN_POINT('',(-0.3,-7.32,0.9));
#4711 = LINE('',#4712,#4713);
#4712 = CARTESIAN_POINT('',(0.3,-7.32,0.9));
#4713 = VECTOR('',#4714,1.);
#4714 = DIRECTION('',(-1.,1.110223024625E-16,0.));
#4715 = ORIENTED_EDGE('',*,*,#4716,.F.);
#4716 = EDGE_CURVE('',#2917,#4709,#4717,.T.);
#4717 = LINE('',#4718,#4719);
#4718 = CARTESIAN_POINT('',(-0.3,-7.32,8.2));
#4719 = VECTOR('',#4720,1.);
#4720 = DIRECTION('',(0.,-0.,-1.));
#4721 = PLANE('',#4722);
#4722 = AXIS2_PLACEMENT_3D('',#4723,#4724,#4725);
#4723 = CARTESIAN_POINT('',(0.3,-7.32,8.2));
#4724 = DIRECTION('',(1.110223024625E-16,1.,0.));
#4725 = DIRECTION('',(-1.,1.110223024625E-16,0.));
#4726 = ADVANCED_FACE('',(#4727),#4745,.F.);
#4727 = FACE_BOUND('',#4728,.F.);
#4728 = EDGE_LOOP('',(#4729,#4730,#4738,#4744));
#4729 = ORIENTED_EDGE('',*,*,#4716,.T.);
#4730 = ORIENTED_EDGE('',*,*,#4731,.T.);
#4731 = EDGE_CURVE('',#4709,#4732,#4734,.T.);
#4732 = VERTEX_POINT('',#4733);
#4733 = CARTESIAN_POINT('',(-0.3,-7.92,0.9));
#4734 = LINE('',#4735,#4736);
#4735 = CARTESIAN_POINT('',(-0.3,-7.32,0.9));
#4736 = VECTOR('',#4737,1.);
#4737 = DIRECTION('',(-1.110223024625E-16,-1.,0.));
#4738 = ORIENTED_EDGE('',*,*,#4739,.F.);
#4739 = EDGE_CURVE('',#2941,#4732,#4740,.T.);
#4740 = LINE('',#4741,#4742);
#4741 = CARTESIAN_POINT('',(-0.3,-7.92,8.2));
#4742 = VECTOR('',#4743,1.);
#4743 = DIRECTION('',(0.,-0.,-1.));
#4744 = ORIENTED_EDGE('',*,*,#2948,.F.);
#4745 = PLANE('',#4746);
#4746 = AXIS2_PLACEMENT_3D('',#4747,#4748,#4749);
#4747 = CARTESIAN_POINT('',(-0.3,-7.32,8.2));
#4748 = DIRECTION('',(-1.,1.110223024625E-16,0.));
#4749 = DIRECTION('',(-1.110223024625E-16,-1.,0.));
#4750 = ADVANCED_FACE('',(#4751),#4794,.F.);
#4751 = FACE_BOUND('',#4752,.F.);
#4752 = EDGE_LOOP('',(#4753,#4754,#4755,#4763,#4771,#4779,#4787,#4793));
#4753 = ORIENTED_EDGE('',*,*,#2965,.F.);
#4754 = ORIENTED_EDGE('',*,*,#4739,.T.);
#4755 = ORIENTED_EDGE('',*,*,#4756,.T.);
#4756 = EDGE_CURVE('',#4732,#4757,#4759,.T.);
#4757 = VERTEX_POINT('',#4758);
#4758 = CARTESIAN_POINT('',(-0.1,-7.92,0.9));
#4759 = LINE('',#4760,#4761);
#4760 = CARTESIAN_POINT('',(-0.3,-7.92,0.9));
#4761 = VECTOR('',#4762,1.);
#4762 = DIRECTION('',(1.,-1.110223024625E-16,0.));
#4763 = ORIENTED_EDGE('',*,*,#4764,.F.);
#4764 = EDGE_CURVE('',#4765,#4757,#4767,.T.);
#4765 = VERTEX_POINT('',#4766);
#4766 = CARTESIAN_POINT('',(-0.1,-7.92,7.4));
#4767 = LINE('',#4768,#4769);
#4768 = CARTESIAN_POINT('',(-0.1,-7.92,6.055738799212));
#4769 = VECTOR('',#4770,1.);
#4770 = DIRECTION('',(-0.,0.,-1.));
#4771 = ORIENTED_EDGE('',*,*,#4772,.T.);
#4772 = EDGE_CURVE('',#4765,#4773,#4775,.T.);
#4773 = VERTEX_POINT('',#4774);
#4774 = CARTESIAN_POINT('',(0.1,-7.92,7.4));
#4775 = LINE('',#4776,#4777);
#4776 = CARTESIAN_POINT('',(-0.1,-7.92,7.4));
#4777 = VECTOR('',#4778,1.);
#4778 = DIRECTION('',(1.,-1.110223024625E-16,0.));
#4779 = ORIENTED_EDGE('',*,*,#4780,.T.);
#4780 = EDGE_CURVE('',#4773,#4781,#4783,.T.);
#4781 = VERTEX_POINT('',#4782);
#4782 = CARTESIAN_POINT('',(0.1,-7.92,0.9));
#4783 = LINE('',#4784,#4785);
#4784 = CARTESIAN_POINT('',(0.1,-7.92,6.055738799212));
#4785 = VECTOR('',#4786,1.);
#4786 = DIRECTION('',(-0.,0.,-1.));
#4787 = ORIENTED_EDGE('',*,*,#4788,.T.);
#4788 = EDGE_CURVE('',#4781,#4644,#4789,.T.);
#4789 = LINE('',#4790,#4791);
#4790 = CARTESIAN_POINT('',(-0.3,-7.92,0.9));
#4791 = VECTOR('',#4792,1.);
#4792 = DIRECTION('',(1.,-1.110223024625E-16,0.));
#4793 = ORIENTED_EDGE('',*,*,#4643,.F.);
#4794 = PLANE('',#4795);
#4795 = AXIS2_PLACEMENT_3D('',#4796,#4797,#4798);
#4796 = CARTESIAN_POINT('',(-0.3,-7.92,8.2));
#4797 = DIRECTION('',(-1.110223024625E-16,-1.,0.));
#4798 = DIRECTION('',(1.,-1.110223024625E-16,0.));
#4799 = ADVANCED_FACE('',(#4800),#4825,.F.);
#4800 = FACE_BOUND('',#4801,.F.);
#4801 = EDGE_LOOP('',(#4802,#4810,#4818,#4824));
#4802 = ORIENTED_EDGE('',*,*,#4803,.T.);
#4803 = EDGE_CURVE('',#2980,#4804,#4806,.T.);
#4804 = VERTEX_POINT('',#4805);
#4805 = CARTESIAN_POINT('',(0.3,-5.38,0.9));
#4806 = LINE('',#4807,#4808);
#4807 = CARTESIAN_POINT('',(0.3,-5.38,8.2));
#4808 = VECTOR('',#4809,1.);
#4809 = DIRECTION('',(0.,-0.,-1.));
#4810 = ORIENTED_EDGE('',*,*,#4811,.T.);
#4811 = EDGE_CURVE('',#4804,#4812,#4814,.T.);
#4812 = VERTEX_POINT('',#4813);
#4813 = CARTESIAN_POINT('',(0.3,-4.78,0.9));
#4814 = LINE('',#4815,#4816);
#4815 = CARTESIAN_POINT('',(0.3,-5.38,0.9));
#4816 = VECTOR('',#4817,1.);
#4817 = DIRECTION('',(1.110223024625E-16,1.,0.));
#4818 = ORIENTED_EDGE('',*,*,#4819,.F.);
#4819 = EDGE_CURVE('',#2989,#4812,#4820,.T.);
#4820 = LINE('',#4821,#4822);
#4821 = CARTESIAN_POINT('',(0.3,-4.78,8.2));
#4822 = VECTOR('',#4823,1.);
#4823 = DIRECTION('',(0.,-0.,-1.));
#4824 = ORIENTED_EDGE('',*,*,#2996,.F.);
#4825 = PLANE('',#4826);
#4826 = AXIS2_PLACEMENT_3D('',#4827,#4828,#4829);
#4827 = CARTESIAN_POINT('',(0.3,-5.38,8.2));
#4828 = DIRECTION('',(1.,-1.110223024625E-16,0.));
#4829 = DIRECTION('',(1.110223024625E-16,1.,0.));
#4830 = ADVANCED_FACE('',(#4831),#4881,.F.);
#4831 = FACE_BOUND('',#4832,.F.);
#4832 = EDGE_LOOP('',(#4833,#4834,#4835,#4843,#4851,#4859,#4867,#4875));
#4833 = ORIENTED_EDGE('',*,*,#3020,.F.);
#4834 = ORIENTED_EDGE('',*,*,#4819,.T.);
#4835 = ORIENTED_EDGE('',*,*,#4836,.T.);
#4836 = EDGE_CURVE('',#4812,#4837,#4839,.T.);
#4837 = VERTEX_POINT('',#4838);
#4838 = CARTESIAN_POINT('',(0.1,-4.78,0.9));
#4839 = LINE('',#4840,#4841);
#4840 = CARTESIAN_POINT('',(0.3,-4.78,0.9));
#4841 = VECTOR('',#4842,1.);
#4842 = DIRECTION('',(-1.,1.110223024625E-16,0.));
#4843 = ORIENTED_EDGE('',*,*,#4844,.T.);
#4844 = EDGE_CURVE('',#4837,#4845,#4847,.T.);
#4845 = VERTEX_POINT('',#4846);
#4846 = CARTESIAN_POINT('',(0.1,-4.78,7.4));
#4847 = LINE('',#4848,#4849);
#4848 = CARTESIAN_POINT('',(0.1,-4.78,6.055738799212));
#4849 = VECTOR('',#4850,1.);
#4850 = DIRECTION('',(0.,-0.,1.));
#4851 = ORIENTED_EDGE('',*,*,#4852,.F.);
#4852 = EDGE_CURVE('',#4853,#4845,#4855,.T.);
#4853 = VERTEX_POINT('',#4854);
#4854 = CARTESIAN_POINT('',(-0.1,-4.78,7.4));
#4855 = LINE('',#4856,#4857);
#4856 = CARTESIAN_POINT('',(-0.1,-4.78,7.4));
#4857 = VECTOR('',#4858,1.);
#4858 = DIRECTION('',(1.,-1.110223024625E-16,0.));
#4859 = ORIENTED_EDGE('',*,*,#4860,.F.);
#4860 = EDGE_CURVE('',#4861,#4853,#4863,.T.);
#4861 = VERTEX_POINT('',#4862);
#4862 = CARTESIAN_POINT('',(-0.1,-4.78,0.9));
#4863 = LINE('',#4864,#4865);
#4864 = CARTESIAN_POINT('',(-0.1,-4.78,6.055738799212));
#4865 = VECTOR('',#4866,1.);
#4866 = DIRECTION('',(0.,-0.,1.));
#4867 = ORIENTED_EDGE('',*,*,#4868,.T.);
#4868 = EDGE_CURVE('',#4861,#4869,#4871,.T.);
#4869 = VERTEX_POINT('',#4870);
#4870 = CARTESIAN_POINT('',(-0.3,-4.78,0.9));
#4871 = LINE('',#4872,#4873);
#4872 = CARTESIAN_POINT('',(0.3,-4.78,0.9));
#4873 = VECTOR('',#4874,1.);
#4874 = DIRECTION('',(-1.,1.110223024625E-16,0.));
#4875 = ORIENTED_EDGE('',*,*,#4876,.F.);
#4876 = EDGE_CURVE('',#3013,#4869,#4877,.T.);
#4877 = LINE('',#4878,#4879);
#4878 = CARTESIAN_POINT('',(-0.3,-4.78,8.2));
#4879 = VECTOR('',#4880,1.);
#4880 = DIRECTION('',(0.,-0.,-1.));
#4881 = PLANE('',#4882);
#4882 = AXIS2_PLACEMENT_3D('',#4883,#4884,#4885);
#4883 = CARTESIAN_POINT('',(0.3,-4.78,8.2));
#4884 = DIRECTION('',(1.110223024625E-16,1.,0.));
#4885 = DIRECTION('',(-1.,1.110223024625E-16,0.));
#4886 = ADVANCED_FACE('',(#4887),#4905,.F.);
#4887 = FACE_BOUND('',#4888,.F.);
#4888 = EDGE_LOOP('',(#4889,#4890,#4898,#4904));
#4889 = ORIENTED_EDGE('',*,*,#4876,.T.);
#4890 = ORIENTED_EDGE('',*,*,#4891,.T.);
#4891 = EDGE_CURVE('',#4869,#4892,#4894,.T.);
#4892 = VERTEX_POINT('',#4893);
#4893 = CARTESIAN_POINT('',(-0.3,-5.38,0.9));
#4894 = LINE('',#4895,#4896);
#4895 = CARTESIAN_POINT('',(-0.3,-4.78,0.9));
#4896 = VECTOR('',#4897,1.);
#4897 = DIRECTION('',(-1.110223024625E-16,-1.,0.));
#4898 = ORIENTED_EDGE('',*,*,#4899,.F.);
#4899 = EDGE_CURVE('',#3037,#4892,#4900,.T.);
#4900 = LINE('',#4901,#4902);
#4901 = CARTESIAN_POINT('',(-0.3,-5.38,8.2));
#4902 = VECTOR('',#4903,1.);
#4903 = DIRECTION('',(0.,-0.,-1.));
#4904 = ORIENTED_EDGE('',*,*,#3044,.F.);
#4905 = PLANE('',#4906);
#4906 = AXIS2_PLACEMENT_3D('',#4907,#4908,#4909);
#4907 = CARTESIAN_POINT('',(-0.3,-4.78,8.2));
#4908 = DIRECTION('',(-1.,1.110223024625E-16,0.));
#4909 = DIRECTION('',(-1.110223024625E-16,-1.,0.));
#4910 = ADVANCED_FACE('',(#4911),#4954,.F.);
#4911 = FACE_BOUND('',#4912,.F.);
#4912 = EDGE_LOOP('',(#4913,#4914,#4915,#4923,#4931,#4939,#4947,#4953));
#4913 = ORIENTED_EDGE('',*,*,#3061,.F.);
#4914 = ORIENTED_EDGE('',*,*,#4899,.T.);
#4915 = ORIENTED_EDGE('',*,*,#4916,.T.);
#4916 = EDGE_CURVE('',#4892,#4917,#4919,.T.);
#4917 = VERTEX_POINT('',#4918);
#4918 = CARTESIAN_POINT('',(-0.1,-5.38,0.9));
#4919 = LINE('',#4920,#4921);
#4920 = CARTESIAN_POINT('',(-0.3,-5.38,0.9));
#4921 = VECTOR('',#4922,1.);
#4922 = DIRECTION('',(1.,-1.110223024625E-16,0.));
#4923 = ORIENTED_EDGE('',*,*,#4924,.F.);
#4924 = EDGE_CURVE('',#4925,#4917,#4927,.T.);
#4925 = VERTEX_POINT('',#4926);
#4926 = CARTESIAN_POINT('',(-0.1,-5.38,7.4));
#4927 = LINE('',#4928,#4929);
#4928 = CARTESIAN_POINT('',(-0.1,-5.38,6.055738799212));
#4929 = VECTOR('',#4930,1.);
#4930 = DIRECTION('',(-0.,0.,-1.));
#4931 = ORIENTED_EDGE('',*,*,#4932,.T.);
#4932 = EDGE_CURVE('',#4925,#4933,#4935,.T.);
#4933 = VERTEX_POINT('',#4934);
#4934 = CARTESIAN_POINT('',(0.1,-5.38,7.4));
#4935 = LINE('',#4936,#4937);
#4936 = CARTESIAN_POINT('',(-0.1,-5.38,7.4));
#4937 = VECTOR('',#4938,1.);
#4938 = DIRECTION('',(1.,-1.110223024625E-16,0.));
#4939 = ORIENTED_EDGE('',*,*,#4940,.T.);
#4940 = EDGE_CURVE('',#4933,#4941,#4943,.T.);
#4941 = VERTEX_POINT('',#4942);
#4942 = CARTESIAN_POINT('',(0.1,-5.38,0.9));
#4943 = LINE('',#4944,#4945);
#4944 = CARTESIAN_POINT('',(0.1,-5.38,6.055738799212));
#4945 = VECTOR('',#4946,1.);
#4946 = DIRECTION('',(-0.,0.,-1.));
#4947 = ORIENTED_EDGE('',*,*,#4948,.T.);
#4948 = EDGE_CURVE('',#4941,#4804,#4949,.T.);
#4949 = LINE('',#4950,#4951);
#4950 = CARTESIAN_POINT('',(-0.3,-5.38,0.9));
#4951 = VECTOR('',#4952,1.);
#4952 = DIRECTION('',(1.,-1.110223024625E-16,0.));
#4953 = ORIENTED_EDGE('',*,*,#4803,.F.);
#4954 = PLANE('',#4955);
#4955 = AXIS2_PLACEMENT_3D('',#4956,#4957,#4958);
#4956 = CARTESIAN_POINT('',(-0.3,-5.38,8.2));
#4957 = DIRECTION('',(-1.110223024625E-16,-1.,0.));
#4958 = DIRECTION('',(1.,-1.110223024625E-16,0.));
#4959 = ADVANCED_FACE('',(#4960),#4985,.F.);
#4960 = FACE_BOUND('',#4961,.F.);
#4961 = EDGE_LOOP('',(#4962,#4970,#4978,#4984));
#4962 = ORIENTED_EDGE('',*,*,#4963,.T.);
#4963 = EDGE_CURVE('',#3076,#4964,#4966,.T.);
#4964 = VERTEX_POINT('',#4965);
#4965 = CARTESIAN_POINT('',(0.3,-2.84,0.9));
#4966 = LINE('',#4967,#4968);
#4967 = CARTESIAN_POINT('',(0.3,-2.84,8.2));
#4968 = VECTOR('',#4969,1.);
#4969 = DIRECTION('',(0.,-0.,-1.));
#4970 = ORIENTED_EDGE('',*,*,#4971,.T.);
#4971 = EDGE_CURVE('',#4964,#4972,#4974,.T.);
#4972 = VERTEX_POINT('',#4973);
#4973 = CARTESIAN_POINT('',(0.3,-2.24,0.9));
#4974 = LINE('',#4975,#4976);
#4975 = CARTESIAN_POINT('',(0.3,-2.84,0.9));
#4976 = VECTOR('',#4977,1.);
#4977 = DIRECTION('',(1.110223024625E-16,1.,0.));
#4978 = ORIENTED_EDGE('',*,*,#4979,.F.);
#4979 = EDGE_CURVE('',#3085,#4972,#4980,.T.);
#4980 = LINE('',#4981,#4982);
#4981 = CARTESIAN_POINT('',(0.3,-2.24,8.2));
#4982 = VECTOR('',#4983,1.);
#4983 = DIRECTION('',(0.,-0.,-1.));
#4984 = ORIENTED_EDGE('',*,*,#3092,.F.);
#4985 = PLANE('',#4986);
#4986 = AXIS2_PLACEMENT_3D('',#4987,#4988,#4989);
#4987 = CARTESIAN_POINT('',(0.3,-2.84,8.2));
#4988 = DIRECTION('',(1.,-1.110223024625E-16,0.));
#4989 = DIRECTION('',(1.110223024625E-16,1.,0.));
#4990 = ADVANCED_FACE('',(#4991),#5041,.F.);
#4991 = FACE_BOUND('',#4992,.F.);
#4992 = EDGE_LOOP('',(#4993,#4994,#4995,#5003,#5011,#5019,#5027,#5035));
#4993 = ORIENTED_EDGE('',*,*,#3116,.F.);
#4994 = ORIENTED_EDGE('',*,*,#4979,.T.);
#4995 = ORIENTED_EDGE('',*,*,#4996,.T.);
#4996 = EDGE_CURVE('',#4972,#4997,#4999,.T.);
#4997 = VERTEX_POINT('',#4998);
#4998 = CARTESIAN_POINT('',(0.1,-2.24,0.9));
#4999 = LINE('',#5000,#5001);
#5000 = CARTESIAN_POINT('',(0.3,-2.24,0.9));
#5001 = VECTOR('',#5002,1.);
#5002 = DIRECTION('',(-1.,1.110223024625E-16,0.));
#5003 = ORIENTED_EDGE('',*,*,#5004,.T.);
#5004 = EDGE_CURVE('',#4997,#5005,#5007,.T.);
#5005 = VERTEX_POINT('',#5006);
#5006 = CARTESIAN_POINT('',(0.1,-2.24,7.4));
#5007 = LINE('',#5008,#5009);
#5008 = CARTESIAN_POINT('',(0.1,-2.24,6.055738799212));
#5009 = VECTOR('',#5010,1.);
#5010 = DIRECTION('',(0.,-0.,1.));
#5011 = ORIENTED_EDGE('',*,*,#5012,.F.);
#5012 = EDGE_CURVE('',#5013,#5005,#5015,.T.);
#5013 = VERTEX_POINT('',#5014);
#5014 = CARTESIAN_POINT('',(-0.1,-2.24,7.4));
#5015 = LINE('',#5016,#5017);
#5016 = CARTESIAN_POINT('',(-0.1,-2.24,7.4));
#5017 = VECTOR('',#5018,1.);
#5018 = DIRECTION('',(1.,-1.110223024625E-16,0.));
#5019 = ORIENTED_EDGE('',*,*,#5020,.F.);
#5020 = EDGE_CURVE('',#5021,#5013,#5023,.T.);
#5021 = VERTEX_POINT('',#5022);
#5022 = CARTESIAN_POINT('',(-0.1,-2.24,0.9));
#5023 = LINE('',#5024,#5025);
#5024 = CARTESIAN_POINT('',(-0.1,-2.24,6.055738799212));
#5025 = VECTOR('',#5026,1.);
#5026 = DIRECTION('',(0.,-0.,1.));
#5027 = ORIENTED_EDGE('',*,*,#5028,.T.);
#5028 = EDGE_CURVE('',#5021,#5029,#5031,.T.);
#5029 = VERTEX_POINT('',#5030);
#5030 = CARTESIAN_POINT('',(-0.3,-2.24,0.9));
#5031 = LINE('',#5032,#5033);
#5032 = CARTESIAN_POINT('',(0.3,-2.24,0.9));
#5033 = VECTOR('',#5034,1.);
#5034 = DIRECTION('',(-1.,1.110223024625E-16,0.));
#5035 = ORIENTED_EDGE('',*,*,#5036,.F.);
#5036 = EDGE_CURVE('',#3109,#5029,#5037,.T.);
#5037 = LINE('',#5038,#5039);
#5038 = CARTESIAN_POINT('',(-0.3,-2.24,8.2));
#5039 = VECTOR('',#5040,1.);
#5040 = DIRECTION('',(0.,-0.,-1.));
#5041 = PLANE('',#5042);
#5042 = AXIS2_PLACEMENT_3D('',#5043,#5044,#5045);
#5043 = CARTESIAN_POINT('',(0.3,-2.24,8.2));
#5044 = DIRECTION('',(1.110223024625E-16,1.,0.));
#5045 = DIRECTION('',(-1.,1.110223024625E-16,0.));
#5046 = ADVANCED_FACE('',(#5047),#5065,.F.);
#5047 = FACE_BOUND('',#5048,.F.);
#5048 = EDGE_LOOP('',(#5049,#5050,#5058,#5064));
#5049 = ORIENTED_EDGE('',*,*,#5036,.T.);
#5050 = ORIENTED_EDGE('',*,*,#5051,.T.);
#5051 = EDGE_CURVE('',#5029,#5052,#5054,.T.);
#5052 = VERTEX_POINT('',#5053);
#5053 = CARTESIAN_POINT('',(-0.3,-2.84,0.9));
#5054 = LINE('',#5055,#5056);
#5055 = CARTESIAN_POINT('',(-0.3,-2.24,0.9));
#5056 = VECTOR('',#5057,1.);
#5057 = DIRECTION('',(-1.110223024625E-16,-1.,0.));
#5058 = ORIENTED_EDGE('',*,*,#5059,.F.);
#5059 = EDGE_CURVE('',#3133,#5052,#5060,.T.);
#5060 = LINE('',#5061,#5062);
#5061 = CARTESIAN_POINT('',(-0.3,-2.84,8.2));
#5062 = VECTOR('',#5063,1.);
#5063 = DIRECTION('',(0.,-0.,-1.));
#5064 = ORIENTED_EDGE('',*,*,#3140,.F.);
#5065 = PLANE('',#5066);
#5066 = AXIS2_PLACEMENT_3D('',#5067,#5068,#5069);
#5067 = CARTESIAN_POINT('',(-0.3,-2.24,8.2));
#5068 = DIRECTION('',(-1.,1.110223024625E-16,0.));
#5069 = DIRECTION('',(-1.110223024625E-16,-1.,0.));
#5070 = ADVANCED_FACE('',(#5071),#5114,.F.);
#5071 = FACE_BOUND('',#5072,.F.);
#5072 = EDGE_LOOP('',(#5073,#5074,#5075,#5083,#5091,#5099,#5107,#5113));
#5073 = ORIENTED_EDGE('',*,*,#3157,.F.);
#5074 = ORIENTED_EDGE('',*,*,#5059,.T.);
#5075 = ORIENTED_EDGE('',*,*,#5076,.T.);
#5076 = EDGE_CURVE('',#5052,#5077,#5079,.T.);
#5077 = VERTEX_POINT('',#5078);
#5078 = CARTESIAN_POINT('',(-0.1,-2.84,0.9));
#5079 = LINE('',#5080,#5081);
#5080 = CARTESIAN_POINT('',(-0.3,-2.84,0.9));
#5081 = VECTOR('',#5082,1.);
#5082 = DIRECTION('',(1.,-1.110223024625E-16,0.));
#5083 = ORIENTED_EDGE('',*,*,#5084,.F.);
#5084 = EDGE_CURVE('',#5085,#5077,#5087,.T.);
#5085 = VERTEX_POINT('',#5086);
#5086 = CARTESIAN_POINT('',(-0.1,-2.84,7.4));
#5087 = LINE('',#5088,#5089);
#5088 = CARTESIAN_POINT('',(-0.1,-2.84,6.055738799212));
#5089 = VECTOR('',#5090,1.);
#5090 = DIRECTION('',(-0.,0.,-1.));
#5091 = ORIENTED_EDGE('',*,*,#5092,.T.);
#5092 = EDGE_CURVE('',#5085,#5093,#5095,.T.);
#5093 = VERTEX_POINT('',#5094);
#5094 = CARTESIAN_POINT('',(0.1,-2.84,7.4));
#5095 = LINE('',#5096,#5097);
#5096 = CARTESIAN_POINT('',(-0.1,-2.84,7.4));
#5097 = VECTOR('',#5098,1.);
#5098 = DIRECTION('',(1.,-1.110223024625E-16,0.));
#5099 = ORIENTED_EDGE('',*,*,#5100,.T.);
#5100 = EDGE_CURVE('',#5093,#5101,#5103,.T.);
#5101 = VERTEX_POINT('',#5102);
#5102 = CARTESIAN_POINT('',(0.1,-2.84,0.9));
#5103 = LINE('',#5104,#5105);
#5104 = CARTESIAN_POINT('',(0.1,-2.84,6.055738799212));
#5105 = VECTOR('',#5106,1.);
#5106 = DIRECTION('',(-0.,0.,-1.));
#5107 = ORIENTED_EDGE('',*,*,#5108,.T.);
#5108 = EDGE_CURVE('',#5101,#4964,#5109,.T.);
#5109 = LINE('',#5110,#5111);
#5110 = CARTESIAN_POINT('',(-0.3,-2.84,0.9));
#5111 = VECTOR('',#5112,1.);
#5112 = DIRECTION('',(1.,-1.110223024625E-16,0.));
#5113 = ORIENTED_EDGE('',*,*,#4963,.F.);
#5114 = PLANE('',#5115);
#5115 = AXIS2_PLACEMENT_3D('',#5116,#5117,#5118);
#5116 = CARTESIAN_POINT('',(-0.3,-2.84,8.2));
#5117 = DIRECTION('',(-1.110223024625E-16,-1.,0.));
#5118 = DIRECTION('',(1.,-1.110223024625E-16,0.));
#5119 = ADVANCED_FACE('',(#5120),#5145,.F.);
#5120 = FACE_BOUND('',#5121,.F.);
#5121 = EDGE_LOOP('',(#5122,#5130,#5138,#5144));
#5122 = ORIENTED_EDGE('',*,*,#5123,.T.);
#5123 = EDGE_CURVE('',#3172,#5124,#5126,.T.);
#5124 = VERTEX_POINT('',#5125);
#5125 = CARTESIAN_POINT('',(0.3,-0.3,0.9));
#5126 = LINE('',#5127,#5128);
#5127 = CARTESIAN_POINT('',(0.3,-0.3,8.2));
#5128 = VECTOR('',#5129,1.);
#5129 = DIRECTION('',(0.,-0.,-1.));
#5130 = ORIENTED_EDGE('',*,*,#5131,.T.);
#5131 = EDGE_CURVE('',#5124,#5132,#5134,.T.);
#5132 = VERTEX_POINT('',#5133);
#5133 = CARTESIAN_POINT('',(0.3,0.3,0.9));
#5134 = LINE('',#5135,#5136);
#5135 = CARTESIAN_POINT('',(0.3,-0.3,0.9));
#5136 = VECTOR('',#5137,1.);
#5137 = DIRECTION('',(1.110223024625E-16,1.,0.));
#5138 = ORIENTED_EDGE('',*,*,#5139,.F.);
#5139 = EDGE_CURVE('',#3181,#5132,#5140,.T.);
#5140 = LINE('',#5141,#5142);
#5141 = CARTESIAN_POINT('',(0.3,0.3,8.2));
#5142 = VECTOR('',#5143,1.);
#5143 = DIRECTION('',(0.,-0.,-1.));
#5144 = ORIENTED_EDGE('',*,*,#3188,.F.);
#5145 = PLANE('',#5146);
#5146 = AXIS2_PLACEMENT_3D('',#5147,#5148,#5149);
#5147 = CARTESIAN_POINT('',(0.3,-0.3,8.2));
#5148 = DIRECTION('',(1.,-1.110223024625E-16,0.));
#5149 = DIRECTION('',(1.110223024625E-16,1.,0.));
#5150 = ADVANCED_FACE('',(#5151),#5201,.F.);
#5151 = FACE_BOUND('',#5152,.F.);
#5152 = EDGE_LOOP('',(#5153,#5154,#5155,#5163,#5171,#5179,#5187,#5195));
#5153 = ORIENTED_EDGE('',*,*,#3212,.F.);
#5154 = ORIENTED_EDGE('',*,*,#5139,.T.);
#5155 = ORIENTED_EDGE('',*,*,#5156,.T.);
#5156 = EDGE_CURVE('',#5132,#5157,#5159,.T.);
#5157 = VERTEX_POINT('',#5158);
#5158 = CARTESIAN_POINT('',(0.1,0.3,0.9));
#5159 = LINE('',#5160,#5161);
#5160 = CARTESIAN_POINT('',(0.3,0.3,0.9));
#5161 = VECTOR('',#5162,1.);
#5162 = DIRECTION('',(-1.,1.110223024625E-16,0.));
#5163 = ORIENTED_EDGE('',*,*,#5164,.T.);
#5164 = EDGE_CURVE('',#5157,#5165,#5167,.T.);
#5165 = VERTEX_POINT('',#5166);
#5166 = CARTESIAN_POINT('',(0.1,0.3,7.4));
#5167 = LINE('',#5168,#5169);
#5168 = CARTESIAN_POINT('',(0.1,0.3,6.055738799212));
#5169 = VECTOR('',#5170,1.);
#5170 = DIRECTION('',(0.,-0.,1.));
#5171 = ORIENTED_EDGE('',*,*,#5172,.F.);
#5172 = EDGE_CURVE('',#5173,#5165,#5175,.T.);
#5173 = VERTEX_POINT('',#5174);
#5174 = CARTESIAN_POINT('',(-0.1,0.3,7.4));
#5175 = LINE('',#5176,#5177);
#5176 = CARTESIAN_POINT('',(-0.1,0.3,7.4));
#5177 = VECTOR('',#5178,1.);
#5178 = DIRECTION('',(1.,-1.110223024625E-16,0.));
#5179 = ORIENTED_EDGE('',*,*,#5180,.F.);
#5180 = EDGE_CURVE('',#5181,#5173,#5183,.T.);
#5181 = VERTEX_POINT('',#5182);
#5182 = CARTESIAN_POINT('',(-0.1,0.3,0.9));
#5183 = LINE('',#5184,#5185);
#5184 = CARTESIAN_POINT('',(-0.1,0.3,6.055738799212));
#5185 = VECTOR('',#5186,1.);
#5186 = DIRECTION('',(0.,-0.,1.));
#5187 = ORIENTED_EDGE('',*,*,#5188,.T.);
#5188 = EDGE_CURVE('',#5181,#5189,#5191,.T.);
#5189 = VERTEX_POINT('',#5190);
#5190 = CARTESIAN_POINT('',(-0.3,0.3,0.9));
#5191 = LINE('',#5192,#5193);
#5192 = CARTESIAN_POINT('',(0.3,0.3,0.9));
#5193 = VECTOR('',#5194,1.);
#5194 = DIRECTION('',(-1.,1.110223024625E-16,0.));
#5195 = ORIENTED_EDGE('',*,*,#5196,.F.);
#5196 = EDGE_CURVE('',#3205,#5189,#5197,.T.);
#5197 = LINE('',#5198,#5199);
#5198 = CARTESIAN_POINT('',(-0.3,0.3,8.2));
#5199 = VECTOR('',#5200,1.);
#5200 = DIRECTION('',(0.,-0.,-1.));
#5201 = PLANE('',#5202);
#5202 = AXIS2_PLACEMENT_3D('',#5203,#5204,#5205);
#5203 = CARTESIAN_POINT('',(0.3,0.3,8.2));
#5204 = DIRECTION('',(1.110223024625E-16,1.,0.));
#5205 = DIRECTION('',(-1.,1.110223024625E-16,0.));
#5206 = ADVANCED_FACE('',(#5207),#5225,.F.);
#5207 = FACE_BOUND('',#5208,.F.);
#5208 = EDGE_LOOP('',(#5209,#5210,#5218,#5224));
#5209 = ORIENTED_EDGE('',*,*,#5196,.T.);
#5210 = ORIENTED_EDGE('',*,*,#5211,.T.);
#5211 = EDGE_CURVE('',#5189,#5212,#5214,.T.);
#5212 = VERTEX_POINT('',#5213);
#5213 = CARTESIAN_POINT('',(-0.3,-0.3,0.9));
#5214 = LINE('',#5215,#5216);
#5215 = CARTESIAN_POINT('',(-0.3,0.3,0.9));
#5216 = VECTOR('',#5217,1.);
#5217 = DIRECTION('',(-1.110223024625E-16,-1.,0.));
#5218 = ORIENTED_EDGE('',*,*,#5219,.F.);
#5219 = EDGE_CURVE('',#3229,#5212,#5220,.T.);
#5220 = LINE('',#5221,#5222);
#5221 = CARTESIAN_POINT('',(-0.3,-0.3,8.2));
#5222 = VECTOR('',#5223,1.);
#5223 = DIRECTION('',(0.,-0.,-1.));
#5224 = ORIENTED_EDGE('',*,*,#3236,.F.);
#5225 = PLANE('',#5226);
#5226 = AXIS2_PLACEMENT_3D('',#5227,#5228,#5229);
#5227 = CARTESIAN_POINT('',(-0.3,0.3,8.2));
#5228 = DIRECTION('',(-1.,1.110223024625E-16,0.));
#5229 = DIRECTION('',(-1.110223024625E-16,-1.,0.));
#5230 = ADVANCED_FACE('',(#5231),#5274,.F.);
#5231 = FACE_BOUND('',#5232,.F.);
#5232 = EDGE_LOOP('',(#5233,#5234,#5235,#5243,#5251,#5259,#5267,#5273));
#5233 = ORIENTED_EDGE('',*,*,#3253,.F.);
#5234 = ORIENTED_EDGE('',*,*,#5219,.T.);
#5235 = ORIENTED_EDGE('',*,*,#5236,.T.);
#5236 = EDGE_CURVE('',#5212,#5237,#5239,.T.);
#5237 = VERTEX_POINT('',#5238);
#5238 = CARTESIAN_POINT('',(-0.1,-0.3,0.9));
#5239 = LINE('',#5240,#5241);
#5240 = CARTESIAN_POINT('',(-0.3,-0.3,0.9));
#5241 = VECTOR('',#5242,1.);
#5242 = DIRECTION('',(1.,-1.110223024625E-16,0.));
#5243 = ORIENTED_EDGE('',*,*,#5244,.F.);
#5244 = EDGE_CURVE('',#5245,#5237,#5247,.T.);
#5245 = VERTEX_POINT('',#5246);
#5246 = CARTESIAN_POINT('',(-0.1,-0.3,7.4));
#5247 = LINE('',#5248,#5249);
#5248 = CARTESIAN_POINT('',(-0.1,-0.3,6.055738799212));
#5249 = VECTOR('',#5250,1.);
#5250 = DIRECTION('',(-0.,0.,-1.));
#5251 = ORIENTED_EDGE('',*,*,#5252,.T.);
#5252 = EDGE_CURVE('',#5245,#5253,#5255,.T.);
#5253 = VERTEX_POINT('',#5254);
#5254 = CARTESIAN_POINT('',(0.1,-0.3,7.4));
#5255 = LINE('',#5256,#5257);
#5256 = CARTESIAN_POINT('',(-0.1,-0.3,7.4));
#5257 = VECTOR('',#5258,1.);
#5258 = DIRECTION('',(1.,-1.110223024625E-16,0.));
#5259 = ORIENTED_EDGE('',*,*,#5260,.T.);
#5260 = EDGE_CURVE('',#5253,#5261,#5263,.T.);
#5261 = VERTEX_POINT('',#5262);
#5262 = CARTESIAN_POINT('',(0.1,-0.3,0.9));
#5263 = LINE('',#5264,#5265);
#5264 = CARTESIAN_POINT('',(0.1,-0.3,6.055738799212));
#5265 = VECTOR('',#5266,1.);
#5266 = DIRECTION('',(-0.,0.,-1.));
#5267 = ORIENTED_EDGE('',*,*,#5268,.T.);
#5268 = EDGE_CURVE('',#5261,#5124,#5269,.T.);
#5269 = LINE('',#5270,#5271);
#5270 = CARTESIAN_POINT('',(-0.3,-0.3,0.9));
#5271 = VECTOR('',#5272,1.);
#5272 = DIRECTION('',(1.,-1.110223024625E-16,0.));
#5273 = ORIENTED_EDGE('',*,*,#5123,.F.);
#5274 = PLANE('',#5275);
#5275 = AXIS2_PLACEMENT_3D('',#5276,#5277,#5278);
#5276 = CARTESIAN_POINT('',(-0.3,-0.3,8.2));
#5277 = DIRECTION('',(-1.110223024625E-16,-1.,0.));
#5278 = DIRECTION('',(1.,-1.110223024625E-16,0.));
#5279 = ADVANCED_FACE('',(#5280),#5291,.T.);
#5280 = FACE_BOUND('',#5281,.T.);
#5281 = EDGE_LOOP('',(#5282,#5288,#5289,#5290));
#5282 = ORIENTED_EDGE('',*,*,#5283,.T.);
#5283 = EDGE_CURVE('',#3349,#3285,#5284,.T.);
#5284 = LINE('',#5285,#5286);
#5285 = CARTESIAN_POINT('',(-0.1,-15.54,-2.5));
#5286 = VECTOR('',#5287,1.);
#5287 = DIRECTION('',(1.,-1.110223024625E-16,0.));
#5288 = ORIENTED_EDGE('',*,*,#3284,.T.);
#5289 = ORIENTED_EDGE('',*,*,#3269,.F.);
#5290 = ORIENTED_EDGE('',*,*,#3348,.F.);
#5291 = PLANE('',#5292);
#5292 = AXIS2_PLACEMENT_3D('',#5293,#5294,#5295);
#5293 = CARTESIAN_POINT('',(-0.1,-15.54,-2.5));
#5294 = DIRECTION('',(-1.110223024625E-16,-1.,0.));
#5295 = DIRECTION('',(0.,0.,1.));
#5296 = ADVANCED_FACE('',(#5297),#5308,.T.);
#5297 = FACE_BOUND('',#5298,.T.);
#5298 = EDGE_LOOP('',(#5299,#5305,#5306,#5307));
#5299 = ORIENTED_EDGE('',*,*,#5300,.T.);
#5300 = EDGE_CURVE('',#3374,#3310,#5301,.T.);
#5301 = LINE('',#5302,#5303);
#5302 = CARTESIAN_POINT('',(-0.1,-15.39,-3.1));
#5303 = VECTOR('',#5304,1.);
#5304 = DIRECTION('',(1.,-1.110223024625E-16,0.));
#5305 = ORIENTED_EDGE('',*,*,#3317,.T.);
#5306 = ORIENTED_EDGE('',*,*,#5283,.F.);
#5307 = ORIENTED_EDGE('',*,*,#3381,.F.);
#5308 = PLANE('',#5309);
#5309 = AXIS2_PLACEMENT_3D('',#5310,#5311,#5312);
#5310 = CARTESIAN_POINT('',(-0.1,-15.39,-3.1));
#5311 = DIRECTION('',(-1.077074540829E-16,-0.970142500145,
    -0.242535625036));
#5312 = DIRECTION('',(-2.692686352073E-17,-0.242535625036,0.970142500145
    ));
#5313 = ADVANCED_FACE('',(#5314),#5325,.T.);
#5314 = FACE_BOUND('',#5315,.T.);
#5315 = EDGE_LOOP('',(#5316,#5322,#5323,#5324));
#5316 = ORIENTED_EDGE('',*,*,#5317,.T.);
#5317 = EDGE_CURVE('',#3366,#3302,#5318,.T.);
#5318 = LINE('',#5319,#5320);
#5319 = CARTESIAN_POINT('',(-0.1,-15.09,-3.1));
#5320 = VECTOR('',#5321,1.);
#5321 = DIRECTION('',(1.,-1.110223024625E-16,0.));
#5322 = ORIENTED_EDGE('',*,*,#3309,.T.);
#5323 = ORIENTED_EDGE('',*,*,#5300,.F.);
#5324 = ORIENTED_EDGE('',*,*,#3373,.T.);
#5325 = PLANE('',#5326);
#5326 = AXIS2_PLACEMENT_3D('',#5327,#5328,#5329);
#5327 = CARTESIAN_POINT('',(-0.1,-15.09,-3.1));
#5328 = DIRECTION('',(0.,-0.,-1.));
#5329 = DIRECTION('',(-1.110223024625E-16,-1.,0.));
#5330 = ADVANCED_FACE('',(#5331),#5342,.T.);
#5331 = FACE_BOUND('',#5332,.T.);
#5332 = EDGE_LOOP('',(#5333,#5339,#5340,#5341));
#5333 = ORIENTED_EDGE('',*,*,#5334,.T.);
#5334 = EDGE_CURVE('',#3358,#3294,#5335,.T.);
#5335 = LINE('',#5336,#5337);
#5336 = CARTESIAN_POINT('',(-0.1,-14.94,-2.5));
#5337 = VECTOR('',#5338,1.);
#5338 = DIRECTION('',(1.,-1.110223024625E-16,0.));
#5339 = ORIENTED_EDGE('',*,*,#3301,.T.);
#5340 = ORIENTED_EDGE('',*,*,#5317,.F.);
#5341 = ORIENTED_EDGE('',*,*,#3365,.F.);
#5342 = PLANE('',#5343);
#5343 = AXIS2_PLACEMENT_3D('',#5344,#5345,#5346);
#5344 = CARTESIAN_POINT('',(-0.1,-14.94,-2.5));
#5345 = DIRECTION('',(1.077074540829E-16,0.970142500145,-0.242535625036)
  );
#5346 = DIRECTION('',(-2.692686352073E-17,-0.242535625036,
    -0.970142500145));
#5347 = ADVANCED_FACE('',(#5348),#5354,.T.);
#5348 = FACE_BOUND('',#5349,.T.);
#5349 = EDGE_LOOP('',(#5350,#5351,#5352,#5353));
#5350 = ORIENTED_EDGE('',*,*,#3331,.T.);
#5351 = ORIENTED_EDGE('',*,*,#3293,.T.);
#5352 = ORIENTED_EDGE('',*,*,#5334,.F.);
#5353 = ORIENTED_EDGE('',*,*,#3357,.F.);
#5354 = PLANE('',#5355);
#5355 = AXIS2_PLACEMENT_3D('',#5356,#5357,#5358);
#5356 = CARTESIAN_POINT('',(-0.1,-14.94,0.2));
#5357 = DIRECTION('',(1.110223024625E-16,1.,0.));
#5358 = DIRECTION('',(0.,0.,-1.));
#5359 = ADVANCED_FACE('',(#5360),#5371,.T.);
#5360 = FACE_BOUND('',#5361,.T.);
#5361 = EDGE_LOOP('',(#5362,#5368,#5369,#5370));
#5362 = ORIENTED_EDGE('',*,*,#5363,.T.);
#5363 = EDGE_CURVE('',#3477,#3413,#5364,.T.);
#5364 = LINE('',#5365,#5366);
#5365 = CARTESIAN_POINT('',(-0.1,-13.,-2.5));
#5366 = VECTOR('',#5367,1.);
#5367 = DIRECTION('',(1.,-1.110223024625E-16,0.));
#5368 = ORIENTED_EDGE('',*,*,#3412,.T.);
#5369 = ORIENTED_EDGE('',*,*,#3397,.F.);
#5370 = ORIENTED_EDGE('',*,*,#3476,.F.);
#5371 = PLANE('',#5372);
#5372 = AXIS2_PLACEMENT_3D('',#5373,#5374,#5375);
#5373 = CARTESIAN_POINT('',(-0.1,-13.,-2.5));
#5374 = DIRECTION('',(-1.110223024625E-16,-1.,0.));
#5375 = DIRECTION('',(0.,0.,1.));
#5376 = ADVANCED_FACE('',(#5377),#5388,.T.);
#5377 = FACE_BOUND('',#5378,.T.);
#5378 = EDGE_LOOP('',(#5379,#5385,#5386,#5387));
#5379 = ORIENTED_EDGE('',*,*,#5380,.T.);
#5380 = EDGE_CURVE('',#3502,#3438,#5381,.T.);
#5381 = LINE('',#5382,#5383);
#5382 = CARTESIAN_POINT('',(-0.1,-12.85,-3.1));
#5383 = VECTOR('',#5384,1.);
#5384 = DIRECTION('',(1.,-1.110223024625E-16,0.));
#5385 = ORIENTED_EDGE('',*,*,#3445,.T.);
#5386 = ORIENTED_EDGE('',*,*,#5363,.F.);
#5387 = ORIENTED_EDGE('',*,*,#3509,.F.);
#5388 = PLANE('',#5389);
#5389 = AXIS2_PLACEMENT_3D('',#5390,#5391,#5392);
#5390 = CARTESIAN_POINT('',(-0.1,-12.85,-3.1));
#5391 = DIRECTION('',(-1.077074540829E-16,-0.970142500145,
    -0.242535625036));
#5392 = DIRECTION('',(-2.692686352073E-17,-0.242535625036,0.970142500145
    ));
#5393 = ADVANCED_FACE('',(#5394),#5405,.T.);
#5394 = FACE_BOUND('',#5395,.T.);
#5395 = EDGE_LOOP('',(#5396,#5402,#5403,#5404));
#5396 = ORIENTED_EDGE('',*,*,#5397,.T.);
#5397 = EDGE_CURVE('',#3494,#3430,#5398,.T.);
#5398 = LINE('',#5399,#5400);
#5399 = CARTESIAN_POINT('',(-0.1,-12.55,-3.1));
#5400 = VECTOR('',#5401,1.);
#5401 = DIRECTION('',(1.,-1.110223024625E-16,0.));
#5402 = ORIENTED_EDGE('',*,*,#3437,.T.);
#5403 = ORIENTED_EDGE('',*,*,#5380,.F.);
#5404 = ORIENTED_EDGE('',*,*,#3501,.T.);
#5405 = PLANE('',#5406);
#5406 = AXIS2_PLACEMENT_3D('',#5407,#5408,#5409);
#5407 = CARTESIAN_POINT('',(-0.1,-12.55,-3.1));
#5408 = DIRECTION('',(0.,-0.,-1.));
#5409 = DIRECTION('',(-1.110223024625E-16,-1.,0.));
#5410 = ADVANCED_FACE('',(#5411),#5422,.T.);
#5411 = FACE_BOUND('',#5412,.T.);
#5412 = EDGE_LOOP('',(#5413,#5419,#5420,#5421));
#5413 = ORIENTED_EDGE('',*,*,#5414,.T.);
#5414 = EDGE_CURVE('',#3486,#3422,#5415,.T.);
#5415 = LINE('',#5416,#5417);
#5416 = CARTESIAN_POINT('',(-0.1,-12.4,-2.5));
#5417 = VECTOR('',#5418,1.);
#5418 = DIRECTION('',(1.,-1.110223024625E-16,0.));
#5419 = ORIENTED_EDGE('',*,*,#3429,.T.);
#5420 = ORIENTED_EDGE('',*,*,#5397,.F.);
#5421 = ORIENTED_EDGE('',*,*,#3493,.F.);
#5422 = PLANE('',#5423);
#5423 = AXIS2_PLACEMENT_3D('',#5424,#5425,#5426);
#5424 = CARTESIAN_POINT('',(-0.1,-12.4,-2.5));
#5425 = DIRECTION('',(1.077074540829E-16,0.970142500145,-0.242535625036)
  );
#5426 = DIRECTION('',(-2.692686352073E-17,-0.242535625036,
    -0.970142500145));
#5427 = ADVANCED_FACE('',(#5428),#5434,.T.);
#5428 = FACE_BOUND('',#5429,.T.);
#5429 = EDGE_LOOP('',(#5430,#5431,#5432,#5433));
#5430 = ORIENTED_EDGE('',*,*,#3459,.T.);
#5431 = ORIENTED_EDGE('',*,*,#3421,.T.);
#5432 = ORIENTED_EDGE('',*,*,#5414,.F.);
#5433 = ORIENTED_EDGE('',*,*,#3485,.F.);
#5434 = PLANE('',#5435);
#5435 = AXIS2_PLACEMENT_3D('',#5436,#5437,#5438);
#5436 = CARTESIAN_POINT('',(-0.1,-12.4,0.2));
#5437 = DIRECTION('',(1.110223024625E-16,1.,0.));
#5438 = DIRECTION('',(0.,0.,-1.));
#5439 = ADVANCED_FACE('',(#5440),#5451,.T.);
#5440 = FACE_BOUND('',#5441,.T.);
#5441 = EDGE_LOOP('',(#5442,#5448,#5449,#5450));
#5442 = ORIENTED_EDGE('',*,*,#5443,.T.);
#5443 = EDGE_CURVE('',#3605,#3541,#5444,.T.);
#5444 = LINE('',#5445,#5446);
#5445 = CARTESIAN_POINT('',(-0.1,-10.46,-2.5));
#5446 = VECTOR('',#5447,1.);
#5447 = DIRECTION('',(1.,-1.110223024625E-16,0.));
#5448 = ORIENTED_EDGE('',*,*,#3540,.T.);
#5449 = ORIENTED_EDGE('',*,*,#3525,.F.);
#5450 = ORIENTED_EDGE('',*,*,#3604,.F.);
#5451 = PLANE('',#5452);
#5452 = AXIS2_PLACEMENT_3D('',#5453,#5454,#5455);
#5453 = CARTESIAN_POINT('',(-0.1,-10.46,-2.5));
#5454 = DIRECTION('',(-1.110223024625E-16,-1.,0.));
#5455 = DIRECTION('',(0.,0.,1.));
#5456 = ADVANCED_FACE('',(#5457),#5468,.T.);
#5457 = FACE_BOUND('',#5458,.T.);
#5458 = EDGE_LOOP('',(#5459,#5465,#5466,#5467));
#5459 = ORIENTED_EDGE('',*,*,#5460,.T.);
#5460 = EDGE_CURVE('',#3630,#3566,#5461,.T.);
#5461 = LINE('',#5462,#5463);
#5462 = CARTESIAN_POINT('',(-0.1,-10.31,-3.1));
#5463 = VECTOR('',#5464,1.);
#5464 = DIRECTION('',(1.,-1.110223024625E-16,0.));
#5465 = ORIENTED_EDGE('',*,*,#3573,.T.);
#5466 = ORIENTED_EDGE('',*,*,#5443,.F.);
#5467 = ORIENTED_EDGE('',*,*,#3637,.F.);
#5468 = PLANE('',#5469);
#5469 = AXIS2_PLACEMENT_3D('',#5470,#5471,#5472);
#5470 = CARTESIAN_POINT('',(-0.1,-10.31,-3.1));
#5471 = DIRECTION('',(-1.077074540829E-16,-0.970142500145,
    -0.242535625036));
#5472 = DIRECTION('',(-2.692686352073E-17,-0.242535625036,0.970142500145
    ));
#5473 = ADVANCED_FACE('',(#5474),#5485,.T.);
#5474 = FACE_BOUND('',#5475,.T.);
#5475 = EDGE_LOOP('',(#5476,#5482,#5483,#5484));
#5476 = ORIENTED_EDGE('',*,*,#5477,.T.);
#5477 = EDGE_CURVE('',#3622,#3558,#5478,.T.);
#5478 = LINE('',#5479,#5480);
#5479 = CARTESIAN_POINT('',(-0.1,-10.01,-3.1));
#5480 = VECTOR('',#5481,1.);
#5481 = DIRECTION('',(1.,-1.110223024625E-16,0.));
#5482 = ORIENTED_EDGE('',*,*,#3565,.T.);
#5483 = ORIENTED_EDGE('',*,*,#5460,.F.);
#5484 = ORIENTED_EDGE('',*,*,#3629,.T.);
#5485 = PLANE('',#5486);
#5486 = AXIS2_PLACEMENT_3D('',#5487,#5488,#5489);
#5487 = CARTESIAN_POINT('',(-0.1,-10.01,-3.1));
#5488 = DIRECTION('',(0.,-0.,-1.));
#5489 = DIRECTION('',(-1.110223024625E-16,-1.,0.));
#5490 = ADVANCED_FACE('',(#5491),#5502,.T.);
#5491 = FACE_BOUND('',#5492,.T.);
#5492 = EDGE_LOOP('',(#5493,#5499,#5500,#5501));
#5493 = ORIENTED_EDGE('',*,*,#5494,.T.);
#5494 = EDGE_CURVE('',#3614,#3550,#5495,.T.);
#5495 = LINE('',#5496,#5497);
#5496 = CARTESIAN_POINT('',(-0.1,-9.86,-2.5));
#5497 = VECTOR('',#5498,1.);
#5498 = DIRECTION('',(1.,-1.110223024625E-16,0.));
#5499 = ORIENTED_EDGE('',*,*,#3557,.T.);
#5500 = ORIENTED_EDGE('',*,*,#5477,.F.);
#5501 = ORIENTED_EDGE('',*,*,#3621,.F.);
#5502 = PLANE('',#5503);
#5503 = AXIS2_PLACEMENT_3D('',#5504,#5505,#5506);
#5504 = CARTESIAN_POINT('',(-0.1,-9.86,-2.5));
#5505 = DIRECTION('',(1.077074540829E-16,0.970142500145,-0.242535625036)
  );
#5506 = DIRECTION('',(-2.692686352073E-17,-0.242535625036,
    -0.970142500145));
#5507 = ADVANCED_FACE('',(#5508),#5514,.T.);
#5508 = FACE_BOUND('',#5509,.T.);
#5509 = EDGE_LOOP('',(#5510,#5511,#5512,#5513));
#5510 = ORIENTED_EDGE('',*,*,#3587,.T.);
#5511 = ORIENTED_EDGE('',*,*,#3549,.T.);
#5512 = ORIENTED_EDGE('',*,*,#5494,.F.);
#5513 = ORIENTED_EDGE('',*,*,#3613,.F.);
#5514 = PLANE('',#5515);
#5515 = AXIS2_PLACEMENT_3D('',#5516,#5517,#5518);
#5516 = CARTESIAN_POINT('',(-0.1,-9.86,0.2));
#5517 = DIRECTION('',(1.110223024625E-16,1.,0.));
#5518 = DIRECTION('',(0.,0.,-1.));
#5519 = ADVANCED_FACE('',(#5520),#5531,.T.);
#5520 = FACE_BOUND('',#5521,.T.);
#5521 = EDGE_LOOP('',(#5522,#5528,#5529,#5530));
#5522 = ORIENTED_EDGE('',*,*,#5523,.T.);
#5523 = EDGE_CURVE('',#3733,#3669,#5524,.T.);
#5524 = LINE('',#5525,#5526);
#5525 = CARTESIAN_POINT('',(-0.1,-7.92,-2.5));
#5526 = VECTOR('',#5527,1.);
#5527 = DIRECTION('',(1.,-1.110223024625E-16,0.));
#5528 = ORIENTED_EDGE('',*,*,#3668,.T.);
#5529 = ORIENTED_EDGE('',*,*,#3653,.F.);
#5530 = ORIENTED_EDGE('',*,*,#3732,.F.);
#5531 = PLANE('',#5532);
#5532 = AXIS2_PLACEMENT_3D('',#5533,#5534,#5535);
#5533 = CARTESIAN_POINT('',(-0.1,-7.92,-2.5));
#5534 = DIRECTION('',(-1.110223024625E-16,-1.,0.));
#5535 = DIRECTION('',(0.,0.,1.));
#5536 = ADVANCED_FACE('',(#5537),#5548,.T.);
#5537 = FACE_BOUND('',#5538,.T.);
#5538 = EDGE_LOOP('',(#5539,#5545,#5546,#5547));
#5539 = ORIENTED_EDGE('',*,*,#5540,.T.);
#5540 = EDGE_CURVE('',#3758,#3694,#5541,.T.);
#5541 = LINE('',#5542,#5543);
#5542 = CARTESIAN_POINT('',(-0.1,-7.77,-3.1));
#5543 = VECTOR('',#5544,1.);
#5544 = DIRECTION('',(1.,-1.110223024625E-16,0.));
#5545 = ORIENTED_EDGE('',*,*,#3701,.T.);
#5546 = ORIENTED_EDGE('',*,*,#5523,.F.);
#5547 = ORIENTED_EDGE('',*,*,#3765,.F.);
#5548 = PLANE('',#5549);
#5549 = AXIS2_PLACEMENT_3D('',#5550,#5551,#5552);
#5550 = CARTESIAN_POINT('',(-0.1,-7.77,-3.1));
#5551 = DIRECTION('',(-1.077074540829E-16,-0.970142500145,
    -0.242535625036));
#5552 = DIRECTION('',(-2.692686352073E-17,-0.242535625036,0.970142500145
    ));
#5553 = ADVANCED_FACE('',(#5554),#5565,.T.);
#5554 = FACE_BOUND('',#5555,.T.);
#5555 = EDGE_LOOP('',(#5556,#5562,#5563,#5564));
#5556 = ORIENTED_EDGE('',*,*,#5557,.T.);
#5557 = EDGE_CURVE('',#3750,#3686,#5558,.T.);
#5558 = LINE('',#5559,#5560);
#5559 = CARTESIAN_POINT('',(-0.1,-7.47,-3.1));
#5560 = VECTOR('',#5561,1.);
#5561 = DIRECTION('',(1.,-1.110223024625E-16,0.));
#5562 = ORIENTED_EDGE('',*,*,#3693,.T.);
#5563 = ORIENTED_EDGE('',*,*,#5540,.F.);
#5564 = ORIENTED_EDGE('',*,*,#3757,.T.);
#5565 = PLANE('',#5566);
#5566 = AXIS2_PLACEMENT_3D('',#5567,#5568,#5569);
#5567 = CARTESIAN_POINT('',(-0.1,-7.47,-3.1));
#5568 = DIRECTION('',(0.,-0.,-1.));
#5569 = DIRECTION('',(-1.110223024625E-16,-1.,0.));
#5570 = ADVANCED_FACE('',(#5571),#5582,.T.);
#5571 = FACE_BOUND('',#5572,.T.);
#5572 = EDGE_LOOP('',(#5573,#5579,#5580,#5581));
#5573 = ORIENTED_EDGE('',*,*,#5574,.T.);
#5574 = EDGE_CURVE('',#3742,#3678,#5575,.T.);
#5575 = LINE('',#5576,#5577);
#5576 = CARTESIAN_POINT('',(-0.1,-7.32,-2.5));
#5577 = VECTOR('',#5578,1.);
#5578 = DIRECTION('',(1.,-1.110223024625E-16,0.));
#5579 = ORIENTED_EDGE('',*,*,#3685,.T.);
#5580 = ORIENTED_EDGE('',*,*,#5557,.F.);
#5581 = ORIENTED_EDGE('',*,*,#3749,.F.);
#5582 = PLANE('',#5583);
#5583 = AXIS2_PLACEMENT_3D('',#5584,#5585,#5586);
#5584 = CARTESIAN_POINT('',(-0.1,-7.32,-2.5));
#5585 = DIRECTION('',(1.077074540829E-16,0.970142500145,-0.242535625036)
  );
#5586 = DIRECTION('',(-2.692686352073E-17,-0.242535625036,
    -0.970142500145));
#5587 = ADVANCED_FACE('',(#5588),#5594,.T.);
#5588 = FACE_BOUND('',#5589,.T.);
#5589 = EDGE_LOOP('',(#5590,#5591,#5592,#5593));
#5590 = ORIENTED_EDGE('',*,*,#3715,.T.);
#5591 = ORIENTED_EDGE('',*,*,#3677,.T.);
#5592 = ORIENTED_EDGE('',*,*,#5574,.F.);
#5593 = ORIENTED_EDGE('',*,*,#3741,.F.);
#5594 = PLANE('',#5595);
#5595 = AXIS2_PLACEMENT_3D('',#5596,#5597,#5598);
#5596 = CARTESIAN_POINT('',(-0.1,-7.32,0.2));
#5597 = DIRECTION('',(1.110223024625E-16,1.,0.));
#5598 = DIRECTION('',(0.,0.,-1.));
#5599 = ADVANCED_FACE('',(#5600),#5611,.T.);
#5600 = FACE_BOUND('',#5601,.T.);
#5601 = EDGE_LOOP('',(#5602,#5608,#5609,#5610));
#5602 = ORIENTED_EDGE('',*,*,#5603,.T.);
#5603 = EDGE_CURVE('',#3861,#3797,#5604,.T.);
#5604 = LINE('',#5605,#5606);
#5605 = CARTESIAN_POINT('',(-0.1,-5.38,-2.5));
#5606 = VECTOR('',#5607,1.);
#5607 = DIRECTION('',(1.,-1.110223024625E-16,0.));
#5608 = ORIENTED_EDGE('',*,*,#3796,.T.);
#5609 = ORIENTED_EDGE('',*,*,#3781,.F.);
#5610 = ORIENTED_EDGE('',*,*,#3860,.F.);
#5611 = PLANE('',#5612);
#5612 = AXIS2_PLACEMENT_3D('',#5613,#5614,#5615);
#5613 = CARTESIAN_POINT('',(-0.1,-5.38,-2.5));
#5614 = DIRECTION('',(-1.110223024625E-16,-1.,0.));
#5615 = DIRECTION('',(0.,0.,1.));
#5616 = ADVANCED_FACE('',(#5617),#5628,.T.);
#5617 = FACE_BOUND('',#5618,.T.);
#5618 = EDGE_LOOP('',(#5619,#5625,#5626,#5627));
#5619 = ORIENTED_EDGE('',*,*,#5620,.T.);
#5620 = EDGE_CURVE('',#3886,#3822,#5621,.T.);
#5621 = LINE('',#5622,#5623);
#5622 = CARTESIAN_POINT('',(-0.1,-5.23,-3.1));
#5623 = VECTOR('',#5624,1.);
#5624 = DIRECTION('',(1.,-1.110223024625E-16,0.));
#5625 = ORIENTED_EDGE('',*,*,#3829,.T.);
#5626 = ORIENTED_EDGE('',*,*,#5603,.F.);
#5627 = ORIENTED_EDGE('',*,*,#3893,.F.);
#5628 = PLANE('',#5629);
#5629 = AXIS2_PLACEMENT_3D('',#5630,#5631,#5632);
#5630 = CARTESIAN_POINT('',(-0.1,-5.23,-3.1));
#5631 = DIRECTION('',(-1.077074540829E-16,-0.970142500145,
    -0.242535625036));
#5632 = DIRECTION('',(-2.692686352073E-17,-0.242535625036,0.970142500145
    ));
#5633 = ADVANCED_FACE('',(#5634),#5645,.T.);
#5634 = FACE_BOUND('',#5635,.T.);
#5635 = EDGE_LOOP('',(#5636,#5642,#5643,#5644));
#5636 = ORIENTED_EDGE('',*,*,#5637,.T.);
#5637 = EDGE_CURVE('',#3878,#3814,#5638,.T.);
#5638 = LINE('',#5639,#5640);
#5639 = CARTESIAN_POINT('',(-0.1,-4.93,-3.1));
#5640 = VECTOR('',#5641,1.);
#5641 = DIRECTION('',(1.,-1.110223024625E-16,0.));
#5642 = ORIENTED_EDGE('',*,*,#3821,.T.);
#5643 = ORIENTED_EDGE('',*,*,#5620,.F.);
#5644 = ORIENTED_EDGE('',*,*,#3885,.T.);
#5645 = PLANE('',#5646);
#5646 = AXIS2_PLACEMENT_3D('',#5647,#5648,#5649);
#5647 = CARTESIAN_POINT('',(-0.1,-4.93,-3.1));
#5648 = DIRECTION('',(0.,-0.,-1.));
#5649 = DIRECTION('',(-1.110223024625E-16,-1.,0.));
#5650 = ADVANCED_FACE('',(#5651),#5662,.T.);
#5651 = FACE_BOUND('',#5652,.T.);
#5652 = EDGE_LOOP('',(#5653,#5659,#5660,#5661));
#5653 = ORIENTED_EDGE('',*,*,#5654,.T.);
#5654 = EDGE_CURVE('',#3870,#3806,#5655,.T.);
#5655 = LINE('',#5656,#5657);
#5656 = CARTESIAN_POINT('',(-0.1,-4.78,-2.5));
#5657 = VECTOR('',#5658,1.);
#5658 = DIRECTION('',(1.,-1.110223024625E-16,0.));
#5659 = ORIENTED_EDGE('',*,*,#3813,.T.);
#5660 = ORIENTED_EDGE('',*,*,#5637,.F.);
#5661 = ORIENTED_EDGE('',*,*,#3877,.F.);
#5662 = PLANE('',#5663);
#5663 = AXIS2_PLACEMENT_3D('',#5664,#5665,#5666);
#5664 = CARTESIAN_POINT('',(-0.1,-4.78,-2.5));
#5665 = DIRECTION('',(1.077074540829E-16,0.970142500145,-0.242535625036)
  );
#5666 = DIRECTION('',(-2.692686352073E-17,-0.242535625036,
    -0.970142500145));
#5667 = ADVANCED_FACE('',(#5668),#5674,.T.);
#5668 = FACE_BOUND('',#5669,.T.);
#5669 = EDGE_LOOP('',(#5670,#5671,#5672,#5673));
#5670 = ORIENTED_EDGE('',*,*,#3843,.T.);
#5671 = ORIENTED_EDGE('',*,*,#3805,.T.);
#5672 = ORIENTED_EDGE('',*,*,#5654,.F.);
#5673 = ORIENTED_EDGE('',*,*,#3869,.F.);
#5674 = PLANE('',#5675);
#5675 = AXIS2_PLACEMENT_3D('',#5676,#5677,#5678);
#5676 = CARTESIAN_POINT('',(-0.1,-4.78,0.2));
#5677 = DIRECTION('',(1.110223024625E-16,1.,0.));
#5678 = DIRECTION('',(0.,0.,-1.));
#5679 = ADVANCED_FACE('',(#5680),#5691,.T.);
#5680 = FACE_BOUND('',#5681,.T.);
#5681 = EDGE_LOOP('',(#5682,#5688,#5689,#5690));
#5682 = ORIENTED_EDGE('',*,*,#5683,.T.);
#5683 = EDGE_CURVE('',#3989,#3925,#5684,.T.);
#5684 = LINE('',#5685,#5686);
#5685 = CARTESIAN_POINT('',(-0.1,-2.84,-2.5));
#5686 = VECTOR('',#5687,1.);
#5687 = DIRECTION('',(1.,-1.110223024625E-16,0.));
#5688 = ORIENTED_EDGE('',*,*,#3924,.T.);
#5689 = ORIENTED_EDGE('',*,*,#3909,.F.);
#5690 = ORIENTED_EDGE('',*,*,#3988,.F.);
#5691 = PLANE('',#5692);
#5692 = AXIS2_PLACEMENT_3D('',#5693,#5694,#5695);
#5693 = CARTESIAN_POINT('',(-0.1,-2.84,-2.5));
#5694 = DIRECTION('',(-1.110223024625E-16,-1.,0.));
#5695 = DIRECTION('',(0.,0.,1.));
#5696 = ADVANCED_FACE('',(#5697),#5708,.T.);
#5697 = FACE_BOUND('',#5698,.T.);
#5698 = EDGE_LOOP('',(#5699,#5705,#5706,#5707));
#5699 = ORIENTED_EDGE('',*,*,#5700,.T.);
#5700 = EDGE_CURVE('',#4014,#3950,#5701,.T.);
#5701 = LINE('',#5702,#5703);
#5702 = CARTESIAN_POINT('',(-0.1,-2.69,-3.1));
#5703 = VECTOR('',#5704,1.);
#5704 = DIRECTION('',(1.,-1.110223024625E-16,0.));
#5705 = ORIENTED_EDGE('',*,*,#3957,.T.);
#5706 = ORIENTED_EDGE('',*,*,#5683,.F.);
#5707 = ORIENTED_EDGE('',*,*,#4021,.F.);
#5708 = PLANE('',#5709);
#5709 = AXIS2_PLACEMENT_3D('',#5710,#5711,#5712);
#5710 = CARTESIAN_POINT('',(-0.1,-2.69,-3.1));
#5711 = DIRECTION('',(-1.077074540829E-16,-0.970142500145,
    -0.242535625036));
#5712 = DIRECTION('',(-2.692686352073E-17,-0.242535625036,0.970142500145
    ));
#5713 = ADVANCED_FACE('',(#5714),#5725,.T.);
#5714 = FACE_BOUND('',#5715,.T.);
#5715 = EDGE_LOOP('',(#5716,#5722,#5723,#5724));
#5716 = ORIENTED_EDGE('',*,*,#5717,.T.);
#5717 = EDGE_CURVE('',#4006,#3942,#5718,.T.);
#5718 = LINE('',#5719,#5720);
#5719 = CARTESIAN_POINT('',(-0.1,-2.39,-3.1));
#5720 = VECTOR('',#5721,1.);
#5721 = DIRECTION('',(1.,-1.110223024625E-16,0.));
#5722 = ORIENTED_EDGE('',*,*,#3949,.T.);
#5723 = ORIENTED_EDGE('',*,*,#5700,.F.);
#5724 = ORIENTED_EDGE('',*,*,#4013,.T.);
#5725 = PLANE('',#5726);
#5726 = AXIS2_PLACEMENT_3D('',#5727,#5728,#5729);
#5727 = CARTESIAN_POINT('',(-0.1,-2.39,-3.1));
#5728 = DIRECTION('',(0.,-0.,-1.));
#5729 = DIRECTION('',(-1.110223024625E-16,-1.,0.));
#5730 = ADVANCED_FACE('',(#5731),#5742,.T.);
#5731 = FACE_BOUND('',#5732,.T.);
#5732 = EDGE_LOOP('',(#5733,#5739,#5740,#5741));
#5733 = ORIENTED_EDGE('',*,*,#5734,.T.);
#5734 = EDGE_CURVE('',#3998,#3934,#5735,.T.);
#5735 = LINE('',#5736,#5737);
#5736 = CARTESIAN_POINT('',(-0.1,-2.24,-2.5));
#5737 = VECTOR('',#5738,1.);
#5738 = DIRECTION('',(1.,-1.110223024625E-16,0.));
#5739 = ORIENTED_EDGE('',*,*,#3941,.T.);
#5740 = ORIENTED_EDGE('',*,*,#5717,.F.);
#5741 = ORIENTED_EDGE('',*,*,#4005,.F.);
#5742 = PLANE('',#5743);
#5743 = AXIS2_PLACEMENT_3D('',#5744,#5745,#5746);
#5744 = CARTESIAN_POINT('',(-0.1,-2.24,-2.5));
#5745 = DIRECTION('',(1.077074540829E-16,0.970142500145,-0.242535625036)
  );
#5746 = DIRECTION('',(-2.692686352073E-17,-0.242535625036,
    -0.970142500145));
#5747 = ADVANCED_FACE('',(#5748),#5754,.T.);
#5748 = FACE_BOUND('',#5749,.T.);
#5749 = EDGE_LOOP('',(#5750,#5751,#5752,#5753));
#5750 = ORIENTED_EDGE('',*,*,#3971,.T.);
#5751 = ORIENTED_EDGE('',*,*,#3933,.T.);
#5752 = ORIENTED_EDGE('',*,*,#5734,.F.);
#5753 = ORIENTED_EDGE('',*,*,#3997,.F.);
#5754 = PLANE('',#5755);
#5755 = AXIS2_PLACEMENT_3D('',#5756,#5757,#5758);
#5756 = CARTESIAN_POINT('',(-0.1,-2.24,0.2));
#5757 = DIRECTION('',(1.110223024625E-16,1.,0.));
#5758 = DIRECTION('',(0.,0.,-1.));
#5759 = ADVANCED_FACE('',(#5760),#5771,.T.);
#5760 = FACE_BOUND('',#5761,.T.);
#5761 = EDGE_LOOP('',(#5762,#5768,#5769,#5770));
#5762 = ORIENTED_EDGE('',*,*,#5763,.T.);
#5763 = EDGE_CURVE('',#4117,#4053,#5764,.T.);
#5764 = LINE('',#5765,#5766);
#5765 = CARTESIAN_POINT('',(-0.1,-0.3,-2.5));
#5766 = VECTOR('',#5767,1.);
#5767 = DIRECTION('',(1.,-1.110223024625E-16,0.));
#5768 = ORIENTED_EDGE('',*,*,#4052,.T.);
#5769 = ORIENTED_EDGE('',*,*,#4037,.F.);
#5770 = ORIENTED_EDGE('',*,*,#4116,.F.);
#5771 = PLANE('',#5772);
#5772 = AXIS2_PLACEMENT_3D('',#5773,#5774,#5775);
#5773 = CARTESIAN_POINT('',(-0.1,-0.3,-2.5));
#5774 = DIRECTION('',(-1.110223024625E-16,-1.,0.));
#5775 = DIRECTION('',(0.,0.,1.));
#5776 = ADVANCED_FACE('',(#5777),#5788,.T.);
#5777 = FACE_BOUND('',#5778,.T.);
#5778 = EDGE_LOOP('',(#5779,#5785,#5786,#5787));
#5779 = ORIENTED_EDGE('',*,*,#5780,.T.);
#5780 = EDGE_CURVE('',#4142,#4078,#5781,.T.);
#5781 = LINE('',#5782,#5783);
#5782 = CARTESIAN_POINT('',(-0.1,-0.15,-3.1));
#5783 = VECTOR('',#5784,1.);
#5784 = DIRECTION('',(1.,-1.110223024625E-16,0.));
#5785 = ORIENTED_EDGE('',*,*,#4085,.T.);
#5786 = ORIENTED_EDGE('',*,*,#5763,.F.);
#5787 = ORIENTED_EDGE('',*,*,#4149,.F.);
#5788 = PLANE('',#5789);
#5789 = AXIS2_PLACEMENT_3D('',#5790,#5791,#5792);
#5790 = CARTESIAN_POINT('',(-0.1,-0.15,-3.1));
#5791 = DIRECTION('',(-1.077074540829E-16,-0.970142500145,
    -0.242535625036));
#5792 = DIRECTION('',(-2.692686352073E-17,-0.242535625036,0.970142500145
    ));
#5793 = ADVANCED_FACE('',(#5794),#5805,.T.);
#5794 = FACE_BOUND('',#5795,.T.);
#5795 = EDGE_LOOP('',(#5796,#5802,#5803,#5804));
#5796 = ORIENTED_EDGE('',*,*,#5797,.T.);
#5797 = EDGE_CURVE('',#4134,#4070,#5798,.T.);
#5798 = LINE('',#5799,#5800);
#5799 = CARTESIAN_POINT('',(-0.1,0.15,-3.1));
#5800 = VECTOR('',#5801,1.);
#5801 = DIRECTION('',(1.,-1.110223024625E-16,0.));
#5802 = ORIENTED_EDGE('',*,*,#4077,.T.);
#5803 = ORIENTED_EDGE('',*,*,#5780,.F.);
#5804 = ORIENTED_EDGE('',*,*,#4141,.T.);
#5805 = PLANE('',#5806);
#5806 = AXIS2_PLACEMENT_3D('',#5807,#5808,#5809);
#5807 = CARTESIAN_POINT('',(-0.1,0.15,-3.1));
#5808 = DIRECTION('',(0.,-0.,-1.));
#5809 = DIRECTION('',(-1.110223024625E-16,-1.,0.));
#5810 = ADVANCED_FACE('',(#5811),#5822,.T.);
#5811 = FACE_BOUND('',#5812,.T.);
#5812 = EDGE_LOOP('',(#5813,#5819,#5820,#5821));
#5813 = ORIENTED_EDGE('',*,*,#5814,.T.);
#5814 = EDGE_CURVE('',#4126,#4062,#5815,.T.);
#5815 = LINE('',#5816,#5817);
#5816 = CARTESIAN_POINT('',(-0.1,0.3,-2.5));
#5817 = VECTOR('',#5818,1.);
#5818 = DIRECTION('',(1.,-1.110223024625E-16,0.));
#5819 = ORIENTED_EDGE('',*,*,#4069,.T.);
#5820 = ORIENTED_EDGE('',*,*,#5797,.F.);
#5821 = ORIENTED_EDGE('',*,*,#4133,.F.);
#5822 = PLANE('',#5823);
#5823 = AXIS2_PLACEMENT_3D('',#5824,#5825,#5826);
#5824 = CARTESIAN_POINT('',(-0.1,0.3,-2.5));
#5825 = DIRECTION('',(1.077074540829E-16,0.970142500145,-0.242535625036)
  );
#5826 = DIRECTION('',(-2.692686352073E-17,-0.242535625036,
    -0.970142500145));
#5827 = ADVANCED_FACE('',(#5828),#5834,.T.);
#5828 = FACE_BOUND('',#5829,.T.);
#5829 = EDGE_LOOP('',(#5830,#5831,#5832,#5833));
#5830 = ORIENTED_EDGE('',*,*,#4099,.T.);
#5831 = ORIENTED_EDGE('',*,*,#4061,.T.);
#5832 = ORIENTED_EDGE('',*,*,#5814,.F.);
#5833 = ORIENTED_EDGE('',*,*,#4125,.F.);
#5834 = PLANE('',#5835);
#5835 = AXIS2_PLACEMENT_3D('',#5836,#5837,#5838);
#5836 = CARTESIAN_POINT('',(-0.1,0.3,0.2));
#5837 = DIRECTION('',(1.110223024625E-16,1.,0.));
#5838 = DIRECTION('',(0.,0.,-1.));
#5839 = ADVANCED_FACE('',(#5840),#5851,.T.);
#5840 = FACE_BOUND('',#5841,.T.);
#5841 = EDGE_LOOP('',(#5842,#5843,#5844,#5845));
#5842 = ORIENTED_EDGE('',*,*,#4308,.T.);
#5843 = ORIENTED_EDGE('',*,*,#4171,.T.);
#5844 = ORIENTED_EDGE('',*,*,#4196,.T.);
#5845 = ORIENTED_EDGE('',*,*,#5846,.T.);
#5846 = EDGE_CURVE('',#4197,#4301,#5847,.T.);
#5847 = LINE('',#5848,#5849);
#5848 = CARTESIAN_POINT('',(0.1,-15.24,0.9));
#5849 = VECTOR('',#5850,1.);
#5850 = DIRECTION('',(-1.110223024625E-16,-1.,0.));
#5851 = PLANE('',#5852);
#5852 = AXIS2_PLACEMENT_3D('',#5853,#5854,#5855);
#5853 = CARTESIAN_POINT('',(-1.65265949074E-15,-15.24,0.9));
#5854 = DIRECTION('',(0.,0.,1.));
#5855 = DIRECTION('',(1.110223024625E-16,1.,-0.));
#5856 = ADVANCED_FACE('',(#5857),#5868,.T.);
#5857 = FACE_BOUND('',#5858,.T.);
#5858 = EDGE_LOOP('',(#5859,#5860,#5866,#5867));
#5859 = ORIENTED_EDGE('',*,*,#4276,.T.);
#5860 = ORIENTED_EDGE('',*,*,#5861,.F.);
#5861 = EDGE_CURVE('',#4221,#4277,#5862,.T.);
#5862 = LINE('',#5863,#5864);
#5863 = CARTESIAN_POINT('',(-0.1,-15.24,0.9));
#5864 = VECTOR('',#5865,1.);
#5865 = DIRECTION('',(-1.110223024625E-16,-1.,0.));
#5866 = ORIENTED_EDGE('',*,*,#4228,.T.);
#5867 = ORIENTED_EDGE('',*,*,#4251,.T.);
#5868 = PLANE('',#5869);
#5869 = AXIS2_PLACEMENT_3D('',#5870,#5871,#5872);
#5870 = CARTESIAN_POINT('',(-1.65265949074E-15,-15.24,0.9));
#5871 = DIRECTION('',(0.,0.,1.));
#5872 = DIRECTION('',(1.110223024625E-16,1.,-0.));
#5873 = ADVANCED_FACE('',(#5874),#5917,.T.);
#5874 = FACE_BOUND('',#5875,.T.);
#5875 = EDGE_LOOP('',(#5876,#5877,#5885,#5893,#5901,#5909,#5915,#5916));
#5876 = ORIENTED_EDGE('',*,*,#4284,.F.);
#5877 = ORIENTED_EDGE('',*,*,#5878,.T.);
#5878 = EDGE_CURVE('',#4285,#5879,#5881,.T.);
#5879 = VERTEX_POINT('',#5880);
#5880 = CARTESIAN_POINT('',(-0.1,-15.49,7.35));
#5881 = LINE('',#5882,#5883);
#5882 = CARTESIAN_POINT('',(-0.1,-15.54,7.4));
#5883 = VECTOR('',#5884,1.);
#5884 = DIRECTION('',(7.850462293414E-17,0.707106781187,-0.707106781187)
  );
#5885 = ORIENTED_EDGE('',*,*,#5886,.T.);
#5886 = EDGE_CURVE('',#5879,#5887,#5889,.T.);
#5887 = VERTEX_POINT('',#5888);
#5888 = CARTESIAN_POINT('',(-0.1,-15.49,1.25));
#5889 = LINE('',#5890,#5891);
#5890 = CARTESIAN_POINT('',(-0.1,-15.49,7.35));
#5891 = VECTOR('',#5892,1.);
#5892 = DIRECTION('',(0.,0.,-1.));
#5893 = ORIENTED_EDGE('',*,*,#5894,.T.);
#5894 = EDGE_CURVE('',#5887,#5895,#5897,.T.);
#5895 = VERTEX_POINT('',#5896);
#5896 = CARTESIAN_POINT('',(-0.1,-14.99,1.25));
#5897 = LINE('',#5898,#5899);
#5898 = CARTESIAN_POINT('',(-0.1,-15.49,1.25));
#5899 = VECTOR('',#5900,1.);
#5900 = DIRECTION('',(1.110223024625E-16,1.,0.));
#5901 = ORIENTED_EDGE('',*,*,#5902,.T.);
#5902 = EDGE_CURVE('',#5895,#5903,#5905,.T.);
#5903 = VERTEX_POINT('',#5904);
#5904 = CARTESIAN_POINT('',(-0.1,-14.99,7.35));
#5905 = LINE('',#5906,#5907);
#5906 = CARTESIAN_POINT('',(-0.1,-14.99,1.25));
#5907 = VECTOR('',#5908,1.);
#5908 = DIRECTION('',(0.,0.,1.));
#5909 = ORIENTED_EDGE('',*,*,#5910,.T.);
#5910 = EDGE_CURVE('',#5903,#4213,#5911,.T.);
#5911 = LINE('',#5912,#5913);
#5912 = CARTESIAN_POINT('',(-0.1,-14.99,7.35));
#5913 = VECTOR('',#5914,1.);
#5914 = DIRECTION('',(7.850462293414E-17,0.707106781187,0.707106781187)
  );
#5915 = ORIENTED_EDGE('',*,*,#4220,.F.);
#5916 = ORIENTED_EDGE('',*,*,#5861,.T.);
#5917 = PLANE('',#5918);
#5918 = AXIS2_PLACEMENT_3D('',#5919,#5920,#5921);
#5919 = CARTESIAN_POINT('',(-0.1,-15.24,3.911477598424));
#5920 = DIRECTION('',(-1.,1.110223024625E-16,0.));
#5921 = DIRECTION('',(0.,0.,1.));
#5922 = ADVANCED_FACE('',(#5923),#5941,.T.);
#5923 = FACE_BOUND('',#5924,.T.);
#5924 = EDGE_LOOP('',(#5925,#5933,#5939,#5940));
#5925 = ORIENTED_EDGE('',*,*,#5926,.T.);
#5926 = EDGE_CURVE('',#5903,#5927,#5929,.T.);
#5927 = VERTEX_POINT('',#5928);
#5928 = CARTESIAN_POINT('',(0.1,-14.99,7.35));
#5929 = LINE('',#5930,#5931);
#5930 = CARTESIAN_POINT('',(-0.1,-14.99,7.35));
#5931 = VECTOR('',#5932,1.);
#5932 = DIRECTION('',(1.,-1.110223024625E-16,0.));
#5933 = ORIENTED_EDGE('',*,*,#5934,.T.);
#5934 = EDGE_CURVE('',#5927,#4205,#5935,.T.);
#5935 = LINE('',#5936,#5937);
#5936 = CARTESIAN_POINT('',(0.1,-14.99,7.35));
#5937 = VECTOR('',#5938,1.);
#5938 = DIRECTION('',(7.850462293414E-17,0.707106781187,0.707106781187)
  );
#5939 = ORIENTED_EDGE('',*,*,#4212,.F.);
#5940 = ORIENTED_EDGE('',*,*,#5910,.F.);
#5941 = PLANE('',#5942);
#5942 = AXIS2_PLACEMENT_3D('',#5943,#5944,#5945);
#5943 = CARTESIAN_POINT('',(-0.1,-14.99,7.35));
#5944 = DIRECTION('',(-7.850462293414E-17,-0.707106781187,0.707106781187
    ));
#5945 = DIRECTION('',(7.850462293414E-17,0.707106781187,0.707106781187)
  );
#5946 = ADVANCED_FACE('',(#5947),#5983,.F.);
#5947 = FACE_BOUND('',#5948,.F.);
#5948 = EDGE_LOOP('',(#5949,#5950,#5958,#5966,#5974,#5980,#5981,#5982));
#5949 = ORIENTED_EDGE('',*,*,#4300,.F.);
#5950 = ORIENTED_EDGE('',*,*,#5951,.T.);
#5951 = EDGE_CURVE('',#4293,#5952,#5954,.T.);
#5952 = VERTEX_POINT('',#5953);
#5953 = CARTESIAN_POINT('',(0.1,-15.49,7.35));
#5954 = LINE('',#5955,#5956);
#5955 = CARTESIAN_POINT('',(0.1,-15.54,7.4));
#5956 = VECTOR('',#5957,1.);
#5957 = DIRECTION('',(7.850462293414E-17,0.707106781187,-0.707106781187)
  );
#5958 = ORIENTED_EDGE('',*,*,#5959,.T.);
#5959 = EDGE_CURVE('',#5952,#5960,#5962,.T.);
#5960 = VERTEX_POINT('',#5961);
#5961 = CARTESIAN_POINT('',(0.1,-15.49,1.25));
#5962 = LINE('',#5963,#5964);
#5963 = CARTESIAN_POINT('',(0.1,-15.49,7.35));
#5964 = VECTOR('',#5965,1.);
#5965 = DIRECTION('',(0.,0.,-1.));
#5966 = ORIENTED_EDGE('',*,*,#5967,.T.);
#5967 = EDGE_CURVE('',#5960,#5968,#5970,.T.);
#5968 = VERTEX_POINT('',#5969);
#5969 = CARTESIAN_POINT('',(0.1,-14.99,1.25));
#5970 = LINE('',#5971,#5972);
#5971 = CARTESIAN_POINT('',(0.1,-15.49,1.25));
#5972 = VECTOR('',#5973,1.);
#5973 = DIRECTION('',(1.110223024625E-16,1.,0.));
#5974 = ORIENTED_EDGE('',*,*,#5975,.T.);
#5975 = EDGE_CURVE('',#5968,#5927,#5976,.T.);
#5976 = LINE('',#5977,#5978);
#5977 = CARTESIAN_POINT('',(0.1,-14.99,1.25));
#5978 = VECTOR('',#5979,1.);
#5979 = DIRECTION('',(0.,0.,1.));
#5980 = ORIENTED_EDGE('',*,*,#5934,.T.);
#5981 = ORIENTED_EDGE('',*,*,#4204,.F.);
#5982 = ORIENTED_EDGE('',*,*,#5846,.T.);
#5983 = PLANE('',#5984);
#5984 = AXIS2_PLACEMENT_3D('',#5985,#5986,#5987);
#5985 = CARTESIAN_POINT('',(0.1,-15.24,3.911477598424));
#5986 = DIRECTION('',(-1.,1.110223024625E-16,0.));
#5987 = DIRECTION('',(0.,0.,1.));
#5988 = ADVANCED_FACE('',(#5989),#6000,.T.);
#5989 = FACE_BOUND('',#5990,.T.);
#5990 = EDGE_LOOP('',(#5991,#5992,#5993,#5999));
#5991 = ORIENTED_EDGE('',*,*,#4292,.T.);
#5992 = ORIENTED_EDGE('',*,*,#5951,.T.);
#5993 = ORIENTED_EDGE('',*,*,#5994,.F.);
#5994 = EDGE_CURVE('',#5879,#5952,#5995,.T.);
#5995 = LINE('',#5996,#5997);
#5996 = CARTESIAN_POINT('',(-0.1,-15.49,7.35));
#5997 = VECTOR('',#5998,1.);
#5998 = DIRECTION('',(1.,-1.110223024625E-16,0.));
#5999 = ORIENTED_EDGE('',*,*,#5878,.F.);
#6000 = PLANE('',#6001);
#6001 = AXIS2_PLACEMENT_3D('',#6002,#6003,#6004);
#6002 = CARTESIAN_POINT('',(-0.1,-15.54,7.4));
#6003 = DIRECTION('',(7.850462293414E-17,0.707106781187,0.707106781187)
  );
#6004 = DIRECTION('',(7.850462293414E-17,0.707106781187,-0.707106781187)
  );
#6005 = ADVANCED_FACE('',(#6006),#6017,.T.);
#6006 = FACE_BOUND('',#6007,.T.);
#6007 = EDGE_LOOP('',(#6008,#6009,#6010,#6011));
#6008 = ORIENTED_EDGE('',*,*,#4468,.T.);
#6009 = ORIENTED_EDGE('',*,*,#4331,.T.);
#6010 = ORIENTED_EDGE('',*,*,#4356,.T.);
#6011 = ORIENTED_EDGE('',*,*,#6012,.T.);
#6012 = EDGE_CURVE('',#4357,#4461,#6013,.T.);
#6013 = LINE('',#6014,#6015);
#6014 = CARTESIAN_POINT('',(0.1,-12.7,0.9));
#6015 = VECTOR('',#6016,1.);
#6016 = DIRECTION('',(-1.110223024625E-16,-1.,0.));
#6017 = PLANE('',#6018);
#6018 = AXIS2_PLACEMENT_3D('',#6019,#6020,#6021);
#6019 = CARTESIAN_POINT('',(-1.370662842485E-15,-12.7,0.9));
#6020 = DIRECTION('',(0.,0.,1.));
#6021 = DIRECTION('',(1.110223024625E-16,1.,-0.));
#6022 = ADVANCED_FACE('',(#6023),#6034,.T.);
#6023 = FACE_BOUND('',#6024,.T.);
#6024 = EDGE_LOOP('',(#6025,#6026,#6032,#6033));
#6025 = ORIENTED_EDGE('',*,*,#4436,.T.);
#6026 = ORIENTED_EDGE('',*,*,#6027,.F.);
#6027 = EDGE_CURVE('',#4381,#4437,#6028,.T.);
#6028 = LINE('',#6029,#6030);
#6029 = CARTESIAN_POINT('',(-0.1,-12.7,0.9));
#6030 = VECTOR('',#6031,1.);
#6031 = DIRECTION('',(-1.110223024625E-16,-1.,0.));
#6032 = ORIENTED_EDGE('',*,*,#4388,.T.);
#6033 = ORIENTED_EDGE('',*,*,#4411,.T.);
#6034 = PLANE('',#6035);
#6035 = AXIS2_PLACEMENT_3D('',#6036,#6037,#6038);
#6036 = CARTESIAN_POINT('',(-1.370662842485E-15,-12.7,0.9));
#6037 = DIRECTION('',(0.,0.,1.));
#6038 = DIRECTION('',(1.110223024625E-16,1.,-0.));
#6039 = ADVANCED_FACE('',(#6040),#6083,.T.);
#6040 = FACE_BOUND('',#6041,.T.);
#6041 = EDGE_LOOP('',(#6042,#6043,#6051,#6059,#6067,#6075,#6081,#6082));
#6042 = ORIENTED_EDGE('',*,*,#4444,.F.);
#6043 = ORIENTED_EDGE('',*,*,#6044,.T.);
#6044 = EDGE_CURVE('',#4445,#6045,#6047,.T.);
#6045 = VERTEX_POINT('',#6046);
#6046 = CARTESIAN_POINT('',(-0.1,-12.95,7.35));
#6047 = LINE('',#6048,#6049);
#6048 = CARTESIAN_POINT('',(-0.1,-13.,7.4));
#6049 = VECTOR('',#6050,1.);
#6050 = DIRECTION('',(7.850462293414E-17,0.707106781187,-0.707106781187)
  );
#6051 = ORIENTED_EDGE('',*,*,#6052,.T.);
#6052 = EDGE_CURVE('',#6045,#6053,#6055,.T.);
#6053 = VERTEX_POINT('',#6054);
#6054 = CARTESIAN_POINT('',(-0.1,-12.95,1.25));
#6055 = LINE('',#6056,#6057);
#6056 = CARTESIAN_POINT('',(-0.1,-12.95,7.35));
#6057 = VECTOR('',#6058,1.);
#6058 = DIRECTION('',(0.,0.,-1.));
#6059 = ORIENTED_EDGE('',*,*,#6060,.T.);
#6060 = EDGE_CURVE('',#6053,#6061,#6063,.T.);
#6061 = VERTEX_POINT('',#6062);
#6062 = CARTESIAN_POINT('',(-0.1,-12.45,1.25));
#6063 = LINE('',#6064,#6065);
#6064 = CARTESIAN_POINT('',(-0.1,-12.95,1.25));
#6065 = VECTOR('',#6066,1.);
#6066 = DIRECTION('',(1.110223024625E-16,1.,0.));
#6067 = ORIENTED_EDGE('',*,*,#6068,.T.);
#6068 = EDGE_CURVE('',#6061,#6069,#6071,.T.);
#6069 = VERTEX_POINT('',#6070);
#6070 = CARTESIAN_POINT('',(-0.1,-12.45,7.35));
#6071 = LINE('',#6072,#6073);
#6072 = CARTESIAN_POINT('',(-0.1,-12.45,1.25));
#6073 = VECTOR('',#6074,1.);
#6074 = DIRECTION('',(0.,0.,1.));
#6075 = ORIENTED_EDGE('',*,*,#6076,.T.);
#6076 = EDGE_CURVE('',#6069,#4373,#6077,.T.);
#6077 = LINE('',#6078,#6079);
#6078 = CARTESIAN_POINT('',(-0.1,-12.45,7.35));
#6079 = VECTOR('',#6080,1.);
#6080 = DIRECTION('',(7.850462293414E-17,0.707106781187,0.707106781187)
  );
#6081 = ORIENTED_EDGE('',*,*,#4380,.F.);
#6082 = ORIENTED_EDGE('',*,*,#6027,.T.);
#6083 = PLANE('',#6084);
#6084 = AXIS2_PLACEMENT_3D('',#6085,#6086,#6087);
#6085 = CARTESIAN_POINT('',(-0.1,-12.7,3.911477598424));
#6086 = DIRECTION('',(-1.,1.110223024625E-16,0.));
#6087 = DIRECTION('',(0.,0.,1.));
#6088 = ADVANCED_FACE('',(#6089),#6107,.T.);
#6089 = FACE_BOUND('',#6090,.T.);
#6090 = EDGE_LOOP('',(#6091,#6099,#6105,#6106));
#6091 = ORIENTED_EDGE('',*,*,#6092,.T.);
#6092 = EDGE_CURVE('',#6069,#6093,#6095,.T.);
#6093 = VERTEX_POINT('',#6094);
#6094 = CARTESIAN_POINT('',(0.1,-12.45,7.35));
#6095 = LINE('',#6096,#6097);
#6096 = CARTESIAN_POINT('',(-0.1,-12.45,7.35));
#6097 = VECTOR('',#6098,1.);
#6098 = DIRECTION('',(1.,-1.110223024625E-16,0.));
#6099 = ORIENTED_EDGE('',*,*,#6100,.T.);
#6100 = EDGE_CURVE('',#6093,#4365,#6101,.T.);
#6101 = LINE('',#6102,#6103);
#6102 = CARTESIAN_POINT('',(0.1,-12.45,7.35));
#6103 = VECTOR('',#6104,1.);
#6104 = DIRECTION('',(7.850462293414E-17,0.707106781187,0.707106781187)
  );
#6105 = ORIENTED_EDGE('',*,*,#4372,.F.);
#6106 = ORIENTED_EDGE('',*,*,#6076,.F.);
#6107 = PLANE('',#6108);
#6108 = AXIS2_PLACEMENT_3D('',#6109,#6110,#6111);
#6109 = CARTESIAN_POINT('',(-0.1,-12.45,7.35));
#6110 = DIRECTION('',(-7.850462293414E-17,-0.707106781187,0.707106781187
    ));
#6111 = DIRECTION('',(7.850462293414E-17,0.707106781187,0.707106781187)
  );
#6112 = ADVANCED_FACE('',(#6113),#6149,.F.);
#6113 = FACE_BOUND('',#6114,.F.);
#6114 = EDGE_LOOP('',(#6115,#6116,#6124,#6132,#6140,#6146,#6147,#6148));
#6115 = ORIENTED_EDGE('',*,*,#4460,.F.);
#6116 = ORIENTED_EDGE('',*,*,#6117,.T.);
#6117 = EDGE_CURVE('',#4453,#6118,#6120,.T.);
#6118 = VERTEX_POINT('',#6119);
#6119 = CARTESIAN_POINT('',(0.1,-12.95,7.35));
#6120 = LINE('',#6121,#6122);
#6121 = CARTESIAN_POINT('',(0.1,-13.,7.4));
#6122 = VECTOR('',#6123,1.);
#6123 = DIRECTION('',(7.850462293414E-17,0.707106781187,-0.707106781187)
  );
#6124 = ORIENTED_EDGE('',*,*,#6125,.T.);
#6125 = EDGE_CURVE('',#6118,#6126,#6128,.T.);
#6126 = VERTEX_POINT('',#6127);
#6127 = CARTESIAN_POINT('',(0.1,-12.95,1.25));
#6128 = LINE('',#6129,#6130);
#6129 = CARTESIAN_POINT('',(0.1,-12.95,7.35));
#6130 = VECTOR('',#6131,1.);
#6131 = DIRECTION('',(0.,0.,-1.));
#6132 = ORIENTED_EDGE('',*,*,#6133,.T.);
#6133 = EDGE_CURVE('',#6126,#6134,#6136,.T.);
#6134 = VERTEX_POINT('',#6135);
#6135 = CARTESIAN_POINT('',(0.1,-12.45,1.25));
#6136 = LINE('',#6137,#6138);
#6137 = CARTESIAN_POINT('',(0.1,-12.95,1.25));
#6138 = VECTOR('',#6139,1.);
#6139 = DIRECTION('',(1.110223024625E-16,1.,0.));
#6140 = ORIENTED_EDGE('',*,*,#6141,.T.);
#6141 = EDGE_CURVE('',#6134,#6093,#6142,.T.);
#6142 = LINE('',#6143,#6144);
#6143 = CARTESIAN_POINT('',(0.1,-12.45,1.25));
#6144 = VECTOR('',#6145,1.);
#6145 = DIRECTION('',(0.,0.,1.));
#6146 = ORIENTED_EDGE('',*,*,#6100,.T.);
#6147 = ORIENTED_EDGE('',*,*,#4364,.F.);
#6148 = ORIENTED_EDGE('',*,*,#6012,.T.);
#6149 = PLANE('',#6150);
#6150 = AXIS2_PLACEMENT_3D('',#6151,#6152,#6153);
#6151 = CARTESIAN_POINT('',(0.1,-12.7,3.911477598424));
#6152 = DIRECTION('',(-1.,1.110223024625E-16,0.));
#6153 = DIRECTION('',(0.,0.,1.));
#6154 = ADVANCED_FACE('',(#6155),#6166,.T.);
#6155 = FACE_BOUND('',#6156,.T.);
#6156 = EDGE_LOOP('',(#6157,#6158,#6159,#6165));
#6157 = ORIENTED_EDGE('',*,*,#4452,.T.);
#6158 = ORIENTED_EDGE('',*,*,#6117,.T.);
#6159 = ORIENTED_EDGE('',*,*,#6160,.F.);
#6160 = EDGE_CURVE('',#6045,#6118,#6161,.T.);
#6161 = LINE('',#6162,#6163);
#6162 = CARTESIAN_POINT('',(-0.1,-12.95,7.35));
#6163 = VECTOR('',#6164,1.);
#6164 = DIRECTION('',(1.,-1.110223024625E-16,0.));
#6165 = ORIENTED_EDGE('',*,*,#6044,.F.);
#6166 = PLANE('',#6167);
#6167 = AXIS2_PLACEMENT_3D('',#6168,#6169,#6170);
#6168 = CARTESIAN_POINT('',(-0.1,-13.,7.4));
#6169 = DIRECTION('',(7.850462293414E-17,0.707106781187,0.707106781187)
  );
#6170 = DIRECTION('',(7.850462293414E-17,0.707106781187,-0.707106781187)
  );
#6171 = ADVANCED_FACE('',(#6172),#6183,.T.);
#6172 = FACE_BOUND('',#6173,.T.);
#6173 = EDGE_LOOP('',(#6174,#6175,#6176,#6177));
#6174 = ORIENTED_EDGE('',*,*,#4628,.T.);
#6175 = ORIENTED_EDGE('',*,*,#4491,.T.);
#6176 = ORIENTED_EDGE('',*,*,#4516,.T.);
#6177 = ORIENTED_EDGE('',*,*,#6178,.T.);
#6178 = EDGE_CURVE('',#4517,#4621,#6179,.T.);
#6179 = LINE('',#6180,#6181);
#6180 = CARTESIAN_POINT('',(0.1,-10.16,0.9));
#6181 = VECTOR('',#6182,1.);
#6182 = DIRECTION('',(-1.110223024625E-16,-1.,0.));
#6183 = PLANE('',#6184);
#6184 = AXIS2_PLACEMENT_3D('',#6185,#6186,#6187);
#6185 = CARTESIAN_POINT('',(-1.08866619423E-15,-10.16,0.9));
#6186 = DIRECTION('',(0.,0.,1.));
#6187 = DIRECTION('',(1.110223024625E-16,1.,-0.));
#6188 = ADVANCED_FACE('',(#6189),#6200,.T.);
#6189 = FACE_BOUND('',#6190,.T.);
#6190 = EDGE_LOOP('',(#6191,#6192,#6198,#6199));
#6191 = ORIENTED_EDGE('',*,*,#4596,.T.);
#6192 = ORIENTED_EDGE('',*,*,#6193,.F.);
#6193 = EDGE_CURVE('',#4541,#4597,#6194,.T.);
#6194 = LINE('',#6195,#6196);
#6195 = CARTESIAN_POINT('',(-0.1,-10.16,0.9));
#6196 = VECTOR('',#6197,1.);
#6197 = DIRECTION('',(-1.110223024625E-16,-1.,0.));
#6198 = ORIENTED_EDGE('',*,*,#4548,.T.);
#6199 = ORIENTED_EDGE('',*,*,#4571,.T.);
#6200 = PLANE('',#6201);
#6201 = AXIS2_PLACEMENT_3D('',#6202,#6203,#6204);
#6202 = CARTESIAN_POINT('',(-1.08866619423E-15,-10.16,0.9));
#6203 = DIRECTION('',(0.,0.,1.));
#6204 = DIRECTION('',(1.110223024625E-16,1.,-0.));
#6205 = ADVANCED_FACE('',(#6206),#6249,.T.);
#6206 = FACE_BOUND('',#6207,.T.);
#6207 = EDGE_LOOP('',(#6208,#6209,#6217,#6225,#6233,#6241,#6247,#6248));
#6208 = ORIENTED_EDGE('',*,*,#4604,.F.);
#6209 = ORIENTED_EDGE('',*,*,#6210,.T.);
#6210 = EDGE_CURVE('',#4605,#6211,#6213,.T.);
#6211 = VERTEX_POINT('',#6212);
#6212 = CARTESIAN_POINT('',(-0.1,-10.41,7.35));
#6213 = LINE('',#6214,#6215);
#6214 = CARTESIAN_POINT('',(-0.1,-10.46,7.4));
#6215 = VECTOR('',#6216,1.);
#6216 = DIRECTION('',(7.850462293414E-17,0.707106781187,-0.707106781187)
  );
#6217 = ORIENTED_EDGE('',*,*,#6218,.T.);
#6218 = EDGE_CURVE('',#6211,#6219,#6221,.T.);
#6219 = VERTEX_POINT('',#6220);
#6220 = CARTESIAN_POINT('',(-0.1,-10.41,1.25));
#6221 = LINE('',#6222,#6223);
#6222 = CARTESIAN_POINT('',(-0.1,-10.41,7.35));
#6223 = VECTOR('',#6224,1.);
#6224 = DIRECTION('',(0.,0.,-1.));
#6225 = ORIENTED_EDGE('',*,*,#6226,.T.);
#6226 = EDGE_CURVE('',#6219,#6227,#6229,.T.);
#6227 = VERTEX_POINT('',#6228);
#6228 = CARTESIAN_POINT('',(-0.1,-9.91,1.25));
#6229 = LINE('',#6230,#6231);
#6230 = CARTESIAN_POINT('',(-0.1,-10.41,1.25));
#6231 = VECTOR('',#6232,1.);
#6232 = DIRECTION('',(1.110223024625E-16,1.,0.));
#6233 = ORIENTED_EDGE('',*,*,#6234,.T.);
#6234 = EDGE_CURVE('',#6227,#6235,#6237,.T.);
#6235 = VERTEX_POINT('',#6236);
#6236 = CARTESIAN_POINT('',(-0.1,-9.91,7.35));
#6237 = LINE('',#6238,#6239);
#6238 = CARTESIAN_POINT('',(-0.1,-9.91,1.25));
#6239 = VECTOR('',#6240,1.);
#6240 = DIRECTION('',(0.,0.,1.));
#6241 = ORIENTED_EDGE('',*,*,#6242,.T.);
#6242 = EDGE_CURVE('',#6235,#4533,#6243,.T.);
#6243 = LINE('',#6244,#6245);
#6244 = CARTESIAN_POINT('',(-0.1,-9.91,7.35));
#6245 = VECTOR('',#6246,1.);
#6246 = DIRECTION('',(7.850462293414E-17,0.707106781187,0.707106781187)
  );
#6247 = ORIENTED_EDGE('',*,*,#4540,.F.);
#6248 = ORIENTED_EDGE('',*,*,#6193,.T.);
#6249 = PLANE('',#6250);
#6250 = AXIS2_PLACEMENT_3D('',#6251,#6252,#6253);
#6251 = CARTESIAN_POINT('',(-0.1,-10.16,3.911477598424));
#6252 = DIRECTION('',(-1.,1.110223024625E-16,0.));
#6253 = DIRECTION('',(0.,0.,1.));
#6254 = ADVANCED_FACE('',(#6255),#6273,.T.);
#6255 = FACE_BOUND('',#6256,.T.);
#6256 = EDGE_LOOP('',(#6257,#6265,#6271,#6272));
#6257 = ORIENTED_EDGE('',*,*,#6258,.T.);
#6258 = EDGE_CURVE('',#6235,#6259,#6261,.T.);
#6259 = VERTEX_POINT('',#6260);
#6260 = CARTESIAN_POINT('',(0.1,-9.91,7.35));
#6261 = LINE('',#6262,#6263);
#6262 = CARTESIAN_POINT('',(-0.1,-9.91,7.35));
#6263 = VECTOR('',#6264,1.);
#6264 = DIRECTION('',(1.,-1.110223024625E-16,0.));
#6265 = ORIENTED_EDGE('',*,*,#6266,.T.);
#6266 = EDGE_CURVE('',#6259,#4525,#6267,.T.);
#6267 = LINE('',#6268,#6269);
#6268 = CARTESIAN_POINT('',(0.1,-9.91,7.35));
#6269 = VECTOR('',#6270,1.);
#6270 = DIRECTION('',(7.850462293414E-17,0.707106781187,0.707106781187)
  );
#6271 = ORIENTED_EDGE('',*,*,#4532,.F.);
#6272 = ORIENTED_EDGE('',*,*,#6242,.F.);
#6273 = PLANE('',#6274);
#6274 = AXIS2_PLACEMENT_3D('',#6275,#6276,#6277);
#6275 = CARTESIAN_POINT('',(-0.1,-9.91,7.35));
#6276 = DIRECTION('',(-7.850462293414E-17,-0.707106781187,0.707106781187
    ));
#6277 = DIRECTION('',(7.850462293414E-17,0.707106781187,0.707106781187)
  );
#6278 = ADVANCED_FACE('',(#6279),#6315,.F.);
#6279 = FACE_BOUND('',#6280,.F.);
#6280 = EDGE_LOOP('',(#6281,#6282,#6290,#6298,#6306,#6312,#6313,#6314));
#6281 = ORIENTED_EDGE('',*,*,#4620,.F.);
#6282 = ORIENTED_EDGE('',*,*,#6283,.T.);
#6283 = EDGE_CURVE('',#4613,#6284,#6286,.T.);
#6284 = VERTEX_POINT('',#6285);
#6285 = CARTESIAN_POINT('',(0.1,-10.41,7.35));
#6286 = LINE('',#6287,#6288);
#6287 = CARTESIAN_POINT('',(0.1,-10.46,7.4));
#6288 = VECTOR('',#6289,1.);
#6289 = DIRECTION('',(7.850462293414E-17,0.707106781187,-0.707106781187)
  );
#6290 = ORIENTED_EDGE('',*,*,#6291,.T.);
#6291 = EDGE_CURVE('',#6284,#6292,#6294,.T.);
#6292 = VERTEX_POINT('',#6293);
#6293 = CARTESIAN_POINT('',(0.1,-10.41,1.25));
#6294 = LINE('',#6295,#6296);
#6295 = CARTESIAN_POINT('',(0.1,-10.41,7.35));
#6296 = VECTOR('',#6297,1.);
#6297 = DIRECTION('',(0.,0.,-1.));
#6298 = ORIENTED_EDGE('',*,*,#6299,.T.);
#6299 = EDGE_CURVE('',#6292,#6300,#6302,.T.);
#6300 = VERTEX_POINT('',#6301);
#6301 = CARTESIAN_POINT('',(0.1,-9.91,1.25));
#6302 = LINE('',#6303,#6304);
#6303 = CARTESIAN_POINT('',(0.1,-10.41,1.25));
#6304 = VECTOR('',#6305,1.);
#6305 = DIRECTION('',(1.110223024625E-16,1.,0.));
#6306 = ORIENTED_EDGE('',*,*,#6307,.T.);
#6307 = EDGE_CURVE('',#6300,#6259,#6308,.T.);
#6308 = LINE('',#6309,#6310);
#6309 = CARTESIAN_POINT('',(0.1,-9.91,1.25));
#6310 = VECTOR('',#6311,1.);
#6311 = DIRECTION('',(0.,0.,1.));
#6312 = ORIENTED_EDGE('',*,*,#6266,.T.);
#6313 = ORIENTED_EDGE('',*,*,#4524,.F.);
#6314 = ORIENTED_EDGE('',*,*,#6178,.T.);
#6315 = PLANE('',#6316);
#6316 = AXIS2_PLACEMENT_3D('',#6317,#6318,#6319);
#6317 = CARTESIAN_POINT('',(0.1,-10.16,3.911477598424));
#6318 = DIRECTION('',(-1.,1.110223024625E-16,0.));
#6319 = DIRECTION('',(0.,0.,1.));
#6320 = ADVANCED_FACE('',(#6321),#6332,.T.);
#6321 = FACE_BOUND('',#6322,.T.);
#6322 = EDGE_LOOP('',(#6323,#6324,#6325,#6331));
#6323 = ORIENTED_EDGE('',*,*,#4612,.T.);
#6324 = ORIENTED_EDGE('',*,*,#6283,.T.);
#6325 = ORIENTED_EDGE('',*,*,#6326,.F.);
#6326 = EDGE_CURVE('',#6211,#6284,#6327,.T.);
#6327 = LINE('',#6328,#6329);
#6328 = CARTESIAN_POINT('',(-0.1,-10.41,7.35));
#6329 = VECTOR('',#6330,1.);
#6330 = DIRECTION('',(1.,-1.110223024625E-16,0.));
#6331 = ORIENTED_EDGE('',*,*,#6210,.F.);
#6332 = PLANE('',#6333);
#6333 = AXIS2_PLACEMENT_3D('',#6334,#6335,#6336);
#6334 = CARTESIAN_POINT('',(-0.1,-10.46,7.4));
#6335 = DIRECTION('',(7.850462293414E-17,0.707106781187,0.707106781187)
  );
#6336 = DIRECTION('',(7.850462293414E-17,0.707106781187,-0.707106781187)
  );
#6337 = ADVANCED_FACE('',(#6338),#6349,.T.);
#6338 = FACE_BOUND('',#6339,.T.);
#6339 = EDGE_LOOP('',(#6340,#6341,#6342,#6343));
#6340 = ORIENTED_EDGE('',*,*,#4788,.T.);
#6341 = ORIENTED_EDGE('',*,*,#4651,.T.);
#6342 = ORIENTED_EDGE('',*,*,#4676,.T.);
#6343 = ORIENTED_EDGE('',*,*,#6344,.T.);
#6344 = EDGE_CURVE('',#4677,#4781,#6345,.T.);
#6345 = LINE('',#6346,#6347);
#6346 = CARTESIAN_POINT('',(0.1,-7.62,0.9));
#6347 = VECTOR('',#6348,1.);
#6348 = DIRECTION('',(-1.110223024625E-16,-1.,0.));
#6349 = PLANE('',#6350);
#6350 = AXIS2_PLACEMENT_3D('',#6351,#6352,#6353);
#6351 = CARTESIAN_POINT('',(-8.066695459756E-16,-7.62,0.9));
#6352 = DIRECTION('',(0.,0.,1.));
#6353 = DIRECTION('',(1.110223024625E-16,1.,-0.));
#6354 = ADVANCED_FACE('',(#6355),#6366,.T.);
#6355 = FACE_BOUND('',#6356,.T.);
#6356 = EDGE_LOOP('',(#6357,#6358,#6364,#6365));
#6357 = ORIENTED_EDGE('',*,*,#4756,.T.);
#6358 = ORIENTED_EDGE('',*,*,#6359,.F.);
#6359 = EDGE_CURVE('',#4701,#4757,#6360,.T.);
#6360 = LINE('',#6361,#6362);
#6361 = CARTESIAN_POINT('',(-0.1,-7.62,0.9));
#6362 = VECTOR('',#6363,1.);
#6363 = DIRECTION('',(-1.110223024625E-16,-1.,0.));
#6364 = ORIENTED_EDGE('',*,*,#4708,.T.);
#6365 = ORIENTED_EDGE('',*,*,#4731,.T.);
#6366 = PLANE('',#6367);
#6367 = AXIS2_PLACEMENT_3D('',#6368,#6369,#6370);
#6368 = CARTESIAN_POINT('',(-8.066695459756E-16,-7.62,0.9));
#6369 = DIRECTION('',(0.,0.,1.));
#6370 = DIRECTION('',(1.110223024625E-16,1.,-0.));
#6371 = ADVANCED_FACE('',(#6372),#6415,.T.);
#6372 = FACE_BOUND('',#6373,.T.);
#6373 = EDGE_LOOP('',(#6374,#6375,#6383,#6391,#6399,#6407,#6413,#6414));
#6374 = ORIENTED_EDGE('',*,*,#4764,.F.);
#6375 = ORIENTED_EDGE('',*,*,#6376,.T.);
#6376 = EDGE_CURVE('',#4765,#6377,#6379,.T.);
#6377 = VERTEX_POINT('',#6378);
#6378 = CARTESIAN_POINT('',(-0.1,-7.87,7.35));
#6379 = LINE('',#6380,#6381);
#6380 = CARTESIAN_POINT('',(-0.1,-7.92,7.4));
#6381 = VECTOR('',#6382,1.);
#6382 = DIRECTION('',(7.850462293414E-17,0.707106781187,-0.707106781187)
  );
#6383 = ORIENTED_EDGE('',*,*,#6384,.T.);
#6384 = EDGE_CURVE('',#6377,#6385,#6387,.T.);
#6385 = VERTEX_POINT('',#6386);
#6386 = CARTESIAN_POINT('',(-0.1,-7.87,1.25));
#6387 = LINE('',#6388,#6389);
#6388 = CARTESIAN_POINT('',(-0.1,-7.87,7.35));
#6389 = VECTOR('',#6390,1.);
#6390 = DIRECTION('',(0.,0.,-1.));
#6391 = ORIENTED_EDGE('',*,*,#6392,.T.);
#6392 = EDGE_CURVE('',#6385,#6393,#6395,.T.);
#6393 = VERTEX_POINT('',#6394);
#6394 = CARTESIAN_POINT('',(-0.1,-7.37,1.25));
#6395 = LINE('',#6396,#6397);
#6396 = CARTESIAN_POINT('',(-0.1,-7.87,1.25));
#6397 = VECTOR('',#6398,1.);
#6398 = DIRECTION('',(1.110223024625E-16,1.,0.));
#6399 = ORIENTED_EDGE('',*,*,#6400,.T.);
#6400 = EDGE_CURVE('',#6393,#6401,#6403,.T.);
#6401 = VERTEX_POINT('',#6402);
#6402 = CARTESIAN_POINT('',(-0.1,-7.37,7.35));
#6403 = LINE('',#6404,#6405);
#6404 = CARTESIAN_POINT('',(-0.1,-7.37,1.25));
#6405 = VECTOR('',#6406,1.);
#6406 = DIRECTION('',(0.,0.,1.));
#6407 = ORIENTED_EDGE('',*,*,#6408,.T.);
#6408 = EDGE_CURVE('',#6401,#4693,#6409,.T.);
#6409 = LINE('',#6410,#6411);
#6410 = CARTESIAN_POINT('',(-0.1,-7.37,7.35));
#6411 = VECTOR('',#6412,1.);
#6412 = DIRECTION('',(7.850462293414E-17,0.707106781187,0.707106781187)
  );
#6413 = ORIENTED_EDGE('',*,*,#4700,.F.);
#6414 = ORIENTED_EDGE('',*,*,#6359,.T.);
#6415 = PLANE('',#6416);
#6416 = AXIS2_PLACEMENT_3D('',#6417,#6418,#6419);
#6417 = CARTESIAN_POINT('',(-0.1,-7.62,3.911477598424));
#6418 = DIRECTION('',(-1.,1.110223024625E-16,0.));
#6419 = DIRECTION('',(0.,0.,1.));
#6420 = ADVANCED_FACE('',(#6421),#6439,.T.);
#6421 = FACE_BOUND('',#6422,.T.);
#6422 = EDGE_LOOP('',(#6423,#6431,#6437,#6438));
#6423 = ORIENTED_EDGE('',*,*,#6424,.T.);
#6424 = EDGE_CURVE('',#6401,#6425,#6427,.T.);
#6425 = VERTEX_POINT('',#6426);
#6426 = CARTESIAN_POINT('',(0.1,-7.37,7.35));
#6427 = LINE('',#6428,#6429);
#6428 = CARTESIAN_POINT('',(-0.1,-7.37,7.35));
#6429 = VECTOR('',#6430,1.);
#6430 = DIRECTION('',(1.,-1.110223024625E-16,0.));
#6431 = ORIENTED_EDGE('',*,*,#6432,.T.);
#6432 = EDGE_CURVE('',#6425,#4685,#6433,.T.);
#6433 = LINE('',#6434,#6435);
#6434 = CARTESIAN_POINT('',(0.1,-7.37,7.35));
#6435 = VECTOR('',#6436,1.);
#6436 = DIRECTION('',(7.850462293414E-17,0.707106781187,0.707106781187)
  );
#6437 = ORIENTED_EDGE('',*,*,#4692,.F.);
#6438 = ORIENTED_EDGE('',*,*,#6408,.F.);
#6439 = PLANE('',#6440);
#6440 = AXIS2_PLACEMENT_3D('',#6441,#6442,#6443);
#6441 = CARTESIAN_POINT('',(-0.1,-7.37,7.35));
#6442 = DIRECTION('',(-7.850462293414E-17,-0.707106781187,0.707106781187
    ));
#6443 = DIRECTION('',(7.850462293414E-17,0.707106781187,0.707106781187)
  );
#6444 = ADVANCED_FACE('',(#6445),#6481,.F.);
#6445 = FACE_BOUND('',#6446,.F.);
#6446 = EDGE_LOOP('',(#6447,#6448,#6456,#6464,#6472,#6478,#6479,#6480));
#6447 = ORIENTED_EDGE('',*,*,#4780,.F.);
#6448 = ORIENTED_EDGE('',*,*,#6449,.T.);
#6449 = EDGE_CURVE('',#4773,#6450,#6452,.T.);
#6450 = VERTEX_POINT('',#6451);
#6451 = CARTESIAN_POINT('',(0.1,-7.87,7.35));
#6452 = LINE('',#6453,#6454);
#6453 = CARTESIAN_POINT('',(0.1,-7.92,7.4));
#6454 = VECTOR('',#6455,1.);
#6455 = DIRECTION('',(7.850462293414E-17,0.707106781187,-0.707106781187)
  );
#6456 = ORIENTED_EDGE('',*,*,#6457,.T.);
#6457 = EDGE_CURVE('',#6450,#6458,#6460,.T.);
#6458 = VERTEX_POINT('',#6459);
#6459 = CARTESIAN_POINT('',(0.1,-7.87,1.25));
#6460 = LINE('',#6461,#6462);
#6461 = CARTESIAN_POINT('',(0.1,-7.87,7.35));
#6462 = VECTOR('',#6463,1.);
#6463 = DIRECTION('',(0.,0.,-1.));
#6464 = ORIENTED_EDGE('',*,*,#6465,.T.);
#6465 = EDGE_CURVE('',#6458,#6466,#6468,.T.);
#6466 = VERTEX_POINT('',#6467);
#6467 = CARTESIAN_POINT('',(0.1,-7.37,1.25));
#6468 = LINE('',#6469,#6470);
#6469 = CARTESIAN_POINT('',(0.1,-7.87,1.25));
#6470 = VECTOR('',#6471,1.);
#6471 = DIRECTION('',(1.110223024625E-16,1.,0.));
#6472 = ORIENTED_EDGE('',*,*,#6473,.T.);
#6473 = EDGE_CURVE('',#6466,#6425,#6474,.T.);
#6474 = LINE('',#6475,#6476);
#6475 = CARTESIAN_POINT('',(0.1,-7.37,1.25));
#6476 = VECTOR('',#6477,1.);
#6477 = DIRECTION('',(0.,0.,1.));
#6478 = ORIENTED_EDGE('',*,*,#6432,.T.);
#6479 = ORIENTED_EDGE('',*,*,#4684,.F.);
#6480 = ORIENTED_EDGE('',*,*,#6344,.T.);
#6481 = PLANE('',#6482);
#6482 = AXIS2_PLACEMENT_3D('',#6483,#6484,#6485);
#6483 = CARTESIAN_POINT('',(0.1,-7.62,3.911477598424));
#6484 = DIRECTION('',(-1.,1.110223024625E-16,0.));
#6485 = DIRECTION('',(0.,0.,1.));
#6486 = ADVANCED_FACE('',(#6487),#6498,.T.);
#6487 = FACE_BOUND('',#6488,.T.);
#6488 = EDGE_LOOP('',(#6489,#6490,#6491,#6497));
#6489 = ORIENTED_EDGE('',*,*,#4772,.T.);
#6490 = ORIENTED_EDGE('',*,*,#6449,.T.);
#6491 = ORIENTED_EDGE('',*,*,#6492,.F.);
#6492 = EDGE_CURVE('',#6377,#6450,#6493,.T.);
#6493 = LINE('',#6494,#6495);
#6494 = CARTESIAN_POINT('',(-0.1,-7.87,7.35));
#6495 = VECTOR('',#6496,1.);
#6496 = DIRECTION('',(1.,-1.110223024625E-16,0.));
#6497 = ORIENTED_EDGE('',*,*,#6376,.F.);
#6498 = PLANE('',#6499);
#6499 = AXIS2_PLACEMENT_3D('',#6500,#6501,#6502);
#6500 = CARTESIAN_POINT('',(-0.1,-7.92,7.4));
#6501 = DIRECTION('',(7.850462293414E-17,0.707106781187,0.707106781187)
  );
#6502 = DIRECTION('',(7.850462293414E-17,0.707106781187,-0.707106781187)
  );
#6503 = ADVANCED_FACE('',(#6504),#6515,.T.);
#6504 = FACE_BOUND('',#6505,.T.);
#6505 = EDGE_LOOP('',(#6506,#6507,#6508,#6509));
#6506 = ORIENTED_EDGE('',*,*,#4948,.T.);
#6507 = ORIENTED_EDGE('',*,*,#4811,.T.);
#6508 = ORIENTED_EDGE('',*,*,#4836,.T.);
#6509 = ORIENTED_EDGE('',*,*,#6510,.T.);
#6510 = EDGE_CURVE('',#4837,#4941,#6511,.T.);
#6511 = LINE('',#6512,#6513);
#6512 = CARTESIAN_POINT('',(0.1,-5.08,0.9));
#6513 = VECTOR('',#6514,1.);
#6514 = DIRECTION('',(-1.110223024625E-16,-1.,0.));
#6515 = PLANE('',#6516);
#6516 = AXIS2_PLACEMENT_3D('',#6517,#6518,#6519);
#6517 = CARTESIAN_POINT('',(-5.246728977208E-16,-5.08,0.9));
#6518 = DIRECTION('',(0.,0.,1.));
#6519 = DIRECTION('',(1.110223024625E-16,1.,-0.));
#6520 = ADVANCED_FACE('',(#6521),#6532,.T.);
#6521 = FACE_BOUND('',#6522,.T.);
#6522 = EDGE_LOOP('',(#6523,#6524,#6530,#6531));
#6523 = ORIENTED_EDGE('',*,*,#4916,.T.);
#6524 = ORIENTED_EDGE('',*,*,#6525,.F.);
#6525 = EDGE_CURVE('',#4861,#4917,#6526,.T.);
#6526 = LINE('',#6527,#6528);
#6527 = CARTESIAN_POINT('',(-0.1,-5.08,0.9));
#6528 = VECTOR('',#6529,1.);
#6529 = DIRECTION('',(-1.110223024625E-16,-1.,0.));
#6530 = ORIENTED_EDGE('',*,*,#4868,.T.);
#6531 = ORIENTED_EDGE('',*,*,#4891,.T.);
#6532 = PLANE('',#6533);
#6533 = AXIS2_PLACEMENT_3D('',#6534,#6535,#6536);
#6534 = CARTESIAN_POINT('',(-5.246728977208E-16,-5.08,0.9));
#6535 = DIRECTION('',(0.,0.,1.));
#6536 = DIRECTION('',(1.110223024625E-16,1.,-0.));
#6537 = ADVANCED_FACE('',(#6538),#6581,.T.);
#6538 = FACE_BOUND('',#6539,.T.);
#6539 = EDGE_LOOP('',(#6540,#6541,#6549,#6557,#6565,#6573,#6579,#6580));
#6540 = ORIENTED_EDGE('',*,*,#4924,.F.);
#6541 = ORIENTED_EDGE('',*,*,#6542,.T.);
#6542 = EDGE_CURVE('',#4925,#6543,#6545,.T.);
#6543 = VERTEX_POINT('',#6544);
#6544 = CARTESIAN_POINT('',(-0.1,-5.33,7.35));
#6545 = LINE('',#6546,#6547);
#6546 = CARTESIAN_POINT('',(-0.1,-5.38,7.4));
#6547 = VECTOR('',#6548,1.);
#6548 = DIRECTION('',(7.850462293414E-17,0.707106781187,-0.707106781187)
  );
#6549 = ORIENTED_EDGE('',*,*,#6550,.T.);
#6550 = EDGE_CURVE('',#6543,#6551,#6553,.T.);
#6551 = VERTEX_POINT('',#6552);
#6552 = CARTESIAN_POINT('',(-0.1,-5.33,1.25));
#6553 = LINE('',#6554,#6555);
#6554 = CARTESIAN_POINT('',(-0.1,-5.33,7.35));
#6555 = VECTOR('',#6556,1.);
#6556 = DIRECTION('',(0.,0.,-1.));
#6557 = ORIENTED_EDGE('',*,*,#6558,.T.);
#6558 = EDGE_CURVE('',#6551,#6559,#6561,.T.);
#6559 = VERTEX_POINT('',#6560);
#6560 = CARTESIAN_POINT('',(-0.1,-4.83,1.25));
#6561 = LINE('',#6562,#6563);
#6562 = CARTESIAN_POINT('',(-0.1,-5.33,1.25));
#6563 = VECTOR('',#6564,1.);
#6564 = DIRECTION('',(1.110223024625E-16,1.,0.));
#6565 = ORIENTED_EDGE('',*,*,#6566,.T.);
#6566 = EDGE_CURVE('',#6559,#6567,#6569,.T.);
#6567 = VERTEX_POINT('',#6568);
#6568 = CARTESIAN_POINT('',(-0.1,-4.83,7.35));
#6569 = LINE('',#6570,#6571);
#6570 = CARTESIAN_POINT('',(-0.1,-4.83,1.25));
#6571 = VECTOR('',#6572,1.);
#6572 = DIRECTION('',(0.,0.,1.));
#6573 = ORIENTED_EDGE('',*,*,#6574,.T.);
#6574 = EDGE_CURVE('',#6567,#4853,#6575,.T.);
#6575 = LINE('',#6576,#6577);
#6576 = CARTESIAN_POINT('',(-0.1,-4.83,7.35));
#6577 = VECTOR('',#6578,1.);
#6578 = DIRECTION('',(7.850462293414E-17,0.707106781187,0.707106781187)
  );
#6579 = ORIENTED_EDGE('',*,*,#4860,.F.);
#6580 = ORIENTED_EDGE('',*,*,#6525,.T.);
#6581 = PLANE('',#6582);
#6582 = AXIS2_PLACEMENT_3D('',#6583,#6584,#6585);
#6583 = CARTESIAN_POINT('',(-0.1,-5.08,3.911477598424));
#6584 = DIRECTION('',(-1.,1.110223024625E-16,0.));
#6585 = DIRECTION('',(0.,0.,1.));
#6586 = ADVANCED_FACE('',(#6587),#6605,.T.);
#6587 = FACE_BOUND('',#6588,.T.);
#6588 = EDGE_LOOP('',(#6589,#6597,#6603,#6604));
#6589 = ORIENTED_EDGE('',*,*,#6590,.T.);
#6590 = EDGE_CURVE('',#6567,#6591,#6593,.T.);
#6591 = VERTEX_POINT('',#6592);
#6592 = CARTESIAN_POINT('',(0.1,-4.83,7.35));
#6593 = LINE('',#6594,#6595);
#6594 = CARTESIAN_POINT('',(-0.1,-4.83,7.35));
#6595 = VECTOR('',#6596,1.);
#6596 = DIRECTION('',(1.,-1.110223024625E-16,0.));
#6597 = ORIENTED_EDGE('',*,*,#6598,.T.);
#6598 = EDGE_CURVE('',#6591,#4845,#6599,.T.);
#6599 = LINE('',#6600,#6601);
#6600 = CARTESIAN_POINT('',(0.1,-4.83,7.35));
#6601 = VECTOR('',#6602,1.);
#6602 = DIRECTION('',(7.850462293414E-17,0.707106781187,0.707106781187)
  );
#6603 = ORIENTED_EDGE('',*,*,#4852,.F.);
#6604 = ORIENTED_EDGE('',*,*,#6574,.F.);
#6605 = PLANE('',#6606);
#6606 = AXIS2_PLACEMENT_3D('',#6607,#6608,#6609);
#6607 = CARTESIAN_POINT('',(-0.1,-4.83,7.35));
#6608 = DIRECTION('',(-7.850462293414E-17,-0.707106781187,0.707106781187
    ));
#6609 = DIRECTION('',(7.850462293414E-17,0.707106781187,0.707106781187)
  );
#6610 = ADVANCED_FACE('',(#6611),#6647,.F.);
#6611 = FACE_BOUND('',#6612,.F.);
#6612 = EDGE_LOOP('',(#6613,#6614,#6622,#6630,#6638,#6644,#6645,#6646));
#6613 = ORIENTED_EDGE('',*,*,#4940,.F.);
#6614 = ORIENTED_EDGE('',*,*,#6615,.T.);
#6615 = EDGE_CURVE('',#4933,#6616,#6618,.T.);
#6616 = VERTEX_POINT('',#6617);
#6617 = CARTESIAN_POINT('',(0.1,-5.33,7.35));
#6618 = LINE('',#6619,#6620);
#6619 = CARTESIAN_POINT('',(0.1,-5.38,7.4));
#6620 = VECTOR('',#6621,1.);
#6621 = DIRECTION('',(7.850462293414E-17,0.707106781187,-0.707106781187)
  );
#6622 = ORIENTED_EDGE('',*,*,#6623,.T.);
#6623 = EDGE_CURVE('',#6616,#6624,#6626,.T.);
#6624 = VERTEX_POINT('',#6625);
#6625 = CARTESIAN_POINT('',(0.1,-5.33,1.25));
#6626 = LINE('',#6627,#6628);
#6627 = CARTESIAN_POINT('',(0.1,-5.33,7.35));
#6628 = VECTOR('',#6629,1.);
#6629 = DIRECTION('',(0.,0.,-1.));
#6630 = ORIENTED_EDGE('',*,*,#6631,.T.);
#6631 = EDGE_CURVE('',#6624,#6632,#6634,.T.);
#6632 = VERTEX_POINT('',#6633);
#6633 = CARTESIAN_POINT('',(0.1,-4.83,1.25));
#6634 = LINE('',#6635,#6636);
#6635 = CARTESIAN_POINT('',(0.1,-5.33,1.25));
#6636 = VECTOR('',#6637,1.);
#6637 = DIRECTION('',(1.110223024625E-16,1.,0.));
#6638 = ORIENTED_EDGE('',*,*,#6639,.T.);
#6639 = EDGE_CURVE('',#6632,#6591,#6640,.T.);
#6640 = LINE('',#6641,#6642);
#6641 = CARTESIAN_POINT('',(0.1,-4.83,1.25));
#6642 = VECTOR('',#6643,1.);
#6643 = DIRECTION('',(0.,0.,1.));
#6644 = ORIENTED_EDGE('',*,*,#6598,.T.);
#6645 = ORIENTED_EDGE('',*,*,#4844,.F.);
#6646 = ORIENTED_EDGE('',*,*,#6510,.T.);
#6647 = PLANE('',#6648);
#6648 = AXIS2_PLACEMENT_3D('',#6649,#6650,#6651);
#6649 = CARTESIAN_POINT('',(0.1,-5.08,3.911477598424));
#6650 = DIRECTION('',(-1.,1.110223024625E-16,0.));
#6651 = DIRECTION('',(0.,0.,1.));
#6652 = ADVANCED_FACE('',(#6653),#6664,.T.);
#6653 = FACE_BOUND('',#6654,.T.);
#6654 = EDGE_LOOP('',(#6655,#6656,#6657,#6663));
#6655 = ORIENTED_EDGE('',*,*,#4932,.T.);
#6656 = ORIENTED_EDGE('',*,*,#6615,.T.);
#6657 = ORIENTED_EDGE('',*,*,#6658,.F.);
#6658 = EDGE_CURVE('',#6543,#6616,#6659,.T.);
#6659 = LINE('',#6660,#6661);
#6660 = CARTESIAN_POINT('',(-0.1,-5.33,7.35));
#6661 = VECTOR('',#6662,1.);
#6662 = DIRECTION('',(1.,-1.110223024625E-16,0.));
#6663 = ORIENTED_EDGE('',*,*,#6542,.F.);
#6664 = PLANE('',#6665);
#6665 = AXIS2_PLACEMENT_3D('',#6666,#6667,#6668);
#6666 = CARTESIAN_POINT('',(-0.1,-5.38,7.4));
#6667 = DIRECTION('',(7.850462293414E-17,0.707106781187,0.707106781187)
  );
#6668 = DIRECTION('',(7.850462293414E-17,0.707106781187,-0.707106781187)
  );
#6669 = ADVANCED_FACE('',(#6670),#6681,.T.);
#6670 = FACE_BOUND('',#6671,.T.);
#6671 = EDGE_LOOP('',(#6672,#6673,#6674,#6675));
#6672 = ORIENTED_EDGE('',*,*,#5108,.T.);
#6673 = ORIENTED_EDGE('',*,*,#4971,.T.);
#6674 = ORIENTED_EDGE('',*,*,#4996,.T.);
#6675 = ORIENTED_EDGE('',*,*,#6676,.T.);
#6676 = EDGE_CURVE('',#4997,#5101,#6677,.T.);
#6677 = LINE('',#6678,#6679);
#6678 = CARTESIAN_POINT('',(0.1,-2.54,0.9));
#6679 = VECTOR('',#6680,1.);
#6680 = DIRECTION('',(-1.110223024625E-16,-1.,0.));
#6681 = PLANE('',#6682);
#6682 = AXIS2_PLACEMENT_3D('',#6683,#6684,#6685);
#6683 = CARTESIAN_POINT('',(-2.42676249466E-16,-2.54,0.9));
#6684 = DIRECTION('',(0.,0.,1.));
#6685 = DIRECTION('',(1.110223024625E-16,1.,-0.));
#6686 = ADVANCED_FACE('',(#6687),#6698,.T.);
#6687 = FACE_BOUND('',#6688,.T.);
#6688 = EDGE_LOOP('',(#6689,#6690,#6696,#6697));
#6689 = ORIENTED_EDGE('',*,*,#5076,.T.);
#6690 = ORIENTED_EDGE('',*,*,#6691,.F.);
#6691 = EDGE_CURVE('',#5021,#5077,#6692,.T.);
#6692 = LINE('',#6693,#6694);
#6693 = CARTESIAN_POINT('',(-0.1,-2.54,0.9));
#6694 = VECTOR('',#6695,1.);
#6695 = DIRECTION('',(-1.110223024625E-16,-1.,0.));
#6696 = ORIENTED_EDGE('',*,*,#5028,.T.);
#6697 = ORIENTED_EDGE('',*,*,#5051,.T.);
#6698 = PLANE('',#6699);
#6699 = AXIS2_PLACEMENT_3D('',#6700,#6701,#6702);
#6700 = CARTESIAN_POINT('',(-2.42676249466E-16,-2.54,0.9));
#6701 = DIRECTION('',(0.,0.,1.));
#6702 = DIRECTION('',(1.110223024625E-16,1.,-0.));
#6703 = ADVANCED_FACE('',(#6704),#6747,.T.);
#6704 = FACE_BOUND('',#6705,.T.);
#6705 = EDGE_LOOP('',(#6706,#6707,#6715,#6723,#6731,#6739,#6745,#6746));
#6706 = ORIENTED_EDGE('',*,*,#5084,.F.);
#6707 = ORIENTED_EDGE('',*,*,#6708,.T.);
#6708 = EDGE_CURVE('',#5085,#6709,#6711,.T.);
#6709 = VERTEX_POINT('',#6710);
#6710 = CARTESIAN_POINT('',(-0.1,-2.79,7.35));
#6711 = LINE('',#6712,#6713);
#6712 = CARTESIAN_POINT('',(-0.1,-2.84,7.4));
#6713 = VECTOR('',#6714,1.);
#6714 = DIRECTION('',(7.850462293414E-17,0.707106781187,-0.707106781187)
  );
#6715 = ORIENTED_EDGE('',*,*,#6716,.T.);
#6716 = EDGE_CURVE('',#6709,#6717,#6719,.T.);
#6717 = VERTEX_POINT('',#6718);
#6718 = CARTESIAN_POINT('',(-0.1,-2.79,1.25));
#6719 = LINE('',#6720,#6721);
#6720 = CARTESIAN_POINT('',(-0.1,-2.79,7.35));
#6721 = VECTOR('',#6722,1.);
#6722 = DIRECTION('',(0.,0.,-1.));
#6723 = ORIENTED_EDGE('',*,*,#6724,.T.);
#6724 = EDGE_CURVE('',#6717,#6725,#6727,.T.);
#6725 = VERTEX_POINT('',#6726);
#6726 = CARTESIAN_POINT('',(-0.1,-2.29,1.25));
#6727 = LINE('',#6728,#6729);
#6728 = CARTESIAN_POINT('',(-0.1,-2.79,1.25));
#6729 = VECTOR('',#6730,1.);
#6730 = DIRECTION('',(1.110223024625E-16,1.,0.));
#6731 = ORIENTED_EDGE('',*,*,#6732,.T.);
#6732 = EDGE_CURVE('',#6725,#6733,#6735,.T.);
#6733 = VERTEX_POINT('',#6734);
#6734 = CARTESIAN_POINT('',(-0.1,-2.29,7.35));
#6735 = LINE('',#6736,#6737);
#6736 = CARTESIAN_POINT('',(-0.1,-2.29,1.25));
#6737 = VECTOR('',#6738,1.);
#6738 = DIRECTION('',(0.,0.,1.));
#6739 = ORIENTED_EDGE('',*,*,#6740,.T.);
#6740 = EDGE_CURVE('',#6733,#5013,#6741,.T.);
#6741 = LINE('',#6742,#6743);
#6742 = CARTESIAN_POINT('',(-0.1,-2.29,7.35));
#6743 = VECTOR('',#6744,1.);
#6744 = DIRECTION('',(7.850462293414E-17,0.707106781187,0.707106781187)
  );
#6745 = ORIENTED_EDGE('',*,*,#5020,.F.);
#6746 = ORIENTED_EDGE('',*,*,#6691,.T.);
#6747 = PLANE('',#6748);
#6748 = AXIS2_PLACEMENT_3D('',#6749,#6750,#6751);
#6749 = CARTESIAN_POINT('',(-0.1,-2.54,3.911477598424));
#6750 = DIRECTION('',(-1.,1.110223024625E-16,0.));
#6751 = DIRECTION('',(0.,0.,1.));
#6752 = ADVANCED_FACE('',(#6753),#6771,.T.);
#6753 = FACE_BOUND('',#6754,.T.);
#6754 = EDGE_LOOP('',(#6755,#6763,#6769,#6770));
#6755 = ORIENTED_EDGE('',*,*,#6756,.T.);
#6756 = EDGE_CURVE('',#6733,#6757,#6759,.T.);
#6757 = VERTEX_POINT('',#6758);
#6758 = CARTESIAN_POINT('',(0.1,-2.29,7.35));
#6759 = LINE('',#6760,#6761);
#6760 = CARTESIAN_POINT('',(-0.1,-2.29,7.35));
#6761 = VECTOR('',#6762,1.);
#6762 = DIRECTION('',(1.,-1.110223024625E-16,0.));
#6763 = ORIENTED_EDGE('',*,*,#6764,.T.);
#6764 = EDGE_CURVE('',#6757,#5005,#6765,.T.);
#6765 = LINE('',#6766,#6767);
#6766 = CARTESIAN_POINT('',(0.1,-2.29,7.35));
#6767 = VECTOR('',#6768,1.);
#6768 = DIRECTION('',(7.850462293414E-17,0.707106781187,0.707106781187)
  );
#6769 = ORIENTED_EDGE('',*,*,#5012,.F.);
#6770 = ORIENTED_EDGE('',*,*,#6740,.F.);
#6771 = PLANE('',#6772);
#6772 = AXIS2_PLACEMENT_3D('',#6773,#6774,#6775);
#6773 = CARTESIAN_POINT('',(-0.1,-2.29,7.35));
#6774 = DIRECTION('',(-7.850462293414E-17,-0.707106781187,0.707106781187
    ));
#6775 = DIRECTION('',(7.850462293414E-17,0.707106781187,0.707106781187)
  );
#6776 = ADVANCED_FACE('',(#6777),#6813,.F.);
#6777 = FACE_BOUND('',#6778,.F.);
#6778 = EDGE_LOOP('',(#6779,#6780,#6788,#6796,#6804,#6810,#6811,#6812));
#6779 = ORIENTED_EDGE('',*,*,#5100,.F.);
#6780 = ORIENTED_EDGE('',*,*,#6781,.T.);
#6781 = EDGE_CURVE('',#5093,#6782,#6784,.T.);
#6782 = VERTEX_POINT('',#6783);
#6783 = CARTESIAN_POINT('',(0.1,-2.79,7.35));
#6784 = LINE('',#6785,#6786);
#6785 = CARTESIAN_POINT('',(0.1,-2.84,7.4));
#6786 = VECTOR('',#6787,1.);
#6787 = DIRECTION('',(7.850462293414E-17,0.707106781187,-0.707106781187)
  );
#6788 = ORIENTED_EDGE('',*,*,#6789,.T.);
#6789 = EDGE_CURVE('',#6782,#6790,#6792,.T.);
#6790 = VERTEX_POINT('',#6791);
#6791 = CARTESIAN_POINT('',(0.1,-2.79,1.25));
#6792 = LINE('',#6793,#6794);
#6793 = CARTESIAN_POINT('',(0.1,-2.79,7.35));
#6794 = VECTOR('',#6795,1.);
#6795 = DIRECTION('',(0.,0.,-1.));
#6796 = ORIENTED_EDGE('',*,*,#6797,.T.);
#6797 = EDGE_CURVE('',#6790,#6798,#6800,.T.);
#6798 = VERTEX_POINT('',#6799);
#6799 = CARTESIAN_POINT('',(0.1,-2.29,1.25));
#6800 = LINE('',#6801,#6802);
#6801 = CARTESIAN_POINT('',(0.1,-2.79,1.25));
#6802 = VECTOR('',#6803,1.);
#6803 = DIRECTION('',(1.110223024625E-16,1.,0.));
#6804 = ORIENTED_EDGE('',*,*,#6805,.T.);
#6805 = EDGE_CURVE('',#6798,#6757,#6806,.T.);
#6806 = LINE('',#6807,#6808);
#6807 = CARTESIAN_POINT('',(0.1,-2.29,1.25));
#6808 = VECTOR('',#6809,1.);
#6809 = DIRECTION('',(0.,0.,1.));
#6810 = ORIENTED_EDGE('',*,*,#6764,.T.);
#6811 = ORIENTED_EDGE('',*,*,#5004,.F.);
#6812 = ORIENTED_EDGE('',*,*,#6676,.T.);
#6813 = PLANE('',#6814);
#6814 = AXIS2_PLACEMENT_3D('',#6815,#6816,#6817);
#6815 = CARTESIAN_POINT('',(0.1,-2.54,3.911477598424));
#6816 = DIRECTION('',(-1.,1.110223024625E-16,0.));
#6817 = DIRECTION('',(0.,0.,1.));
#6818 = ADVANCED_FACE('',(#6819),#6830,.T.);
#6819 = FACE_BOUND('',#6820,.T.);
#6820 = EDGE_LOOP('',(#6821,#6822,#6823,#6829));
#6821 = ORIENTED_EDGE('',*,*,#5092,.T.);
#6822 = ORIENTED_EDGE('',*,*,#6781,.T.);
#6823 = ORIENTED_EDGE('',*,*,#6824,.F.);
#6824 = EDGE_CURVE('',#6709,#6782,#6825,.T.);
#6825 = LINE('',#6826,#6827);
#6826 = CARTESIAN_POINT('',(-0.1,-2.79,7.35));
#6827 = VECTOR('',#6828,1.);
#6828 = DIRECTION('',(1.,-1.110223024625E-16,0.));
#6829 = ORIENTED_EDGE('',*,*,#6708,.F.);
#6830 = PLANE('',#6831);
#6831 = AXIS2_PLACEMENT_3D('',#6832,#6833,#6834);
#6832 = CARTESIAN_POINT('',(-0.1,-2.84,7.4));
#6833 = DIRECTION('',(7.850462293414E-17,0.707106781187,0.707106781187)
  );
#6834 = DIRECTION('',(7.850462293414E-17,0.707106781187,-0.707106781187)
  );
#6835 = ADVANCED_FACE('',(#6836),#6847,.T.);
#6836 = FACE_BOUND('',#6837,.T.);
#6837 = EDGE_LOOP('',(#6838,#6839,#6840,#6841));
#6838 = ORIENTED_EDGE('',*,*,#5268,.T.);
#6839 = ORIENTED_EDGE('',*,*,#5131,.T.);
#6840 = ORIENTED_EDGE('',*,*,#5156,.T.);
#6841 = ORIENTED_EDGE('',*,*,#6842,.T.);
#6842 = EDGE_CURVE('',#5157,#5261,#6843,.T.);
#6843 = LINE('',#6844,#6845);
#6844 = CARTESIAN_POINT('',(0.1,8.770761894539E-16,0.9));
#6845 = VECTOR('',#6846,1.);
#6846 = DIRECTION('',(-1.110223024625E-16,-1.,0.));
#6847 = PLANE('',#6848);
#6848 = AXIS2_PLACEMENT_3D('',#6849,#6850,#6851);
#6849 = CARTESIAN_POINT('',(3.932039878881E-17,1.7763568394E-15,0.9));
#6850 = DIRECTION('',(0.,0.,1.));
#6851 = DIRECTION('',(1.110223024625E-16,1.,-0.));
#6852 = ADVANCED_FACE('',(#6853),#6864,.T.);
#6853 = FACE_BOUND('',#6854,.T.);
#6854 = EDGE_LOOP('',(#6855,#6856,#6862,#6863));
#6855 = ORIENTED_EDGE('',*,*,#5236,.T.);
#6856 = ORIENTED_EDGE('',*,*,#6857,.F.);
#6857 = EDGE_CURVE('',#5181,#5237,#6858,.T.);
#6858 = LINE('',#6859,#6860);
#6859 = CARTESIAN_POINT('',(-0.1,8.992806499464E-16,0.9));
#6860 = VECTOR('',#6861,1.);
#6861 = DIRECTION('',(-1.110223024625E-16,-1.,0.));
#6862 = ORIENTED_EDGE('',*,*,#5188,.T.);
#6863 = ORIENTED_EDGE('',*,*,#5211,.T.);
#6864 = PLANE('',#6865);
#6865 = AXIS2_PLACEMENT_3D('',#6866,#6867,#6868);
#6866 = CARTESIAN_POINT('',(3.932039878881E-17,1.7763568394E-15,0.9));
#6867 = DIRECTION('',(0.,0.,1.));
#6868 = DIRECTION('',(1.110223024625E-16,1.,-0.));
#6869 = ADVANCED_FACE('',(#6870),#6913,.T.);
#6870 = FACE_BOUND('',#6871,.T.);
#6871 = EDGE_LOOP('',(#6872,#6873,#6881,#6889,#6897,#6905,#6911,#6912));
#6872 = ORIENTED_EDGE('',*,*,#5244,.F.);
#6873 = ORIENTED_EDGE('',*,*,#6874,.T.);
#6874 = EDGE_CURVE('',#5245,#6875,#6877,.T.);
#6875 = VERTEX_POINT('',#6876);
#6876 = CARTESIAN_POINT('',(-0.1,-0.25,7.35));
#6877 = LINE('',#6878,#6879);
#6878 = CARTESIAN_POINT('',(-0.1,-0.3,7.4));
#6879 = VECTOR('',#6880,1.);
#6880 = DIRECTION('',(7.850462293414E-17,0.707106781187,-0.707106781187)
  );
#6881 = ORIENTED_EDGE('',*,*,#6882,.T.);
#6882 = EDGE_CURVE('',#6875,#6883,#6885,.T.);
#6883 = VERTEX_POINT('',#6884);
#6884 = CARTESIAN_POINT('',(-0.1,-0.25,1.25));
#6885 = LINE('',#6886,#6887);
#6886 = CARTESIAN_POINT('',(-0.1,-0.25,7.35));
#6887 = VECTOR('',#6888,1.);
#6888 = DIRECTION('',(0.,0.,-1.));
#6889 = ORIENTED_EDGE('',*,*,#6890,.T.);
#6890 = EDGE_CURVE('',#6883,#6891,#6893,.T.);
#6891 = VERTEX_POINT('',#6892);
#6892 = CARTESIAN_POINT('',(-0.1,0.25,1.25));
#6893 = LINE('',#6894,#6895);
#6894 = CARTESIAN_POINT('',(-0.1,-0.25,1.25));
#6895 = VECTOR('',#6896,1.);
#6896 = DIRECTION('',(1.110223024625E-16,1.,0.));
#6897 = ORIENTED_EDGE('',*,*,#6898,.T.);
#6898 = EDGE_CURVE('',#6891,#6899,#6901,.T.);
#6899 = VERTEX_POINT('',#6900);
#6900 = CARTESIAN_POINT('',(-0.1,0.25,7.35));
#6901 = LINE('',#6902,#6903);
#6902 = CARTESIAN_POINT('',(-0.1,0.25,1.25));
#6903 = VECTOR('',#6904,1.);
#6904 = DIRECTION('',(0.,0.,1.));
#6905 = ORIENTED_EDGE('',*,*,#6906,.T.);
#6906 = EDGE_CURVE('',#6899,#5173,#6907,.T.);
#6907 = LINE('',#6908,#6909);
#6908 = CARTESIAN_POINT('',(-0.1,0.25,7.35));
#6909 = VECTOR('',#6910,1.);
#6910 = DIRECTION('',(7.850462293414E-17,0.707106781187,0.707106781187)
  );
#6911 = ORIENTED_EDGE('',*,*,#5180,.F.);
#6912 = ORIENTED_EDGE('',*,*,#6857,.T.);
#6913 = PLANE('',#6914);
#6914 = AXIS2_PLACEMENT_3D('',#6915,#6916,#6917);
#6915 = CARTESIAN_POINT('',(-0.1,1.110223024625E-17,3.911477598424));
#6916 = DIRECTION('',(-1.,1.110223024625E-16,0.));
#6917 = DIRECTION('',(0.,0.,1.));
#6918 = ADVANCED_FACE('',(#6919),#6937,.T.);
#6919 = FACE_BOUND('',#6920,.T.);
#6920 = EDGE_LOOP('',(#6921,#6929,#6935,#6936));
#6921 = ORIENTED_EDGE('',*,*,#6922,.T.);
#6922 = EDGE_CURVE('',#6899,#6923,#6925,.T.);
#6923 = VERTEX_POINT('',#6924);
#6924 = CARTESIAN_POINT('',(0.1,0.25,7.35));
#6925 = LINE('',#6926,#6927);
#6926 = CARTESIAN_POINT('',(-0.1,0.25,7.35));
#6927 = VECTOR('',#6928,1.);
#6928 = DIRECTION('',(1.,-1.110223024625E-16,0.));
#6929 = ORIENTED_EDGE('',*,*,#6930,.T.);
#6930 = EDGE_CURVE('',#6923,#5165,#6931,.T.);
#6931 = LINE('',#6932,#6933);
#6932 = CARTESIAN_POINT('',(0.1,0.25,7.35));
#6933 = VECTOR('',#6934,1.);
#6934 = DIRECTION('',(7.850462293414E-17,0.707106781187,0.707106781187)
  );
#6935 = ORIENTED_EDGE('',*,*,#5172,.F.);
#6936 = ORIENTED_EDGE('',*,*,#6906,.F.);
#6937 = PLANE('',#6938);
#6938 = AXIS2_PLACEMENT_3D('',#6939,#6940,#6941);
#6939 = CARTESIAN_POINT('',(-0.1,0.25,7.35));
#6940 = DIRECTION('',(-7.850462293414E-17,-0.707106781187,0.707106781187
    ));
#6941 = DIRECTION('',(7.850462293414E-17,0.707106781187,0.707106781187)
  );
#6942 = ADVANCED_FACE('',(#6943),#6979,.F.);
#6943 = FACE_BOUND('',#6944,.F.);
#6944 = EDGE_LOOP('',(#6945,#6946,#6954,#6962,#6970,#6976,#6977,#6978));
#6945 = ORIENTED_EDGE('',*,*,#5260,.F.);
#6946 = ORIENTED_EDGE('',*,*,#6947,.T.);
#6947 = EDGE_CURVE('',#5253,#6948,#6950,.T.);
#6948 = VERTEX_POINT('',#6949);
#6949 = CARTESIAN_POINT('',(0.1,-0.25,7.35));
#6950 = LINE('',#6951,#6952);
#6951 = CARTESIAN_POINT('',(0.1,-0.3,7.4));
#6952 = VECTOR('',#6953,1.);
#6953 = DIRECTION('',(7.850462293414E-17,0.707106781187,-0.707106781187)
  );
#6954 = ORIENTED_EDGE('',*,*,#6955,.T.);
#6955 = EDGE_CURVE('',#6948,#6956,#6958,.T.);
#6956 = VERTEX_POINT('',#6957);
#6957 = CARTESIAN_POINT('',(0.1,-0.25,1.25));
#6958 = LINE('',#6959,#6960);
#6959 = CARTESIAN_POINT('',(0.1,-0.25,7.35));
#6960 = VECTOR('',#6961,1.);
#6961 = DIRECTION('',(0.,0.,-1.));
#6962 = ORIENTED_EDGE('',*,*,#6963,.T.);
#6963 = EDGE_CURVE('',#6956,#6964,#6966,.T.);
#6964 = VERTEX_POINT('',#6965);
#6965 = CARTESIAN_POINT('',(0.1,0.25,1.25));
#6966 = LINE('',#6967,#6968);
#6967 = CARTESIAN_POINT('',(0.1,-0.25,1.25));
#6968 = VECTOR('',#6969,1.);
#6969 = DIRECTION('',(1.110223024625E-16,1.,0.));
#6970 = ORIENTED_EDGE('',*,*,#6971,.T.);
#6971 = EDGE_CURVE('',#6964,#6923,#6972,.T.);
#6972 = LINE('',#6973,#6974);
#6973 = CARTESIAN_POINT('',(0.1,0.25,1.25));
#6974 = VECTOR('',#6975,1.);
#6975 = DIRECTION('',(0.,0.,1.));
#6976 = ORIENTED_EDGE('',*,*,#6930,.T.);
#6977 = ORIENTED_EDGE('',*,*,#5164,.F.);
#6978 = ORIENTED_EDGE('',*,*,#6842,.T.);
#6979 = PLANE('',#6980);
#6980 = AXIS2_PLACEMENT_3D('',#6981,#6982,#6983);
#6981 = CARTESIAN_POINT('',(0.1,-1.110223024625E-17,3.911477598424));
#6982 = DIRECTION('',(-1.,1.110223024625E-16,0.));
#6983 = DIRECTION('',(0.,0.,1.));
#6984 = ADVANCED_FACE('',(#6985),#6996,.T.);
#6985 = FACE_BOUND('',#6986,.T.);
#6986 = EDGE_LOOP('',(#6987,#6988,#6989,#6995));
#6987 = ORIENTED_EDGE('',*,*,#5252,.T.);
#6988 = ORIENTED_EDGE('',*,*,#6947,.T.);
#6989 = ORIENTED_EDGE('',*,*,#6990,.F.);
#6990 = EDGE_CURVE('',#6875,#6948,#6991,.T.);
#6991 = LINE('',#6992,#6993);
#6992 = CARTESIAN_POINT('',(-0.1,-0.25,7.35));
#6993 = VECTOR('',#6994,1.);
#6994 = DIRECTION('',(1.,-1.110223024625E-16,0.));
#6995 = ORIENTED_EDGE('',*,*,#6874,.F.);
#6996 = PLANE('',#6997);
#6997 = AXIS2_PLACEMENT_3D('',#6998,#6999,#7000);
#6998 = CARTESIAN_POINT('',(-0.1,-0.3,7.4));
#6999 = DIRECTION('',(7.850462293414E-17,0.707106781187,0.707106781187)
  );
#7000 = DIRECTION('',(7.850462293414E-17,0.707106781187,-0.707106781187)
  );
#7001 = ADVANCED_FACE('',(#7002),#7013,.T.);
#7002 = FACE_BOUND('',#7003,.T.);
#7003 = EDGE_LOOP('',(#7004,#7010,#7011,#7012));
#7004 = ORIENTED_EDGE('',*,*,#7005,.T.);
#7005 = EDGE_CURVE('',#5895,#5968,#7006,.T.);
#7006 = LINE('',#7007,#7008);
#7007 = CARTESIAN_POINT('',(-0.1,-14.99,1.25));
#7008 = VECTOR('',#7009,1.);
#7009 = DIRECTION('',(1.,-1.110223024625E-16,0.));
#7010 = ORIENTED_EDGE('',*,*,#5975,.T.);
#7011 = ORIENTED_EDGE('',*,*,#5926,.F.);
#7012 = ORIENTED_EDGE('',*,*,#5902,.F.);
#7013 = PLANE('',#7014);
#7014 = AXIS2_PLACEMENT_3D('',#7015,#7016,#7017);
#7015 = CARTESIAN_POINT('',(-0.1,-14.99,1.25));
#7016 = DIRECTION('',(-1.110223024625E-16,-1.,0.));
#7017 = DIRECTION('',(0.,0.,1.));
#7018 = ADVANCED_FACE('',(#7019),#7030,.T.);
#7019 = FACE_BOUND('',#7020,.T.);
#7020 = EDGE_LOOP('',(#7021,#7027,#7028,#7029));
#7021 = ORIENTED_EDGE('',*,*,#7022,.T.);
#7022 = EDGE_CURVE('',#5887,#5960,#7023,.T.);
#7023 = LINE('',#7024,#7025);
#7024 = CARTESIAN_POINT('',(-0.1,-15.49,1.25));
#7025 = VECTOR('',#7026,1.);
#7026 = DIRECTION('',(1.,-1.110223024625E-16,0.));
#7027 = ORIENTED_EDGE('',*,*,#5967,.T.);
#7028 = ORIENTED_EDGE('',*,*,#7005,.F.);
#7029 = ORIENTED_EDGE('',*,*,#5894,.F.);
#7030 = PLANE('',#7031);
#7031 = AXIS2_PLACEMENT_3D('',#7032,#7033,#7034);
#7032 = CARTESIAN_POINT('',(-0.1,-15.49,1.25));
#7033 = DIRECTION('',(0.,0.,1.));
#7034 = DIRECTION('',(1.110223024625E-16,1.,-0.));
#7035 = ADVANCED_FACE('',(#7036),#7042,.T.);
#7036 = FACE_BOUND('',#7037,.T.);
#7037 = EDGE_LOOP('',(#7038,#7039,#7040,#7041));
#7038 = ORIENTED_EDGE('',*,*,#5994,.T.);
#7039 = ORIENTED_EDGE('',*,*,#5959,.T.);
#7040 = ORIENTED_EDGE('',*,*,#7022,.F.);
#7041 = ORIENTED_EDGE('',*,*,#5886,.F.);
#7042 = PLANE('',#7043);
#7043 = AXIS2_PLACEMENT_3D('',#7044,#7045,#7046);
#7044 = CARTESIAN_POINT('',(-0.1,-15.49,7.35));
#7045 = DIRECTION('',(1.110223024625E-16,1.,0.));
#7046 = DIRECTION('',(0.,0.,-1.));
#7047 = ADVANCED_FACE('',(#7048),#7059,.T.);
#7048 = FACE_BOUND('',#7049,.T.);
#7049 = EDGE_LOOP('',(#7050,#7056,#7057,#7058));
#7050 = ORIENTED_EDGE('',*,*,#7051,.T.);
#7051 = EDGE_CURVE('',#6061,#6134,#7052,.T.);
#7052 = LINE('',#7053,#7054);
#7053 = CARTESIAN_POINT('',(-0.1,-12.45,1.25));
#7054 = VECTOR('',#7055,1.);
#7055 = DIRECTION('',(1.,-1.110223024625E-16,0.));
#7056 = ORIENTED_EDGE('',*,*,#6141,.T.);
#7057 = ORIENTED_EDGE('',*,*,#6092,.F.);
#7058 = ORIENTED_EDGE('',*,*,#6068,.F.);
#7059 = PLANE('',#7060);
#7060 = AXIS2_PLACEMENT_3D('',#7061,#7062,#7063);
#7061 = CARTESIAN_POINT('',(-0.1,-12.45,1.25));
#7062 = DIRECTION('',(-1.110223024625E-16,-1.,0.));
#7063 = DIRECTION('',(0.,0.,1.));
#7064 = ADVANCED_FACE('',(#7065),#7076,.T.);
#7065 = FACE_BOUND('',#7066,.T.);
#7066 = EDGE_LOOP('',(#7067,#7073,#7074,#7075));
#7067 = ORIENTED_EDGE('',*,*,#7068,.T.);
#7068 = EDGE_CURVE('',#6053,#6126,#7069,.T.);
#7069 = LINE('',#7070,#7071);
#7070 = CARTESIAN_POINT('',(-0.1,-12.95,1.25));
#7071 = VECTOR('',#7072,1.);
#7072 = DIRECTION('',(1.,-1.110223024625E-16,0.));
#7073 = ORIENTED_EDGE('',*,*,#6133,.T.);
#7074 = ORIENTED_EDGE('',*,*,#7051,.F.);
#7075 = ORIENTED_EDGE('',*,*,#6060,.F.);
#7076 = PLANE('',#7077);
#7077 = AXIS2_PLACEMENT_3D('',#7078,#7079,#7080);
#7078 = CARTESIAN_POINT('',(-0.1,-12.95,1.25));
#7079 = DIRECTION('',(0.,0.,1.));
#7080 = DIRECTION('',(1.110223024625E-16,1.,-0.));
#7081 = ADVANCED_FACE('',(#7082),#7088,.T.);
#7082 = FACE_BOUND('',#7083,.T.);
#7083 = EDGE_LOOP('',(#7084,#7085,#7086,#7087));
#7084 = ORIENTED_EDGE('',*,*,#6160,.T.);
#7085 = ORIENTED_EDGE('',*,*,#6125,.T.);
#7086 = ORIENTED_EDGE('',*,*,#7068,.F.);
#7087 = ORIENTED_EDGE('',*,*,#6052,.F.);
#7088 = PLANE('',#7089);
#7089 = AXIS2_PLACEMENT_3D('',#7090,#7091,#7092);
#7090 = CARTESIAN_POINT('',(-0.1,-12.95,7.35));
#7091 = DIRECTION('',(1.110223024625E-16,1.,0.));
#7092 = DIRECTION('',(0.,0.,-1.));
#7093 = ADVANCED_FACE('',(#7094),#7105,.T.);
#7094 = FACE_BOUND('',#7095,.T.);
#7095 = EDGE_LOOP('',(#7096,#7102,#7103,#7104));
#7096 = ORIENTED_EDGE('',*,*,#7097,.T.);
#7097 = EDGE_CURVE('',#6227,#6300,#7098,.T.);
#7098 = LINE('',#7099,#7100);
#7099 = CARTESIAN_POINT('',(-0.1,-9.91,1.25));
#7100 = VECTOR('',#7101,1.);
#7101 = DIRECTION('',(1.,-1.110223024625E-16,0.));
#7102 = ORIENTED_EDGE('',*,*,#6307,.T.);
#7103 = ORIENTED_EDGE('',*,*,#6258,.F.);
#7104 = ORIENTED_EDGE('',*,*,#6234,.F.);
#7105 = PLANE('',#7106);
#7106 = AXIS2_PLACEMENT_3D('',#7107,#7108,#7109);
#7107 = CARTESIAN_POINT('',(-0.1,-9.91,1.25));
#7108 = DIRECTION('',(-1.110223024625E-16,-1.,0.));
#7109 = DIRECTION('',(0.,0.,1.));
#7110 = ADVANCED_FACE('',(#7111),#7122,.T.);
#7111 = FACE_BOUND('',#7112,.T.);
#7112 = EDGE_LOOP('',(#7113,#7119,#7120,#7121));
#7113 = ORIENTED_EDGE('',*,*,#7114,.T.);
#7114 = EDGE_CURVE('',#6219,#6292,#7115,.T.);
#7115 = LINE('',#7116,#7117);
#7116 = CARTESIAN_POINT('',(-0.1,-10.41,1.25));
#7117 = VECTOR('',#7118,1.);
#7118 = DIRECTION('',(1.,-1.110223024625E-16,0.));
#7119 = ORIENTED_EDGE('',*,*,#6299,.T.);
#7120 = ORIENTED_EDGE('',*,*,#7097,.F.);
#7121 = ORIENTED_EDGE('',*,*,#6226,.F.);
#7122 = PLANE('',#7123);
#7123 = AXIS2_PLACEMENT_3D('',#7124,#7125,#7126);
#7124 = CARTESIAN_POINT('',(-0.1,-10.41,1.25));
#7125 = DIRECTION('',(0.,0.,1.));
#7126 = DIRECTION('',(1.110223024625E-16,1.,-0.));
#7127 = ADVANCED_FACE('',(#7128),#7134,.T.);
#7128 = FACE_BOUND('',#7129,.T.);
#7129 = EDGE_LOOP('',(#7130,#7131,#7132,#7133));
#7130 = ORIENTED_EDGE('',*,*,#6326,.T.);
#7131 = ORIENTED_EDGE('',*,*,#6291,.T.);
#7132 = ORIENTED_EDGE('',*,*,#7114,.F.);
#7133 = ORIENTED_EDGE('',*,*,#6218,.F.);
#7134 = PLANE('',#7135);
#7135 = AXIS2_PLACEMENT_3D('',#7136,#7137,#7138);
#7136 = CARTESIAN_POINT('',(-0.1,-10.41,7.35));
#7137 = DIRECTION('',(1.110223024625E-16,1.,0.));
#7138 = DIRECTION('',(0.,0.,-1.));
#7139 = ADVANCED_FACE('',(#7140),#7151,.T.);
#7140 = FACE_BOUND('',#7141,.T.);
#7141 = EDGE_LOOP('',(#7142,#7148,#7149,#7150));
#7142 = ORIENTED_EDGE('',*,*,#7143,.T.);
#7143 = EDGE_CURVE('',#6393,#6466,#7144,.T.);
#7144 = LINE('',#7145,#7146);
#7145 = CARTESIAN_POINT('',(-0.1,-7.37,1.25));
#7146 = VECTOR('',#7147,1.);
#7147 = DIRECTION('',(1.,-1.110223024625E-16,0.));
#7148 = ORIENTED_EDGE('',*,*,#6473,.T.);
#7149 = ORIENTED_EDGE('',*,*,#6424,.F.);
#7150 = ORIENTED_EDGE('',*,*,#6400,.F.);
#7151 = PLANE('',#7152);
#7152 = AXIS2_PLACEMENT_3D('',#7153,#7154,#7155);
#7153 = CARTESIAN_POINT('',(-0.1,-7.37,1.25));
#7154 = DIRECTION('',(-1.110223024625E-16,-1.,0.));
#7155 = DIRECTION('',(0.,0.,1.));
#7156 = ADVANCED_FACE('',(#7157),#7168,.T.);
#7157 = FACE_BOUND('',#7158,.T.);
#7158 = EDGE_LOOP('',(#7159,#7165,#7166,#7167));
#7159 = ORIENTED_EDGE('',*,*,#7160,.T.);
#7160 = EDGE_CURVE('',#6385,#6458,#7161,.T.);
#7161 = LINE('',#7162,#7163);
#7162 = CARTESIAN_POINT('',(-0.1,-7.87,1.25));
#7163 = VECTOR('',#7164,1.);
#7164 = DIRECTION('',(1.,-1.110223024625E-16,0.));
#7165 = ORIENTED_EDGE('',*,*,#6465,.T.);
#7166 = ORIENTED_EDGE('',*,*,#7143,.F.);
#7167 = ORIENTED_EDGE('',*,*,#6392,.F.);
#7168 = PLANE('',#7169);
#7169 = AXIS2_PLACEMENT_3D('',#7170,#7171,#7172);
#7170 = CARTESIAN_POINT('',(-0.1,-7.87,1.25));
#7171 = DIRECTION('',(0.,0.,1.));
#7172 = DIRECTION('',(1.110223024625E-16,1.,-0.));
#7173 = ADVANCED_FACE('',(#7174),#7180,.T.);
#7174 = FACE_BOUND('',#7175,.T.);
#7175 = EDGE_LOOP('',(#7176,#7177,#7178,#7179));
#7176 = ORIENTED_EDGE('',*,*,#6492,.T.);
#7177 = ORIENTED_EDGE('',*,*,#6457,.T.);
#7178 = ORIENTED_EDGE('',*,*,#7160,.F.);
#7179 = ORIENTED_EDGE('',*,*,#6384,.F.);
#7180 = PLANE('',#7181);
#7181 = AXIS2_PLACEMENT_3D('',#7182,#7183,#7184);
#7182 = CARTESIAN_POINT('',(-0.1,-7.87,7.35));
#7183 = DIRECTION('',(1.110223024625E-16,1.,0.));
#7184 = DIRECTION('',(0.,0.,-1.));
#7185 = ADVANCED_FACE('',(#7186),#7197,.T.);
#7186 = FACE_BOUND('',#7187,.T.);
#7187 = EDGE_LOOP('',(#7188,#7194,#7195,#7196));
#7188 = ORIENTED_EDGE('',*,*,#7189,.T.);
#7189 = EDGE_CURVE('',#6559,#6632,#7190,.T.);
#7190 = LINE('',#7191,#7192);
#7191 = CARTESIAN_POINT('',(-0.1,-4.83,1.25));
#7192 = VECTOR('',#7193,1.);
#7193 = DIRECTION('',(1.,-1.110223024625E-16,0.));
#7194 = ORIENTED_EDGE('',*,*,#6639,.T.);
#7195 = ORIENTED_EDGE('',*,*,#6590,.F.);
#7196 = ORIENTED_EDGE('',*,*,#6566,.F.);
#7197 = PLANE('',#7198);
#7198 = AXIS2_PLACEMENT_3D('',#7199,#7200,#7201);
#7199 = CARTESIAN_POINT('',(-0.1,-4.83,1.25));
#7200 = DIRECTION('',(-1.110223024625E-16,-1.,0.));
#7201 = DIRECTION('',(0.,0.,1.));
#7202 = ADVANCED_FACE('',(#7203),#7214,.T.);
#7203 = FACE_BOUND('',#7204,.T.);
#7204 = EDGE_LOOP('',(#7205,#7211,#7212,#7213));
#7205 = ORIENTED_EDGE('',*,*,#7206,.T.);
#7206 = EDGE_CURVE('',#6551,#6624,#7207,.T.);
#7207 = LINE('',#7208,#7209);
#7208 = CARTESIAN_POINT('',(-0.1,-5.33,1.25));
#7209 = VECTOR('',#7210,1.);
#7210 = DIRECTION('',(1.,-1.110223024625E-16,0.));
#7211 = ORIENTED_EDGE('',*,*,#6631,.T.);
#7212 = ORIENTED_EDGE('',*,*,#7189,.F.);
#7213 = ORIENTED_EDGE('',*,*,#6558,.F.);
#7214 = PLANE('',#7215);
#7215 = AXIS2_PLACEMENT_3D('',#7216,#7217,#7218);
#7216 = CARTESIAN_POINT('',(-0.1,-5.33,1.25));
#7217 = DIRECTION('',(0.,0.,1.));
#7218 = DIRECTION('',(1.110223024625E-16,1.,-0.));
#7219 = ADVANCED_FACE('',(#7220),#7226,.T.);
#7220 = FACE_BOUND('',#7221,.T.);
#7221 = EDGE_LOOP('',(#7222,#7223,#7224,#7225));
#7222 = ORIENTED_EDGE('',*,*,#6658,.T.);
#7223 = ORIENTED_EDGE('',*,*,#6623,.T.);
#7224 = ORIENTED_EDGE('',*,*,#7206,.F.);
#7225 = ORIENTED_EDGE('',*,*,#6550,.F.);
#7226 = PLANE('',#7227);
#7227 = AXIS2_PLACEMENT_3D('',#7228,#7229,#7230);
#7228 = CARTESIAN_POINT('',(-0.1,-5.33,7.35));
#7229 = DIRECTION('',(1.110223024625E-16,1.,0.));
#7230 = DIRECTION('',(0.,0.,-1.));
#7231 = ADVANCED_FACE('',(#7232),#7243,.T.);
#7232 = FACE_BOUND('',#7233,.T.);
#7233 = EDGE_LOOP('',(#7234,#7240,#7241,#7242));
#7234 = ORIENTED_EDGE('',*,*,#7235,.T.);
#7235 = EDGE_CURVE('',#6725,#6798,#7236,.T.);
#7236 = LINE('',#7237,#7238);
#7237 = CARTESIAN_POINT('',(-0.1,-2.29,1.25));
#7238 = VECTOR('',#7239,1.);
#7239 = DIRECTION('',(1.,-1.110223024625E-16,0.));
#7240 = ORIENTED_EDGE('',*,*,#6805,.T.);
#7241 = ORIENTED_EDGE('',*,*,#6756,.F.);
#7242 = ORIENTED_EDGE('',*,*,#6732,.F.);
#7243 = PLANE('',#7244);
#7244 = AXIS2_PLACEMENT_3D('',#7245,#7246,#7247);
#7245 = CARTESIAN_POINT('',(-0.1,-2.29,1.25));
#7246 = DIRECTION('',(-1.110223024625E-16,-1.,0.));
#7247 = DIRECTION('',(0.,0.,1.));
#7248 = ADVANCED_FACE('',(#7249),#7260,.T.);
#7249 = FACE_BOUND('',#7250,.T.);
#7250 = EDGE_LOOP('',(#7251,#7257,#7258,#7259));
#7251 = ORIENTED_EDGE('',*,*,#7252,.T.);
#7252 = EDGE_CURVE('',#6717,#6790,#7253,.T.);
#7253 = LINE('',#7254,#7255);
#7254 = CARTESIAN_POINT('',(-0.1,-2.79,1.25));
#7255 = VECTOR('',#7256,1.);
#7256 = DIRECTION('',(1.,-1.110223024625E-16,0.));
#7257 = ORIENTED_EDGE('',*,*,#6797,.T.);
#7258 = ORIENTED_EDGE('',*,*,#7235,.F.);
#7259 = ORIENTED_EDGE('',*,*,#6724,.F.);
#7260 = PLANE('',#7261);
#7261 = AXIS2_PLACEMENT_3D('',#7262,#7263,#7264);
#7262 = CARTESIAN_POINT('',(-0.1,-2.79,1.25));
#7263 = DIRECTION('',(0.,0.,1.));
#7264 = DIRECTION('',(1.110223024625E-16,1.,-0.));
#7265 = ADVANCED_FACE('',(#7266),#7272,.T.);
#7266 = FACE_BOUND('',#7267,.T.);
#7267 = EDGE_LOOP('',(#7268,#7269,#7270,#7271));
#7268 = ORIENTED_EDGE('',*,*,#6824,.T.);
#7269 = ORIENTED_EDGE('',*,*,#6789,.T.);
#7270 = ORIENTED_EDGE('',*,*,#7252,.F.);
#7271 = ORIENTED_EDGE('',*,*,#6716,.F.);
#7272 = PLANE('',#7273);
#7273 = AXIS2_PLACEMENT_3D('',#7274,#7275,#7276);
#7274 = CARTESIAN_POINT('',(-0.1,-2.79,7.35));
#7275 = DIRECTION('',(1.110223024625E-16,1.,0.));
#7276 = DIRECTION('',(0.,0.,-1.));
#7277 = ADVANCED_FACE('',(#7278),#7289,.T.);
#7278 = FACE_BOUND('',#7279,.T.);
#7279 = EDGE_LOOP('',(#7280,#7286,#7287,#7288));
#7280 = ORIENTED_EDGE('',*,*,#7281,.T.);
#7281 = EDGE_CURVE('',#6891,#6964,#7282,.T.);
#7282 = LINE('',#7283,#7284);
#7283 = CARTESIAN_POINT('',(-0.1,0.25,1.25));
#7284 = VECTOR('',#7285,1.);
#7285 = DIRECTION('',(1.,-1.110223024625E-16,0.));
#7286 = ORIENTED_EDGE('',*,*,#6971,.T.);
#7287 = ORIENTED_EDGE('',*,*,#6922,.F.);
#7288 = ORIENTED_EDGE('',*,*,#6898,.F.);
#7289 = PLANE('',#7290);
#7290 = AXIS2_PLACEMENT_3D('',#7291,#7292,#7293);
#7291 = CARTESIAN_POINT('',(-0.1,0.25,1.25));
#7292 = DIRECTION('',(-1.110223024625E-16,-1.,0.));
#7293 = DIRECTION('',(0.,0.,1.));
#7294 = ADVANCED_FACE('',(#7295),#7306,.T.);
#7295 = FACE_BOUND('',#7296,.T.);
#7296 = EDGE_LOOP('',(#7297,#7303,#7304,#7305));
#7297 = ORIENTED_EDGE('',*,*,#7298,.T.);
#7298 = EDGE_CURVE('',#6883,#6956,#7299,.T.);
#7299 = LINE('',#7300,#7301);
#7300 = CARTESIAN_POINT('',(-0.1,-0.25,1.25));
#7301 = VECTOR('',#7302,1.);
#7302 = DIRECTION('',(1.,-1.110223024625E-16,0.));
#7303 = ORIENTED_EDGE('',*,*,#6963,.T.);
#7304 = ORIENTED_EDGE('',*,*,#7281,.F.);
#7305 = ORIENTED_EDGE('',*,*,#6890,.F.);
#7306 = PLANE('',#7307);
#7307 = AXIS2_PLACEMENT_3D('',#7308,#7309,#7310);
#7308 = CARTESIAN_POINT('',(-0.1,-0.25,1.25));
#7309 = DIRECTION('',(0.,0.,1.));
#7310 = DIRECTION('',(1.110223024625E-16,1.,-0.));
#7311 = ADVANCED_FACE('',(#7312),#7318,.T.);
#7312 = FACE_BOUND('',#7313,.T.);
#7313 = EDGE_LOOP('',(#7314,#7315,#7316,#7317));
#7314 = ORIENTED_EDGE('',*,*,#6990,.T.);
#7315 = ORIENTED_EDGE('',*,*,#6955,.T.);
#7316 = ORIENTED_EDGE('',*,*,#7298,.F.);
#7317 = ORIENTED_EDGE('',*,*,#6882,.F.);
#7318 = PLANE('',#7319);
#7319 = AXIS2_PLACEMENT_3D('',#7320,#7321,#7322);
#7320 = CARTESIAN_POINT('',(-0.1,-0.25,7.35));
#7321 = DIRECTION('',(1.110223024625E-16,1.,0.));
#7322 = DIRECTION('',(0.,0.,-1.));
#7323 = ( GEOMETRIC_REPRESENTATION_CONTEXT(3) 
GLOBAL_UNCERTAINTY_ASSIGNED_CONTEXT((#7327)) 
GLOBAL_UNIT_ASSIGNED_CONTEXT((#7324,#7325,#7326)) REPRESENTATION_CONTEXT
('Context #1','3D Context with UNIT and UNCERTAINTY') );
#7324 = ( LENGTH_UNIT() NAMED_UNIT(*) SI_UNIT(.MILLI.,.METRE.) );
#7325 = ( NAMED_UNIT(*) PLANE_ANGLE_UNIT() SI_UNIT($,.RADIAN.) );
#7326 = ( NAMED_UNIT(*) SI_UNIT($,.STERADIAN.) SOLID_ANGLE_UNIT() );
#7327 = UNCERTAINTY_MEASURE_WITH_UNIT(LENGTH_MEASURE(1.E-07),#7324,
  'distance_accuracy_value','confusion accuracy');
#7328 = CONTEXT_DEPENDENT_SHAPE_REPRESENTATION(#7329,#7331);
#7329 = ( REPRESENTATION_RELATIONSHIP('','',#1608,#10) 
REPRESENTATION_RELATIONSHIP_WITH_TRANSFORMATION(#7330) 
SHAPE_REPRESENTATION_RELATIONSHIP() );
#7330 = ITEM_DEFINED_TRANSFORMATION('','',#11,#31);
#7331 = PRODUCT_DEFINITION_SHAPE('Placement','Placement of an item',
  #7332);
#7332 = NEXT_ASSEMBLY_USAGE_OCCURRENCE('5','J1','',#5,#1603,$);
#7333 = PRODUCT_RELATED_PRODUCT_CATEGORY('part',$,(#1605));
#7334 = CONTEXT_DEPENDENT_SHAPE_REPRESENTATION(#7335,#7337);
#7335 = ( REPRESENTATION_RELATIONSHIP('','',#534,#10) 
REPRESENTATION_RELATIONSHIP_WITH_TRANSFORMATION(#7336) 
SHAPE_REPRESENTATION_RELATIONSHIP() );
#7336 = ITEM_DEFINED_TRANSFORMATION('','',#11,#35);
#7337 = PRODUCT_DEFINITION_SHAPE('Placement','Placement of an item',
  #7338);
#7338 = NEXT_ASSEMBLY_USAGE_OCCURRENCE('6','R1','',#5,#529,$);
#7339 = CONTEXT_DEPENDENT_SHAPE_REPRESENTATION(#7340,#7342);
#7340 = ( REPRESENTATION_RELATIONSHIP('','',#534,#10) 
REPRESENTATION_RELATIONSHIP_WITH_TRANSFORMATION(#7341) 
SHAPE_REPRESENTATION_RELATIONSHIP() );
#7341 = ITEM_DEFINED_TRANSFORMATION('','',#11,#39);
#7342 = PRODUCT_DEFINITION_SHAPE('Placement','Placement of an item',
  #7343);
#7343 = NEXT_ASSEMBLY_USAGE_OCCURRENCE('7','R12','',#5,#529,$);
#7344 = CONTEXT_DEPENDENT_SHAPE_REPRESENTATION(#7345,#7347);
#7345 = ( REPRESENTATION_RELATIONSHIP('','',#534,#10) 
REPRESENTATION_RELATIONSHIP_WITH_TRANSFORMATION(#7346) 
SHAPE_REPRESENTATION_RELATIONSHIP() );
#7346 = ITEM_DEFINED_TRANSFORMATION('','',#11,#43);
#7347 = PRODUCT_DEFINITION_SHAPE('Placement','Placement of an item',
  #7348);
#7348 = NEXT_ASSEMBLY_USAGE_OCCURRENCE('8','R2','',#5,#529,$);
#7349 = SHAPE_DEFINITION_REPRESENTATION(#7350,#7356);
#7350 = PRODUCT_DEFINITION_SHAPE('','',#7351);
#7351 = PRODUCT_DEFINITION('design','',#7352,#7355);
#7352 = PRODUCT_DEFINITION_FORMATION('','',#7353);
#7353 = PRODUCT('C_Radial_D8.0mm_H7.0mm_P3.50mm',
  'C_Radial_D8.0mm_H7.0mm_P3.50mm','',(#7354));
#7354 = PRODUCT_CONTEXT('',#2,'mechanical');
#7355 = PRODUCT_DEFINITION_CONTEXT('part definition',#2,'design');
#7356 = ADVANCED_BREP_SHAPE_REPRESENTATION('',(#11,#7357),#8344);
#7357 = BREP_WITH_VOIDS('',#7358,(#8281));
#7358 = CLOSED_SHELL('',(#7359,#7376,#7401,#7432,#7457,#7482,#7502,#7511
    ,#7541,#7576,#7649,#7689,#7762,#7787,#7813,#7833,#8003,#8073,#8097,
    #8113,#8125,#8149,#8165,#8177,#8201,#8217,#8229,#8253,#8269));
#7359 = ADVANCED_FACE('',(#7360),#7371,.F.);
#7360 = FACE_BOUND('',#7361,.F.);
#7361 = EDGE_LOOP('',(#7362));
#7362 = ORIENTED_EDGE('',*,*,#7363,.T.);
#7363 = EDGE_CURVE('',#7364,#7364,#7366,.T.);
#7364 = VERTEX_POINT('',#7365);
#7365 = CARTESIAN_POINT('',(3.2,-1.775737858764E-16,-1.9));
#7366 = CIRCLE('',#7367,0.3);
#7367 = AXIS2_PLACEMENT_3D('',#7368,#7369,#7370);
#7368 = CARTESIAN_POINT('',(3.5,-2.143131898508E-16,-1.9));
#7369 = DIRECTION('',(0.,0.,1.));
#7370 = DIRECTION('',(-1.,1.224646799147E-16,0.));
#7371 = PLANE('',#7372);
#7372 = AXIS2_PLACEMENT_3D('',#7373,#7374,#7375);
#7373 = CARTESIAN_POINT('',(3.5,-2.198719319184E-16,-1.9));
#7374 = DIRECTION('',(-1.369550182675E-31,-3.287982278012E-33,1.));
#7375 = DIRECTION('',(-1.,1.224646799147E-16,-1.369550182675E-31));
#7376 = ADVANCED_FACE('',(#7377),#7396,.T.);
#7377 = FACE_BOUND('',#7378,.T.);
#7378 = EDGE_LOOP('',(#7379,#7388,#7394,#7395));
#7379 = ORIENTED_EDGE('',*,*,#7380,.F.);
#7380 = EDGE_CURVE('',#7381,#7381,#7383,.T.);
#7381 = VERTEX_POINT('',#7382);
#7382 = CARTESIAN_POINT('',(3.2,-1.775737858764E-16,0.2));
#7383 = CIRCLE('',#7384,0.3);
#7384 = AXIS2_PLACEMENT_3D('',#7385,#7386,#7387);
#7385 = CARTESIAN_POINT('',(3.5,-2.143131898508E-16,0.2));
#7386 = DIRECTION('',(0.,0.,1.));
#7387 = DIRECTION('',(-1.,1.224646799147E-16,0.));
#7388 = ORIENTED_EDGE('',*,*,#7389,.T.);
#7389 = EDGE_CURVE('',#7381,#7364,#7390,.T.);
#7390 = LINE('',#7391,#7392);
#7391 = CARTESIAN_POINT('',(3.2,-1.775737858764E-16,0.3));
#7392 = VECTOR('',#7393,1.);
#7393 = DIRECTION('',(0.,0.,-1.));
#7394 = ORIENTED_EDGE('',*,*,#7363,.T.);
#7395 = ORIENTED_EDGE('',*,*,#7389,.F.);
#7396 = CYLINDRICAL_SURFACE('',#7397,0.3);
#7397 = AXIS2_PLACEMENT_3D('',#7398,#7399,#7400);
#7398 = CARTESIAN_POINT('',(3.5,-2.143131898508E-16,0.3));
#7399 = DIRECTION('',(0.,0.,1.));
#7400 = DIRECTION('',(-1.,1.224646799147E-16,0.));
#7401 = ADVANCED_FACE('',(#7402,#7413,#7416),#7427,.F.);
#7402 = FACE_BOUND('',#7403,.F.);
#7403 = EDGE_LOOP('',(#7404));
#7404 = ORIENTED_EDGE('',*,*,#7405,.T.);
#7405 = EDGE_CURVE('',#7406,#7406,#7408,.T.);
#7406 = VERTEX_POINT('',#7407);
#7407 = CARTESIAN_POINT('',(4.55,-6.858022075225E-16,0.2));
#7408 = CIRCLE('',#7409,2.8);
#7409 = AXIS2_PLACEMENT_3D('',#7410,#7411,#7412);
#7410 = CARTESIAN_POINT('',(1.75,0.,0.2));
#7411 = DIRECTION('',(-0.,0.,1.));
#7412 = DIRECTION('',(1.,-2.449293598295E-16,0.));
#7413 = FACE_BOUND('',#7414,.F.);
#7414 = EDGE_LOOP('',(#7415));
#7415 = ORIENTED_EDGE('',*,*,#7380,.F.);
#7416 = FACE_BOUND('',#7417,.F.);
#7417 = EDGE_LOOP('',(#7418));
#7418 = ORIENTED_EDGE('',*,*,#7419,.F.);
#7419 = EDGE_CURVE('',#7420,#7420,#7422,.T.);
#7420 = VERTEX_POINT('',#7421);
#7421 = CARTESIAN_POINT('',(-0.3,2.510525938252E-16,0.2));
#7422 = CIRCLE('',#7423,0.3);
#7423 = AXIS2_PLACEMENT_3D('',#7424,#7425,#7426);
#7424 = CARTESIAN_POINT('',(0.,2.143131898508E-16,0.2));
#7425 = DIRECTION('',(0.,0.,1.));
#7426 = DIRECTION('',(-1.,1.224646799147E-16,0.));
#7427 = PLANE('',#7428);
#7428 = AXIS2_PLACEMENT_3D('',#7429,#7430,#7431);
#7429 = CARTESIAN_POINT('',(1.75,1.29885370033E-16,0.2));
#7430 = DIRECTION('',(-5.240625699013E-34,8.554528276292E-35,1.));
#7431 = DIRECTION('',(1.,-2.449293598295E-16,5.240625699013E-34));
#7432 = ADVANCED_FACE('',(#7433),#7452,.F.);
#7433 = FACE_BOUND('',#7434,.F.);
#7434 = EDGE_LOOP('',(#7435,#7436,#7444,#7451));
#7435 = ORIENTED_EDGE('',*,*,#7405,.F.);
#7436 = ORIENTED_EDGE('',*,*,#7437,.T.);
#7437 = EDGE_CURVE('',#7406,#7438,#7440,.T.);
#7438 = VERTEX_POINT('',#7439);
#7439 = CARTESIAN_POINT('',(4.55,-6.858022075225E-16,0.));
#7440 = LINE('',#7441,#7442);
#7441 = CARTESIAN_POINT('',(4.55,-6.858022075225E-16,0.3));
#7442 = VECTOR('',#7443,1.);
#7443 = DIRECTION('',(0.,0.,-1.));
#7444 = ORIENTED_EDGE('',*,*,#7445,.F.);
#7445 = EDGE_CURVE('',#7438,#7438,#7446,.T.);
#7446 = CIRCLE('',#7447,2.8);
#7447 = AXIS2_PLACEMENT_3D('',#7448,#7449,#7450);
#7448 = CARTESIAN_POINT('',(1.75,0.,0.));
#7449 = DIRECTION('',(0.,-0.,-1.));
#7450 = DIRECTION('',(1.,-2.449293598295E-16,0.));
#7451 = ORIENTED_EDGE('',*,*,#7437,.F.);
#7452 = CYLINDRICAL_SURFACE('',#7453,2.8);
#7453 = AXIS2_PLACEMENT_3D('',#7454,#7455,#7456);
#7454 = CARTESIAN_POINT('',(1.75,0.,0.3));
#7455 = DIRECTION('',(0.,0.,-1.));
#7456 = DIRECTION('',(1.,-2.449293598295E-16,0.));
#7457 = ADVANCED_FACE('',(#7458),#7477,.T.);
#7458 = FACE_BOUND('',#7459,.T.);
#7459 = EDGE_LOOP('',(#7460,#7461,#7469,#7476));
#7460 = ORIENTED_EDGE('',*,*,#7419,.F.);
#7461 = ORIENTED_EDGE('',*,*,#7462,.T.);
#7462 = EDGE_CURVE('',#7420,#7463,#7465,.T.);
#7463 = VERTEX_POINT('',#7464);
#7464 = CARTESIAN_POINT('',(-0.3,2.510525938252E-16,-2.));
#7465 = LINE('',#7466,#7467);
#7466 = CARTESIAN_POINT('',(-0.3,2.510525938252E-16,0.3));
#7467 = VECTOR('',#7468,1.);
#7468 = DIRECTION('',(0.,0.,-1.));
#7469 = ORIENTED_EDGE('',*,*,#7470,.T.);
#7470 = EDGE_CURVE('',#7463,#7463,#7471,.T.);
#7471 = CIRCLE('',#7472,0.3);
#7472 = AXIS2_PLACEMENT_3D('',#7473,#7474,#7475);
#7473 = CARTESIAN_POINT('',(0.,2.143131898508E-16,-2.));
#7474 = DIRECTION('',(0.,0.,1.));
#7475 = DIRECTION('',(-1.,1.224646799147E-16,0.));
#7476 = ORIENTED_EDGE('',*,*,#7462,.F.);
#7477 = CYLINDRICAL_SURFACE('',#7478,0.3);
#7478 = AXIS2_PLACEMENT_3D('',#7479,#7480,#7481);
#7479 = CARTESIAN_POINT('',(0.,2.143131898508E-16,0.3));
#7480 = DIRECTION('',(0.,0.,1.));
#7481 = DIRECTION('',(-1.,1.224646799147E-16,0.));
#7482 = ADVANCED_FACE('',(#7483,#7486),#7497,.T.);
#7483 = FACE_BOUND('',#7484,.F.);
#7484 = EDGE_LOOP('',(#7485));
#7485 = ORIENTED_EDGE('',*,*,#7445,.T.);
#7486 = FACE_BOUND('',#7487,.F.);
#7487 = EDGE_LOOP('',(#7488));
#7488 = ORIENTED_EDGE('',*,*,#7489,.F.);
#7489 = EDGE_CURVE('',#7490,#7490,#7492,.T.);
#7490 = VERTEX_POINT('',#7491);
#7491 = CARTESIAN_POINT('',(5.55,-9.30731567352E-16,1.387778780781E-17)
  );
#7492 = CIRCLE('',#7493,3.8);
#7493 = AXIS2_PLACEMENT_3D('',#7494,#7495,#7496);
#7494 = CARTESIAN_POINT('',(1.75,0.,1.387778780781E-17));
#7495 = DIRECTION('',(0.,-0.,-1.));
#7496 = DIRECTION('',(1.,-2.449293598295E-16,0.));
#7497 = PLANE('',#7498);
#7498 = AXIS2_PLACEMENT_3D('',#7499,#7500,#7501);
#7499 = CARTESIAN_POINT('',(1.75,0.,0.));
#7500 = DIRECTION('',(0.,0.,-1.));
#7501 = DIRECTION('',(1.,-2.449293598295E-16,0.));
#7502 = ADVANCED_FACE('',(#7503),#7506,.F.);
#7503 = FACE_BOUND('',#7504,.F.);
#7504 = EDGE_LOOP('',(#7505));
#7505 = ORIENTED_EDGE('',*,*,#7470,.T.);
#7506 = PLANE('',#7507);
#7507 = AXIS2_PLACEMENT_3D('',#7508,#7509,#7510);
#7508 = CARTESIAN_POINT('',(-2.22044604925E-16,2.087544477832E-16,-2.));
#7509 = DIRECTION('',(1.826066910234E-31,-3.287982278012E-33,1.));
#7510 = DIRECTION('',(-1.,1.224646799147E-16,1.826066910234E-31));
#7511 = ADVANCED_FACE('',(#7512),#7532,.F.);
#7512 = FACE_BOUND('',#7513,.F.);
#7513 = EDGE_LOOP('',(#7514,#7515,#7524,#7531));
#7514 = ORIENTED_EDGE('',*,*,#7489,.T.);
#7515 = ORIENTED_EDGE('',*,*,#7516,.T.);
#7516 = EDGE_CURVE('',#7490,#7517,#7519,.T.);
#7517 = VERTEX_POINT('',#7518);
#7518 = CARTESIAN_POINT('',(5.75,-9.797174393179E-16,0.2));
#7519 = CIRCLE('',#7520,0.2);
#7520 = AXIS2_PLACEMENT_3D('',#7521,#7522,#7523);
#7521 = CARTESIAN_POINT('',(5.55,-9.30731567352E-16,0.2));
#7522 = DIRECTION('',(-2.449293598295E-16,-1.,-0.));
#7523 = DIRECTION('',(0.,0.,-1.));
#7524 = ORIENTED_EDGE('',*,*,#7525,.F.);
#7525 = EDGE_CURVE('',#7517,#7517,#7526,.T.);
#7526 = CIRCLE('',#7527,4.);
#7527 = AXIS2_PLACEMENT_3D('',#7528,#7529,#7530);
#7528 = CARTESIAN_POINT('',(1.75,0.,0.2));
#7529 = DIRECTION('',(0.,-0.,-1.));
#7530 = DIRECTION('',(1.,-2.449293598295E-16,0.));
#7531 = ORIENTED_EDGE('',*,*,#7516,.F.);
#7532 = SURFACE_OF_REVOLUTION('',#7533,#7538);
#7533 = CIRCLE('',#7534,0.2);
#7534 = AXIS2_PLACEMENT_3D('',#7535,#7536,#7537);
#7535 = CARTESIAN_POINT('',(5.55,-9.30731567352E-16,0.2));
#7536 = DIRECTION('',(-2.449293598295E-16,-1.,-0.));
#7537 = DIRECTION('',(0.,0.,-1.));
#7538 = AXIS1_PLACEMENT('',#7539,#7540);
#7539 = CARTESIAN_POINT('',(1.75,0.,0.));
#7540 = DIRECTION('',(0.,0.,-1.));
#7541 = ADVANCED_FACE('',(#7542),#7571,.T.);
#7542 = FACE_BOUND('',#7543,.T.);
#7543 = EDGE_LOOP('',(#7544,#7563,#7569,#7570));
#7544 = ORIENTED_EDGE('',*,*,#7545,.T.);
#7545 = EDGE_CURVE('',#7546,#7546,#7548,.T.);
#7546 = VERTEX_POINT('',#7547);
#7547 = CARTESIAN_POINT('',(5.75,-9.797174393179E-16,1.064979142851));
#7548 = ( BOUNDED_CURVE() B_SPLINE_CURVE(13,(#7549,#7550,#7551,#7552,
    #7553,#7554,#7555,#7556,#7557,#7558,#7559,#7560,#7561,#7562),
.UNSPECIFIED.,.T.,.F.) B_SPLINE_CURVE_WITH_KNOTS((1,13,13,1),(
    -25.13274122871,4.970488814277E-16,25.132741228718,50.265482457436),
.UNSPECIFIED.) CURVE() GEOMETRIC_REPRESENTATION_ITEM() 
RATIONAL_B_SPLINE_CURVE((1.,1.,1.000000000001,0.999999999997,
    1.000000000006,0.999999999991,1.000000000009,0.999999999992,
    1.000000000006,0.999999999996,1.000000000002,0.999999999999,1.,1.)) 
REPRESENTATION_ITEM('') );
#7549 = CARTESIAN_POINT('',(5.75,-9.797174393179E-16,1.064979142851));
#7550 = CARTESIAN_POINT('',(5.750000000002,-1.905321418822,
    1.064979142851));
#7551 = CARTESIAN_POINT('',(4.765267027676,-3.854580985394,
    1.064979142851));
#7552 = CARTESIAN_POINT('',(2.738824457313,-5.24838451341,1.064979142851
    ));
#7553 = CARTESIAN_POINT('',(-4.981773663115E-02,-5.462446172586,
    1.064979142851));
#7554 = CARTESIAN_POINT('',(-2.458872671017,-3.976872241645,
    1.064979142851));
#7555 = CARTESIAN_POINT('',(-4.225661405991,-1.808266193146,
    1.064979142851));
#7556 = CARTESIAN_POINT('',(-4.225661406053,1.808266193176,
    1.064979142852));
#7557 = CARTESIAN_POINT('',(-2.458872670992,3.976872241592,
    1.064979142851));
#7558 = CARTESIAN_POINT('',(-4.981773662439E-02,5.462446172634,
    1.064979142851));
#7559 = CARTESIAN_POINT('',(2.738824457296,5.248384513388,1.064979142851
    ));
#7560 = CARTESIAN_POINT('',(4.765267027686,3.854580985399,1.064979142851
    ));
#7561 = CARTESIAN_POINT('',(5.749999999999,1.905321418822,1.064979142851
    ));
#7562 = CARTESIAN_POINT('',(5.75,-9.797174393179E-16,1.064979142851));
#7563 = ORIENTED_EDGE('',*,*,#7564,.F.);
#7564 = EDGE_CURVE('',#7517,#7546,#7565,.T.);
#7565 = LINE('',#7566,#7567);
#7566 = CARTESIAN_POINT('',(5.75,-9.797174393179E-16,0.2));
#7567 = VECTOR('',#7568,1.);
#7568 = DIRECTION('',(0.,0.,1.));
#7569 = ORIENTED_EDGE('',*,*,#7525,.F.);
#7570 = ORIENTED_EDGE('',*,*,#7564,.T.);
#7571 = CYLINDRICAL_SURFACE('',#7572,4.);
#7572 = AXIS2_PLACEMENT_3D('',#7573,#7574,#7575);
#7573 = CARTESIAN_POINT('',(1.75,0.,0.2));
#7574 = DIRECTION('',(0.,0.,1.));
#7575 = DIRECTION('',(1.,-2.449293598295E-16,0.));
#7576 = ADVANCED_FACE('',(#7577),#7606,.T.);
#7577 = FACE_BOUND('',#7578,.T.);
#7578 = EDGE_LOOP('',(#7579,#7587,#7604,#7605));
#7579 = ORIENTED_EDGE('',*,*,#7580,.T.);
#7580 = EDGE_CURVE('',#7546,#7581,#7583,.T.);
#7581 = VERTEX_POINT('',#7582);
#7582 = CARTESIAN_POINT('',(5.669629897377,-9.600324415329E-16,
    1.269338405373));
#7583 = ( BOUNDED_CURVE() B_SPLINE_CURVE(2,(#7584,#7585,#7586),
.UNSPECIFIED.,.F.,.F.) B_SPLINE_CURVE_WITH_KNOTS((3,3),(0.,
25.132741228718),.PIECEWISE_BEZIER_KNOTS.) CURVE() 
GEOMETRIC_REPRESENTATION_ITEM() RATIONAL_B_SPLINE_CURVE((1.,
0.93061798229,1.)) REPRESENTATION_ITEM('') );
#7584 = CARTESIAN_POINT('',(5.75,-9.797174393179E-16,1.064979142851));
#7585 = CARTESIAN_POINT('',(5.75,-2.016939603423E-16,1.182962690499));
#7586 = CARTESIAN_POINT('',(5.669629897377,-9.600324415329E-16,
    1.269338405373));
#7587 = ORIENTED_EDGE('',*,*,#7588,.T.);
#7588 = EDGE_CURVE('',#7581,#7581,#7589,.T.);
#7589 = ( BOUNDED_CURVE() B_SPLINE_CURVE(13,(#7590,#7591,#7592,#7593,
    #7594,#7595,#7596,#7597,#7598,#7599,#7600,#7601,#7602,#7603),
.UNSPECIFIED.,.T.,.F.) B_SPLINE_CURVE_WITH_KNOTS((1,13,13,1),(
    -25.13274122871,4.970488814277E-16,25.132741228718,50.265482457436),
.UNSPECIFIED.) CURVE() GEOMETRIC_REPRESENTATION_ITEM() 
RATIONAL_B_SPLINE_CURVE((1.,1.,1.000000000001,0.999999999997,
    1.000000000006,0.999999999991,1.000000000009,0.999999999992,
    1.000000000006,0.999999999996,1.000000000002,0.999999999999,1.,1.)) 
REPRESENTATION_ITEM('') );
#7590 = CARTESIAN_POINT('',(5.669629897377,-9.600324415329E-16,
    1.269338405373));
#7591 = CARTESIAN_POINT('',(5.669629897379,-1.867038699332,
    1.269338405373));
#7592 = CARTESIAN_POINT('',(4.704682697562,-3.777132718053,
    1.269338405373));
#7593 = CARTESIAN_POINT('',(2.718956476537,-5.14293121292,1.269338405373
    ));
#7594 = CARTESIAN_POINT('',(-1.365485258409E-02,-5.352691832725,
    1.269338405373));
#7595 = CARTESIAN_POINT('',(-2.374305788889,-3.896966834092,
    1.269338405373));
#7596 = CARTESIAN_POINT('',(-4.105595275884,-1.771933558277,
    1.269338405373));
#7597 = CARTESIAN_POINT('',(-4.105595275938,1.771933558307,
    1.269338405373));
#7598 = CARTESIAN_POINT('',(-2.374305788871,3.896966834039,
    1.269338405373));
#7599 = CARTESIAN_POINT('',(-1.365485257408E-02,5.352691832772,
    1.269338405373));
#7600 = CARTESIAN_POINT('',(2.718956476518,5.142931212898,1.269338405373
    ));
#7601 = CARTESIAN_POINT('',(4.704682697573,3.777132718059,1.269338405373
    ));
#7602 = CARTESIAN_POINT('',(5.669629897376,1.867038699331,1.269338405373
    ));
#7603 = CARTESIAN_POINT('',(5.669629897377,-9.600324415329E-16,
    1.269338405373));
#7604 = ORIENTED_EDGE('',*,*,#7580,.F.);
#7605 = ORIENTED_EDGE('',*,*,#7545,.F.);
#7606 = ( BOUNDED_SURFACE() B_SPLINE_SURFACE(2,13,(
    (#7607,#7608,#7609,#7610,#7611,#7612,#7613,#7614,#7615,#7616,#7617
      ,#7618,#7619,#7620)
    ,(#7621,#7622,#7623,#7624,#7625,#7626,#7627,#7628,#7629,#7630,#7631
      ,#7632,#7633,#7634)
    ,(#7635,#7636,#7637,#7638,#7639,#7640,#7641,#7642,#7643,#7644,#7645
      ,#7646,#7647,#7648
)),.UNSPECIFIED.,.F.,.T.,.F.) B_SPLINE_SURFACE_WITH_KNOTS((3,3),(1,13,13
    ,1),(0.,25.132741228718),(-25.13274122871,4.970488814277E-16,
    25.132741228718,50.265482457436),.UNSPECIFIED.) 
GEOMETRIC_REPRESENTATION_ITEM() RATIONAL_B_SPLINE_SURFACE((
    (1.,1.,1.000000000001,0.999999999997,1.000000000006,0.999999999991
      ,1.000000000009,0.999999999992,1.000000000006,0.999999999996
      ,1.000000000002,0.999999999999,1.,1.)
    ,(0.93061798229,0.930617982289,0.930617982291,0.930617982287
      ,0.930617982294,0.930617982284,0.930617982296,0.930617982285
      ,0.930617982293,0.930617982288,0.93061798229,0.930617982289
      ,0.93061798229,0.93061798229)
    ,(1.,1.,1.000000000001,0.999999999997,1.000000000006,0.999999999991
      ,1.000000000009,0.999999999992,1.000000000006,0.999999999996
,1.000000000002,0.999999999999,1.,1.
  ))) REPRESENTATION_ITEM('') SURFACE() );
#7607 = CARTESIAN_POINT('',(5.75,-9.797174393179E-16,1.064979142851));
#7608 = CARTESIAN_POINT('',(5.750000000002,-1.905321418822,
    1.064979142851));
#7609 = CARTESIAN_POINT('',(4.765267027676,-3.854580985394,
    1.064979142851));
#7610 = CARTESIAN_POINT('',(2.738824457313,-5.24838451341,1.064979142851
    ));
#7611 = CARTESIAN_POINT('',(-4.981773663115E-02,-5.462446172586,
    1.064979142851));
#7612 = CARTESIAN_POINT('',(-2.458872671017,-3.976872241645,
    1.064979142851));
#7613 = CARTESIAN_POINT('',(-4.225661405991,-1.808266193146,
    1.064979142851));
#7614 = CARTESIAN_POINT('',(-4.225661406053,1.808266193176,
    1.064979142852));
#7615 = CARTESIAN_POINT('',(-2.458872670992,3.976872241592,
    1.064979142851));
#7616 = CARTESIAN_POINT('',(-4.981773662439E-02,5.462446172634,
    1.064979142851));
#7617 = CARTESIAN_POINT('',(2.738824457296,5.248384513388,1.064979142851
    ));
#7618 = CARTESIAN_POINT('',(4.765267027686,3.854580985399,1.064979142851
    ));
#7619 = CARTESIAN_POINT('',(5.749999999999,1.905321418822,1.064979142851
    ));
#7620 = CARTESIAN_POINT('',(5.75,-9.797174393179E-16,1.064979142851));
#7621 = CARTESIAN_POINT('',(5.75,-2.016939603423E-16,1.182962690499));
#7622 = CARTESIAN_POINT('',(5.750000000002,-1.905321418822,
    1.182962690499));
#7623 = CARTESIAN_POINT('',(4.765267027677,-3.854580985394,
    1.182962690499));
#7624 = CARTESIAN_POINT('',(2.738824457312,-5.248384513409,
    1.182962690499));
#7625 = CARTESIAN_POINT('',(-4.981773663261E-02,-5.462446172588,
    1.182962690499));
#7626 = CARTESIAN_POINT('',(-2.458872671009,-3.976872241645,
    1.182962690499));
#7627 = CARTESIAN_POINT('',(-4.225661406006,-1.80826619314,
    1.182962690499));
#7628 = CARTESIAN_POINT('',(-4.225661406039,1.808266193159,
    1.182962690499));
#7629 = CARTESIAN_POINT('',(-2.458872670999,3.976872241611,
    1.182962690499));
#7630 = CARTESIAN_POINT('',(-4.981773662393E-02,5.462446172619,
    1.182962690499));
#7631 = CARTESIAN_POINT('',(2.738824457298,5.248384513395,1.182962690499
    ));
#7632 = CARTESIAN_POINT('',(4.765267027684,3.854580985397,1.182962690499
    ));
#7633 = CARTESIAN_POINT('',(5.75,1.905321418822,1.182962690499));
#7634 = CARTESIAN_POINT('',(5.75,-2.016939603423E-16,1.182962690499));
#7635 = CARTESIAN_POINT('',(5.669629897377,-9.600324415329E-16,
    1.269338405373));
#7636 = CARTESIAN_POINT('',(5.669629897379,-1.867038699332,
    1.269338405373));
#7637 = CARTESIAN_POINT('',(4.704682697562,-3.777132718053,
    1.269338405373));
#7638 = CARTESIAN_POINT('',(2.718956476537,-5.14293121292,1.269338405373
    ));
#7639 = CARTESIAN_POINT('',(-1.365485258409E-02,-5.352691832725,
    1.269338405373));
#7640 = CARTESIAN_POINT('',(-2.374305788889,-3.896966834092,
    1.269338405373));
#7641 = CARTESIAN_POINT('',(-4.105595275884,-1.771933558277,
    1.269338405373));
#7642 = CARTESIAN_POINT('',(-4.105595275938,1.771933558307,
    1.269338405373));
#7643 = CARTESIAN_POINT('',(-2.374305788871,3.896966834039,
    1.269338405373));
#7644 = CARTESIAN_POINT('',(-1.365485257408E-02,5.352691832772,
    1.269338405373));
#7645 = CARTESIAN_POINT('',(2.718956476518,5.142931212898,1.269338405373
    ));
#7646 = CARTESIAN_POINT('',(4.704682697573,3.777132718059,1.269338405373
    ));
#7647 = CARTESIAN_POINT('',(5.669629897376,1.867038699331,1.269338405373
    ));
#7648 = CARTESIAN_POINT('',(5.669629897377,-9.600324415329E-16,
    1.269338405373));
#7649 = ADVANCED_FACE('',(#7650),#7680,.F.);
#7650 = FACE_BOUND('',#7651,.F.);
#7651 = EDGE_LOOP('',(#7652,#7661,#7662,#7663));
#7652 = ORIENTED_EDGE('',*,*,#7653,.F.);
#7653 = EDGE_CURVE('',#7581,#7654,#7656,.T.);
#7654 = VERTEX_POINT('',#7655);
#7655 = CARTESIAN_POINT('',(5.669629897377,-9.600324415329E-16,
    1.930661594627));
#7656 = CIRCLE('',#7657,0.485412195974);
#7657 = AXIS2_PLACEMENT_3D('',#7658,#7659,#7660);
#7658 = CARTESIAN_POINT('',(6.025,-1.047073013271E-15,1.6));
#7659 = DIRECTION('',(2.449293598295E-16,1.,0.));
#7660 = DIRECTION('',(-0.566528822887,1.387595419147E-16,-0.824041924199
    ));
#7661 = ORIENTED_EDGE('',*,*,#7588,.T.);
#7662 = ORIENTED_EDGE('',*,*,#7653,.T.);
#7663 = ORIENTED_EDGE('',*,*,#7664,.F.);
#7664 = EDGE_CURVE('',#7654,#7654,#7665,.T.);
#7665 = ( BOUNDED_CURVE() B_SPLINE_CURVE(13,(#7666,#7667,#7668,#7669,
    #7670,#7671,#7672,#7673,#7674,#7675,#7676,#7677,#7678,#7679),
.UNSPECIFIED.,.T.,.F.) B_SPLINE_CURVE_WITH_KNOTS((1,13,13,1),(
    -25.13274122871,4.970488814277E-16,25.132741228718,50.265482457436),
.UNSPECIFIED.) CURVE() GEOMETRIC_REPRESENTATION_ITEM() 
RATIONAL_B_SPLINE_CURVE((1.,1.,1.000000000001,0.999999999997,
    1.000000000006,0.999999999991,1.000000000009,0.999999999992,
    1.000000000006,0.999999999996,1.000000000002,0.999999999999,1.,1.)) 
REPRESENTATION_ITEM('') );
#7666 = CARTESIAN_POINT('',(5.669629897377,-9.600324415329E-16,
    1.930661594627));
#7667 = CARTESIAN_POINT('',(5.669629897378,-1.867038699332,
    1.930661594627));
#7668 = CARTESIAN_POINT('',(4.704682697563,-3.777132718053,
    1.930661594627));
#7669 = CARTESIAN_POINT('',(2.718956476535,-5.14293121292,1.930661594627
    ));
#7670 = CARTESIAN_POINT('',(-1.365485257932E-02,-5.352691832726,
    1.930661594627));
#7671 = CARTESIAN_POINT('',(-2.374305788897,-3.89696683409,
    1.930661594627));
#7672 = CARTESIAN_POINT('',(-4.105595275874,-1.771933558281,
    1.930661594628));
#7673 = CARTESIAN_POINT('',(-4.105595275948,1.771933558311,
    1.930661594627));
#7674 = CARTESIAN_POINT('',(-2.374305788862,3.896966834035,
    1.930661594628));
#7675 = CARTESIAN_POINT('',(-1.365485257982E-02,5.352691832775,
    1.930661594627));
#7676 = CARTESIAN_POINT('',(2.718956476521,5.142931212896,1.930661594627
    ));
#7677 = CARTESIAN_POINT('',(4.704682697572,3.777132718059,1.930661594627
    ));
#7678 = CARTESIAN_POINT('',(5.669629897376,1.867038699331,1.930661594627
    ));
#7679 = CARTESIAN_POINT('',(5.669629897377,-9.600324415329E-16,
    1.930661594627));
#7680 = SURFACE_OF_REVOLUTION('',#7681,#7686);
#7681 = CIRCLE('',#7682,0.485412195974);
#7682 = AXIS2_PLACEMENT_3D('',#7683,#7684,#7685);
#7683 = CARTESIAN_POINT('',(6.025,-1.047073013271E-15,1.6));
#7684 = DIRECTION('',(2.449293598295E-16,1.,0.));
#7685 = DIRECTION('',(-0.566528822887,1.387595419147E-16,-0.824041924199
    ));
#7686 = AXIS1_PLACEMENT('',#7687,#7688);
#7687 = CARTESIAN_POINT('',(1.75,0.,0.));
#7688 = DIRECTION('',(0.,0.,-1.));
#7689 = ADVANCED_FACE('',(#7690),#7719,.T.);
#7690 = FACE_BOUND('',#7691,.T.);
#7691 = EDGE_LOOP('',(#7692,#7700,#7717,#7718));
#7692 = ORIENTED_EDGE('',*,*,#7693,.T.);
#7693 = EDGE_CURVE('',#7654,#7694,#7696,.T.);
#7694 = VERTEX_POINT('',#7695);
#7695 = CARTESIAN_POINT('',(5.75,-9.797174393179E-16,2.135020857149));
#7696 = ( BOUNDED_CURVE() B_SPLINE_CURVE(2,(#7697,#7698,#7699),
.UNSPECIFIED.,.F.,.F.) B_SPLINE_CURVE_WITH_KNOTS((3,3),(0.,
25.132741228718),.PIECEWISE_BEZIER_KNOTS.) CURVE() 
GEOMETRIC_REPRESENTATION_ITEM() RATIONAL_B_SPLINE_CURVE((1.,
0.93061798229,1.)) REPRESENTATION_ITEM('') );
#7697 = CARTESIAN_POINT('',(5.669629897377,-9.600324415329E-16,
    1.930661594627));
#7698 = CARTESIAN_POINT('',(5.75,-6.043375265694E-15,2.017037309501));
#7699 = CARTESIAN_POINT('',(5.75,-9.797174393179E-16,2.135020857149));
#7700 = ORIENTED_EDGE('',*,*,#7701,.T.);
#7701 = EDGE_CURVE('',#7694,#7694,#7702,.T.);
#7702 = ( BOUNDED_CURVE() B_SPLINE_CURVE(13,(#7703,#7704,#7705,#7706,
    #7707,#7708,#7709,#7710,#7711,#7712,#7713,#7714,#7715,#7716),
.UNSPECIFIED.,.T.,.F.) B_SPLINE_CURVE_WITH_KNOTS((1,13,13,1),(
    -25.13274122871,4.970488814277E-16,25.132741228718,50.265482457436),
.UNSPECIFIED.) CURVE() GEOMETRIC_REPRESENTATION_ITEM() 
RATIONAL_B_SPLINE_CURVE((1.,1.,1.000000000001,0.999999999997,
    1.000000000006,0.999999999991,1.000000000009,0.999999999992,
    1.000000000006,0.999999999996,1.000000000002,0.999999999999,1.,1.)) 
REPRESENTATION_ITEM('') );
#7703 = CARTESIAN_POINT('',(5.75,-9.797174393179E-16,2.135020857149));
#7704 = CARTESIAN_POINT('',(5.750000000001,-1.905321418822,
    2.135020857149));
#7705 = CARTESIAN_POINT('',(4.765267027678,-3.854580985394,
    2.135020857149));
#7706 = CARTESIAN_POINT('',(2.738824457307,-5.24838451341,2.135020857149
    ));
#7707 = CARTESIAN_POINT('',(-4.981773661866E-02,-5.462446172587,
    2.135020857149));
#7708 = CARTESIAN_POINT('',(-2.458872671036,-3.976872241645,
    2.135020857148));
#7709 = CARTESIAN_POINT('',(-4.225661405967,-1.808266193146,
    2.135020857149));
#7710 = CARTESIAN_POINT('',(-4.225661406077,1.808266193175,
    2.135020857148));
#7711 = CARTESIAN_POINT('',(-2.458872670973,3.976872241593,
    2.135020857149));
#7712 = CARTESIAN_POINT('',(-4.981773663662E-02,5.462446172633,
    2.135020857148));
#7713 = CARTESIAN_POINT('',(2.738824457302,5.248384513388,2.135020857149
    ));
#7714 = CARTESIAN_POINT('',(4.765267027683,3.854580985399,2.135020857149
    ));
#7715 = CARTESIAN_POINT('',(5.75,1.905321418822,2.135020857149));
#7716 = CARTESIAN_POINT('',(5.75,-9.797174393179E-16,2.135020857149));
#7717 = ORIENTED_EDGE('',*,*,#7693,.F.);
#7718 = ORIENTED_EDGE('',*,*,#7664,.F.);
#7719 = ( BOUNDED_SURFACE() B_SPLINE_SURFACE(2,13,(
    (#7720,#7721,#7722,#7723,#7724,#7725,#7726,#7727,#7728,#7729,#7730
      ,#7731,#7732,#7733)
    ,(#7734,#7735,#7736,#7737,#7738,#7739,#7740,#7741,#7742,#7743,#7744
      ,#7745,#7746,#7747)
    ,(#7748,#7749,#7750,#7751,#7752,#7753,#7754,#7755,#7756,#7757,#7758
      ,#7759,#7760,#7761
)),.UNSPECIFIED.,.F.,.T.,.F.) B_SPLINE_SURFACE_WITH_KNOTS((3,3),(1,13,13
    ,1),(0.,25.132741228718),(-25.13274122871,4.970488814277E-16,
    25.132741228718,50.265482457436),.UNSPECIFIED.) 
GEOMETRIC_REPRESENTATION_ITEM() RATIONAL_B_SPLINE_SURFACE((
    (1.,1.,1.000000000001,0.999999999997,1.000000000006,0.999999999991
      ,1.000000000009,0.999999999992,1.000000000006,0.999999999996
      ,1.000000000002,0.999999999999,1.,1.)
    ,(0.93061798229,0.930617982289,0.930617982291,0.930617982286
      ,0.930617982296,0.930617982281,0.930617982299,0.930617982281
      ,0.930617982296,0.930617982286,0.930617982291,0.930617982289
      ,0.93061798229,0.93061798229)
    ,(1.,1.,1.000000000001,0.999999999997,1.000000000006,0.999999999991
      ,1.000000000009,0.999999999992,1.000000000006,0.999999999996
,1.000000000002,0.999999999999,1.,1.
  ))) REPRESENTATION_ITEM('') SURFACE() );
#7720 = CARTESIAN_POINT('',(5.669629897377,-9.600324415329E-16,
    1.930661594627));
#7721 = CARTESIAN_POINT('',(5.669629897378,-1.867038699332,
    1.930661594627));
#7722 = CARTESIAN_POINT('',(4.704682697563,-3.777132718053,
    1.930661594627));
#7723 = CARTESIAN_POINT('',(2.718956476535,-5.14293121292,1.930661594627
    ));
#7724 = CARTESIAN_POINT('',(-1.365485257932E-02,-5.352691832726,
    1.930661594627));
#7725 = CARTESIAN_POINT('',(-2.374305788897,-3.89696683409,
    1.930661594627));
#7726 = CARTESIAN_POINT('',(-4.105595275874,-1.771933558281,
    1.930661594628));
#7727 = CARTESIAN_POINT('',(-4.105595275948,1.771933558311,
    1.930661594627));
#7728 = CARTESIAN_POINT('',(-2.374305788862,3.896966834035,
    1.930661594628));
#7729 = CARTESIAN_POINT('',(-1.365485257982E-02,5.352691832775,
    1.930661594627));
#7730 = CARTESIAN_POINT('',(2.718956476521,5.142931212896,1.930661594627
    ));
#7731 = CARTESIAN_POINT('',(4.704682697572,3.777132718059,1.930661594627
    ));
#7732 = CARTESIAN_POINT('',(5.669629897376,1.867038699331,1.930661594627
    ));
#7733 = CARTESIAN_POINT('',(5.669629897377,-9.600324415329E-16,
    1.930661594627));
#7734 = CARTESIAN_POINT('',(5.75,-6.043375265694E-15,2.017037309501));
#7735 = CARTESIAN_POINT('',(5.750000000002,-1.905321418822,
    2.017037309501));
#7736 = CARTESIAN_POINT('',(4.765267027676,-3.854580985393,
    2.017037309501));
#7737 = CARTESIAN_POINT('',(2.738824457312,-5.248384513414,
    2.017037309501));
#7738 = CARTESIAN_POINT('',(-4.981773662696E-02,-5.46244617258,
    2.017037309501));
#7739 = CARTESIAN_POINT('',(-2.458872671025,-3.976872241653,
    2.017037309501));
#7740 = CARTESIAN_POINT('',(-4.225661405981,-1.808266193138,
    2.017037309501));
#7741 = CARTESIAN_POINT('',(-4.225661406063,1.80826619317,2.017037309501
    ));
#7742 = CARTESIAN_POINT('',(-2.458872670985,3.976872241597,
    2.017037309501));
#7743 = CARTESIAN_POINT('',(-4.981773662841E-02,5.46244617263,
    2.017037309501));
#7744 = CARTESIAN_POINT('',(2.738824457298,5.24838451339,2.017037309501)
  );
#7745 = CARTESIAN_POINT('',(4.765267027685,3.854580985399,2.017037309501
    ));
#7746 = CARTESIAN_POINT('',(5.749999999999,1.905321418822,2.017037309501
    ));
#7747 = CARTESIAN_POINT('',(5.75,-6.043375265694E-15,2.017037309501));
#7748 = CARTESIAN_POINT('',(5.75,-9.797174393179E-16,2.135020857149));
#7749 = CARTESIAN_POINT('',(5.750000000001,-1.905321418822,
    2.135020857149));
#7750 = CARTESIAN_POINT('',(4.765267027678,-3.854580985394,
    2.135020857149));
#7751 = CARTESIAN_POINT('',(2.738824457307,-5.24838451341,2.135020857149
    ));
#7752 = CARTESIAN_POINT('',(-4.981773661866E-02,-5.462446172587,
    2.135020857149));
#7753 = CARTESIAN_POINT('',(-2.458872671036,-3.976872241645,
    2.135020857148));
#7754 = CARTESIAN_POINT('',(-4.225661405967,-1.808266193146,
    2.135020857149));
#7755 = CARTESIAN_POINT('',(-4.225661406077,1.808266193175,
    2.135020857148));
#7756 = CARTESIAN_POINT('',(-2.458872670973,3.976872241593,
    2.135020857149));
#7757 = CARTESIAN_POINT('',(-4.981773663662E-02,5.462446172633,
    2.135020857148));
#7758 = CARTESIAN_POINT('',(2.738824457302,5.248384513388,2.135020857149
    ));
#7759 = CARTESIAN_POINT('',(4.765267027683,3.854580985399,2.135020857149
    ));
#7760 = CARTESIAN_POINT('',(5.75,1.905321418822,2.135020857149));
#7761 = CARTESIAN_POINT('',(5.75,-9.797174393179E-16,2.135020857149));
#7762 = ADVANCED_FACE('',(#7763),#7782,.T.);
#7763 = FACE_BOUND('',#7764,.T.);
#7764 = EDGE_LOOP('',(#7765,#7774,#7780,#7781));
#7765 = ORIENTED_EDGE('',*,*,#7766,.T.);
#7766 = EDGE_CURVE('',#7767,#7767,#7769,.T.);
#7767 = VERTEX_POINT('',#7768);
#7768 = CARTESIAN_POINT('',(5.75,-9.797174393179E-16,6.8));
#7769 = CIRCLE('',#7770,4.);
#7770 = AXIS2_PLACEMENT_3D('',#7771,#7772,#7773);
#7771 = CARTESIAN_POINT('',(1.75,0.,6.8));
#7772 = DIRECTION('',(0.,-0.,-1.));
#7773 = DIRECTION('',(1.,-2.449293598295E-16,0.));
#7774 = ORIENTED_EDGE('',*,*,#7775,.F.);
#7775 = EDGE_CURVE('',#7694,#7767,#7776,.T.);
#7776 = LINE('',#7777,#7778);
#7777 = CARTESIAN_POINT('',(5.75,-9.797174393179E-16,2.));
#7778 = VECTOR('',#7779,1.);
#7779 = DIRECTION('',(0.,0.,1.));
#7780 = ORIENTED_EDGE('',*,*,#7701,.F.);
#7781 = ORIENTED_EDGE('',*,*,#7775,.T.);
#7782 = CYLINDRICAL_SURFACE('',#7783,4.);
#7783 = AXIS2_PLACEMENT_3D('',#7784,#7785,#7786);
#7784 = CARTESIAN_POINT('',(1.75,0.,2.));
#7785 = DIRECTION('',(0.,0.,1.));
#7786 = DIRECTION('',(1.,-2.449293598295E-16,0.));
#7787 = ADVANCED_FACE('',(#7788),#7808,.T.);
#7788 = FACE_BOUND('',#7789,.T.);
#7789 = EDGE_LOOP('',(#7790,#7799,#7806,#7807));
#7790 = ORIENTED_EDGE('',*,*,#7791,.T.);
#7791 = EDGE_CURVE('',#7767,#7792,#7794,.T.);
#7792 = VERTEX_POINT('',#7793);
#7793 = CARTESIAN_POINT('',(5.55,-9.30731567352E-16,7.));
#7794 = CIRCLE('',#7795,0.2);
#7795 = AXIS2_PLACEMENT_3D('',#7796,#7797,#7798);
#7796 = CARTESIAN_POINT('',(5.55,-9.30731567352E-16,6.8));
#7797 = DIRECTION('',(-2.449293598295E-16,-1.,0.));
#7798 = DIRECTION('',(1.,-2.449293598295E-16,-4.440892098501E-15));
#7799 = ORIENTED_EDGE('',*,*,#7800,.T.);
#7800 = EDGE_CURVE('',#7792,#7792,#7801,.T.);
#7801 = CIRCLE('',#7802,3.8);
#7802 = AXIS2_PLACEMENT_3D('',#7803,#7804,#7805);
#7803 = CARTESIAN_POINT('',(1.75,0.,7.));
#7804 = DIRECTION('',(0.,-0.,-1.));
#7805 = DIRECTION('',(1.,-2.449293598295E-16,0.));
#7806 = ORIENTED_EDGE('',*,*,#7791,.F.);
#7807 = ORIENTED_EDGE('',*,*,#7766,.F.);
#7808 = TOROIDAL_SURFACE('',#7809,3.8,0.2);
#7809 = AXIS2_PLACEMENT_3D('',#7810,#7811,#7812);
#7810 = CARTESIAN_POINT('',(1.75,0.,6.8));
#7811 = DIRECTION('',(0.,0.,1.));
#7812 = DIRECTION('',(1.,-2.449293598295E-16,0.));
#7813 = ADVANCED_FACE('',(#7814,#7817),#7828,.F.);
#7814 = FACE_BOUND('',#7815,.F.);
#7815 = EDGE_LOOP('',(#7816));
#7816 = ORIENTED_EDGE('',*,*,#7800,.T.);
#7817 = FACE_BOUND('',#7818,.F.);
#7818 = EDGE_LOOP('',(#7819));
#7819 = ORIENTED_EDGE('',*,*,#7820,.F.);
#7820 = EDGE_CURVE('',#7821,#7821,#7823,.T.);
#7821 = VERTEX_POINT('',#7822);
#7822 = CARTESIAN_POINT('',(4.55,-6.858022075225E-16,7.));
#7823 = CIRCLE('',#7824,2.8);
#7824 = AXIS2_PLACEMENT_3D('',#7825,#7826,#7827);
#7825 = CARTESIAN_POINT('',(1.75,0.,7.));
#7826 = DIRECTION('',(0.,-0.,-1.));
#7827 = DIRECTION('',(1.,-2.449293598295E-16,0.));
#7828 = PLANE('',#7829);
#7829 = AXIS2_PLACEMENT_3D('',#7830,#7831,#7832);
#7830 = CARTESIAN_POINT('',(1.75,0.,7.));
#7831 = DIRECTION('',(0.,0.,-1.));
#7832 = DIRECTION('',(1.,-2.449293598295E-16,0.));
#7833 = ADVANCED_FACE('',(#7834),#7998,.F.);
#7834 = FACE_BOUND('',#7835,.F.);
#7835 = EDGE_LOOP('',(#7836,#7844,#7845,#7846,#7855,#7863,#7872,#7880,
    #7889,#7897,#7906,#7914,#7923,#7932,#7940,#7949,#7957,#7966,#7974,
    #7983,#7991));
#7836 = ORIENTED_EDGE('',*,*,#7837,.F.);
#7837 = EDGE_CURVE('',#7821,#7838,#7840,.T.);
#7838 = VERTEX_POINT('',#7839);
#7839 = CARTESIAN_POINT('',(4.55,4.006921699259E-14,6.8));
#7840 = LINE('',#7841,#7842);
#7841 = CARTESIAN_POINT('',(4.55,-6.858022075225E-16,7.));
#7842 = VECTOR('',#7843,1.);
#7843 = DIRECTION('',(0.,0.,-1.));
#7844 = ORIENTED_EDGE('',*,*,#7820,.T.);
#7845 = ORIENTED_EDGE('',*,*,#7837,.T.);
#7846 = ORIENTED_EDGE('',*,*,#7847,.F.);
#7847 = EDGE_CURVE('',#7848,#7838,#7850,.T.);
#7848 = VERTEX_POINT('',#7849);
#7849 = CARTESIAN_POINT('',(4.549553535834,5.E-02,6.8));
#7850 = CIRCLE('',#7851,2.8);
#7851 = AXIS2_PLACEMENT_3D('',#7852,#7853,#7854);
#7852 = CARTESIAN_POINT('',(1.75,0.,6.8));
#7853 = DIRECTION('',(0.,0.,-1.));
#7854 = DIRECTION('',(-1.,1.224646799147E-16,0.));
#7855 = ORIENTED_EDGE('',*,*,#7856,.F.);
#7856 = EDGE_CURVE('',#7857,#7848,#7859,.T.);
#7857 = VERTEX_POINT('',#7858);
#7858 = CARTESIAN_POINT('',(4.549553535834,4.999999999999E-02,6.9));
#7859 = LINE('',#7860,#7861);
#7860 = CARTESIAN_POINT('',(4.549553535834,5.E-02,6.7));
#7861 = VECTOR('',#7862,1.);
#7862 = DIRECTION('',(0.,0.,-1.));
#7863 = ORIENTED_EDGE('',*,*,#7864,.T.);
#7864 = EDGE_CURVE('',#7857,#7865,#7867,.T.);
#7865 = VERTEX_POINT('',#7866);
#7866 = CARTESIAN_POINT('',(1.8,2.799553535834,6.9));
#7867 = CIRCLE('',#7868,2.8);
#7868 = AXIS2_PLACEMENT_3D('',#7869,#7870,#7871);
#7869 = CARTESIAN_POINT('',(1.75,0.,6.9));
#7870 = DIRECTION('',(0.,0.,1.));
#7871 = DIRECTION('',(-1.,1.224646799147E-16,0.));
#7872 = ORIENTED_EDGE('',*,*,#7873,.T.);
#7873 = EDGE_CURVE('',#7865,#7874,#7876,.T.);
#7874 = VERTEX_POINT('',#7875);
#7875 = CARTESIAN_POINT('',(1.8,2.799553535834,6.8));
#7876 = LINE('',#7877,#7878);
#7877 = CARTESIAN_POINT('',(1.8,2.799553535834,6.7));
#7878 = VECTOR('',#7879,1.);
#7879 = DIRECTION('',(0.,0.,-1.));
#7880 = ORIENTED_EDGE('',*,*,#7881,.F.);
#7881 = EDGE_CURVE('',#7882,#7874,#7884,.T.);
#7882 = VERTEX_POINT('',#7883);
#7883 = CARTESIAN_POINT('',(1.7,2.799553535834,6.8));
#7884 = CIRCLE('',#7885,2.8);
#7885 = AXIS2_PLACEMENT_3D('',#7886,#7887,#7888);
#7886 = CARTESIAN_POINT('',(1.75,0.,6.8));
#7887 = DIRECTION('',(0.,0.,-1.));
#7888 = DIRECTION('',(-1.,1.224646799147E-16,0.));
#7889 = ORIENTED_EDGE('',*,*,#7890,.F.);
#7890 = EDGE_CURVE('',#7891,#7882,#7893,.T.);
#7891 = VERTEX_POINT('',#7892);
#7892 = CARTESIAN_POINT('',(1.7,2.799553535834,6.9));
#7893 = LINE('',#7894,#7895);
#7894 = CARTESIAN_POINT('',(1.7,2.799553535834,6.7));
#7895 = VECTOR('',#7896,1.);
#7896 = DIRECTION('',(0.,0.,-1.));
#7897 = ORIENTED_EDGE('',*,*,#7898,.T.);
#7898 = EDGE_CURVE('',#7891,#7899,#7901,.T.);
#7899 = VERTEX_POINT('',#7900);
#7900 = CARTESIAN_POINT('',(-1.049553535834,5.000000000003E-02,6.9));
#7901 = CIRCLE('',#7902,2.8);
#7902 = AXIS2_PLACEMENT_3D('',#7903,#7904,#7905);
#7903 = CARTESIAN_POINT('',(1.75,0.,6.9));
#7904 = DIRECTION('',(0.,0.,1.));
#7905 = DIRECTION('',(-1.,1.224646799147E-16,0.));
#7906 = ORIENTED_EDGE('',*,*,#7907,.T.);
#7907 = EDGE_CURVE('',#7899,#7908,#7910,.T.);
#7908 = VERTEX_POINT('',#7909);
#7909 = CARTESIAN_POINT('',(-1.049553535834,5.E-02,6.8));
#7910 = LINE('',#7911,#7912);
#7911 = CARTESIAN_POINT('',(-1.049553535834,5.E-02,6.7));
#7912 = VECTOR('',#7913,1.);
#7913 = DIRECTION('',(0.,0.,-1.));
#7914 = ORIENTED_EDGE('',*,*,#7915,.F.);
#7915 = EDGE_CURVE('',#7916,#7908,#7918,.T.);
#7916 = VERTEX_POINT('',#7917);
#7917 = CARTESIAN_POINT('',(-1.05,3.429011037613E-16,6.8));
#7918 = CIRCLE('',#7919,2.8);
#7919 = AXIS2_PLACEMENT_3D('',#7920,#7921,#7922);
#7920 = CARTESIAN_POINT('',(1.75,0.,6.8));
#7921 = DIRECTION('',(0.,0.,-1.));
#7922 = DIRECTION('',(-1.,1.224646799147E-16,0.));
#7923 = ORIENTED_EDGE('',*,*,#7924,.F.);
#7924 = EDGE_CURVE('',#7925,#7916,#7927,.T.);
#7925 = VERTEX_POINT('',#7926);
#7926 = CARTESIAN_POINT('',(-1.049553535834,-5.E-02,6.8));
#7927 = CIRCLE('',#7928,2.8);
#7928 = AXIS2_PLACEMENT_3D('',#7929,#7930,#7931);
#7929 = CARTESIAN_POINT('',(1.75,0.,6.8));
#7930 = DIRECTION('',(0.,0.,-1.));
#7931 = DIRECTION('',(-1.,1.224646799147E-16,0.));
#7932 = ORIENTED_EDGE('',*,*,#7933,.F.);
#7933 = EDGE_CURVE('',#7934,#7925,#7936,.T.);
#7934 = VERTEX_POINT('',#7935);
#7935 = CARTESIAN_POINT('',(-1.049553535834,-5.000000000003E-02,6.9));
#7936 = LINE('',#7937,#7938);
#7937 = CARTESIAN_POINT('',(-1.049553535834,-5.E-02,6.7));
#7938 = VECTOR('',#7939,1.);
#7939 = DIRECTION('',(0.,0.,-1.));
#7940 = ORIENTED_EDGE('',*,*,#7941,.T.);
#7941 = EDGE_CURVE('',#7934,#7942,#7944,.T.);
#7942 = VERTEX_POINT('',#7943);
#7943 = CARTESIAN_POINT('',(1.7,-2.799553535834,6.9));
#7944 = CIRCLE('',#7945,2.8);
#7945 = AXIS2_PLACEMENT_3D('',#7946,#7947,#7948);
#7946 = CARTESIAN_POINT('',(1.75,0.,6.9));
#7947 = DIRECTION('',(0.,0.,1.));
#7948 = DIRECTION('',(-1.,1.224646799147E-16,0.));
#7949 = ORIENTED_EDGE('',*,*,#7950,.T.);
#7950 = EDGE_CURVE('',#7942,#7951,#7953,.T.);
#7951 = VERTEX_POINT('',#7952);
#7952 = CARTESIAN_POINT('',(1.7,-2.799553535834,6.8));
#7953 = LINE('',#7954,#7955);
#7954 = CARTESIAN_POINT('',(1.7,-2.799553535834,6.7));
#7955 = VECTOR('',#7956,1.);
#7956 = DIRECTION('',(0.,0.,-1.));
#7957 = ORIENTED_EDGE('',*,*,#7958,.F.);
#7958 = EDGE_CURVE('',#7959,#7951,#7961,.T.);
#7959 = VERTEX_POINT('',#7960);
#7960 = CARTESIAN_POINT('',(1.8,-2.799553535834,6.8));
#7961 = CIRCLE('',#7962,2.8);
#7962 = AXIS2_PLACEMENT_3D('',#7963,#7964,#7965);
#7963 = CARTESIAN_POINT('',(1.75,0.,6.8));
#7964 = DIRECTION('',(0.,0.,-1.));
#7965 = DIRECTION('',(-1.,1.224646799147E-16,0.));
#7966 = ORIENTED_EDGE('',*,*,#7967,.F.);
#7967 = EDGE_CURVE('',#7968,#7959,#7970,.T.);
#7968 = VERTEX_POINT('',#7969);
#7969 = CARTESIAN_POINT('',(1.8,-2.799553535834,6.9));
#7970 = LINE('',#7971,#7972);
#7971 = CARTESIAN_POINT('',(1.8,-2.799553535834,6.7));
#7972 = VECTOR('',#7973,1.);
#7973 = DIRECTION('',(0.,0.,-1.));
#7974 = ORIENTED_EDGE('',*,*,#7975,.T.);
#7975 = EDGE_CURVE('',#7968,#7976,#7978,.T.);
#7976 = VERTEX_POINT('',#7977);
#7977 = CARTESIAN_POINT('',(4.549553535834,-4.999999999999E-02,6.9));
#7978 = CIRCLE('',#7979,2.8);
#7979 = AXIS2_PLACEMENT_3D('',#7980,#7981,#7982);
#7980 = CARTESIAN_POINT('',(1.75,0.,6.9));
#7981 = DIRECTION('',(0.,0.,1.));
#7982 = DIRECTION('',(-1.,1.224646799147E-16,0.));
#7983 = ORIENTED_EDGE('',*,*,#7984,.T.);
#7984 = EDGE_CURVE('',#7976,#7985,#7987,.T.);
#7985 = VERTEX_POINT('',#7986);
#7986 = CARTESIAN_POINT('',(4.549553535834,-5.E-02,6.8));
#7987 = LINE('',#7988,#7989);
#7988 = CARTESIAN_POINT('',(4.549553535834,-5.E-02,6.7));
#7989 = VECTOR('',#7990,1.);
#7990 = DIRECTION('',(0.,0.,-1.));
#7991 = ORIENTED_EDGE('',*,*,#7992,.F.);
#7992 = EDGE_CURVE('',#7838,#7985,#7993,.T.);
#7993 = CIRCLE('',#7994,2.8);
#7994 = AXIS2_PLACEMENT_3D('',#7995,#7996,#7997);
#7995 = CARTESIAN_POINT('',(1.75,0.,6.8));
#7996 = DIRECTION('',(0.,0.,-1.));
#7997 = DIRECTION('',(-1.,1.224646799147E-16,0.));
#7998 = CYLINDRICAL_SURFACE('',#7999,2.8);
#7999 = AXIS2_PLACEMENT_3D('',#8000,#8001,#8002);
#8000 = CARTESIAN_POINT('',(1.75,0.,7.));
#8001 = DIRECTION('',(0.,0.,-1.));
#8002 = DIRECTION('',(1.,-2.449293598295E-16,0.));
#8003 = ADVANCED_FACE('',(#8004),#8068,.T.);
#8004 = FACE_BOUND('',#8005,.T.);
#8005 = EDGE_LOOP('',(#8006,#8014,#8020,#8021,#8029,#8035,#8036,#8037,
    #8045,#8051,#8052,#8060,#8066,#8067));
#8006 = ORIENTED_EDGE('',*,*,#8007,.T.);
#8007 = EDGE_CURVE('',#7925,#8008,#8010,.T.);
#8008 = VERTEX_POINT('',#8009);
#8009 = CARTESIAN_POINT('',(1.7,-5.E-02,6.8));
#8010 = LINE('',#8011,#8012);
#8011 = CARTESIAN_POINT('',(-6.3,-5.E-02,6.8));
#8012 = VECTOR('',#8013,1.);
#8013 = DIRECTION('',(1.,-1.666748583704E-19,0.));
#8014 = ORIENTED_EDGE('',*,*,#8015,.T.);
#8015 = EDGE_CURVE('',#8008,#7951,#8016,.T.);
#8016 = LINE('',#8017,#8018);
#8017 = CARTESIAN_POINT('',(1.7,-5.E-02,6.8));
#8018 = VECTOR('',#8019,1.);
#8019 = DIRECTION('',(-1.224646799147E-16,-1.,0.));
#8020 = ORIENTED_EDGE('',*,*,#7958,.F.);
#8021 = ORIENTED_EDGE('',*,*,#8022,.T.);
#8022 = EDGE_CURVE('',#7959,#8023,#8025,.T.);
#8023 = VERTEX_POINT('',#8024);
#8024 = CARTESIAN_POINT('',(1.8,-5.E-02,6.8));
#8025 = LINE('',#8026,#8027);
#8026 = CARTESIAN_POINT('',(1.8,-8.05,6.8));
#8027 = VECTOR('',#8028,1.);
#8028 = DIRECTION('',(1.224646799147E-16,1.,0.));
#8029 = ORIENTED_EDGE('',*,*,#8030,.T.);
#8030 = EDGE_CURVE('',#8023,#7985,#8031,.T.);
#8031 = LINE('',#8032,#8033);
#8032 = CARTESIAN_POINT('',(1.8,-5.E-02,6.8));
#8033 = VECTOR('',#8034,1.);
#8034 = DIRECTION('',(1.,-1.224646799147E-16,0.));
#8035 = ORIENTED_EDGE('',*,*,#7992,.F.);
#8036 = ORIENTED_EDGE('',*,*,#7847,.F.);
#8037 = ORIENTED_EDGE('',*,*,#8038,.T.);
#8038 = EDGE_CURVE('',#7848,#8039,#8041,.T.);
#8039 = VERTEX_POINT('',#8040);
#8040 = CARTESIAN_POINT('',(1.8,5.E-02,6.8));
#8041 = LINE('',#8042,#8043);
#8042 = CARTESIAN_POINT('',(9.8,5.E-02,6.8));
#8043 = VECTOR('',#8044,1.);
#8044 = DIRECTION('',(-1.,1.224646799147E-16,0.));
#8045 = ORIENTED_EDGE('',*,*,#8046,.T.);
#8046 = EDGE_CURVE('',#8039,#7874,#8047,.T.);
#8047 = LINE('',#8048,#8049);
#8048 = CARTESIAN_POINT('',(1.8,5.E-02,6.8));
#8049 = VECTOR('',#8050,1.);
#8050 = DIRECTION('',(1.224646799147E-16,1.,0.));
#8051 = ORIENTED_EDGE('',*,*,#7881,.F.);
#8052 = ORIENTED_EDGE('',*,*,#8053,.T.);
#8053 = EDGE_CURVE('',#7882,#8054,#8056,.T.);
#8054 = VERTEX_POINT('',#8055);
#8055 = CARTESIAN_POINT('',(1.7,5.E-02,6.8));
#8056 = LINE('',#8057,#8058);
#8057 = CARTESIAN_POINT('',(1.7,8.05,6.8));
#8058 = VECTOR('',#8059,1.);
#8059 = DIRECTION('',(-1.224646799147E-16,-1.,0.));
#8060 = ORIENTED_EDGE('',*,*,#8061,.T.);
#8061 = EDGE_CURVE('',#8054,#7908,#8062,.T.);
#8062 = LINE('',#8063,#8064);
#8063 = CARTESIAN_POINT('',(1.7,5.E-02,6.8));
#8064 = VECTOR('',#8065,1.);
#8065 = DIRECTION('',(-1.,1.224646799147E-16,0.));
#8066 = ORIENTED_EDGE('',*,*,#7915,.F.);
#8067 = ORIENTED_EDGE('',*,*,#7924,.F.);
#8068 = PLANE('',#8069);
#8069 = AXIS2_PLACEMENT_3D('',#8070,#8071,#8072);
#8070 = CARTESIAN_POINT('',(1.75,-5.365790627556E-16,6.8));
#8071 = DIRECTION('',(3.897641770985E-32,-3.634668350292E-32,1.));
#8072 = DIRECTION('',(-1.,1.224646799147E-16,3.897641770985E-32));
#8073 = ADVANCED_FACE('',(#8074),#8092,.F.);
#8074 = FACE_BOUND('',#8075,.F.);
#8075 = EDGE_LOOP('',(#8076,#8084,#8090,#8091));
#8076 = ORIENTED_EDGE('',*,*,#8077,.F.);
#8077 = EDGE_CURVE('',#8078,#7976,#8080,.T.);
#8078 = VERTEX_POINT('',#8079);
#8079 = CARTESIAN_POINT('',(1.8,-5.E-02,6.9));
#8080 = LINE('',#8081,#8082);
#8081 = CARTESIAN_POINT('',(1.8,-5.E-02,6.9));
#8082 = VECTOR('',#8083,1.);
#8083 = DIRECTION('',(1.,-1.224646799147E-16,0.));
#8084 = ORIENTED_EDGE('',*,*,#8085,.T.);
#8085 = EDGE_CURVE('',#8078,#8023,#8086,.T.);
#8086 = LINE('',#8087,#8088);
#8087 = CARTESIAN_POINT('',(1.8,-5.E-02,6.9));
#8088 = VECTOR('',#8089,1.);
#8089 = DIRECTION('',(1.677000223684E-32,-2.737449048414E-33,-1.));
#8090 = ORIENTED_EDGE('',*,*,#8030,.T.);
#8091 = ORIENTED_EDGE('',*,*,#7984,.F.);
#8092 = PLANE('',#8093);
#8093 = AXIS2_PLACEMENT_3D('',#8094,#8095,#8096);
#8094 = CARTESIAN_POINT('',(1.8,-5.E-02,6.9));
#8095 = DIRECTION('',(-1.224646799147E-16,-1.,2.737449048414E-33));
#8096 = DIRECTION('',(1.,-1.224646799147E-16,0.));
#8097 = ADVANCED_FACE('',(#8098),#8108,.T.);
#8098 = FACE_BOUND('',#8099,.T.);
#8099 = EDGE_LOOP('',(#8100,#8106,#8107));
#8100 = ORIENTED_EDGE('',*,*,#8101,.F.);
#8101 = EDGE_CURVE('',#7968,#8078,#8102,.T.);
#8102 = LINE('',#8103,#8104);
#8103 = CARTESIAN_POINT('',(1.8,-8.05,6.9));
#8104 = VECTOR('',#8105,1.);
#8105 = DIRECTION('',(1.224646799147E-16,1.,0.));
#8106 = ORIENTED_EDGE('',*,*,#7975,.T.);
#8107 = ORIENTED_EDGE('',*,*,#8077,.F.);
#8108 = PLANE('',#8109);
#8109 = AXIS2_PLACEMENT_3D('',#8110,#8111,#8112);
#8110 = CARTESIAN_POINT('',(1.75,-1.29885370033E-16,6.9));
#8111 = DIRECTION('',(-1.677000223684E-32,2.737449048414E-33,1.));
#8112 = DIRECTION('',(-1.,1.224646799147E-16,-1.677000223684E-32));
#8113 = ADVANCED_FACE('',(#8114),#8120,.F.);
#8114 = FACE_BOUND('',#8115,.F.);
#8115 = EDGE_LOOP('',(#8116,#8117,#8118,#8119));
#8116 = ORIENTED_EDGE('',*,*,#8101,.F.);
#8117 = ORIENTED_EDGE('',*,*,#7967,.T.);
#8118 = ORIENTED_EDGE('',*,*,#8022,.T.);
#8119 = ORIENTED_EDGE('',*,*,#8085,.F.);
#8120 = PLANE('',#8121);
#8121 = AXIS2_PLACEMENT_3D('',#8122,#8123,#8124);
#8122 = CARTESIAN_POINT('',(1.8,-8.05,6.9));
#8123 = DIRECTION('',(1.,-1.224646799147E-16,1.677000223684E-32));
#8124 = DIRECTION('',(1.224646799147E-16,1.,0.));
#8125 = ADVANCED_FACE('',(#8126),#8144,.F.);
#8126 = FACE_BOUND('',#8127,.F.);
#8127 = EDGE_LOOP('',(#8128,#8136,#8142,#8143));
#8128 = ORIENTED_EDGE('',*,*,#8129,.F.);
#8129 = EDGE_CURVE('',#8130,#7942,#8132,.T.);
#8130 = VERTEX_POINT('',#8131);
#8131 = CARTESIAN_POINT('',(1.7,-5.E-02,6.9));
#8132 = LINE('',#8133,#8134);
#8133 = CARTESIAN_POINT('',(1.7,-5.E-02,6.9));
#8134 = VECTOR('',#8135,1.);
#8135 = DIRECTION('',(-1.224646799147E-16,-1.,0.));
#8136 = ORIENTED_EDGE('',*,*,#8137,.T.);
#8137 = EDGE_CURVE('',#8130,#8008,#8138,.T.);
#8138 = LINE('',#8139,#8140);
#8139 = CARTESIAN_POINT('',(1.7,-5.E-02,6.9));
#8140 = VECTOR('',#8141,1.);
#8141 = DIRECTION('',(1.677000223684E-32,-2.737449048414E-33,-1.));
#8142 = ORIENTED_EDGE('',*,*,#8015,.T.);
#8143 = ORIENTED_EDGE('',*,*,#7950,.F.);
#8144 = PLANE('',#8145);
#8145 = AXIS2_PLACEMENT_3D('',#8146,#8147,#8148);
#8146 = CARTESIAN_POINT('',(1.7,-5.E-02,6.9));
#8147 = DIRECTION('',(-1.,1.224646799147E-16,-1.677000223684E-32));
#8148 = DIRECTION('',(-1.224646799147E-16,-1.,0.));
#8149 = ADVANCED_FACE('',(#8150),#8160,.T.);
#8150 = FACE_BOUND('',#8151,.T.);
#8151 = EDGE_LOOP('',(#8152,#8158,#8159));
#8152 = ORIENTED_EDGE('',*,*,#8153,.F.);
#8153 = EDGE_CURVE('',#7934,#8130,#8154,.T.);
#8154 = LINE('',#8155,#8156);
#8155 = CARTESIAN_POINT('',(-6.3,-5.E-02,6.9));
#8156 = VECTOR('',#8157,1.);
#8157 = DIRECTION('',(1.,-1.666748583704E-19,0.));
#8158 = ORIENTED_EDGE('',*,*,#7941,.T.);
#8159 = ORIENTED_EDGE('',*,*,#8129,.F.);
#8160 = PLANE('',#8161);
#8161 = AXIS2_PLACEMENT_3D('',#8162,#8163,#8164);
#8162 = CARTESIAN_POINT('',(1.75,-1.29885370033E-16,6.9));
#8163 = DIRECTION('',(-1.677000223684E-32,2.737449048414E-33,1.));
#8164 = DIRECTION('',(-1.,1.224646799147E-16,-1.677000223684E-32));
#8165 = ADVANCED_FACE('',(#8166),#8172,.F.);
#8166 = FACE_BOUND('',#8167,.F.);
#8167 = EDGE_LOOP('',(#8168,#8169,#8170,#8171));
#8168 = ORIENTED_EDGE('',*,*,#8153,.F.);
#8169 = ORIENTED_EDGE('',*,*,#7933,.T.);
#8170 = ORIENTED_EDGE('',*,*,#8007,.T.);
#8171 = ORIENTED_EDGE('',*,*,#8137,.F.);
#8172 = PLANE('',#8173);
#8173 = AXIS2_PLACEMENT_3D('',#8174,#8175,#8176);
#8174 = CARTESIAN_POINT('',(-6.3,-5.E-02,6.9));
#8175 = DIRECTION('',(-1.666748583704E-19,-1.,2.737449048414E-33));
#8176 = DIRECTION('',(1.,-1.666748583704E-19,0.));
#8177 = ADVANCED_FACE('',(#8178),#8196,.F.);
#8178 = FACE_BOUND('',#8179,.F.);
#8179 = EDGE_LOOP('',(#8180,#8188,#8194,#8195));
#8180 = ORIENTED_EDGE('',*,*,#8181,.F.);
#8181 = EDGE_CURVE('',#8182,#7899,#8184,.T.);
#8182 = VERTEX_POINT('',#8183);
#8183 = CARTESIAN_POINT('',(1.7,5.E-02,6.9));
#8184 = LINE('',#8185,#8186);
#8185 = CARTESIAN_POINT('',(1.7,5.E-02,6.9));
#8186 = VECTOR('',#8187,1.);
#8187 = DIRECTION('',(-1.,1.224646799147E-16,0.));
#8188 = ORIENTED_EDGE('',*,*,#8189,.T.);
#8189 = EDGE_CURVE('',#8182,#8054,#8190,.T.);
#8190 = LINE('',#8191,#8192);
#8191 = CARTESIAN_POINT('',(1.7,5.E-02,6.9));
#8192 = VECTOR('',#8193,1.);
#8193 = DIRECTION('',(1.677000223684E-32,-2.737449048414E-33,-1.));
#8194 = ORIENTED_EDGE('',*,*,#8061,.T.);
#8195 = ORIENTED_EDGE('',*,*,#7907,.F.);
#8196 = PLANE('',#8197);
#8197 = AXIS2_PLACEMENT_3D('',#8198,#8199,#8200);
#8198 = CARTESIAN_POINT('',(1.7,5.E-02,6.9));
#8199 = DIRECTION('',(1.224646799147E-16,1.,-2.737449048414E-33));
#8200 = DIRECTION('',(-1.,1.224646799147E-16,0.));
#8201 = ADVANCED_FACE('',(#8202),#8212,.T.);
#8202 = FACE_BOUND('',#8203,.T.);
#8203 = EDGE_LOOP('',(#8204,#8205,#8206));
#8204 = ORIENTED_EDGE('',*,*,#7898,.T.);
#8205 = ORIENTED_EDGE('',*,*,#8181,.F.);
#8206 = ORIENTED_EDGE('',*,*,#8207,.F.);
#8207 = EDGE_CURVE('',#7891,#8182,#8208,.T.);
#8208 = LINE('',#8209,#8210);
#8209 = CARTESIAN_POINT('',(1.7,8.05,6.9));
#8210 = VECTOR('',#8211,1.);
#8211 = DIRECTION('',(-1.224646799147E-16,-1.,0.));
#8212 = PLANE('',#8213);
#8213 = AXIS2_PLACEMENT_3D('',#8214,#8215,#8216);
#8214 = CARTESIAN_POINT('',(1.75,-1.29885370033E-16,6.9));
#8215 = DIRECTION('',(-1.677000223684E-32,2.737449048414E-33,1.));
#8216 = DIRECTION('',(-1.,1.224646799147E-16,-1.677000223684E-32));
#8217 = ADVANCED_FACE('',(#8218),#8224,.F.);
#8218 = FACE_BOUND('',#8219,.F.);
#8219 = EDGE_LOOP('',(#8220,#8221,#8222,#8223));
#8220 = ORIENTED_EDGE('',*,*,#8207,.F.);
#8221 = ORIENTED_EDGE('',*,*,#7890,.T.);
#8222 = ORIENTED_EDGE('',*,*,#8053,.T.);
#8223 = ORIENTED_EDGE('',*,*,#8189,.F.);
#8224 = PLANE('',#8225);
#8225 = AXIS2_PLACEMENT_3D('',#8226,#8227,#8228);
#8226 = CARTESIAN_POINT('',(1.7,8.05,6.9));
#8227 = DIRECTION('',(-1.,1.224646799147E-16,-1.677000223684E-32));
#8228 = DIRECTION('',(-1.224646799147E-16,-1.,0.));
#8229 = ADVANCED_FACE('',(#8230),#8248,.F.);
#8230 = FACE_BOUND('',#8231,.F.);
#8231 = EDGE_LOOP('',(#8232,#8240,#8246,#8247));
#8232 = ORIENTED_EDGE('',*,*,#8233,.F.);
#8233 = EDGE_CURVE('',#8234,#7865,#8236,.T.);
#8234 = VERTEX_POINT('',#8235);
#8235 = CARTESIAN_POINT('',(1.8,5.E-02,6.9));
#8236 = LINE('',#8237,#8238);
#8237 = CARTESIAN_POINT('',(1.8,5.E-02,6.9));
#8238 = VECTOR('',#8239,1.);
#8239 = DIRECTION('',(1.224646799147E-16,1.,0.));
#8240 = ORIENTED_EDGE('',*,*,#8241,.T.);
#8241 = EDGE_CURVE('',#8234,#8039,#8242,.T.);
#8242 = LINE('',#8243,#8244);
#8243 = CARTESIAN_POINT('',(1.8,5.E-02,6.9));
#8244 = VECTOR('',#8245,1.);
#8245 = DIRECTION('',(1.677000223684E-32,-2.737449048414E-33,-1.));
#8246 = ORIENTED_EDGE('',*,*,#8046,.T.);
#8247 = ORIENTED_EDGE('',*,*,#7873,.F.);
#8248 = PLANE('',#8249);
#8249 = AXIS2_PLACEMENT_3D('',#8250,#8251,#8252);
#8250 = CARTESIAN_POINT('',(1.8,5.E-02,6.9));
#8251 = DIRECTION('',(1.,-1.224646799147E-16,1.677000223684E-32));
#8252 = DIRECTION('',(1.224646799147E-16,1.,0.));
#8253 = ADVANCED_FACE('',(#8254),#8264,.T.);
#8254 = FACE_BOUND('',#8255,.T.);
#8255 = EDGE_LOOP('',(#8256,#8257,#8258));
#8256 = ORIENTED_EDGE('',*,*,#7864,.T.);
#8257 = ORIENTED_EDGE('',*,*,#8233,.F.);
#8258 = ORIENTED_EDGE('',*,*,#8259,.F.);
#8259 = EDGE_CURVE('',#7857,#8234,#8260,.T.);
#8260 = LINE('',#8261,#8262);
#8261 = CARTESIAN_POINT('',(9.8,5.E-02,6.9));
#8262 = VECTOR('',#8263,1.);
#8263 = DIRECTION('',(-1.,1.224646799147E-16,0.));
#8264 = PLANE('',#8265);
#8265 = AXIS2_PLACEMENT_3D('',#8266,#8267,#8268);
#8266 = CARTESIAN_POINT('',(1.75,-1.29885370033E-16,6.9));
#8267 = DIRECTION('',(-1.677000223684E-32,2.737449048414E-33,1.));
#8268 = DIRECTION('',(-1.,1.224646799147E-16,-1.677000223684E-32));
#8269 = ADVANCED_FACE('',(#8270),#8276,.F.);
#8270 = FACE_BOUND('',#8271,.F.);
#8271 = EDGE_LOOP('',(#8272,#8273,#8274,#8275));
#8272 = ORIENTED_EDGE('',*,*,#8259,.F.);
#8273 = ORIENTED_EDGE('',*,*,#7856,.T.);
#8274 = ORIENTED_EDGE('',*,*,#8038,.T.);
#8275 = ORIENTED_EDGE('',*,*,#8241,.F.);
#8276 = PLANE('',#8277);
#8277 = AXIS2_PLACEMENT_3D('',#8278,#8279,#8280);
#8278 = CARTESIAN_POINT('',(9.8,5.E-02,6.9));
#8279 = DIRECTION('',(1.224646799147E-16,1.,-2.737449048414E-33));
#8280 = DIRECTION('',(-1.,1.224646799147E-16,0.));
#8281 = ORIENTED_CLOSED_SHELL('',*,#8282,.F.);
#8282 = CLOSED_SHELL('',(#8283,#8300,#8334));
#8283 = ADVANCED_FACE('',(#8284),#8295,.T.);
#8284 = FACE_BOUND('',#8285,.T.);
#8285 = EDGE_LOOP('',(#8286));
#8286 = ORIENTED_EDGE('',*,*,#8287,.T.);
#8287 = EDGE_CURVE('',#8288,#8288,#8290,.T.);
#8288 = VERTEX_POINT('',#8289);
#8289 = CARTESIAN_POINT('',(4.55,-6.858022075225E-16,6.6));
#8290 = CIRCLE('',#8291,2.8);
#8291 = AXIS2_PLACEMENT_3D('',#8292,#8293,#8294);
#8292 = CARTESIAN_POINT('',(1.75,0.,6.6));
#8293 = DIRECTION('',(0.,-0.,-1.));
#8294 = DIRECTION('',(1.,-2.449293598295E-16,0.));
#8295 = PLANE('',#8296);
#8296 = AXIS2_PLACEMENT_3D('',#8297,#8298,#8299);
#8297 = CARTESIAN_POINT('',(1.75,0.,6.6));
#8298 = DIRECTION('',(0.,0.,-1.));
#8299 = DIRECTION('',(1.,-2.449293598295E-16,0.));
#8300 = ADVANCED_FACE('',(#8301),#8329,.T.);
#8301 = FACE_BOUND('',#8302,.T.);
#8302 = EDGE_LOOP('',(#8303,#8314,#8320,#8321,#8322));
#8303 = ORIENTED_EDGE('',*,*,#8304,.F.);
#8304 = EDGE_CURVE('',#8305,#8307,#8309,.T.);
#8305 = VERTEX_POINT('',#8306);
#8306 = CARTESIAN_POINT('',(4.55,-4.109792030388E-14,6.7));
#8307 = VERTEX_POINT('',#8308);
#8308 = CARTESIAN_POINT('',(-1.05,3.429011037613E-16,6.7));
#8309 = CIRCLE('',#8310,2.8);
#8310 = AXIS2_PLACEMENT_3D('',#8311,#8312,#8313);
#8311 = CARTESIAN_POINT('',(1.75,0.,6.7));
#8312 = DIRECTION('',(0.,0.,1.));
#8313 = DIRECTION('',(-1.,1.224646799147E-16,0.));
#8314 = ORIENTED_EDGE('',*,*,#8315,.T.);
#8315 = EDGE_CURVE('',#8305,#8288,#8316,.T.);
#8316 = LINE('',#8317,#8318);
#8317 = CARTESIAN_POINT('',(4.55,-6.858022075225E-16,7.));
#8318 = VECTOR('',#8319,1.);
#8319 = DIRECTION('',(0.,0.,-1.));
#8320 = ORIENTED_EDGE('',*,*,#8287,.F.);
#8321 = ORIENTED_EDGE('',*,*,#8315,.F.);
#8322 = ORIENTED_EDGE('',*,*,#8323,.F.);
#8323 = EDGE_CURVE('',#8307,#8305,#8324,.T.);
#8324 = CIRCLE('',#8325,2.8);
#8325 = AXIS2_PLACEMENT_3D('',#8326,#8327,#8328);
#8326 = CARTESIAN_POINT('',(1.75,0.,6.7));
#8327 = DIRECTION('',(0.,0.,1.));
#8328 = DIRECTION('',(-1.,1.224646799147E-16,0.));
#8329 = CYLINDRICAL_SURFACE('',#8330,2.8);
#8330 = AXIS2_PLACEMENT_3D('',#8331,#8332,#8333);
#8331 = CARTESIAN_POINT('',(1.75,0.,7.));
#8332 = DIRECTION('',(0.,0.,-1.));
#8333 = DIRECTION('',(1.,-2.449293598295E-16,0.));
#8334 = ADVANCED_FACE('',(#8335),#8339,.T.);
#8335 = FACE_BOUND('',#8336,.T.);
#8336 = EDGE_LOOP('',(#8337,#8338));
#8337 = ORIENTED_EDGE('',*,*,#8323,.T.);
#8338 = ORIENTED_EDGE('',*,*,#8304,.T.);
#8339 = PLANE('',#8340);
#8340 = AXIS2_PLACEMENT_3D('',#8341,#8342,#8343);
#8341 = CARTESIAN_POINT('',(1.75,-1.29885370033E-16,6.7));
#8342 = DIRECTION('',(-1.677000223684E-32,2.737449048414E-33,1.));
#8343 = DIRECTION('',(-1.,1.224646799147E-16,-1.677000223684E-32));
#8344 = ( GEOMETRIC_REPRESENTATION_CONTEXT(3) 
GLOBAL_UNCERTAINTY_ASSIGNED_CONTEXT((#8348)) 
GLOBAL_UNIT_ASSIGNED_CONTEXT((#8345,#8346,#8347)) REPRESENTATION_CONTEXT
('Context #1','3D Context with UNIT and UNCERTAINTY') );
#8345 = ( LENGTH_UNIT() NAMED_UNIT(*) SI_UNIT(.MILLI.,.METRE.) );
#8346 = ( NAMED_UNIT(*) PLANE_ANGLE_UNIT() SI_UNIT($,.RADIAN.) );
#8347 = ( NAMED_UNIT(*) SI_UNIT($,.STERADIAN.) SOLID_ANGLE_UNIT() );
#8348 = UNCERTAINTY_MEASURE_WITH_UNIT(LENGTH_MEASURE(2.E-06),#8345,
  'distance_accuracy_value','confusion accuracy');
#8349 = CONTEXT_DEPENDENT_SHAPE_REPRESENTATION(#8350,#8352);
#8350 = ( REPRESENTATION_RELATIONSHIP('','',#7356,#10) 
REPRESENTATION_RELATIONSHIP_WITH_TRANSFORMATION(#8351) 
SHAPE_REPRESENTATION_RELATIONSHIP() );
#8351 = ITEM_DEFINED_TRANSFORMATION('','',#11,#47);
#8352 = PRODUCT_DEFINITION_SHAPE('Placement','Placement of an item',
  #8353);
#8353 = NEXT_ASSEMBLY_USAGE_OCCURRENCE('9','C6','',#5,#7351,$);
#8354 = PRODUCT_RELATED_PRODUCT_CATEGORY('part',$,(#7353));
#8355 = SHAPE_DEFINITION_REPRESENTATION(#8356,#8362);
#8356 = PRODUCT_DEFINITION_SHAPE('','',#8357);
#8357 = PRODUCT_DEFINITION('design','',#8358,#8361);
#8358 = PRODUCT_DEFINITION_FORMATION('','',#8359);
#8359 = PRODUCT('LED_D3.0mm','LED_D3.0mm','',(#8360));
#8360 = PRODUCT_CONTEXT('',#2,'mechanical');
#8361 = PRODUCT_DEFINITION_CONTEXT('part definition',#2,'design');
#8362 = ADVANCED_BREP_SHAPE_REPRESENTATION('',(#11,#8363),#8826);
#8363 = MANIFOLD_SOLID_BREP('',#8364);
#8364 = CLOSED_SHELL('',(#8365,#8392,#8437,#8481,#8513,#8532,#8610,#8641
    ,#8665,#8689,#8706,#8737,#8761,#8785,#8802,#8814));
#8365 = ADVANCED_FACE('',(#8366),#8387,.T.);
#8366 = FACE_BOUND('',#8367,.T.);
#8367 = EDGE_LOOP('',(#8368,#8379,#8380));
#8368 = ORIENTED_EDGE('',*,*,#8369,.T.);
#8369 = EDGE_CURVE('',#8370,#8372,#8374,.T.);
#8370 = VERTEX_POINT('',#8371);
#8371 = CARTESIAN_POINT('',(2.77,-1.50990331349E-15,6.8));
#8372 = VERTEX_POINT('',#8373);
#8373 = CARTESIAN_POINT('',(1.27,-1.842970220878E-15,8.3));
#8374 = CIRCLE('',#8375,1.5);
#8375 = AXIS2_PLACEMENT_3D('',#8376,#8377,#8378);
#8376 = CARTESIAN_POINT('',(1.27,-1.50990331349E-15,6.8));
#8377 = DIRECTION('',(0.,-1.,-2.22044604925E-16));
#8378 = DIRECTION('',(1.,0.,0.));
#8379 = ORIENTED_EDGE('',*,*,#8369,.F.);
#8380 = ORIENTED_EDGE('',*,*,#8381,.F.);
#8381 = EDGE_CURVE('',#8370,#8370,#8382,.T.);
#8382 = CIRCLE('',#8383,1.5);
#8383 = AXIS2_PLACEMENT_3D('',#8384,#8385,#8386);
#8384 = CARTESIAN_POINT('',(1.27,-1.50990331349E-15,6.8));
#8385 = DIRECTION('',(0.,2.22044604925E-16,-1.));
#8386 = DIRECTION('',(1.,0.,0.));
#8387 = SPHERICAL_SURFACE('',#8388,1.5);
#8388 = AXIS2_PLACEMENT_3D('',#8389,#8390,#8391);
#8389 = CARTESIAN_POINT('',(1.27,-1.50990331349E-15,6.8));
#8390 = DIRECTION('',(0.,-2.22044604925E-16,1.));
#8391 = DIRECTION('',(1.,0.,0.));
#8392 = ADVANCED_FACE('',(#8393),#8432,.T.);
#8393 = FACE_BOUND('',#8394,.T.);
#8394 = EDGE_LOOP('',(#8395,#8403,#8404,#8405,#8414,#8423));
#8395 = ORIENTED_EDGE('',*,*,#8396,.F.);
#8396 = EDGE_CURVE('',#8370,#8397,#8399,.T.);
#8397 = VERTEX_POINT('',#8398);
#8398 = CARTESIAN_POINT('',(2.77,-8.881784197001E-16,4.));
#8399 = LINE('',#8400,#8401);
#8400 = CARTESIAN_POINT('',(2.77,-1.50990331349E-15,6.8));
#8401 = VECTOR('',#8402,1.);
#8402 = DIRECTION('',(0.,2.22044604925E-16,-1.));
#8403 = ORIENTED_EDGE('',*,*,#8381,.T.);
#8404 = ORIENTED_EDGE('',*,*,#8396,.T.);
#8405 = ORIENTED_EDGE('',*,*,#8406,.F.);
#8406 = EDGE_CURVE('',#8407,#8397,#8409,.T.);
#8407 = VERTEX_POINT('',#8408);
#8408 = CARTESIAN_POINT('',(-0.23,-1.091049232099E-15,4.));
#8409 = CIRCLE('',#8410,1.5);
#8410 = AXIS2_PLACEMENT_3D('',#8411,#8412,#8413);
#8411 = CARTESIAN_POINT('',(1.27,-8.881784197001E-16,4.));
#8412 = DIRECTION('',(0.,2.22044604925E-16,-1.));
#8413 = DIRECTION('',(1.,0.,0.));
#8414 = ORIENTED_EDGE('',*,*,#8415,.F.);
#8415 = EDGE_CURVE('',#8416,#8407,#8418,.T.);
#8416 = VERTEX_POINT('',#8417);
#8417 = CARTESIAN_POINT('',(-0.23,-7.823615514024E-09,4.));
#8418 = CIRCLE('',#8419,1.5);
#8419 = AXIS2_PLACEMENT_3D('',#8420,#8421,#8422);
#8420 = CARTESIAN_POINT('',(1.27,-8.881784197001E-16,4.));
#8421 = DIRECTION('',(0.,2.22044604925E-16,-1.));
#8422 = DIRECTION('',(1.,0.,0.));
#8423 = ORIENTED_EDGE('',*,*,#8424,.F.);
#8424 = EDGE_CURVE('',#8397,#8425,#8427,.T.);
#8425 = VERTEX_POINT('',#8426);
#8426 = CARTESIAN_POINT('',(-0.23,-7.823615514024E-09,4.));
#8427 = CIRCLE('',#8428,1.5);
#8428 = AXIS2_PLACEMENT_3D('',#8429,#8430,#8431);
#8429 = CARTESIAN_POINT('',(1.27,-8.881784197001E-16,4.));
#8430 = DIRECTION('',(0.,2.22044604925E-16,-1.));
#8431 = DIRECTION('',(1.,0.,0.));
#8432 = CYLINDRICAL_SURFACE('',#8433,1.5);
#8433 = AXIS2_PLACEMENT_3D('',#8434,#8435,#8436);
#8434 = CARTESIAN_POINT('',(1.27,-1.50990331349E-15,6.8));
#8435 = DIRECTION('',(0.,2.22044604925E-16,-1.));
#8436 = DIRECTION('',(1.,0.,0.));
#8437 = ADVANCED_FACE('',(#8438,#8471),#8476,.F.);
#8438 = FACE_BOUND('',#8439,.F.);
#8439 = EDGE_LOOP('',(#8440,#8451,#8457,#8465));
#8440 = ORIENTED_EDGE('',*,*,#8441,.F.);
#8441 = EDGE_CURVE('',#8442,#8444,#8446,.T.);
#8442 = VERTEX_POINT('',#8443);
#8443 = CARTESIAN_POINT('',(-0.23,-1.16619037897,4.));
#8444 = VERTEX_POINT('',#8445);
#8445 = CARTESIAN_POINT('',(-0.23,1.16619037897,4.));
#8446 = CIRCLE('',#8447,1.9);
#8447 = AXIS2_PLACEMENT_3D('',#8448,#8449,#8450);
#8448 = CARTESIAN_POINT('',(1.27,0.,4.));
#8449 = DIRECTION('',(0.,0.,1.));
#8450 = DIRECTION('',(1.,0.,-0.));
#8451 = ORIENTED_EDGE('',*,*,#8452,.T.);
#8452 = EDGE_CURVE('',#8442,#8416,#8453,.T.);
#8453 = LINE('',#8454,#8455);
#8454 = CARTESIAN_POINT('',(-0.23,-1.16619037897,4.));
#8455 = VECTOR('',#8456,1.);
#8456 = DIRECTION('',(0.,1.,0.));
#8457 = ORIENTED_EDGE('',*,*,#8458,.T.);
#8458 = EDGE_CURVE('',#8416,#8459,#8461,.T.);
#8459 = VERTEX_POINT('',#8460);
#8460 = CARTESIAN_POINT('',(-0.23,-1.091049232099E-15,4.));
#8461 = LINE('',#8462,#8463);
#8462 = CARTESIAN_POINT('',(-0.23,-1.16619037897,4.));
#8463 = VECTOR('',#8464,1.);
#8464 = DIRECTION('',(0.,1.,0.));
#8465 = ORIENTED_EDGE('',*,*,#8466,.T.);
#8466 = EDGE_CURVE('',#8459,#8444,#8467,.T.);
#8467 = LINE('',#8468,#8469);
#8468 = CARTESIAN_POINT('',(-0.23,-1.16619037897,4.));
#8469 = VECTOR('',#8470,1.);
#8470 = DIRECTION('',(0.,1.,0.));
#8471 = FACE_BOUND('',#8472,.F.);
#8472 = EDGE_LOOP('',(#8473,#8474,#8475));
#8473 = ORIENTED_EDGE('',*,*,#8406,.F.);
#8474 = ORIENTED_EDGE('',*,*,#8415,.F.);
#8475 = ORIENTED_EDGE('',*,*,#8424,.F.);
#8476 = PLANE('',#8477);
#8477 = AXIS2_PLACEMENT_3D('',#8478,#8479,#8480);
#8478 = CARTESIAN_POINT('',(-0.23,-1.166190378969,4.));
#8479 = DIRECTION('',(0.,0.,-1.));
#8480 = DIRECTION('',(-1.,0.,0.));
#8481 = ADVANCED_FACE('',(#8482),#8508,.T.);
#8482 = FACE_BOUND('',#8483,.T.);
#8483 = EDGE_LOOP('',(#8484,#8495,#8501,#8502));
#8484 = ORIENTED_EDGE('',*,*,#8485,.T.);
#8485 = EDGE_CURVE('',#8486,#8488,#8490,.T.);
#8486 = VERTEX_POINT('',#8487);
#8487 = CARTESIAN_POINT('',(-0.23,-1.16619037897,3.));
#8488 = VERTEX_POINT('',#8489);
#8489 = CARTESIAN_POINT('',(-0.23,1.16619037897,3.));
#8490 = CIRCLE('',#8491,1.9);
#8491 = AXIS2_PLACEMENT_3D('',#8492,#8493,#8494);
#8492 = CARTESIAN_POINT('',(1.27,0.,3.));
#8493 = DIRECTION('',(0.,0.,1.));
#8494 = DIRECTION('',(1.,0.,-0.));
#8495 = ORIENTED_EDGE('',*,*,#8496,.T.);
#8496 = EDGE_CURVE('',#8488,#8444,#8497,.T.);
#8497 = LINE('',#8498,#8499);
#8498 = CARTESIAN_POINT('',(-0.23,1.16619037897,3.));
#8499 = VECTOR('',#8500,1.);
#8500 = DIRECTION('',(0.,0.,1.));
#8501 = ORIENTED_EDGE('',*,*,#8441,.F.);
#8502 = ORIENTED_EDGE('',*,*,#8503,.F.);
#8503 = EDGE_CURVE('',#8486,#8442,#8504,.T.);
#8504 = LINE('',#8505,#8506);
#8505 = CARTESIAN_POINT('',(-0.23,-1.16619037897,3.));
#8506 = VECTOR('',#8507,1.);
#8507 = DIRECTION('',(0.,0.,1.));
#8508 = CYLINDRICAL_SURFACE('',#8509,1.9);
#8509 = AXIS2_PLACEMENT_3D('',#8510,#8511,#8512);
#8510 = CARTESIAN_POINT('',(1.27,0.,3.));
#8511 = DIRECTION('',(-0.,-0.,-1.));
#8512 = DIRECTION('',(1.,0.,0.));
#8513 = ADVANCED_FACE('',(#8514),#8527,.T.);
#8514 = FACE_BOUND('',#8515,.T.);
#8515 = EDGE_LOOP('',(#8516,#8517,#8518,#8519,#8520,#8521));
#8516 = ORIENTED_EDGE('',*,*,#8503,.T.);
#8517 = ORIENTED_EDGE('',*,*,#8452,.T.);
#8518 = ORIENTED_EDGE('',*,*,#8458,.T.);
#8519 = ORIENTED_EDGE('',*,*,#8466,.T.);
#8520 = ORIENTED_EDGE('',*,*,#8496,.F.);
#8521 = ORIENTED_EDGE('',*,*,#8522,.F.);
#8522 = EDGE_CURVE('',#8486,#8488,#8523,.T.);
#8523 = LINE('',#8524,#8525);
#8524 = CARTESIAN_POINT('',(-0.23,-1.16619037897,3.));
#8525 = VECTOR('',#8526,1.);
#8526 = DIRECTION('',(0.,1.,0.));
#8527 = PLANE('',#8528);
#8528 = AXIS2_PLACEMENT_3D('',#8529,#8530,#8531);
#8529 = CARTESIAN_POINT('',(-0.23,-1.16619037897,3.));
#8530 = DIRECTION('',(-1.,0.,0.));
#8531 = DIRECTION('',(0.,1.,0.));
#8532 = ADVANCED_FACE('',(#8533,#8537,#8571),#8605,.T.);
#8533 = FACE_BOUND('',#8534,.T.);
#8534 = EDGE_LOOP('',(#8535,#8536));
#8535 = ORIENTED_EDGE('',*,*,#8485,.F.);
#8536 = ORIENTED_EDGE('',*,*,#8522,.T.);
#8537 = FACE_BOUND('',#8538,.T.);
#8538 = EDGE_LOOP('',(#8539,#8549,#8557,#8565));
#8539 = ORIENTED_EDGE('',*,*,#8540,.T.);
#8540 = EDGE_CURVE('',#8541,#8543,#8545,.T.);
#8541 = VERTEX_POINT('',#8542);
#8542 = CARTESIAN_POINT('',(0.2,-0.2,3.));
#8543 = VERTEX_POINT('',#8544);
#8544 = CARTESIAN_POINT('',(0.2,0.2,3.));
#8545 = LINE('',#8546,#8547);
#8546 = CARTESIAN_POINT('',(0.2,-0.483095189485,3.));
#8547 = VECTOR('',#8548,1.);
#8548 = DIRECTION('',(0.,1.,0.));
#8549 = ORIENTED_EDGE('',*,*,#8550,.T.);
#8550 = EDGE_CURVE('',#8543,#8551,#8553,.T.);
#8551 = VERTEX_POINT('',#8552);
#8552 = CARTESIAN_POINT('',(-0.2,0.2,3.));
#8553 = LINE('',#8554,#8555);
#8554 = CARTESIAN_POINT('',(-0.215,0.2,3.));
#8555 = VECTOR('',#8556,1.);
#8556 = DIRECTION('',(-1.,-0.,-0.));
#8557 = ORIENTED_EDGE('',*,*,#8558,.T.);
#8558 = EDGE_CURVE('',#8551,#8559,#8561,.T.);
#8559 = VERTEX_POINT('',#8560);
#8560 = CARTESIAN_POINT('',(-0.2,-0.2,3.));
#8561 = LINE('',#8562,#8563);
#8562 = CARTESIAN_POINT('',(-0.2,-0.683095189485,3.));
#8563 = VECTOR('',#8564,1.);
#8564 = DIRECTION('',(0.,-1.,0.));
#8565 = ORIENTED_EDGE('',*,*,#8566,.T.);
#8566 = EDGE_CURVE('',#8559,#8541,#8567,.T.);
#8567 = LINE('',#8568,#8569);
#8568 = CARTESIAN_POINT('',(-1.499999999986E-02,-0.2,3.));
#8569 = VECTOR('',#8570,1.);
#8570 = DIRECTION('',(1.,0.,0.));
#8571 = FACE_BOUND('',#8572,.T.);
#8572 = EDGE_LOOP('',(#8573,#8583,#8591,#8599));
#8573 = ORIENTED_EDGE('',*,*,#8574,.T.);
#8574 = EDGE_CURVE('',#8575,#8577,#8579,.T.);
#8575 = VERTEX_POINT('',#8576);
#8576 = CARTESIAN_POINT('',(2.74,0.2,3.));
#8577 = VERTEX_POINT('',#8578);
#8578 = CARTESIAN_POINT('',(2.34,0.2,3.));
#8579 = LINE('',#8580,#8581);
#8580 = CARTESIAN_POINT('',(1.055,0.2,3.));
#8581 = VECTOR('',#8582,1.);
#8582 = DIRECTION('',(-1.,-0.,-0.));
#8583 = ORIENTED_EDGE('',*,*,#8584,.T.);
#8584 = EDGE_CURVE('',#8577,#8585,#8587,.T.);
#8585 = VERTEX_POINT('',#8586);
#8586 = CARTESIAN_POINT('',(2.34,-0.2,3.));
#8587 = LINE('',#8588,#8589);
#8588 = CARTESIAN_POINT('',(2.34,-0.683095189485,3.));
#8589 = VECTOR('',#8590,1.);
#8590 = DIRECTION('',(0.,-1.,0.));
#8591 = ORIENTED_EDGE('',*,*,#8592,.T.);
#8592 = EDGE_CURVE('',#8585,#8593,#8595,.T.);
#8593 = VERTEX_POINT('',#8594);
#8594 = CARTESIAN_POINT('',(2.74,-0.2,3.));
#8595 = LINE('',#8596,#8597);
#8596 = CARTESIAN_POINT('',(1.255,-0.2,3.));
#8597 = VECTOR('',#8598,1.);
#8598 = DIRECTION('',(1.,0.,0.));
#8599 = ORIENTED_EDGE('',*,*,#8600,.T.);
#8600 = EDGE_CURVE('',#8593,#8575,#8601,.T.);
#8601 = LINE('',#8602,#8603);
#8602 = CARTESIAN_POINT('',(2.74,-0.483095189485,3.));
#8603 = VECTOR('',#8604,1.);
#8604 = DIRECTION('',(0.,1.,0.));
#8605 = PLANE('',#8606);
#8606 = AXIS2_PLACEMENT_3D('',#8607,#8608,#8609);
#8607 = CARTESIAN_POINT('',(-0.23,-1.166190378969,3.));
#8608 = DIRECTION('',(0.,0.,-1.));
#8609 = DIRECTION('',(-1.,0.,0.));
#8610 = ADVANCED_FACE('',(#8611),#8636,.F.);
#8611 = FACE_BOUND('',#8612,.F.);
#8612 = EDGE_LOOP('',(#8613,#8614,#8622,#8630));
#8613 = ORIENTED_EDGE('',*,*,#8540,.T.);
#8614 = ORIENTED_EDGE('',*,*,#8615,.T.);
#8615 = EDGE_CURVE('',#8543,#8616,#8618,.T.);
#8616 = VERTEX_POINT('',#8617);
#8617 = CARTESIAN_POINT('',(0.2,0.2,-2.5));
#8618 = LINE('',#8619,#8620);
#8619 = CARTESIAN_POINT('',(0.2,0.2,3.5));
#8620 = VECTOR('',#8621,1.);
#8621 = DIRECTION('',(-0.,-0.,-1.));
#8622 = ORIENTED_EDGE('',*,*,#8623,.T.);
#8623 = EDGE_CURVE('',#8616,#8624,#8626,.T.);
#8624 = VERTEX_POINT('',#8625);
#8625 = CARTESIAN_POINT('',(0.2,-0.2,-2.5));
#8626 = LINE('',#8627,#8628);
#8627 = CARTESIAN_POINT('',(0.2,0.2,-2.5));
#8628 = VECTOR('',#8629,1.);
#8629 = DIRECTION('',(0.,-1.,0.));
#8630 = ORIENTED_EDGE('',*,*,#8631,.F.);
#8631 = EDGE_CURVE('',#8541,#8624,#8632,.T.);
#8632 = LINE('',#8633,#8634);
#8633 = CARTESIAN_POINT('',(0.2,-0.2,3.5));
#8634 = VECTOR('',#8635,1.);
#8635 = DIRECTION('',(-0.,-0.,-1.));
#8636 = PLANE('',#8637);
#8637 = AXIS2_PLACEMENT_3D('',#8638,#8639,#8640);
#8638 = CARTESIAN_POINT('',(0.2,0.2,3.5));
#8639 = DIRECTION('',(-1.,0.,0.));
#8640 = DIRECTION('',(0.,-1.,0.));
#8641 = ADVANCED_FACE('',(#8642),#8660,.F.);
#8642 = FACE_BOUND('',#8643,.F.);
#8643 = EDGE_LOOP('',(#8644,#8645,#8646,#8654));
#8644 = ORIENTED_EDGE('',*,*,#8566,.T.);
#8645 = ORIENTED_EDGE('',*,*,#8631,.T.);
#8646 = ORIENTED_EDGE('',*,*,#8647,.T.);
#8647 = EDGE_CURVE('',#8624,#8648,#8650,.T.);
#8648 = VERTEX_POINT('',#8649);
#8649 = CARTESIAN_POINT('',(-0.2,-0.2,-2.5));
#8650 = LINE('',#8651,#8652);
#8651 = CARTESIAN_POINT('',(0.2,-0.2,-2.5));
#8652 = VECTOR('',#8653,1.);
#8653 = DIRECTION('',(-1.,0.,0.));
#8654 = ORIENTED_EDGE('',*,*,#8655,.F.);
#8655 = EDGE_CURVE('',#8559,#8648,#8656,.T.);
#8656 = LINE('',#8657,#8658);
#8657 = CARTESIAN_POINT('',(-0.2,-0.2,3.5));
#8658 = VECTOR('',#8659,1.);
#8659 = DIRECTION('',(-0.,-0.,-1.));
#8660 = PLANE('',#8661);
#8661 = AXIS2_PLACEMENT_3D('',#8662,#8663,#8664);
#8662 = CARTESIAN_POINT('',(0.2,-0.2,3.5));
#8663 = DIRECTION('',(0.,1.,0.));
#8664 = DIRECTION('',(-1.,0.,0.));
#8665 = ADVANCED_FACE('',(#8666),#8684,.F.);
#8666 = FACE_BOUND('',#8667,.F.);
#8667 = EDGE_LOOP('',(#8668,#8669,#8670,#8678));
#8668 = ORIENTED_EDGE('',*,*,#8558,.T.);
#8669 = ORIENTED_EDGE('',*,*,#8655,.T.);
#8670 = ORIENTED_EDGE('',*,*,#8671,.T.);
#8671 = EDGE_CURVE('',#8648,#8672,#8674,.T.);
#8672 = VERTEX_POINT('',#8673);
#8673 = CARTESIAN_POINT('',(-0.2,0.2,-2.5));
#8674 = LINE('',#8675,#8676);
#8675 = CARTESIAN_POINT('',(-0.2,-0.2,-2.5));
#8676 = VECTOR('',#8677,1.);
#8677 = DIRECTION('',(0.,1.,0.));
#8678 = ORIENTED_EDGE('',*,*,#8679,.F.);
#8679 = EDGE_CURVE('',#8551,#8672,#8680,.T.);
#8680 = LINE('',#8681,#8682);
#8681 = CARTESIAN_POINT('',(-0.2,0.2,3.5));
#8682 = VECTOR('',#8683,1.);
#8683 = DIRECTION('',(-0.,-0.,-1.));
#8684 = PLANE('',#8685);
#8685 = AXIS2_PLACEMENT_3D('',#8686,#8687,#8688);
#8686 = CARTESIAN_POINT('',(-0.2,-0.2,3.5));
#8687 = DIRECTION('',(1.,0.,0.));
#8688 = DIRECTION('',(-0.,1.,0.));
#8689 = ADVANCED_FACE('',(#8690),#8701,.F.);
#8690 = FACE_BOUND('',#8691,.F.);
#8691 = EDGE_LOOP('',(#8692,#8693,#8694,#8700));
#8692 = ORIENTED_EDGE('',*,*,#8550,.T.);
#8693 = ORIENTED_EDGE('',*,*,#8679,.T.);
#8694 = ORIENTED_EDGE('',*,*,#8695,.T.);
#8695 = EDGE_CURVE('',#8672,#8616,#8696,.T.);
#8696 = LINE('',#8697,#8698);
#8697 = CARTESIAN_POINT('',(-0.2,0.2,-2.5));
#8698 = VECTOR('',#8699,1.);
#8699 = DIRECTION('',(1.,0.,0.));
#8700 = ORIENTED_EDGE('',*,*,#8615,.F.);
#8701 = PLANE('',#8702);
#8702 = AXIS2_PLACEMENT_3D('',#8703,#8704,#8705);
#8703 = CARTESIAN_POINT('',(-0.2,0.2,3.5));
#8704 = DIRECTION('',(0.,-1.,0.));
#8705 = DIRECTION('',(1.,0.,0.));
#8706 = ADVANCED_FACE('',(#8707),#8732,.F.);
#8707 = FACE_BOUND('',#8708,.F.);
#8708 = EDGE_LOOP('',(#8709,#8710,#8718,#8726));
#8709 = ORIENTED_EDGE('',*,*,#8574,.T.);
#8710 = ORIENTED_EDGE('',*,*,#8711,.T.);
#8711 = EDGE_CURVE('',#8577,#8712,#8714,.T.);
#8712 = VERTEX_POINT('',#8713);
#8713 = CARTESIAN_POINT('',(2.34,0.2,-2.5));
#8714 = LINE('',#8715,#8716);
#8715 = CARTESIAN_POINT('',(2.34,0.2,3.5));
#8716 = VECTOR('',#8717,1.);
#8717 = DIRECTION('',(-0.,-0.,-1.));
#8718 = ORIENTED_EDGE('',*,*,#8719,.T.);
#8719 = EDGE_CURVE('',#8712,#8720,#8722,.T.);
#8720 = VERTEX_POINT('',#8721);
#8721 = CARTESIAN_POINT('',(2.74,0.2,-2.5));
#8722 = LINE('',#8723,#8724);
#8723 = CARTESIAN_POINT('',(2.34,0.2,-2.5));
#8724 = VECTOR('',#8725,1.);
#8725 = DIRECTION('',(1.,0.,0.));
#8726 = ORIENTED_EDGE('',*,*,#8727,.F.);
#8727 = EDGE_CURVE('',#8575,#8720,#8728,.T.);
#8728 = LINE('',#8729,#8730);
#8729 = CARTESIAN_POINT('',(2.74,0.2,3.5));
#8730 = VECTOR('',#8731,1.);
#8731 = DIRECTION('',(-0.,-0.,-1.));
#8732 = PLANE('',#8733);
#8733 = AXIS2_PLACEMENT_3D('',#8734,#8735,#8736);
#8734 = CARTESIAN_POINT('',(2.34,0.2,3.5));
#8735 = DIRECTION('',(0.,-1.,0.));
#8736 = DIRECTION('',(1.,0.,0.));
#8737 = ADVANCED_FACE('',(#8738),#8756,.F.);
#8738 = FACE_BOUND('',#8739,.F.);
#8739 = EDGE_LOOP('',(#8740,#8741,#8742,#8750));
#8740 = ORIENTED_EDGE('',*,*,#8600,.T.);
#8741 = ORIENTED_EDGE('',*,*,#8727,.T.);
#8742 = ORIENTED_EDGE('',*,*,#8743,.T.);
#8743 = EDGE_CURVE('',#8720,#8744,#8746,.T.);
#8744 = VERTEX_POINT('',#8745);
#8745 = CARTESIAN_POINT('',(2.74,-0.2,-2.5));
#8746 = LINE('',#8747,#8748);
#8747 = CARTESIAN_POINT('',(2.74,0.2,-2.5));
#8748 = VECTOR('',#8749,1.);
#8749 = DIRECTION('',(0.,-1.,0.));
#8750 = ORIENTED_EDGE('',*,*,#8751,.F.);
#8751 = EDGE_CURVE('',#8593,#8744,#8752,.T.);
#8752 = LINE('',#8753,#8754);
#8753 = CARTESIAN_POINT('',(2.74,-0.2,3.5));
#8754 = VECTOR('',#8755,1.);
#8755 = DIRECTION('',(-0.,-0.,-1.));
#8756 = PLANE('',#8757);
#8757 = AXIS2_PLACEMENT_3D('',#8758,#8759,#8760);
#8758 = CARTESIAN_POINT('',(2.74,0.2,3.5));
#8759 = DIRECTION('',(-1.,0.,0.));
#8760 = DIRECTION('',(0.,-1.,0.));
#8761 = ADVANCED_FACE('',(#8762),#8780,.F.);
#8762 = FACE_BOUND('',#8763,.F.);
#8763 = EDGE_LOOP('',(#8764,#8765,#8766,#8774));
#8764 = ORIENTED_EDGE('',*,*,#8592,.T.);
#8765 = ORIENTED_EDGE('',*,*,#8751,.T.);
#8766 = ORIENTED_EDGE('',*,*,#8767,.T.);
#8767 = EDGE_CURVE('',#8744,#8768,#8770,.T.);
#8768 = VERTEX_POINT('',#8769);
#8769 = CARTESIAN_POINT('',(2.34,-0.2,-2.5));
#8770 = LINE('',#8771,#8772);
#8771 = CARTESIAN_POINT('',(2.74,-0.2,-2.5));
#8772 = VECTOR('',#8773,1.);
#8773 = DIRECTION('',(-1.,0.,0.));
#8774 = ORIENTED_EDGE('',*,*,#8775,.F.);
#8775 = EDGE_CURVE('',#8585,#8768,#8776,.T.);
#8776 = LINE('',#8777,#8778);
#8777 = CARTESIAN_POINT('',(2.34,-0.2,3.5));
#8778 = VECTOR('',#8779,1.);
#8779 = DIRECTION('',(-0.,-0.,-1.));
#8780 = PLANE('',#8781);
#8781 = AXIS2_PLACEMENT_3D('',#8782,#8783,#8784);
#8782 = CARTESIAN_POINT('',(2.74,-0.2,3.5));
#8783 = DIRECTION('',(0.,1.,0.));
#8784 = DIRECTION('',(-1.,0.,0.));
#8785 = ADVANCED_FACE('',(#8786),#8797,.F.);
#8786 = FACE_BOUND('',#8787,.F.);
#8787 = EDGE_LOOP('',(#8788,#8789,#8790,#8796));
#8788 = ORIENTED_EDGE('',*,*,#8584,.T.);
#8789 = ORIENTED_EDGE('',*,*,#8775,.T.);
#8790 = ORIENTED_EDGE('',*,*,#8791,.T.);
#8791 = EDGE_CURVE('',#8768,#8712,#8792,.T.);
#8792 = LINE('',#8793,#8794);
#8793 = CARTESIAN_POINT('',(2.34,-0.2,-2.5));
#8794 = VECTOR('',#8795,1.);
#8795 = DIRECTION('',(0.,1.,0.));
#8796 = ORIENTED_EDGE('',*,*,#8711,.F.);
#8797 = PLANE('',#8798);
#8798 = AXIS2_PLACEMENT_3D('',#8799,#8800,#8801);
#8799 = CARTESIAN_POINT('',(2.34,-0.2,3.5));
#8800 = DIRECTION('',(1.,0.,0.));
#8801 = DIRECTION('',(-0.,1.,0.));
#8802 = ADVANCED_FACE('',(#8803),#8809,.F.);
#8803 = FACE_BOUND('',#8804,.T.);
#8804 = EDGE_LOOP('',(#8805,#8806,#8807,#8808));
#8805 = ORIENTED_EDGE('',*,*,#8695,.T.);
#8806 = ORIENTED_EDGE('',*,*,#8623,.T.);
#8807 = ORIENTED_EDGE('',*,*,#8647,.T.);
#8808 = ORIENTED_EDGE('',*,*,#8671,.T.);
#8809 = PLANE('',#8810);
#8810 = AXIS2_PLACEMENT_3D('',#8811,#8812,#8813);
#8811 = CARTESIAN_POINT('',(-0.2,0.2,-2.5));
#8812 = DIRECTION('',(0.,0.,1.));
#8813 = DIRECTION('',(1.,0.,-0.));
#8814 = ADVANCED_FACE('',(#8815),#8821,.F.);
#8815 = FACE_BOUND('',#8816,.T.);
#8816 = EDGE_LOOP('',(#8817,#8818,#8819,#8820));
#8817 = ORIENTED_EDGE('',*,*,#8719,.T.);
#8818 = ORIENTED_EDGE('',*,*,#8743,.T.);
#8819 = ORIENTED_EDGE('',*,*,#8767,.T.);
#8820 = ORIENTED_EDGE('',*,*,#8791,.T.);
#8821 = PLANE('',#8822);
#8822 = AXIS2_PLACEMENT_3D('',#8823,#8824,#8825);
#8823 = CARTESIAN_POINT('',(2.34,0.2,-2.5));
#8824 = DIRECTION('',(0.,0.,1.));
#8825 = DIRECTION('',(1.,0.,-0.));
#8826 = ( GEOMETRIC_REPRESENTATION_CONTEXT(3) 
GLOBAL_UNCERTAINTY_ASSIGNED_CONTEXT((#8830)) 
GLOBAL_UNIT_ASSIGNED_CONTEXT((#8827,#8828,#8829)) REPRESENTATION_CONTEXT
('Context #1','3D Context with UNIT and UNCERTAINTY') );
#8827 = ( LENGTH_UNIT() NAMED_UNIT(*) SI_UNIT(.MILLI.,.METRE.) );
#8828 = ( NAMED_UNIT(*) PLANE_ANGLE_UNIT() SI_UNIT($,.RADIAN.) );
#8829 = ( NAMED_UNIT(*) SI_UNIT($,.STERADIAN.) SOLID_ANGLE_UNIT() );
#8830 = UNCERTAINTY_MEASURE_WITH_UNIT(LENGTH_MEASURE(1.E-07),#8827,
  'distance_accuracy_value','confusion accuracy');
#8831 = CONTEXT_DEPENDENT_SHAPE_REPRESENTATION(#8832,#8834);
#8832 = ( REPRESENTATION_RELATIONSHIP('','',#8362,#10) 
REPRESENTATION_RELATIONSHIP_WITH_TRANSFORMATION(#8833) 
SHAPE_REPRESENTATION_RELATIONSHIP() );
#8833 = ITEM_DEFINED_TRANSFORMATION('','',#11,#51);
#8834 = PRODUCT_DEFINITION_SHAPE('Placement','Placement of an item',
  #8835);
#8835 = NEXT_ASSEMBLY_USAGE_OCCURRENCE('10','D1','',#5,#8357,$);
#8836 = PRODUCT_RELATED_PRODUCT_CATEGORY('part',$,(#8359));
#8837 = CONTEXT_DEPENDENT_SHAPE_REPRESENTATION(#8838,#8840);
#8838 = ( REPRESENTATION_RELATIONSHIP('','',#534,#10) 
REPRESENTATION_RELATIONSHIP_WITH_TRANSFORMATION(#8839) 
SHAPE_REPRESENTATION_RELATIONSHIP() );
#8839 = ITEM_DEFINED_TRANSFORMATION('','',#11,#55);
#8840 = PRODUCT_DEFINITION_SHAPE('Placement','Placement of an item',
  #8841);
#8841 = NEXT_ASSEMBLY_USAGE_OCCURRENCE('11','R5','',#5,#529,$);
#8842 = CONTEXT_DEPENDENT_SHAPE_REPRESENTATION(#8843,#8845);
#8843 = ( REPRESENTATION_RELATIONSHIP('','',#534,#10) 
REPRESENTATION_RELATIONSHIP_WITH_TRANSFORMATION(#8844) 
SHAPE_REPRESENTATION_RELATIONSHIP() );
#8844 = ITEM_DEFINED_TRANSFORMATION('','',#11,#59);
#8845 = PRODUCT_DEFINITION_SHAPE('Placement','Placement of an item',
  #8846);
#8846 = NEXT_ASSEMBLY_USAGE_OCCURRENCE('12','R3','',#5,#529,$);
#8847 = CONTEXT_DEPENDENT_SHAPE_REPRESENTATION(#8848,#8850);
#8848 = ( REPRESENTATION_RELATIONSHIP('','',#128,#10) 
REPRESENTATION_RELATIONSHIP_WITH_TRANSFORMATION(#8849) 
SHAPE_REPRESENTATION_RELATIONSHIP() );
#8849 = ITEM_DEFINED_TRANSFORMATION('','',#11,#63);
#8850 = PRODUCT_DEFINITION_SHAPE('Placement','Placement of an item',
  #8851);
#8851 = NEXT_ASSEMBLY_USAGE_OCCURRENCE('13','R10','',#5,#123,$);
#8852 = CONTEXT_DEPENDENT_SHAPE_REPRESENTATION(#8853,#8855);
#8853 = ( REPRESENTATION_RELATIONSHIP('','',#534,#10) 
REPRESENTATION_RELATIONSHIP_WITH_TRANSFORMATION(#8854) 
SHAPE_REPRESENTATION_RELATIONSHIP() );
#8854 = ITEM_DEFINED_TRANSFORMATION('','',#11,#67);
#8855 = PRODUCT_DEFINITION_SHAPE('Placement','Placement of an item',
  #8856);
#8856 = NEXT_ASSEMBLY_USAGE_OCCURRENCE('14','R6','',#5,#529,$);
#8857 = CONTEXT_DEPENDENT_SHAPE_REPRESENTATION(#8858,#8860);
#8858 = ( REPRESENTATION_RELATIONSHIP('','',#534,#10) 
REPRESENTATION_RELATIONSHIP_WITH_TRANSFORMATION(#8859) 
SHAPE_REPRESENTATION_RELATIONSHIP() );
#8859 = ITEM_DEFINED_TRANSFORMATION('','',#11,#71);
#8860 = PRODUCT_DEFINITION_SHAPE('Placement','Placement of an item',
  #8861);
#8861 = NEXT_ASSEMBLY_USAGE_OCCURRENCE('15','R8','',#5,#529,$);
#8862 = CONTEXT_DEPENDENT_SHAPE_REPRESENTATION(#8863,#8865);
#8863 = ( REPRESENTATION_RELATIONSHIP('','',#940,#10) 
REPRESENTATION_RELATIONSHIP_WITH_TRANSFORMATION(#8864) 
SHAPE_REPRESENTATION_RELATIONSHIP() );
#8864 = ITEM_DEFINED_TRANSFORMATION('','',#11,#75);
#8865 = PRODUCT_DEFINITION_SHAPE('Placement','Placement of an item',
  #8866);
#8866 = NEXT_ASSEMBLY_USAGE_OCCURRENCE('16','Q1','',#5,#935,$);
#8867 = SHAPE_DEFINITION_REPRESENTATION(#8868,#8874);
#8868 = PRODUCT_DEFINITION_SHAPE('','',#8869);
#8869 = PRODUCT_DEFINITION('design','',#8870,#8873);
#8870 = PRODUCT_DEFINITION_FORMATION('','',#8871);
#8871 = PRODUCT('Crystal_HC49-4H_Vertical','Crystal_HC49-4H_Vertical',''
  ,(#8872));
#8872 = PRODUCT_CONTEXT('',#2,'mechanical');
#8873 = PRODUCT_DEFINITION_CONTEXT('part definition',#2,'design');
#8874 = ADVANCED_BREP_SHAPE_REPRESENTATION('',(#11,#8875),#9627);
#8875 = MANIFOLD_SOLID_BREP('',#8876);
#8876 = CLOSED_SHELL('',(#8877,#8917,#8950,#8983,#9072,#9161,#9178,#9195
    ,#9207,#9243,#9274,#9299,#9324,#9348,#9373,#9391,#9416,#9441,#9474,
    #9500,#9526,#9551,#9577,#9595,#9604,#9613));
#8877 = ADVANCED_FACE('',(#8878),#8912,.T.);
#8878 = FACE_BOUND('',#8879,.T.);
#8879 = EDGE_LOOP('',(#8880,#8890,#8898,#8906));
#8880 = ORIENTED_EDGE('',*,*,#8881,.T.);
#8881 = EDGE_CURVE('',#8882,#8884,#8886,.T.);
#8882 = VERTEX_POINT('',#8883);
#8883 = CARTESIAN_POINT('',(-0.76,2.325,0.1));
#8884 = VERTEX_POINT('',#8885);
#8885 = CARTESIAN_POINT('',(-0.76,2.325,0.3));
#8886 = LINE('',#8887,#8888);
#8887 = CARTESIAN_POINT('',(-0.76,2.325,0.1));
#8888 = VECTOR('',#8889,1.);
#8889 = DIRECTION('',(0.,0.,1.));
#8890 = ORIENTED_EDGE('',*,*,#8891,.T.);
#8891 = EDGE_CURVE('',#8884,#8892,#8894,.T.);
#8892 = VERTEX_POINT('',#8893);
#8893 = CARTESIAN_POINT('',(5.64,2.325,0.3));
#8894 = LINE('',#8895,#8896);
#8895 = CARTESIAN_POINT('',(-0.76,2.325,0.3));
#8896 = VECTOR('',#8897,1.);
#8897 = DIRECTION('',(1.,0.,0.));
#8898 = ORIENTED_EDGE('',*,*,#8899,.F.);
#8899 = EDGE_CURVE('',#8900,#8892,#8902,.T.);
#8900 = VERTEX_POINT('',#8901);
#8901 = CARTESIAN_POINT('',(5.64,2.325,0.1));
#8902 = LINE('',#8903,#8904);
#8903 = CARTESIAN_POINT('',(5.64,2.325,0.1));
#8904 = VECTOR('',#8905,1.);
#8905 = DIRECTION('',(0.,0.,1.));
#8906 = ORIENTED_EDGE('',*,*,#8907,.F.);
#8907 = EDGE_CURVE('',#8882,#8900,#8908,.T.);
#8908 = LINE('',#8909,#8910);
#8909 = CARTESIAN_POINT('',(-0.76,2.325,0.1));
#8910 = VECTOR('',#8911,1.);
#8911 = DIRECTION('',(1.,0.,0.));
#8912 = PLANE('',#8913);
#8913 = AXIS2_PLACEMENT_3D('',#8914,#8915,#8916);
#8914 = CARTESIAN_POINT('',(-0.76,2.325,0.1));
#8915 = DIRECTION('',(0.,1.,0.));
#8916 = DIRECTION('',(1.,0.,0.));
#8917 = ADVANCED_FACE('',(#8918),#8945,.T.);
#8918 = FACE_BOUND('',#8919,.T.);
#8919 = EDGE_LOOP('',(#8920,#8929,#8937,#8944));
#8920 = ORIENTED_EDGE('',*,*,#8921,.T.);
#8921 = EDGE_CURVE('',#8882,#8922,#8924,.T.);
#8922 = VERTEX_POINT('',#8923);
#8923 = CARTESIAN_POINT('',(-3.085,2.847303808018E-16,0.1));
#8924 = CIRCLE('',#8925,2.325);
#8925 = AXIS2_PLACEMENT_3D('',#8926,#8927,#8928);
#8926 = CARTESIAN_POINT('',(-0.76,0.,0.1));
#8927 = DIRECTION('',(0.,0.,1.));
#8928 = DIRECTION('',(1.,0.,-0.));
#8929 = ORIENTED_EDGE('',*,*,#8930,.T.);
#8930 = EDGE_CURVE('',#8922,#8931,#8933,.T.);
#8931 = VERTEX_POINT('',#8932);
#8932 = CARTESIAN_POINT('',(-3.085,2.847303808018E-16,0.3));
#8933 = LINE('',#8934,#8935);
#8934 = CARTESIAN_POINT('',(-3.085,2.847303808018E-16,0.1));
#8935 = VECTOR('',#8936,1.);
#8936 = DIRECTION('',(0.,0.,1.));
#8937 = ORIENTED_EDGE('',*,*,#8938,.F.);
#8938 = EDGE_CURVE('',#8884,#8931,#8939,.T.);
#8939 = CIRCLE('',#8940,2.325);
#8940 = AXIS2_PLACEMENT_3D('',#8941,#8942,#8943);
#8941 = CARTESIAN_POINT('',(-0.76,0.,0.3));
#8942 = DIRECTION('',(0.,0.,1.));
#8943 = DIRECTION('',(1.,0.,-0.));
#8944 = ORIENTED_EDGE('',*,*,#8881,.F.);
#8945 = CYLINDRICAL_SURFACE('',#8946,2.325);
#8946 = AXIS2_PLACEMENT_3D('',#8947,#8948,#8949);
#8947 = CARTESIAN_POINT('',(-0.76,0.,0.1));
#8948 = DIRECTION('',(-0.,-0.,-1.));
#8949 = DIRECTION('',(1.,0.,0.));
#8950 = ADVANCED_FACE('',(#8951),#8978,.T.);
#8951 = FACE_BOUND('',#8952,.T.);
#8952 = EDGE_LOOP('',(#8953,#8962,#8963,#8972));
#8953 = ORIENTED_EDGE('',*,*,#8954,.T.);
#8954 = EDGE_CURVE('',#8955,#8900,#8957,.T.);
#8955 = VERTEX_POINT('',#8956);
#8956 = CARTESIAN_POINT('',(7.965,-2.844984302424E-16,0.1));
#8957 = CIRCLE('',#8958,2.325);
#8958 = AXIS2_PLACEMENT_3D('',#8959,#8960,#8961);
#8959 = CARTESIAN_POINT('',(5.64,-1.972152263053E-31,0.1));
#8960 = DIRECTION('',(0.,0.,1.));
#8961 = DIRECTION('',(1.,0.,-0.));
#8962 = ORIENTED_EDGE('',*,*,#8899,.T.);
#8963 = ORIENTED_EDGE('',*,*,#8964,.F.);
#8964 = EDGE_CURVE('',#8965,#8892,#8967,.T.);
#8965 = VERTEX_POINT('',#8966);
#8966 = CARTESIAN_POINT('',(7.965,-2.844984302424E-16,0.3));
#8967 = CIRCLE('',#8968,2.325);
#8968 = AXIS2_PLACEMENT_3D('',#8969,#8970,#8971);
#8969 = CARTESIAN_POINT('',(5.64,-1.972152263053E-31,0.3));
#8970 = DIRECTION('',(0.,0.,1.));
#8971 = DIRECTION('',(1.,0.,-0.));
#8972 = ORIENTED_EDGE('',*,*,#8973,.F.);
#8973 = EDGE_CURVE('',#8955,#8965,#8974,.T.);
#8974 = LINE('',#8975,#8976);
#8975 = CARTESIAN_POINT('',(7.965,-2.844984302424E-16,0.1));
#8976 = VECTOR('',#8977,1.);
#8977 = DIRECTION('',(0.,0.,1.));
#8978 = CYLINDRICAL_SURFACE('',#8979,2.325);
#8979 = AXIS2_PLACEMENT_3D('',#8980,#8981,#8982);
#8980 = CARTESIAN_POINT('',(5.64,-1.972152263053E-31,0.1));
#8981 = DIRECTION('',(-0.,-0.,-1.));
#8982 = DIRECTION('',(1.,0.,0.));
#8983 = ADVANCED_FACE('',(#8984,#9013),#9067,.F.);
#8984 = FACE_BOUND('',#8985,.F.);
#8985 = EDGE_LOOP('',(#8986,#8987,#8988,#8997,#9005,#9012));
#8986 = ORIENTED_EDGE('',*,*,#8907,.F.);
#8987 = ORIENTED_EDGE('',*,*,#8921,.T.);
#8988 = ORIENTED_EDGE('',*,*,#8989,.T.);
#8989 = EDGE_CURVE('',#8922,#8990,#8992,.T.);
#8990 = VERTEX_POINT('',#8991);
#8991 = CARTESIAN_POINT('',(-0.76,-2.325,0.1));
#8992 = CIRCLE('',#8993,2.325);
#8993 = AXIS2_PLACEMENT_3D('',#8994,#8995,#8996);
#8994 = CARTESIAN_POINT('',(-0.76,0.,0.1));
#8995 = DIRECTION('',(0.,0.,1.));
#8996 = DIRECTION('',(1.,0.,-0.));
#8997 = ORIENTED_EDGE('',*,*,#8998,.F.);
#8998 = EDGE_CURVE('',#8999,#8990,#9001,.T.);
#8999 = VERTEX_POINT('',#9000);
#9000 = CARTESIAN_POINT('',(5.64,-2.325,0.1));
#9001 = LINE('',#9002,#9003);
#9002 = CARTESIAN_POINT('',(5.64,-2.325,0.1));
#9003 = VECTOR('',#9004,1.);
#9004 = DIRECTION('',(-1.,0.,0.));
#9005 = ORIENTED_EDGE('',*,*,#9006,.T.);
#9006 = EDGE_CURVE('',#8999,#8955,#9007,.T.);
#9007 = CIRCLE('',#9008,2.325);
#9008 = AXIS2_PLACEMENT_3D('',#9009,#9010,#9011);
#9009 = CARTESIAN_POINT('',(5.64,-1.972152263053E-31,0.1));
#9010 = DIRECTION('',(0.,0.,1.));
#9011 = DIRECTION('',(1.,0.,-0.));
#9012 = ORIENTED_EDGE('',*,*,#8954,.T.);
#9013 = FACE_BOUND('',#9014,.F.);
#9014 = EDGE_LOOP('',(#9015,#9026,#9034,#9043,#9052,#9060));
#9015 = ORIENTED_EDGE('',*,*,#9016,.F.);
#9016 = EDGE_CURVE('',#9017,#9019,#9021,.T.);
#9017 = VERTEX_POINT('',#9018);
#9018 = CARTESIAN_POINT('',(5.44,-2.,0.1));
#9019 = VERTEX_POINT('',#9020);
#9020 = CARTESIAN_POINT('',(7.44,-2.449293213912E-16,0.1));
#9021 = CIRCLE('',#9022,2.);
#9022 = AXIS2_PLACEMENT_3D('',#9023,#9024,#9025);
#9023 = CARTESIAN_POINT('',(5.44,4.098563312962E-23,0.1));
#9024 = DIRECTION('',(0.,0.,1.));
#9025 = DIRECTION('',(1.,0.,-0.));
#9026 = ORIENTED_EDGE('',*,*,#9027,.T.);
#9027 = EDGE_CURVE('',#9017,#9028,#9030,.T.);
#9028 = VERTEX_POINT('',#9029);
#9029 = CARTESIAN_POINT('',(-0.56,-2.,0.1));
#9030 = LINE('',#9031,#9032);
#9031 = CARTESIAN_POINT('',(5.44,-2.,0.1));
#9032 = VECTOR('',#9033,1.);
#9033 = DIRECTION('',(-1.,0.,0.));
#9034 = ORIENTED_EDGE('',*,*,#9035,.F.);
#9035 = EDGE_CURVE('',#9036,#9028,#9038,.T.);
#9036 = VERTEX_POINT('',#9037);
#9037 = CARTESIAN_POINT('',(-2.56,2.449297164075E-16,0.1));
#9038 = CIRCLE('',#9039,2.);
#9039 = AXIS2_PLACEMENT_3D('',#9040,#9041,#9042);
#9040 = CARTESIAN_POINT('',(-0.56,3.565780471316E-22,0.1));
#9041 = DIRECTION('',(0.,0.,1.));
#9042 = DIRECTION('',(1.,0.,-0.));
#9043 = ORIENTED_EDGE('',*,*,#9044,.F.);
#9044 = EDGE_CURVE('',#9045,#9036,#9047,.T.);
#9045 = VERTEX_POINT('',#9046);
#9046 = CARTESIAN_POINT('',(-0.56,2.,0.1));
#9047 = CIRCLE('',#9048,2.);
#9048 = AXIS2_PLACEMENT_3D('',#9049,#9050,#9051);
#9049 = CARTESIAN_POINT('',(-0.56,3.565780471316E-22,0.1));
#9050 = DIRECTION('',(0.,0.,1.));
#9051 = DIRECTION('',(1.,0.,-0.));
#9052 = ORIENTED_EDGE('',*,*,#9053,.T.);
#9053 = EDGE_CURVE('',#9045,#9054,#9056,.T.);
#9054 = VERTEX_POINT('',#9055);
#9055 = CARTESIAN_POINT('',(5.44,2.,0.1));
#9056 = LINE('',#9057,#9058);
#9057 = CARTESIAN_POINT('',(-0.56,2.,0.1));
#9058 = VECTOR('',#9059,1.);
#9059 = DIRECTION('',(1.,0.,0.));
#9060 = ORIENTED_EDGE('',*,*,#9061,.F.);
#9061 = EDGE_CURVE('',#9019,#9054,#9062,.T.);
#9062 = CIRCLE('',#9063,2.);
#9063 = AXIS2_PLACEMENT_3D('',#9064,#9065,#9066);
#9064 = CARTESIAN_POINT('',(5.44,4.098563312962E-23,0.1));
#9065 = DIRECTION('',(0.,0.,1.));
#9066 = DIRECTION('',(1.,0.,-0.));
#9067 = PLANE('',#9068);
#9068 = AXIS2_PLACEMENT_3D('',#9069,#9070,#9071);
#9069 = CARTESIAN_POINT('',(-0.76,2.325,0.1));
#9070 = DIRECTION('',(0.,0.,1.));
#9071 = DIRECTION('',(1.,0.,-0.));
#9072 = ADVANCED_FACE('',(#9073,#9102),#9156,.T.);
#9073 = FACE_BOUND('',#9074,.T.);
#9074 = EDGE_LOOP('',(#9075,#9076,#9077,#9086,#9094,#9101));
#9075 = ORIENTED_EDGE('',*,*,#8891,.F.);
#9076 = ORIENTED_EDGE('',*,*,#8938,.T.);
#9077 = ORIENTED_EDGE('',*,*,#9078,.T.);
#9078 = EDGE_CURVE('',#8931,#9079,#9081,.T.);
#9079 = VERTEX_POINT('',#9080);
#9080 = CARTESIAN_POINT('',(-0.76,-2.325,0.3));
#9081 = CIRCLE('',#9082,2.325);
#9082 = AXIS2_PLACEMENT_3D('',#9083,#9084,#9085);
#9083 = CARTESIAN_POINT('',(-0.76,0.,0.3));
#9084 = DIRECTION('',(0.,0.,1.));
#9085 = DIRECTION('',(1.,0.,-0.));
#9086 = ORIENTED_EDGE('',*,*,#9087,.F.);
#9087 = EDGE_CURVE('',#9088,#9079,#9090,.T.);
#9088 = VERTEX_POINT('',#9089);
#9089 = CARTESIAN_POINT('',(5.64,-2.325,0.3));
#9090 = LINE('',#9091,#9092);
#9091 = CARTESIAN_POINT('',(5.64,-2.325,0.3));
#9092 = VECTOR('',#9093,1.);
#9093 = DIRECTION('',(-1.,0.,0.));
#9094 = ORIENTED_EDGE('',*,*,#9095,.T.);
#9095 = EDGE_CURVE('',#9088,#8965,#9096,.T.);
#9096 = CIRCLE('',#9097,2.325);
#9097 = AXIS2_PLACEMENT_3D('',#9098,#9099,#9100);
#9098 = CARTESIAN_POINT('',(5.64,-1.972152263053E-31,0.3));
#9099 = DIRECTION('',(0.,0.,1.));
#9100 = DIRECTION('',(1.,0.,-0.));
#9101 = ORIENTED_EDGE('',*,*,#8964,.T.);
#9102 = FACE_BOUND('',#9103,.T.);
#9103 = EDGE_LOOP('',(#9104,#9114,#9123,#9132,#9140,#9149));
#9104 = ORIENTED_EDGE('',*,*,#9105,.F.);
#9105 = EDGE_CURVE('',#9106,#9108,#9110,.T.);
#9106 = VERTEX_POINT('',#9107);
#9107 = CARTESIAN_POINT('',(-0.56,-2.,0.3));
#9108 = VERTEX_POINT('',#9109);
#9109 = CARTESIAN_POINT('',(5.44,-2.,0.3));
#9110 = LINE('',#9111,#9112);
#9111 = CARTESIAN_POINT('',(2.34,-2.,0.3));
#9112 = VECTOR('',#9113,1.);
#9113 = DIRECTION('',(1.,0.,0.));
#9114 = ORIENTED_EDGE('',*,*,#9115,.T.);
#9115 = EDGE_CURVE('',#9106,#9116,#9118,.T.);
#9116 = VERTEX_POINT('',#9117);
#9117 = CARTESIAN_POINT('',(-2.56,2.449297164075E-16,0.3));
#9118 = CIRCLE('',#9119,2.);
#9119 = AXIS2_PLACEMENT_3D('',#9120,#9121,#9122);
#9120 = CARTESIAN_POINT('',(-0.56,3.565780471316E-22,0.3));
#9121 = DIRECTION('',(0.,0.,-1.));
#9122 = DIRECTION('',(1.,0.,0.));
#9123 = ORIENTED_EDGE('',*,*,#9124,.T.);
#9124 = EDGE_CURVE('',#9116,#9125,#9127,.T.);
#9125 = VERTEX_POINT('',#9126);
#9126 = CARTESIAN_POINT('',(-0.56,2.,0.3));
#9127 = CIRCLE('',#9128,2.);
#9128 = AXIS2_PLACEMENT_3D('',#9129,#9130,#9131);
#9129 = CARTESIAN_POINT('',(-0.56,3.565780471316E-22,0.3));
#9130 = DIRECTION('',(0.,0.,-1.));
#9131 = DIRECTION('',(1.,0.,0.));
#9132 = ORIENTED_EDGE('',*,*,#9133,.F.);
#9133 = EDGE_CURVE('',#9134,#9125,#9136,.T.);
#9134 = VERTEX_POINT('',#9135);
#9135 = CARTESIAN_POINT('',(5.44,2.,0.3));
#9136 = LINE('',#9137,#9138);
#9137 = CARTESIAN_POINT('',(-0.66,2.,0.3));
#9138 = VECTOR('',#9139,1.);
#9139 = DIRECTION('',(-1.,0.,0.));
#9140 = ORIENTED_EDGE('',*,*,#9141,.T.);
#9141 = EDGE_CURVE('',#9134,#9142,#9144,.T.);
#9142 = VERTEX_POINT('',#9143);
#9143 = CARTESIAN_POINT('',(7.44,-2.449293213912E-16,0.3));
#9144 = CIRCLE('',#9145,2.);
#9145 = AXIS2_PLACEMENT_3D('',#9146,#9147,#9148);
#9146 = CARTESIAN_POINT('',(5.44,4.098563312962E-23,0.3));
#9147 = DIRECTION('',(0.,0.,-1.));
#9148 = DIRECTION('',(1.,0.,0.));
#9149 = ORIENTED_EDGE('',*,*,#9150,.T.);
#9150 = EDGE_CURVE('',#9142,#9108,#9151,.T.);
#9151 = CIRCLE('',#9152,2.);
#9152 = AXIS2_PLACEMENT_3D('',#9153,#9154,#9155);
#9153 = CARTESIAN_POINT('',(5.44,4.098563312962E-23,0.3));
#9154 = DIRECTION('',(0.,0.,-1.));
#9155 = DIRECTION('',(1.,0.,0.));
#9156 = PLANE('',#9157);
#9157 = AXIS2_PLACEMENT_3D('',#9158,#9159,#9160);
#9158 = CARTESIAN_POINT('',(-0.76,2.325,0.3));
#9159 = DIRECTION('',(0.,0.,1.));
#9160 = DIRECTION('',(1.,0.,-0.));
#9161 = ADVANCED_FACE('',(#9162),#9173,.T.);
#9162 = FACE_BOUND('',#9163,.T.);
#9163 = EDGE_LOOP('',(#9164,#9165,#9171,#9172));
#9164 = ORIENTED_EDGE('',*,*,#8989,.T.);
#9165 = ORIENTED_EDGE('',*,*,#9166,.T.);
#9166 = EDGE_CURVE('',#8990,#9079,#9167,.T.);
#9167 = LINE('',#9168,#9169);
#9168 = CARTESIAN_POINT('',(-0.76,-2.325,0.1));
#9169 = VECTOR('',#9170,1.);
#9170 = DIRECTION('',(0.,0.,1.));
#9171 = ORIENTED_EDGE('',*,*,#9078,.F.);
#9172 = ORIENTED_EDGE('',*,*,#8930,.F.);
#9173 = CYLINDRICAL_SURFACE('',#9174,2.325);
#9174 = AXIS2_PLACEMENT_3D('',#9175,#9176,#9177);
#9175 = CARTESIAN_POINT('',(-0.76,0.,0.1));
#9176 = DIRECTION('',(-0.,-0.,-1.));
#9177 = DIRECTION('',(1.,0.,0.));
#9178 = ADVANCED_FACE('',(#9179),#9190,.T.);
#9179 = FACE_BOUND('',#9180,.T.);
#9180 = EDGE_LOOP('',(#9181,#9182,#9183,#9184));
#9181 = ORIENTED_EDGE('',*,*,#9006,.T.);
#9182 = ORIENTED_EDGE('',*,*,#8973,.T.);
#9183 = ORIENTED_EDGE('',*,*,#9095,.F.);
#9184 = ORIENTED_EDGE('',*,*,#9185,.F.);
#9185 = EDGE_CURVE('',#8999,#9088,#9186,.T.);
#9186 = LINE('',#9187,#9188);
#9187 = CARTESIAN_POINT('',(5.64,-2.325,0.1));
#9188 = VECTOR('',#9189,1.);
#9189 = DIRECTION('',(0.,0.,1.));
#9190 = CYLINDRICAL_SURFACE('',#9191,2.325);
#9191 = AXIS2_PLACEMENT_3D('',#9192,#9193,#9194);
#9192 = CARTESIAN_POINT('',(5.64,-1.972152263053E-31,0.1));
#9193 = DIRECTION('',(-0.,-0.,-1.));
#9194 = DIRECTION('',(1.,0.,0.));
#9195 = ADVANCED_FACE('',(#9196),#9202,.T.);
#9196 = FACE_BOUND('',#9197,.T.);
#9197 = EDGE_LOOP('',(#9198,#9199,#9200,#9201));
#9198 = ORIENTED_EDGE('',*,*,#9185,.T.);
#9199 = ORIENTED_EDGE('',*,*,#9087,.T.);
#9200 = ORIENTED_EDGE('',*,*,#9166,.F.);
#9201 = ORIENTED_EDGE('',*,*,#8998,.F.);
#9202 = PLANE('',#9203);
#9203 = AXIS2_PLACEMENT_3D('',#9204,#9205,#9206);
#9204 = CARTESIAN_POINT('',(5.64,-2.325,0.1));
#9205 = DIRECTION('',(0.,-1.,0.));
#9206 = DIRECTION('',(-1.,0.,0.));
#9207 = ADVANCED_FACE('',(#9208,#9216,#9227),#9238,.F.);
#9208 = FACE_BOUND('',#9209,.F.);
#9209 = EDGE_LOOP('',(#9210,#9211,#9212,#9213,#9214,#9215));
#9210 = ORIENTED_EDGE('',*,*,#9053,.F.);
#9211 = ORIENTED_EDGE('',*,*,#9044,.T.);
#9212 = ORIENTED_EDGE('',*,*,#9035,.T.);
#9213 = ORIENTED_EDGE('',*,*,#9027,.F.);
#9214 = ORIENTED_EDGE('',*,*,#9016,.T.);
#9215 = ORIENTED_EDGE('',*,*,#9061,.T.);
#9216 = FACE_BOUND('',#9217,.F.);
#9217 = EDGE_LOOP('',(#9218));
#9218 = ORIENTED_EDGE('',*,*,#9219,.F.);
#9219 = EDGE_CURVE('',#9220,#9220,#9222,.T.);
#9220 = VERTEX_POINT('',#9221);
#9221 = CARTESIAN_POINT('',(0.25,0.,0.1));
#9222 = CIRCLE('',#9223,0.25);
#9223 = AXIS2_PLACEMENT_3D('',#9224,#9225,#9226);
#9224 = CARTESIAN_POINT('',(0.,0.,0.1));
#9225 = DIRECTION('',(0.,0.,1.));
#9226 = DIRECTION('',(1.,0.,-0.));
#9227 = FACE_BOUND('',#9228,.F.);
#9228 = EDGE_LOOP('',(#9229));
#9229 = ORIENTED_EDGE('',*,*,#9230,.F.);
#9230 = EDGE_CURVE('',#9231,#9231,#9233,.T.);
#9231 = VERTEX_POINT('',#9232);
#9232 = CARTESIAN_POINT('',(5.13,0.,0.1));
#9233 = CIRCLE('',#9234,0.25);
#9234 = AXIS2_PLACEMENT_3D('',#9235,#9236,#9237);
#9235 = CARTESIAN_POINT('',(4.88,0.,0.1));
#9236 = DIRECTION('',(0.,0.,1.));
#9237 = DIRECTION('',(1.,0.,-0.));
#9238 = PLANE('',#9239);
#9239 = AXIS2_PLACEMENT_3D('',#9240,#9241,#9242);
#9240 = CARTESIAN_POINT('',(-0.56,2.,0.1));
#9241 = DIRECTION('',(0.,0.,1.));
#9242 = DIRECTION('',(1.,0.,-0.));
#9243 = ADVANCED_FACE('',(#9244),#9269,.T.);
#9244 = FACE_BOUND('',#9245,.T.);
#9245 = EDGE_LOOP('',(#9246,#9247,#9255,#9263));
#9246 = ORIENTED_EDGE('',*,*,#9105,.T.);
#9247 = ORIENTED_EDGE('',*,*,#9248,.T.);
#9248 = EDGE_CURVE('',#9108,#9249,#9251,.T.);
#9249 = VERTEX_POINT('',#9250);
#9250 = CARTESIAN_POINT('',(5.44,-2.,3.9));
#9251 = LINE('',#9252,#9253);
#9252 = CARTESIAN_POINT('',(5.44,-2.,0.1));
#9253 = VECTOR('',#9254,1.);
#9254 = DIRECTION('',(0.,0.,1.));
#9255 = ORIENTED_EDGE('',*,*,#9256,.T.);
#9256 = EDGE_CURVE('',#9249,#9257,#9259,.T.);
#9257 = VERTEX_POINT('',#9258);
#9258 = CARTESIAN_POINT('',(-0.56,-2.,3.9));
#9259 = LINE('',#9260,#9261);
#9260 = CARTESIAN_POINT('',(5.44,-2.,3.9));
#9261 = VECTOR('',#9262,1.);
#9262 = DIRECTION('',(-1.,0.,0.));
#9263 = ORIENTED_EDGE('',*,*,#9264,.F.);
#9264 = EDGE_CURVE('',#9106,#9257,#9265,.T.);
#9265 = LINE('',#9266,#9267);
#9266 = CARTESIAN_POINT('',(-0.56,-2.,0.1));
#9267 = VECTOR('',#9268,1.);
#9268 = DIRECTION('',(0.,0.,1.));
#9269 = PLANE('',#9270);
#9270 = AXIS2_PLACEMENT_3D('',#9271,#9272,#9273);
#9271 = CARTESIAN_POINT('',(5.44,-2.,0.1));
#9272 = DIRECTION('',(0.,-1.,0.));
#9273 = DIRECTION('',(-1.,0.,0.));
#9274 = ADVANCED_FACE('',(#9275),#9294,.T.);
#9275 = FACE_BOUND('',#9276,.T.);
#9276 = EDGE_LOOP('',(#9277,#9285,#9292,#9293));
#9277 = ORIENTED_EDGE('',*,*,#9278,.T.);
#9278 = EDGE_CURVE('',#9142,#9279,#9281,.T.);
#9279 = VERTEX_POINT('',#9280);
#9280 = CARTESIAN_POINT('',(7.44,1.224646799147E-16,3.9));
#9281 = LINE('',#9282,#9283);
#9282 = CARTESIAN_POINT('',(7.44,-2.449293213912E-16,0.1));
#9283 = VECTOR('',#9284,1.);
#9284 = DIRECTION('',(0.,0.,1.));
#9285 = ORIENTED_EDGE('',*,*,#9286,.T.);
#9286 = EDGE_CURVE('',#9279,#9249,#9287,.T.);
#9287 = CIRCLE('',#9288,2.);
#9288 = AXIS2_PLACEMENT_3D('',#9289,#9290,#9291);
#9289 = CARTESIAN_POINT('',(5.44,0.,3.9));
#9290 = DIRECTION('',(0.,-0.,-1.));
#9291 = DIRECTION('',(1.,-2.449293393367E-16,0.));
#9292 = ORIENTED_EDGE('',*,*,#9248,.F.);
#9293 = ORIENTED_EDGE('',*,*,#9150,.F.);
#9294 = CYLINDRICAL_SURFACE('',#9295,2.);
#9295 = AXIS2_PLACEMENT_3D('',#9296,#9297,#9298);
#9296 = CARTESIAN_POINT('',(5.44,4.098563312962E-23,0.1));
#9297 = DIRECTION('',(-0.,-0.,-1.));
#9298 = DIRECTION('',(1.,0.,0.));
#9299 = ADVANCED_FACE('',(#9300),#9319,.T.);
#9300 = FACE_BOUND('',#9301,.T.);
#9301 = EDGE_LOOP('',(#9302,#9310,#9317,#9318));
#9302 = ORIENTED_EDGE('',*,*,#9303,.T.);
#9303 = EDGE_CURVE('',#9134,#9304,#9306,.T.);
#9304 = VERTEX_POINT('',#9305);
#9305 = CARTESIAN_POINT('',(5.44,2.,3.9));
#9306 = LINE('',#9307,#9308);
#9307 = CARTESIAN_POINT('',(5.44,2.,0.1));
#9308 = VECTOR('',#9309,1.);
#9309 = DIRECTION('',(0.,0.,1.));
#9310 = ORIENTED_EDGE('',*,*,#9311,.T.);
#9311 = EDGE_CURVE('',#9304,#9279,#9312,.T.);
#9312 = CIRCLE('',#9313,2.);
#9313 = AXIS2_PLACEMENT_3D('',#9314,#9315,#9316);
#9314 = CARTESIAN_POINT('',(5.44,0.,3.9));
#9315 = DIRECTION('',(0.,0.,-1.));
#9316 = DIRECTION('',(-1.034727858951E-13,1.,0.));
#9317 = ORIENTED_EDGE('',*,*,#9278,.F.);
#9318 = ORIENTED_EDGE('',*,*,#9141,.F.);
#9319 = CYLINDRICAL_SURFACE('',#9320,2.);
#9320 = AXIS2_PLACEMENT_3D('',#9321,#9322,#9323);
#9321 = CARTESIAN_POINT('',(5.44,4.098563312962E-23,0.1));
#9322 = DIRECTION('',(-0.,-0.,-1.));
#9323 = DIRECTION('',(1.,0.,0.));
#9324 = ADVANCED_FACE('',(#9325),#9343,.T.);
#9325 = FACE_BOUND('',#9326,.T.);
#9326 = EDGE_LOOP('',(#9327,#9328,#9336,#9342));
#9327 = ORIENTED_EDGE('',*,*,#9133,.T.);
#9328 = ORIENTED_EDGE('',*,*,#9329,.T.);
#9329 = EDGE_CURVE('',#9125,#9330,#9332,.T.);
#9330 = VERTEX_POINT('',#9331);
#9331 = CARTESIAN_POINT('',(-0.56,2.,3.9));
#9332 = LINE('',#9333,#9334);
#9333 = CARTESIAN_POINT('',(-0.56,2.,0.1));
#9334 = VECTOR('',#9335,1.);
#9335 = DIRECTION('',(0.,0.,1.));
#9336 = ORIENTED_EDGE('',*,*,#9337,.T.);
#9337 = EDGE_CURVE('',#9330,#9304,#9338,.T.);
#9338 = LINE('',#9339,#9340);
#9339 = CARTESIAN_POINT('',(-0.56,2.,3.9));
#9340 = VECTOR('',#9341,1.);
#9341 = DIRECTION('',(1.,0.,0.));
#9342 = ORIENTED_EDGE('',*,*,#9303,.F.);
#9343 = PLANE('',#9344);
#9344 = AXIS2_PLACEMENT_3D('',#9345,#9346,#9347);
#9345 = CARTESIAN_POINT('',(-0.56,2.,0.1));
#9346 = DIRECTION('',(0.,1.,0.));
#9347 = DIRECTION('',(1.,0.,0.));
#9348 = ADVANCED_FACE('',(#9349),#9368,.T.);
#9349 = FACE_BOUND('',#9350,.T.);
#9350 = EDGE_LOOP('',(#9351,#9359,#9366,#9367));
#9351 = ORIENTED_EDGE('',*,*,#9352,.T.);
#9352 = EDGE_CURVE('',#9116,#9353,#9355,.T.);
#9353 = VERTEX_POINT('',#9354);
#9354 = CARTESIAN_POINT('',(-2.56,2.106022274728E-16,3.9));
#9355 = LINE('',#9356,#9357);
#9356 = CARTESIAN_POINT('',(-2.56,2.449297164075E-16,0.1));
#9357 = VECTOR('',#9358,1.);
#9358 = DIRECTION('',(0.,0.,1.));
#9359 = ORIENTED_EDGE('',*,*,#9360,.T.);
#9360 = EDGE_CURVE('',#9353,#9330,#9361,.T.);
#9361 = CIRCLE('',#9362,2.);
#9362 = AXIS2_PLACEMENT_3D('',#9363,#9364,#9365);
#9363 = CARTESIAN_POINT('',(-0.56,0.,3.9));
#9364 = DIRECTION('',(0.,0.,-1.));
#9365 = DIRECTION('',(-1.,1.224648582038E-16,0.));
#9366 = ORIENTED_EDGE('',*,*,#9329,.F.);
#9367 = ORIENTED_EDGE('',*,*,#9124,.F.);
#9368 = CYLINDRICAL_SURFACE('',#9369,2.);
#9369 = AXIS2_PLACEMENT_3D('',#9370,#9371,#9372);
#9370 = CARTESIAN_POINT('',(-0.56,3.565780471316E-22,0.1));
#9371 = DIRECTION('',(-0.,-0.,-1.));
#9372 = DIRECTION('',(1.,0.,0.));
#9373 = ADVANCED_FACE('',(#9374),#9386,.T.);
#9374 = FACE_BOUND('',#9375,.T.);
#9375 = EDGE_LOOP('',(#9376,#9377,#9384,#9385));
#9376 = ORIENTED_EDGE('',*,*,#9264,.T.);
#9377 = ORIENTED_EDGE('',*,*,#9378,.T.);
#9378 = EDGE_CURVE('',#9257,#9353,#9379,.T.);
#9379 = CIRCLE('',#9380,2.);
#9380 = AXIS2_PLACEMENT_3D('',#9381,#9382,#9383);
#9381 = CARTESIAN_POINT('',(-0.56,0.,3.9));
#9382 = DIRECTION('',(0.,-0.,-1.));
#9383 = DIRECTION('',(1.037503416512E-13,-1.,0.));
#9384 = ORIENTED_EDGE('',*,*,#9352,.F.);
#9385 = ORIENTED_EDGE('',*,*,#9115,.F.);
#9386 = CYLINDRICAL_SURFACE('',#9387,2.);
#9387 = AXIS2_PLACEMENT_3D('',#9388,#9389,#9390);
#9388 = CARTESIAN_POINT('',(-0.56,3.565780471316E-22,0.1));
#9389 = DIRECTION('',(-0.,-0.,-1.));
#9390 = DIRECTION('',(1.,0.,0.));
#9391 = ADVANCED_FACE('',(#9392),#9411,.T.);
#9392 = FACE_BOUND('',#9393,.T.);
#9393 = EDGE_LOOP('',(#9394,#9402,#9403,#9404));
#9394 = ORIENTED_EDGE('',*,*,#9395,.F.);
#9395 = EDGE_CURVE('',#9220,#9396,#9398,.T.);
#9396 = VERTEX_POINT('',#9397);
#9397 = CARTESIAN_POINT('',(0.25,0.,-2.9));
#9398 = LINE('',#9399,#9400);
#9399 = CARTESIAN_POINT('',(0.25,0.,0.1));
#9400 = VECTOR('',#9401,1.);
#9401 = DIRECTION('',(-0.,-0.,-1.));
#9402 = ORIENTED_EDGE('',*,*,#9219,.F.);
#9403 = ORIENTED_EDGE('',*,*,#9395,.T.);
#9404 = ORIENTED_EDGE('',*,*,#9405,.T.);
#9405 = EDGE_CURVE('',#9396,#9396,#9406,.T.);
#9406 = CIRCLE('',#9407,0.25);
#9407 = AXIS2_PLACEMENT_3D('',#9408,#9409,#9410);
#9408 = CARTESIAN_POINT('',(0.,0.,-2.9));
#9409 = DIRECTION('',(0.,0.,1.));
#9410 = DIRECTION('',(1.,0.,-0.));
#9411 = CYLINDRICAL_SURFACE('',#9412,0.25);
#9412 = AXIS2_PLACEMENT_3D('',#9413,#9414,#9415);
#9413 = CARTESIAN_POINT('',(0.,0.,0.1));
#9414 = DIRECTION('',(0.,0.,1.));
#9415 = DIRECTION('',(1.,0.,-0.));
#9416 = ADVANCED_FACE('',(#9417),#9436,.T.);
#9417 = FACE_BOUND('',#9418,.T.);
#9418 = EDGE_LOOP('',(#9419,#9427,#9428,#9429));
#9419 = ORIENTED_EDGE('',*,*,#9420,.F.);
#9420 = EDGE_CURVE('',#9231,#9421,#9423,.T.);
#9421 = VERTEX_POINT('',#9422);
#9422 = CARTESIAN_POINT('',(5.13,0.,-2.9));
#9423 = LINE('',#9424,#9425);
#9424 = CARTESIAN_POINT('',(5.13,0.,0.1));
#9425 = VECTOR('',#9426,1.);
#9426 = DIRECTION('',(-0.,-0.,-1.));
#9427 = ORIENTED_EDGE('',*,*,#9230,.F.);
#9428 = ORIENTED_EDGE('',*,*,#9420,.T.);
#9429 = ORIENTED_EDGE('',*,*,#9430,.T.);
#9430 = EDGE_CURVE('',#9421,#9421,#9431,.T.);
#9431 = CIRCLE('',#9432,0.25);
#9432 = AXIS2_PLACEMENT_3D('',#9433,#9434,#9435);
#9433 = CARTESIAN_POINT('',(4.88,0.,-2.9));
#9434 = DIRECTION('',(0.,0.,1.));
#9435 = DIRECTION('',(1.,0.,-0.));
#9436 = CYLINDRICAL_SURFACE('',#9437,0.25);
#9437 = AXIS2_PLACEMENT_3D('',#9438,#9439,#9440);
#9438 = CARTESIAN_POINT('',(4.88,0.,0.1));
#9439 = DIRECTION('',(0.,0.,1.));
#9440 = DIRECTION('',(1.,0.,-0.));
#9441 = ADVANCED_FACE('',(#9442),#9469,.T.);
#9442 = FACE_BOUND('',#9443,.T.);
#9443 = EDGE_LOOP('',(#9444,#9453,#9461,#9468));
#9444 = ORIENTED_EDGE('',*,*,#9445,.T.);
#9445 = EDGE_CURVE('',#9249,#9446,#9448,.T.);
#9446 = VERTEX_POINT('',#9447);
#9447 = CARTESIAN_POINT('',(5.44,-1.8,4.1));
#9448 = CIRCLE('',#9449,0.2);
#9449 = AXIS2_PLACEMENT_3D('',#9450,#9451,#9452);
#9450 = CARTESIAN_POINT('',(5.44,-1.8,3.9));
#9451 = DIRECTION('',(-1.,-1.037331781055E-13,0.));
#9452 = DIRECTION('',(1.037331781055E-13,-1.,0.));
#9453 = ORIENTED_EDGE('',*,*,#9454,.T.);
#9454 = EDGE_CURVE('',#9446,#9455,#9457,.T.);
#9455 = VERTEX_POINT('',#9456);
#9456 = CARTESIAN_POINT('',(-0.56,-1.8,4.1));
#9457 = LINE('',#9458,#9459);
#9458 = CARTESIAN_POINT('',(5.44,-1.8,4.1));
#9459 = VECTOR('',#9460,1.);
#9460 = DIRECTION('',(-1.,0.,0.));
#9461 = ORIENTED_EDGE('',*,*,#9462,.F.);
#9462 = EDGE_CURVE('',#9257,#9455,#9463,.T.);
#9463 = CIRCLE('',#9464,0.2);
#9464 = AXIS2_PLACEMENT_3D('',#9465,#9466,#9467);
#9465 = CARTESIAN_POINT('',(-0.56,-1.8,3.9));
#9466 = DIRECTION('',(-1.,0.,0.));
#9467 = DIRECTION('',(0.,-1.,0.));
#9468 = ORIENTED_EDGE('',*,*,#9256,.F.);
#9469 = CYLINDRICAL_SURFACE('',#9470,0.2);
#9470 = AXIS2_PLACEMENT_3D('',#9471,#9472,#9473);
#9471 = CARTESIAN_POINT('',(5.44,-1.8,3.9));
#9472 = DIRECTION('',(-1.,0.,0.));
#9473 = DIRECTION('',(0.,-1.,0.));
#9474 = ADVANCED_FACE('',(#9475),#9495,.T.);
#9475 = FACE_BOUND('',#9476,.T.);
#9476 = EDGE_LOOP('',(#9477,#9486,#9487,#9488));
#9477 = ORIENTED_EDGE('',*,*,#9478,.T.);
#9478 = EDGE_CURVE('',#9479,#9446,#9481,.T.);
#9479 = VERTEX_POINT('',#9480);
#9480 = CARTESIAN_POINT('',(7.24,1.102182119233E-16,4.1));
#9481 = CIRCLE('',#9482,1.8);
#9482 = AXIS2_PLACEMENT_3D('',#9483,#9484,#9485);
#9483 = CARTESIAN_POINT('',(5.44,0.,4.1));
#9484 = DIRECTION('',(0.,-0.,-1.));
#9485 = DIRECTION('',(1.,-2.449293393367E-16,0.));
#9486 = ORIENTED_EDGE('',*,*,#9445,.F.);
#9487 = ORIENTED_EDGE('',*,*,#9286,.F.);
#9488 = ORIENTED_EDGE('',*,*,#9489,.T.);
#9489 = EDGE_CURVE('',#9279,#9479,#9490,.T.);
#9490 = CIRCLE('',#9491,0.2);
#9491 = AXIS2_PLACEMENT_3D('',#9492,#9493,#9494);
#9492 = CARTESIAN_POINT('',(7.24,1.102182119233E-16,3.9));
#9493 = DIRECTION('',(6.123233995737E-17,-1.,0.));
#9494 = DIRECTION('',(1.,6.123233995737E-17,0.));
#9495 = TOROIDAL_SURFACE('',#9496,1.8,0.2);
#9496 = AXIS2_PLACEMENT_3D('',#9497,#9498,#9499);
#9497 = CARTESIAN_POINT('',(5.44,0.,3.9));
#9498 = DIRECTION('',(0.,0.,1.));
#9499 = DIRECTION('',(1.,-2.449293393367E-16,0.));
#9500 = ADVANCED_FACE('',(#9501),#9521,.T.);
#9501 = FACE_BOUND('',#9502,.T.);
#9502 = EDGE_LOOP('',(#9503,#9512,#9513,#9514));
#9503 = ORIENTED_EDGE('',*,*,#9504,.T.);
#9504 = EDGE_CURVE('',#9505,#9479,#9507,.T.);
#9505 = VERTEX_POINT('',#9506);
#9506 = CARTESIAN_POINT('',(5.44,1.8,4.1));
#9507 = CIRCLE('',#9508,1.8);
#9508 = AXIS2_PLACEMENT_3D('',#9509,#9510,#9511);
#9509 = CARTESIAN_POINT('',(5.44,0.,4.1));
#9510 = DIRECTION('',(0.,0.,-1.));
#9511 = DIRECTION('',(-1.034727858951E-13,1.,0.));
#9512 = ORIENTED_EDGE('',*,*,#9489,.F.);
#9513 = ORIENTED_EDGE('',*,*,#9311,.F.);
#9514 = ORIENTED_EDGE('',*,*,#9515,.T.);
#9515 = EDGE_CURVE('',#9304,#9505,#9516,.T.);
#9516 = CIRCLE('',#9517,0.2);
#9517 = AXIS2_PLACEMENT_3D('',#9518,#9519,#9520);
#9518 = CARTESIAN_POINT('',(5.44,1.8,3.9));
#9519 = DIRECTION('',(1.,0.,0.));
#9520 = DIRECTION('',(-0.,1.,0.));
#9521 = TOROIDAL_SURFACE('',#9522,1.8,0.2);
#9522 = AXIS2_PLACEMENT_3D('',#9523,#9524,#9525);
#9523 = CARTESIAN_POINT('',(5.44,0.,3.9));
#9524 = DIRECTION('',(0.,0.,1.));
#9525 = DIRECTION('',(-1.034727858951E-13,1.,0.));
#9526 = ADVANCED_FACE('',(#9527),#9546,.T.);
#9527 = FACE_BOUND('',#9528,.T.);
#9528 = EDGE_LOOP('',(#9529,#9538,#9544,#9545));
#9529 = ORIENTED_EDGE('',*,*,#9530,.T.);
#9530 = EDGE_CURVE('',#9330,#9531,#9533,.T.);
#9531 = VERTEX_POINT('',#9532);
#9532 = CARTESIAN_POINT('',(-0.56,1.8,4.1));
#9533 = CIRCLE('',#9534,0.2);
#9534 = AXIS2_PLACEMENT_3D('',#9535,#9536,#9537);
#9535 = CARTESIAN_POINT('',(-0.56,1.8,3.9));
#9536 = DIRECTION('',(1.,0.,0.));
#9537 = DIRECTION('',(-0.,1.,0.));
#9538 = ORIENTED_EDGE('',*,*,#9539,.T.);
#9539 = EDGE_CURVE('',#9531,#9505,#9540,.T.);
#9540 = LINE('',#9541,#9542);
#9541 = CARTESIAN_POINT('',(-0.56,1.8,4.1));
#9542 = VECTOR('',#9543,1.);
#9543 = DIRECTION('',(1.,0.,0.));
#9544 = ORIENTED_EDGE('',*,*,#9515,.F.);
#9545 = ORIENTED_EDGE('',*,*,#9337,.F.);
#9546 = CYLINDRICAL_SURFACE('',#9547,0.2);
#9547 = AXIS2_PLACEMENT_3D('',#9548,#9549,#9550);
#9548 = CARTESIAN_POINT('',(-0.56,1.8,3.9));
#9549 = DIRECTION('',(1.,0.,0.));
#9550 = DIRECTION('',(-0.,1.,0.));
#9551 = ADVANCED_FACE('',(#9552),#9572,.T.);
#9552 = FACE_BOUND('',#9553,.T.);
#9553 = EDGE_LOOP('',(#9554,#9563,#9564,#9565));
#9554 = ORIENTED_EDGE('',*,*,#9555,.T.);
#9555 = EDGE_CURVE('',#9556,#9531,#9558,.T.);
#9556 = VERTEX_POINT('',#9557);
#9557 = CARTESIAN_POINT('',(-2.36,1.895420047255E-16,4.1));
#9558 = CIRCLE('',#9559,1.8);
#9559 = AXIS2_PLACEMENT_3D('',#9560,#9561,#9562);
#9560 = CARTESIAN_POINT('',(-0.56,0.,4.1));
#9561 = DIRECTION('',(0.,0.,-1.));
#9562 = DIRECTION('',(-1.,1.224648582038E-16,0.));
#9563 = ORIENTED_EDGE('',*,*,#9530,.F.);
#9564 = ORIENTED_EDGE('',*,*,#9360,.F.);
#9565 = ORIENTED_EDGE('',*,*,#9566,.T.);
#9566 = EDGE_CURVE('',#9353,#9556,#9567,.T.);
#9567 = CIRCLE('',#9568,0.2);
#9568 = AXIS2_PLACEMENT_3D('',#9569,#9570,#9571);
#9569 = CARTESIAN_POINT('',(-2.36,1.895420047255E-16,3.9));
#9570 = DIRECTION('',(1.053011137364E-16,1.,-0.));
#9571 = DIRECTION('',(-1.,1.053011137364E-16,0.));
#9572 = TOROIDAL_SURFACE('',#9573,1.8,0.2);
#9573 = AXIS2_PLACEMENT_3D('',#9574,#9575,#9576);
#9574 = CARTESIAN_POINT('',(-0.56,0.,3.9));
#9575 = DIRECTION('',(0.,0.,1.));
#9576 = DIRECTION('',(-1.,1.224648582038E-16,0.));
#9577 = ADVANCED_FACE('',(#9578),#9590,.T.);
#9578 = FACE_BOUND('',#9579,.T.);
#9579 = EDGE_LOOP('',(#9580,#9587,#9588,#9589));
#9580 = ORIENTED_EDGE('',*,*,#9581,.T.);
#9581 = EDGE_CURVE('',#9455,#9556,#9582,.T.);
#9582 = CIRCLE('',#9583,1.8);
#9583 = AXIS2_PLACEMENT_3D('',#9584,#9585,#9586);
#9584 = CARTESIAN_POINT('',(-0.56,0.,4.1));
#9585 = DIRECTION('',(0.,-0.,-1.));
#9586 = DIRECTION('',(1.037503416512E-13,-1.,0.));
#9587 = ORIENTED_EDGE('',*,*,#9566,.F.);
#9588 = ORIENTED_EDGE('',*,*,#9378,.F.);
#9589 = ORIENTED_EDGE('',*,*,#9462,.T.);
#9590 = TOROIDAL_SURFACE('',#9591,1.8,0.2);
#9591 = AXIS2_PLACEMENT_3D('',#9592,#9593,#9594);
#9592 = CARTESIAN_POINT('',(-0.56,0.,3.9));
#9593 = DIRECTION('',(0.,0.,1.));
#9594 = DIRECTION('',(1.037503416512E-13,-1.,0.));
#9595 = ADVANCED_FACE('',(#9596),#9599,.T.);
#9596 = FACE_BOUND('',#9597,.F.);
#9597 = EDGE_LOOP('',(#9598));
#9598 = ORIENTED_EDGE('',*,*,#9405,.T.);
#9599 = PLANE('',#9600);
#9600 = AXIS2_PLACEMENT_3D('',#9601,#9602,#9603);
#9601 = CARTESIAN_POINT('',(0.25,0.,-2.9));
#9602 = DIRECTION('',(0.,0.,-1.));
#9603 = DIRECTION('',(-1.,0.,0.));
#9604 = ADVANCED_FACE('',(#9605),#9608,.T.);
#9605 = FACE_BOUND('',#9606,.F.);
#9606 = EDGE_LOOP('',(#9607));
#9607 = ORIENTED_EDGE('',*,*,#9430,.T.);
#9608 = PLANE('',#9609);
#9609 = AXIS2_PLACEMENT_3D('',#9610,#9611,#9612);
#9610 = CARTESIAN_POINT('',(5.13,0.,-2.9));
#9611 = DIRECTION('',(0.,0.,-1.));
#9612 = DIRECTION('',(-1.,0.,0.));
#9613 = ADVANCED_FACE('',(#9614),#9622,.T.);
#9614 = FACE_BOUND('',#9615,.T.);
#9615 = EDGE_LOOP('',(#9616,#9617,#9618,#9619,#9620,#9621));
#9616 = ORIENTED_EDGE('',*,*,#9539,.F.);
#9617 = ORIENTED_EDGE('',*,*,#9555,.F.);
#9618 = ORIENTED_EDGE('',*,*,#9581,.F.);
#9619 = ORIENTED_EDGE('',*,*,#9454,.F.);
#9620 = ORIENTED_EDGE('',*,*,#9478,.F.);
#9621 = ORIENTED_EDGE('',*,*,#9504,.F.);
#9622 = PLANE('',#9623);
#9623 = AXIS2_PLACEMENT_3D('',#9624,#9625,#9626);
#9624 = CARTESIAN_POINT('',(-0.56,2.,4.1));
#9625 = DIRECTION('',(0.,0.,1.));
#9626 = DIRECTION('',(1.,0.,-0.));
#9627 = ( GEOMETRIC_REPRESENTATION_CONTEXT(3) 
GLOBAL_UNCERTAINTY_ASSIGNED_CONTEXT((#9631)) 
GLOBAL_UNIT_ASSIGNED_CONTEXT((#9628,#9629,#9630)) REPRESENTATION_CONTEXT
('Context #1','3D Context with UNIT and UNCERTAINTY') );
#9628 = ( LENGTH_UNIT() NAMED_UNIT(*) SI_UNIT(.MILLI.,.METRE.) );
#9629 = ( NAMED_UNIT(*) PLANE_ANGLE_UNIT() SI_UNIT($,.RADIAN.) );
#9630 = ( NAMED_UNIT(*) SI_UNIT($,.STERADIAN.) SOLID_ANGLE_UNIT() );
#9631 = UNCERTAINTY_MEASURE_WITH_UNIT(LENGTH_MEASURE(1.E-07),#9628,
  'distance_accuracy_value','confusion accuracy');
#9632 = CONTEXT_DEPENDENT_SHAPE_REPRESENTATION(#9633,#9635);
#9633 = ( REPRESENTATION_RELATIONSHIP('','',#8874,#10) 
REPRESENTATION_RELATIONSHIP_WITH_TRANSFORMATION(#9634) 
SHAPE_REPRESENTATION_RELATIONSHIP() );
#9634 = ITEM_DEFINED_TRANSFORMATION('','',#11,#79);
#9635 = PRODUCT_DEFINITION_SHAPE('Placement','Placement of an item',
  #9636);
#9636 = NEXT_ASSEMBLY_USAGE_OCCURRENCE('17','Y1','',#5,#8869,$);
#9637 = PRODUCT_RELATED_PRODUCT_CATEGORY('part',$,(#8871));
#9638 = SHAPE_DEFINITION_REPRESENTATION(#9639,#9645);
#9639 = PRODUCT_DEFINITION_SHAPE('','',#9640);
#9640 = PRODUCT_DEFINITION('design','',#9641,#9644);
#9641 = PRODUCT_DEFINITION_FORMATION('','',#9642);
#9642 = PRODUCT('PinSocket_1x03_P2.54mm_Vertical',
  'PinSocket_1x03_P2.54mm_Vertical','',(#9643));
#9643 = PRODUCT_CONTEXT('',#2,'mechanical');
#9644 = PRODUCT_DEFINITION_CONTEXT('part definition',#2,'design');
#9645 = ADVANCED_BREP_SHAPE_REPRESENTATION('',(#11,#9646),#12256);
#9646 = MANIFOLD_SOLID_BREP('',#9647);
#9647 = CLOSED_SHELL('',(#9648,#9688,#9751,#9814,#9831,#9950,#9972,#9989
    ,#10204,#10216,#10228,#10259,#10283,#10307,#10324,#10355,#10379,
    #10403,#10420,#10451,#10475,#10499,#10516,#10533,#10580,#10597,
    #10644,#10661,#10708,#10725,#10772,#10789,#10836,#10853,#10900,
    #10931,#10987,#11011,#11060,#11091,#11147,#11171,#11220,#11251,
    #11307,#11331,#11380,#11397,#11414,#11431,#11448,#11460,#11477,
    #11494,#11511,#11528,#11540,#11557,#11574,#11591,#11608,#11620,
    #11637,#11654,#11703,#11727,#11769,#11786,#11803,#11820,#11869,
    #11893,#11935,#11952,#11969,#11986,#12035,#12059,#12101,#12118,
    #12135,#12152,#12164,#12181,#12198,#12210,#12227,#12244));
#9648 = ADVANCED_FACE('',(#9649),#9683,.F.);
#9649 = FACE_BOUND('',#9650,.F.);
#9650 = EDGE_LOOP('',(#9651,#9661,#9669,#9677));
#9651 = ORIENTED_EDGE('',*,*,#9652,.T.);
#9652 = EDGE_CURVE('',#9653,#9655,#9657,.T.);
#9653 = VERTEX_POINT('',#9654);
#9654 = CARTESIAN_POINT('',(1.27,-6.35,0.));
#9655 = VERTEX_POINT('',#9656);
#9656 = CARTESIAN_POINT('',(1.27,-6.35,8.5));
#9657 = LINE('',#9658,#9659);
#9658 = CARTESIAN_POINT('',(1.27,-6.35,0.));
#9659 = VECTOR('',#9660,1.);
#9660 = DIRECTION('',(0.,0.,1.));
#9661 = ORIENTED_EDGE('',*,*,#9662,.T.);
#9662 = EDGE_CURVE('',#9655,#9663,#9665,.T.);
#9663 = VERTEX_POINT('',#9664);
#9664 = CARTESIAN_POINT('',(1.27,1.27,8.5));
#9665 = LINE('',#9666,#9667);
#9666 = CARTESIAN_POINT('',(1.27,-6.35,8.5));
#9667 = VECTOR('',#9668,1.);
#9668 = DIRECTION('',(1.110223024625E-16,1.,0.));
#9669 = ORIENTED_EDGE('',*,*,#9670,.F.);
#9670 = EDGE_CURVE('',#9671,#9663,#9673,.T.);
#9671 = VERTEX_POINT('',#9672);
#9672 = CARTESIAN_POINT('',(1.27,1.27,0.));
#9673 = LINE('',#9674,#9675);
#9674 = CARTESIAN_POINT('',(1.27,1.27,0.));
#9675 = VECTOR('',#9676,1.);
#9676 = DIRECTION('',(0.,0.,1.));
#9677 = ORIENTED_EDGE('',*,*,#9678,.F.);
#9678 = EDGE_CURVE('',#9653,#9671,#9679,.T.);
#9679 = LINE('',#9680,#9681);
#9680 = CARTESIAN_POINT('',(1.27,-6.35,0.));
#9681 = VECTOR('',#9682,1.);
#9682 = DIRECTION('',(1.110223024625E-16,1.,0.));
#9683 = PLANE('',#9684);
#9684 = AXIS2_PLACEMENT_3D('',#9685,#9686,#9687);
#9685 = CARTESIAN_POINT('',(1.27,-6.35,0.));
#9686 = DIRECTION('',(-1.,1.110223024625E-16,0.));
#9687 = DIRECTION('',(1.110223024625E-16,1.,0.));
#9688 = ADVANCED_FACE('',(#9689),#9746,.F.);
#9689 = FACE_BOUND('',#9690,.F.);
#9690 = EDGE_LOOP('',(#9691,#9701,#9709,#9715,#9716,#9724,#9732,#9740));
#9691 = ORIENTED_EDGE('',*,*,#9692,.F.);
#9692 = EDGE_CURVE('',#9693,#9695,#9697,.T.);
#9693 = VERTEX_POINT('',#9694);
#9694 = CARTESIAN_POINT('',(-1.27,-6.35,0.));
#9695 = VERTEX_POINT('',#9696);
#9696 = CARTESIAN_POINT('',(-0.846666666667,-6.35,0.));
#9697 = LINE('',#9698,#9699);
#9698 = CARTESIAN_POINT('',(-1.27,-6.35,0.));
#9699 = VECTOR('',#9700,1.);
#9700 = DIRECTION('',(1.,-1.110223024625E-16,0.));
#9701 = ORIENTED_EDGE('',*,*,#9702,.T.);
#9702 = EDGE_CURVE('',#9693,#9703,#9705,.T.);
#9703 = VERTEX_POINT('',#9704);
#9704 = CARTESIAN_POINT('',(-1.27,-6.35,8.5));
#9705 = LINE('',#9706,#9707);
#9706 = CARTESIAN_POINT('',(-1.27,-6.35,0.));
#9707 = VECTOR('',#9708,1.);
#9708 = DIRECTION('',(0.,0.,1.));
#9709 = ORIENTED_EDGE('',*,*,#9710,.T.);
#9710 = EDGE_CURVE('',#9703,#9655,#9711,.T.);
#9711 = LINE('',#9712,#9713);
#9712 = CARTESIAN_POINT('',(-1.27,-6.35,8.5));
#9713 = VECTOR('',#9714,1.);
#9714 = DIRECTION('',(1.,-1.110223024625E-16,0.));
#9715 = ORIENTED_EDGE('',*,*,#9652,.F.);
#9716 = ORIENTED_EDGE('',*,*,#9717,.F.);
#9717 = EDGE_CURVE('',#9718,#9653,#9720,.T.);
#9718 = VERTEX_POINT('',#9719);
#9719 = CARTESIAN_POINT('',(0.846666666667,-6.35,0.));
#9720 = LINE('',#9721,#9722);
#9721 = CARTESIAN_POINT('',(-1.27,-6.35,0.));
#9722 = VECTOR('',#9723,1.);
#9723 = DIRECTION('',(1.,-1.110223024625E-16,0.));
#9724 = ORIENTED_EDGE('',*,*,#9725,.T.);
#9725 = EDGE_CURVE('',#9718,#9726,#9728,.T.);
#9726 = VERTEX_POINT('',#9727);
#9727 = CARTESIAN_POINT('',(0.846666666667,-6.35,0.2));
#9728 = LINE('',#9729,#9730);
#9729 = CARTESIAN_POINT('',(0.846666666667,-6.35,0.));
#9730 = VECTOR('',#9731,1.);
#9731 = DIRECTION('',(0.,0.,1.));
#9732 = ORIENTED_EDGE('',*,*,#9733,.F.);
#9733 = EDGE_CURVE('',#9734,#9726,#9736,.T.);
#9734 = VERTEX_POINT('',#9735);
#9735 = CARTESIAN_POINT('',(-0.846666666667,-6.35,0.2));
#9736 = LINE('',#9737,#9738);
#9737 = CARTESIAN_POINT('',(-0.846666666667,-6.35,0.2));
#9738 = VECTOR('',#9739,1.);
#9739 = DIRECTION('',(1.,-1.110223024625E-16,0.));
#9740 = ORIENTED_EDGE('',*,*,#9741,.F.);
#9741 = EDGE_CURVE('',#9695,#9734,#9742,.T.);
#9742 = LINE('',#9743,#9744);
#9743 = CARTESIAN_POINT('',(-0.846666666667,-6.35,0.));
#9744 = VECTOR('',#9745,1.);
#9745 = DIRECTION('',(0.,0.,1.));
#9746 = PLANE('',#9747);
#9747 = AXIS2_PLACEMENT_3D('',#9748,#9749,#9750);
#9748 = CARTESIAN_POINT('',(-1.27,-6.35,0.));
#9749 = DIRECTION('',(1.110223024625E-16,1.,0.));
#9750 = DIRECTION('',(1.,-1.110223024625E-16,0.));
#9751 = ADVANCED_FACE('',(#9752),#9809,.F.);
#9752 = FACE_BOUND('',#9753,.F.);
#9753 = EDGE_LOOP('',(#9754,#9762,#9763,#9771,#9779,#9787,#9795,#9803));
#9754 = ORIENTED_EDGE('',*,*,#9755,.F.);
#9755 = EDGE_CURVE('',#9671,#9756,#9758,.T.);
#9756 = VERTEX_POINT('',#9757);
#9757 = CARTESIAN_POINT('',(0.846666666667,1.27,0.));
#9758 = LINE('',#9759,#9760);
#9759 = CARTESIAN_POINT('',(1.27,1.27,0.));
#9760 = VECTOR('',#9761,1.);
#9761 = DIRECTION('',(-1.,1.110223024625E-16,0.));
#9762 = ORIENTED_EDGE('',*,*,#9670,.T.);
#9763 = ORIENTED_EDGE('',*,*,#9764,.T.);
#9764 = EDGE_CURVE('',#9663,#9765,#9767,.T.);
#9765 = VERTEX_POINT('',#9766);
#9766 = CARTESIAN_POINT('',(-1.27,1.27,8.5));
#9767 = LINE('',#9768,#9769);
#9768 = CARTESIAN_POINT('',(1.27,1.27,8.5));
#9769 = VECTOR('',#9770,1.);
#9770 = DIRECTION('',(-1.,1.110223024625E-16,0.));
#9771 = ORIENTED_EDGE('',*,*,#9772,.F.);
#9772 = EDGE_CURVE('',#9773,#9765,#9775,.T.);
#9773 = VERTEX_POINT('',#9774);
#9774 = CARTESIAN_POINT('',(-1.27,1.27,0.));
#9775 = LINE('',#9776,#9777);
#9776 = CARTESIAN_POINT('',(-1.27,1.27,0.));
#9777 = VECTOR('',#9778,1.);
#9778 = DIRECTION('',(0.,0.,1.));
#9779 = ORIENTED_EDGE('',*,*,#9780,.F.);
#9780 = EDGE_CURVE('',#9781,#9773,#9783,.T.);
#9781 = VERTEX_POINT('',#9782);
#9782 = CARTESIAN_POINT('',(-0.846666666667,1.27,0.));
#9783 = LINE('',#9784,#9785);
#9784 = CARTESIAN_POINT('',(1.27,1.27,0.));
#9785 = VECTOR('',#9786,1.);
#9786 = DIRECTION('',(-1.,1.110223024625E-16,0.));
#9787 = ORIENTED_EDGE('',*,*,#9788,.T.);
#9788 = EDGE_CURVE('',#9781,#9789,#9791,.T.);
#9789 = VERTEX_POINT('',#9790);
#9790 = CARTESIAN_POINT('',(-0.846666666667,1.27,0.2));
#9791 = LINE('',#9792,#9793);
#9792 = CARTESIAN_POINT('',(-0.846666666667,1.27,0.));
#9793 = VECTOR('',#9794,1.);
#9794 = DIRECTION('',(0.,0.,1.));
#9795 = ORIENTED_EDGE('',*,*,#9796,.F.);
#9796 = EDGE_CURVE('',#9797,#9789,#9799,.T.);
#9797 = VERTEX_POINT('',#9798);
#9798 = CARTESIAN_POINT('',(0.846666666667,1.27,0.2));
#9799 = LINE('',#9800,#9801);
#9800 = CARTESIAN_POINT('',(0.846666666667,1.27,0.2));
#9801 = VECTOR('',#9802,1.);
#9802 = DIRECTION('',(-1.,1.110223024625E-16,0.));
#9803 = ORIENTED_EDGE('',*,*,#9804,.F.);
#9804 = EDGE_CURVE('',#9756,#9797,#9805,.T.);
#9805 = LINE('',#9806,#9807);
#9806 = CARTESIAN_POINT('',(0.846666666667,1.27,0.));
#9807 = VECTOR('',#9808,1.);
#9808 = DIRECTION('',(0.,0.,1.));
#9809 = PLANE('',#9810);
#9810 = AXIS2_PLACEMENT_3D('',#9811,#9812,#9813);
#9811 = CARTESIAN_POINT('',(1.27,1.27,0.));
#9812 = DIRECTION('',(-1.110223024625E-16,-1.,0.));
#9813 = DIRECTION('',(-1.,1.110223024625E-16,0.));
#9814 = ADVANCED_FACE('',(#9815),#9826,.F.);
#9815 = FACE_BOUND('',#9816,.F.);
#9816 = EDGE_LOOP('',(#9817,#9818,#9819,#9820));
#9817 = ORIENTED_EDGE('',*,*,#9717,.T.);
#9818 = ORIENTED_EDGE('',*,*,#9678,.T.);
#9819 = ORIENTED_EDGE('',*,*,#9755,.T.);
#9820 = ORIENTED_EDGE('',*,*,#9821,.F.);
#9821 = EDGE_CURVE('',#9718,#9756,#9822,.T.);
#9822 = LINE('',#9823,#9824);
#9823 = CARTESIAN_POINT('',(0.846666666667,-6.35,0.));
#9824 = VECTOR('',#9825,1.);
#9825 = DIRECTION('',(1.110223024625E-16,1.,0.));
#9826 = PLANE('',#9827);
#9827 = AXIS2_PLACEMENT_3D('',#9828,#9829,#9830);
#9828 = CARTESIAN_POINT('',(-2.542410726392E-16,-2.54,0.));
#9829 = DIRECTION('',(0.,0.,1.));
#9830 = DIRECTION('',(1.110223024625E-16,1.,-0.));
#9831 = ADVANCED_FACE('',(#9832,#9843,#9877,#9911),#9945,.T.);
#9832 = FACE_BOUND('',#9833,.T.);
#9833 = EDGE_LOOP('',(#9834,#9835,#9836,#9842));
#9834 = ORIENTED_EDGE('',*,*,#9662,.T.);
#9835 = ORIENTED_EDGE('',*,*,#9764,.T.);
#9836 = ORIENTED_EDGE('',*,*,#9837,.T.);
#9837 = EDGE_CURVE('',#9765,#9703,#9838,.T.);
#9838 = LINE('',#9839,#9840);
#9839 = CARTESIAN_POINT('',(-1.27,1.27,8.5));
#9840 = VECTOR('',#9841,1.);
#9841 = DIRECTION('',(-1.110223024625E-16,-1.,0.));
#9842 = ORIENTED_EDGE('',*,*,#9710,.T.);
#9843 = FACE_BOUND('',#9844,.T.);
#9844 = EDGE_LOOP('',(#9845,#9855,#9863,#9871));
#9845 = ORIENTED_EDGE('',*,*,#9846,.F.);
#9846 = EDGE_CURVE('',#9847,#9849,#9851,.T.);
#9847 = VERTEX_POINT('',#9848);
#9848 = CARTESIAN_POINT('',(0.6,-5.68,8.5));
#9849 = VERTEX_POINT('',#9850);
#9850 = CARTESIAN_POINT('',(0.6,-4.48,8.5));
#9851 = LINE('',#9852,#9853);
#9852 = CARTESIAN_POINT('',(0.6,-5.68,8.5));
#9853 = VECTOR('',#9854,1.);
#9854 = DIRECTION('',(1.110223024625E-16,1.,0.));
#9855 = ORIENTED_EDGE('',*,*,#9856,.F.);
#9856 = EDGE_CURVE('',#9857,#9847,#9859,.T.);
#9857 = VERTEX_POINT('',#9858);
#9858 = CARTESIAN_POINT('',(-0.6,-5.68,8.5));
#9859 = LINE('',#9860,#9861);
#9860 = CARTESIAN_POINT('',(-0.6,-5.68,8.5));
#9861 = VECTOR('',#9862,1.);
#9862 = DIRECTION('',(1.,-1.110223024625E-16,0.));
#9863 = ORIENTED_EDGE('',*,*,#9864,.F.);
#9864 = EDGE_CURVE('',#9865,#9857,#9867,.T.);
#9865 = VERTEX_POINT('',#9866);
#9866 = CARTESIAN_POINT('',(-0.6,-4.48,8.5));
#9867 = LINE('',#9868,#9869);
#9868 = CARTESIAN_POINT('',(-0.6,-4.48,8.5));
#9869 = VECTOR('',#9870,1.);
#9870 = DIRECTION('',(-1.110223024625E-16,-1.,0.));
#9871 = ORIENTED_EDGE('',*,*,#9872,.F.);
#9872 = EDGE_CURVE('',#9849,#9865,#9873,.T.);
#9873 = LINE('',#9874,#9875);
#9874 = CARTESIAN_POINT('',(0.6,-4.48,8.5));
#9875 = VECTOR('',#9876,1.);
#9876 = DIRECTION('',(-1.,1.110223024625E-16,0.));
#9877 = FACE_BOUND('',#9878,.T.);
#9878 = EDGE_LOOP('',(#9879,#9889,#9897,#9905));
#9879 = ORIENTED_EDGE('',*,*,#9880,.F.);
#9880 = EDGE_CURVE('',#9881,#9883,#9885,.T.);
#9881 = VERTEX_POINT('',#9882);
#9882 = CARTESIAN_POINT('',(0.6,-3.14,8.5));
#9883 = VERTEX_POINT('',#9884);
#9884 = CARTESIAN_POINT('',(0.6,-1.94,8.5));
#9885 = LINE('',#9886,#9887);
#9886 = CARTESIAN_POINT('',(0.6,-3.14,8.5));
#9887 = VECTOR('',#9888,1.);
#9888 = DIRECTION('',(1.110223024625E-16,1.,0.));
#9889 = ORIENTED_EDGE('',*,*,#9890,.F.);
#9890 = EDGE_CURVE('',#9891,#9881,#9893,.T.);
#9891 = VERTEX_POINT('',#9892);
#9892 = CARTESIAN_POINT('',(-0.6,-3.14,8.5));
#9893 = LINE('',#9894,#9895);
#9894 = CARTESIAN_POINT('',(-0.6,-3.14,8.5));
#9895 = VECTOR('',#9896,1.);
#9896 = DIRECTION('',(1.,-1.110223024625E-16,0.));
#9897 = ORIENTED_EDGE('',*,*,#9898,.F.);
#9898 = EDGE_CURVE('',#9899,#9891,#9901,.T.);
#9899 = VERTEX_POINT('',#9900);
#9900 = CARTESIAN_POINT('',(-0.6,-1.94,8.5));
#9901 = LINE('',#9902,#9903);
#9902 = CARTESIAN_POINT('',(-0.6,-1.94,8.5));
#9903 = VECTOR('',#9904,1.);
#9904 = DIRECTION('',(-1.110223024625E-16,-1.,0.));
#9905 = ORIENTED_EDGE('',*,*,#9906,.F.);
#9906 = EDGE_CURVE('',#9883,#9899,#9907,.T.);
#9907 = LINE('',#9908,#9909);
#9908 = CARTESIAN_POINT('',(0.6,-1.94,8.5));
#9909 = VECTOR('',#9910,1.);
#9910 = DIRECTION('',(-1.,1.110223024625E-16,0.));
#9911 = FACE_BOUND('',#9912,.T.);
#9912 = EDGE_LOOP('',(#9913,#9923,#9931,#9939));
#9913 = ORIENTED_EDGE('',*,*,#9914,.F.);
#9914 = EDGE_CURVE('',#9915,#9917,#9919,.T.);
#9915 = VERTEX_POINT('',#9916);
#9916 = CARTESIAN_POINT('',(0.6,-0.6,8.5));
#9917 = VERTEX_POINT('',#9918);
#9918 = CARTESIAN_POINT('',(0.6,0.6,8.5));
#9919 = LINE('',#9920,#9921);
#9920 = CARTESIAN_POINT('',(0.6,-0.6,8.5));
#9921 = VECTOR('',#9922,1.);
#9922 = DIRECTION('',(1.110223024625E-16,1.,0.));
#9923 = ORIENTED_EDGE('',*,*,#9924,.F.);
#9924 = EDGE_CURVE('',#9925,#9915,#9927,.T.);
#9925 = VERTEX_POINT('',#9926);
#9926 = CARTESIAN_POINT('',(-0.6,-0.6,8.5));
#9927 = LINE('',#9928,#9929);
#9928 = CARTESIAN_POINT('',(-0.6,-0.6,8.5));
#9929 = VECTOR('',#9930,1.);
#9930 = DIRECTION('',(1.,-1.110223024625E-16,0.));
#9931 = ORIENTED_EDGE('',*,*,#9932,.F.);
#9932 = EDGE_CURVE('',#9933,#9925,#9935,.T.);
#9933 = VERTEX_POINT('',#9934);
#9934 = CARTESIAN_POINT('',(-0.6,0.6,8.5));
#9935 = LINE('',#9936,#9937);
#9936 = CARTESIAN_POINT('',(-0.6,0.6,8.5));
#9937 = VECTOR('',#9938,1.);
#9938 = DIRECTION('',(-1.110223024625E-16,-1.,0.));
#9939 = ORIENTED_EDGE('',*,*,#9940,.F.);
#9940 = EDGE_CURVE('',#9917,#9933,#9941,.T.);
#9941 = LINE('',#9942,#9943);
#9942 = CARTESIAN_POINT('',(0.6,0.6,8.5));
#9943 = VECTOR('',#9944,1.);
#9944 = DIRECTION('',(-1.,1.110223024625E-16,0.));
#9945 = PLANE('',#9946);
#9946 = AXIS2_PLACEMENT_3D('',#9947,#9948,#9949);
#9947 = CARTESIAN_POINT('',(-2.542410726392E-16,-2.54,8.5));
#9948 = DIRECTION('',(0.,0.,1.));
#9949 = DIRECTION('',(1.110223024625E-16,1.,-0.));
#9950 = ADVANCED_FACE('',(#9951),#9967,.F.);
#9951 = FACE_BOUND('',#9952,.F.);
#9952 = EDGE_LOOP('',(#9953,#9954,#9960,#9961));
#9953 = ORIENTED_EDGE('',*,*,#9692,.T.);
#9954 = ORIENTED_EDGE('',*,*,#9955,.F.);
#9955 = EDGE_CURVE('',#9781,#9695,#9956,.T.);
#9956 = LINE('',#9957,#9958);
#9957 = CARTESIAN_POINT('',(-0.846666666667,1.27,0.));
#9958 = VECTOR('',#9959,1.);
#9959 = DIRECTION('',(-1.110223024625E-16,-1.,0.));
#9960 = ORIENTED_EDGE('',*,*,#9780,.T.);
#9961 = ORIENTED_EDGE('',*,*,#9962,.T.);
#9962 = EDGE_CURVE('',#9773,#9693,#9963,.T.);
#9963 = LINE('',#9964,#9965);
#9964 = CARTESIAN_POINT('',(-1.27,1.27,0.));
#9965 = VECTOR('',#9966,1.);
#9966 = DIRECTION('',(-1.110223024625E-16,-1.,0.));
#9967 = PLANE('',#9968);
#9968 = AXIS2_PLACEMENT_3D('',#9969,#9970,#9971);
#9969 = CARTESIAN_POINT('',(-2.542410726392E-16,-2.54,0.));
#9970 = DIRECTION('',(0.,0.,1.));
#9971 = DIRECTION('',(1.110223024625E-16,1.,-0.));
#9972 = ADVANCED_FACE('',(#9973),#9984,.T.);
#9973 = FACE_BOUND('',#9974,.T.);
#9974 = EDGE_LOOP('',(#9975,#9976,#9982,#9983));
#9975 = ORIENTED_EDGE('',*,*,#9788,.T.);
#9976 = ORIENTED_EDGE('',*,*,#9977,.T.);
#9977 = EDGE_CURVE('',#9789,#9734,#9978,.T.);
#9978 = LINE('',#9979,#9980);
#9979 = CARTESIAN_POINT('',(-0.846666666667,1.27,0.2));
#9980 = VECTOR('',#9981,1.);
#9981 = DIRECTION('',(-1.110223024625E-16,-1.,0.));
#9982 = ORIENTED_EDGE('',*,*,#9741,.F.);
#9983 = ORIENTED_EDGE('',*,*,#9955,.F.);
#9984 = PLANE('',#9985);
#9985 = AXIS2_PLACEMENT_3D('',#9986,#9987,#9988);
#9986 = CARTESIAN_POINT('',(-0.846666666667,1.27,0.));
#9987 = DIRECTION('',(1.,-1.110223024625E-16,0.));
#9988 = DIRECTION('',(-1.110223024625E-16,-1.,0.));
#9989 = ADVANCED_FACE('',(#9990,#10001,#10067,#10133),#10199,.F.);
#9990 = FACE_BOUND('',#9991,.F.);
#9991 = EDGE_LOOP('',(#9992,#9998,#9999,#10000));
#9992 = ORIENTED_EDGE('',*,*,#9993,.T.);
#9993 = EDGE_CURVE('',#9726,#9797,#9994,.T.);
#9994 = LINE('',#9995,#9996);
#9995 = CARTESIAN_POINT('',(0.846666666667,-6.35,0.2));
#9996 = VECTOR('',#9997,1.);
#9997 = DIRECTION('',(1.110223024625E-16,1.,0.));
#9998 = ORIENTED_EDGE('',*,*,#9796,.T.);
#9999 = ORIENTED_EDGE('',*,*,#9977,.T.);
#10000 = ORIENTED_EDGE('',*,*,#9733,.T.);
#10001 = FACE_BOUND('',#10002,.F.);
#10002 = EDGE_LOOP('',(#10003,#10013,#10021,#10029,#10037,#10045,#10053,
    #10061));
#10003 = ORIENTED_EDGE('',*,*,#10004,.F.);
#10004 = EDGE_CURVE('',#10005,#10007,#10009,.T.);
#10005 = VERTEX_POINT('',#10006);
#10006 = CARTESIAN_POINT('',(-0.1,-5.53,0.2));
#10007 = VERTEX_POINT('',#10008);
#10008 = CARTESIAN_POINT('',(0.1,-5.53,0.2));
#10009 = LINE('',#10010,#10011);
#10010 = CARTESIAN_POINT('',(-0.1,-5.53,0.2));
#10011 = VECTOR('',#10012,1.);
#10012 = DIRECTION('',(1.,-1.110223024625E-16,0.));
#10013 = ORIENTED_EDGE('',*,*,#10014,.T.);
#10014 = EDGE_CURVE('',#10005,#10015,#10017,.T.);
#10015 = VERTEX_POINT('',#10016);
#10016 = CARTESIAN_POINT('',(-0.1,-5.38,0.2));
#10017 = LINE('',#10018,#10019);
#10018 = CARTESIAN_POINT('',(-0.1,-5.53,0.2));
#10019 = VECTOR('',#10020,1.);
#10020 = DIRECTION('',(1.110223024625E-16,1.,0.));
#10021 = ORIENTED_EDGE('',*,*,#10022,.F.);
#10022 = EDGE_CURVE('',#10023,#10015,#10025,.T.);
#10023 = VERTEX_POINT('',#10024);
#10024 = CARTESIAN_POINT('',(-0.1,-4.78,0.2));
#10025 = LINE('',#10026,#10027);
#10026 = CARTESIAN_POINT('',(-0.1,-3.81,0.2));
#10027 = VECTOR('',#10028,1.);
#10028 = DIRECTION('',(-1.110223024625E-16,-1.,0.));
#10029 = ORIENTED_EDGE('',*,*,#10030,.T.);
#10030 = EDGE_CURVE('',#10023,#10031,#10033,.T.);
#10031 = VERTEX_POINT('',#10032);
#10032 = CARTESIAN_POINT('',(-0.1,-4.63,0.2));
#10033 = LINE('',#10034,#10035);
#10034 = CARTESIAN_POINT('',(-0.1,-5.53,0.2));
#10035 = VECTOR('',#10036,1.);
#10036 = DIRECTION('',(1.110223024625E-16,1.,0.));
#10037 = ORIENTED_EDGE('',*,*,#10038,.T.);
#10038 = EDGE_CURVE('',#10031,#10039,#10041,.T.);
#10039 = VERTEX_POINT('',#10040);
#10040 = CARTESIAN_POINT('',(0.1,-4.63,0.2));
#10041 = LINE('',#10042,#10043);
#10042 = CARTESIAN_POINT('',(-0.1,-4.63,0.2));
#10043 = VECTOR('',#10044,1.);
#10044 = DIRECTION('',(1.,-1.110223024625E-16,0.));
#10045 = ORIENTED_EDGE('',*,*,#10046,.T.);
#10046 = EDGE_CURVE('',#10039,#10047,#10049,.T.);
#10047 = VERTEX_POINT('',#10048);
#10048 = CARTESIAN_POINT('',(0.1,-4.78,0.2));
#10049 = LINE('',#10050,#10051);
#10050 = CARTESIAN_POINT('',(0.1,-4.63,0.2));
#10051 = VECTOR('',#10052,1.);
#10052 = DIRECTION('',(-1.110223024625E-16,-1.,0.));
#10053 = ORIENTED_EDGE('',*,*,#10054,.T.);
#10054 = EDGE_CURVE('',#10047,#10055,#10057,.T.);
#10055 = VERTEX_POINT('',#10056);
#10056 = CARTESIAN_POINT('',(0.1,-5.38,0.2));
#10057 = LINE('',#10058,#10059);
#10058 = CARTESIAN_POINT('',(0.1,-3.81,0.2));
#10059 = VECTOR('',#10060,1.);
#10060 = DIRECTION('',(-1.110223024625E-16,-1.,0.));
#10061 = ORIENTED_EDGE('',*,*,#10062,.T.);
#10062 = EDGE_CURVE('',#10055,#10007,#10063,.T.);
#10063 = LINE('',#10064,#10065);
#10064 = CARTESIAN_POINT('',(0.1,-4.63,0.2));
#10065 = VECTOR('',#10066,1.);
#10066 = DIRECTION('',(-1.110223024625E-16,-1.,0.));
#10067 = FACE_BOUND('',#10068,.F.);
#10068 = EDGE_LOOP('',(#10069,#10079,#10087,#10095,#10103,#10111,#10119,
    #10127));
#10069 = ORIENTED_EDGE('',*,*,#10070,.F.);
#10070 = EDGE_CURVE('',#10071,#10073,#10075,.T.);
#10071 = VERTEX_POINT('',#10072);
#10072 = CARTESIAN_POINT('',(-0.1,-2.99,0.2));
#10073 = VERTEX_POINT('',#10074);
#10074 = CARTESIAN_POINT('',(0.1,-2.99,0.2));
#10075 = LINE('',#10076,#10077);
#10076 = CARTESIAN_POINT('',(-0.1,-2.99,0.2));
#10077 = VECTOR('',#10078,1.);
#10078 = DIRECTION('',(1.,-1.110223024625E-16,0.));
#10079 = ORIENTED_EDGE('',*,*,#10080,.T.);
#10080 = EDGE_CURVE('',#10071,#10081,#10083,.T.);
#10081 = VERTEX_POINT('',#10082);
#10082 = CARTESIAN_POINT('',(-0.1,-2.84,0.2));
#10083 = LINE('',#10084,#10085);
#10084 = CARTESIAN_POINT('',(-0.1,-2.99,0.2));
#10085 = VECTOR('',#10086,1.);
#10086 = DIRECTION('',(1.110223024625E-16,1.,0.));
#10087 = ORIENTED_EDGE('',*,*,#10088,.F.);
#10088 = EDGE_CURVE('',#10089,#10081,#10091,.T.);
#10089 = VERTEX_POINT('',#10090);
#10090 = CARTESIAN_POINT('',(-0.1,-2.24,0.2));
#10091 = LINE('',#10092,#10093);
#10092 = CARTESIAN_POINT('',(-0.1,-2.54,0.2));
#10093 = VECTOR('',#10094,1.);
#10094 = DIRECTION('',(-1.110223024625E-16,-1.,0.));
#10095 = ORIENTED_EDGE('',*,*,#10096,.T.);
#10096 = EDGE_CURVE('',#10089,#10097,#10099,.T.);
#10097 = VERTEX_POINT('',#10098);
#10098 = CARTESIAN_POINT('',(-0.1,-2.09,0.2));
#10099 = LINE('',#10100,#10101);
#10100 = CARTESIAN_POINT('',(-0.1,-2.99,0.2));
#10101 = VECTOR('',#10102,1.);
#10102 = DIRECTION('',(1.110223024625E-16,1.,0.));
#10103 = ORIENTED_EDGE('',*,*,#10104,.T.);
#10104 = EDGE_CURVE('',#10097,#10105,#10107,.T.);
#10105 = VERTEX_POINT('',#10106);
#10106 = CARTESIAN_POINT('',(0.1,-2.09,0.2));
#10107 = LINE('',#10108,#10109);
#10108 = CARTESIAN_POINT('',(-0.1,-2.09,0.2));
#10109 = VECTOR('',#10110,1.);
#10110 = DIRECTION('',(1.,-1.110223024625E-16,0.));
#10111 = ORIENTED_EDGE('',*,*,#10112,.T.);
#10112 = EDGE_CURVE('',#10105,#10113,#10115,.T.);
#10113 = VERTEX_POINT('',#10114);
#10114 = CARTESIAN_POINT('',(0.1,-2.24,0.2));
#10115 = LINE('',#10116,#10117);
#10116 = CARTESIAN_POINT('',(0.1,-2.09,0.2));
#10117 = VECTOR('',#10118,1.);
#10118 = DIRECTION('',(-1.110223024625E-16,-1.,0.));
#10119 = ORIENTED_EDGE('',*,*,#10120,.T.);
#10120 = EDGE_CURVE('',#10113,#10121,#10123,.T.);
#10121 = VERTEX_POINT('',#10122);
#10122 = CARTESIAN_POINT('',(0.1,-2.84,0.2));
#10123 = LINE('',#10124,#10125);
#10124 = CARTESIAN_POINT('',(0.1,-2.54,0.2));
#10125 = VECTOR('',#10126,1.);
#10126 = DIRECTION('',(-1.110223024625E-16,-1.,0.));
#10127 = ORIENTED_EDGE('',*,*,#10128,.T.);
#10128 = EDGE_CURVE('',#10121,#10073,#10129,.T.);
#10129 = LINE('',#10130,#10131);
#10130 = CARTESIAN_POINT('',(0.1,-2.09,0.2));
#10131 = VECTOR('',#10132,1.);
#10132 = DIRECTION('',(-1.110223024625E-16,-1.,0.));
#10133 = FACE_BOUND('',#10134,.F.);
#10134 = EDGE_LOOP('',(#10135,#10145,#10153,#10161,#10169,#10177,#10185,
    #10193));
#10135 = ORIENTED_EDGE('',*,*,#10136,.F.);
#10136 = EDGE_CURVE('',#10137,#10139,#10141,.T.);
#10137 = VERTEX_POINT('',#10138);
#10138 = CARTESIAN_POINT('',(-0.1,-0.45,0.2));
#10139 = VERTEX_POINT('',#10140);
#10140 = CARTESIAN_POINT('',(0.1,-0.45,0.2));
#10141 = LINE('',#10142,#10143);
#10142 = CARTESIAN_POINT('',(-0.1,-0.45,0.2));
#10143 = VECTOR('',#10144,1.);
#10144 = DIRECTION('',(1.,-1.110223024625E-16,0.));
#10145 = ORIENTED_EDGE('',*,*,#10146,.T.);
#10146 = EDGE_CURVE('',#10137,#10147,#10149,.T.);
#10147 = VERTEX_POINT('',#10148);
#10148 = CARTESIAN_POINT('',(-0.1,-0.3,0.2));
#10149 = LINE('',#10150,#10151);
#10150 = CARTESIAN_POINT('',(-0.1,-0.45,0.2));
#10151 = VECTOR('',#10152,1.);
#10152 = DIRECTION('',(1.110223024625E-16,1.,0.));
#10153 = ORIENTED_EDGE('',*,*,#10154,.F.);
#10154 = EDGE_CURVE('',#10155,#10147,#10157,.T.);
#10155 = VERTEX_POINT('',#10156);
#10156 = CARTESIAN_POINT('',(-0.1,0.3,0.2));
#10157 = LINE('',#10158,#10159);
#10158 = CARTESIAN_POINT('',(-0.1,-1.27,0.2));
#10159 = VECTOR('',#10160,1.);
#10160 = DIRECTION('',(-1.110223024625E-16,-1.,0.));
#10161 = ORIENTED_EDGE('',*,*,#10162,.T.);
#10162 = EDGE_CURVE('',#10155,#10163,#10165,.T.);
#10163 = VERTEX_POINT('',#10164);
#10164 = CARTESIAN_POINT('',(-0.1,0.45,0.2));
#10165 = LINE('',#10166,#10167);
#10166 = CARTESIAN_POINT('',(-0.1,-0.45,0.2));
#10167 = VECTOR('',#10168,1.);
#10168 = DIRECTION('',(1.110223024625E-16,1.,0.));
#10169 = ORIENTED_EDGE('',*,*,#10170,.T.);
#10170 = EDGE_CURVE('',#10163,#10171,#10173,.T.);
#10171 = VERTEX_POINT('',#10172);
#10172 = CARTESIAN_POINT('',(0.1,0.45,0.2));
#10173 = LINE('',#10174,#10175);
#10174 = CARTESIAN_POINT('',(-0.1,0.45,0.2));
#10175 = VECTOR('',#10176,1.);
#10176 = DIRECTION('',(1.,-1.110223024625E-16,0.));
#10177 = ORIENTED_EDGE('',*,*,#10178,.T.);
#10178 = EDGE_CURVE('',#10171,#10179,#10181,.T.);
#10179 = VERTEX_POINT('',#10180);
#10180 = CARTESIAN_POINT('',(0.1,0.3,0.2));
#10181 = LINE('',#10182,#10183);
#10182 = CARTESIAN_POINT('',(0.1,0.45,0.2));
#10183 = VECTOR('',#10184,1.);
#10184 = DIRECTION('',(-1.110223024625E-16,-1.,0.));
#10185 = ORIENTED_EDGE('',*,*,#10186,.T.);
#10186 = EDGE_CURVE('',#10179,#10187,#10189,.T.);
#10187 = VERTEX_POINT('',#10188);
#10188 = CARTESIAN_POINT('',(0.1,-0.3,0.2));
#10189 = LINE('',#10190,#10191);
#10190 = CARTESIAN_POINT('',(0.1,-1.27,0.2));
#10191 = VECTOR('',#10192,1.);
#10192 = DIRECTION('',(-1.110223024625E-16,-1.,0.));
#10193 = ORIENTED_EDGE('',*,*,#10194,.T.);
#10194 = EDGE_CURVE('',#10187,#10139,#10195,.T.);
#10195 = LINE('',#10196,#10197);
#10196 = CARTESIAN_POINT('',(0.1,0.45,0.2));
#10197 = VECTOR('',#10198,1.);
#10198 = DIRECTION('',(-1.110223024625E-16,-1.,0.));
#10199 = PLANE('',#10200);
#10200 = AXIS2_PLACEMENT_3D('',#10201,#10202,#10203);
#10201 = CARTESIAN_POINT('',(-2.542410726392E-16,-2.54,0.2));
#10202 = DIRECTION('',(0.,0.,1.));
#10203 = DIRECTION('',(1.110223024625E-16,1.,-0.));
#10204 = ADVANCED_FACE('',(#10205),#10211,.T.);
#10205 = FACE_BOUND('',#10206,.T.);
#10206 = EDGE_LOOP('',(#10207,#10208,#10209,#10210));
#10207 = ORIENTED_EDGE('',*,*,#9725,.T.);
#10208 = ORIENTED_EDGE('',*,*,#9993,.T.);
#10209 = ORIENTED_EDGE('',*,*,#9804,.F.);
#10210 = ORIENTED_EDGE('',*,*,#9821,.F.);
#10211 = PLANE('',#10212);
#10212 = AXIS2_PLACEMENT_3D('',#10213,#10214,#10215);
#10213 = CARTESIAN_POINT('',(0.846666666667,-6.35,0.));
#10214 = DIRECTION('',(-1.,1.110223024625E-16,0.));
#10215 = DIRECTION('',(1.110223024625E-16,1.,0.));
#10216 = ADVANCED_FACE('',(#10217),#10223,.F.);
#10217 = FACE_BOUND('',#10218,.F.);
#10218 = EDGE_LOOP('',(#10219,#10220,#10221,#10222));
#10219 = ORIENTED_EDGE('',*,*,#9772,.T.);
#10220 = ORIENTED_EDGE('',*,*,#9837,.T.);
#10221 = ORIENTED_EDGE('',*,*,#9702,.F.);
#10222 = ORIENTED_EDGE('',*,*,#9962,.F.);
#10223 = PLANE('',#10224);
#10224 = AXIS2_PLACEMENT_3D('',#10225,#10226,#10227);
#10225 = CARTESIAN_POINT('',(-1.27,1.27,0.));
#10226 = DIRECTION('',(1.,-1.110223024625E-16,0.));
#10227 = DIRECTION('',(-1.110223024625E-16,-1.,0.));
#10228 = ADVANCED_FACE('',(#10229),#10254,.T.);
#10229 = FACE_BOUND('',#10230,.T.);
#10230 = EDGE_LOOP('',(#10231,#10239,#10240,#10248));
#10231 = ORIENTED_EDGE('',*,*,#10232,.F.);
#10232 = EDGE_CURVE('',#9847,#10233,#10235,.T.);
#10233 = VERTEX_POINT('',#10234);
#10234 = CARTESIAN_POINT('',(0.3,-5.38,8.2));
#10235 = LINE('',#10236,#10237);
#10236 = CARTESIAN_POINT('',(0.3,-5.38,8.2));
#10237 = VECTOR('',#10238,1.);
#10238 = DIRECTION('',(-0.57735026919,0.57735026919,-0.57735026919));
#10239 = ORIENTED_EDGE('',*,*,#9846,.T.);
#10240 = ORIENTED_EDGE('',*,*,#10241,.T.);
#10241 = EDGE_CURVE('',#9849,#10242,#10244,.T.);
#10242 = VERTEX_POINT('',#10243);
#10243 = CARTESIAN_POINT('',(0.3,-4.78,8.2));
#10244 = LINE('',#10245,#10246);
#10245 = CARTESIAN_POINT('',(0.3,-4.78,8.2));
#10246 = VECTOR('',#10247,1.);
#10247 = DIRECTION('',(-0.57735026919,-0.57735026919,-0.57735026919));
#10248 = ORIENTED_EDGE('',*,*,#10249,.F.);
#10249 = EDGE_CURVE('',#10233,#10242,#10250,.T.);
#10250 = LINE('',#10251,#10252);
#10251 = CARTESIAN_POINT('',(0.3,-5.68,8.2));
#10252 = VECTOR('',#10253,1.);
#10253 = DIRECTION('',(1.110223024625E-16,1.,0.));
#10254 = PLANE('',#10255);
#10255 = AXIS2_PLACEMENT_3D('',#10256,#10257,#10258);
#10256 = CARTESIAN_POINT('',(0.45,-5.68,8.35));
#10257 = DIRECTION('',(-0.707106781187,7.850462293414E-17,0.707106781187
    ));
#10258 = DIRECTION('',(1.110223024625E-16,1.,2.680278185005E-29));
#10259 = ADVANCED_FACE('',(#10260),#10278,.T.);
#10260 = FACE_BOUND('',#10261,.T.);
#10261 = EDGE_LOOP('',(#10262,#10263,#10264,#10272));
#10262 = ORIENTED_EDGE('',*,*,#10241,.F.);
#10263 = ORIENTED_EDGE('',*,*,#9872,.T.);
#10264 = ORIENTED_EDGE('',*,*,#10265,.T.);
#10265 = EDGE_CURVE('',#9865,#10266,#10268,.T.);
#10266 = VERTEX_POINT('',#10267);
#10267 = CARTESIAN_POINT('',(-0.3,-4.78,8.2));
#10268 = LINE('',#10269,#10270);
#10269 = CARTESIAN_POINT('',(-0.3,-4.78,8.2));
#10270 = VECTOR('',#10271,1.);
#10271 = DIRECTION('',(0.57735026919,-0.57735026919,-0.57735026919));
#10272 = ORIENTED_EDGE('',*,*,#10273,.F.);
#10273 = EDGE_CURVE('',#10242,#10266,#10274,.T.);
#10274 = LINE('',#10275,#10276);
#10275 = CARTESIAN_POINT('',(0.6,-4.78,8.2));
#10276 = VECTOR('',#10277,1.);
#10277 = DIRECTION('',(-1.,1.110223024625E-16,0.));
#10278 = PLANE('',#10279);
#10279 = AXIS2_PLACEMENT_3D('',#10280,#10281,#10282);
#10280 = CARTESIAN_POINT('',(0.6,-4.63,8.35));
#10281 = DIRECTION('',(-8.197719098449E-17,-0.707106781187,
    0.707106781187));
#10282 = DIRECTION('',(-1.,1.13477778879E-16,-2.455476416522E-18));
#10283 = ADVANCED_FACE('',(#10284),#10302,.T.);
#10284 = FACE_BOUND('',#10285,.T.);
#10285 = EDGE_LOOP('',(#10286,#10287,#10288,#10296));
#10286 = ORIENTED_EDGE('',*,*,#10265,.F.);
#10287 = ORIENTED_EDGE('',*,*,#9864,.T.);
#10288 = ORIENTED_EDGE('',*,*,#10289,.T.);
#10289 = EDGE_CURVE('',#9857,#10290,#10292,.T.);
#10290 = VERTEX_POINT('',#10291);
#10291 = CARTESIAN_POINT('',(-0.3,-5.38,8.2));
#10292 = LINE('',#10293,#10294);
#10293 = CARTESIAN_POINT('',(-0.3,-5.38,8.2));
#10294 = VECTOR('',#10295,1.);
#10295 = DIRECTION('',(0.57735026919,0.57735026919,-0.57735026919));
#10296 = ORIENTED_EDGE('',*,*,#10297,.F.);
#10297 = EDGE_CURVE('',#10266,#10290,#10298,.T.);
#10298 = LINE('',#10299,#10300);
#10299 = CARTESIAN_POINT('',(-0.3,-4.48,8.2));
#10300 = VECTOR('',#10301,1.);
#10301 = DIRECTION('',(-1.110223024625E-16,-1.,0.));
#10302 = PLANE('',#10303);
#10303 = AXIS2_PLACEMENT_3D('',#10304,#10305,#10306);
#10304 = CARTESIAN_POINT('',(-0.45,-4.48,8.35));
#10305 = DIRECTION('',(0.707106781187,-7.850462293414E-17,0.707106781187
    ));
#10306 = DIRECTION('',(-1.110223024625E-16,-1.,2.680278185005E-29));
#10307 = ADVANCED_FACE('',(#10308),#10319,.T.);
#10308 = FACE_BOUND('',#10309,.T.);
#10309 = EDGE_LOOP('',(#10310,#10311,#10312,#10313));
#10310 = ORIENTED_EDGE('',*,*,#10289,.F.);
#10311 = ORIENTED_EDGE('',*,*,#9856,.T.);
#10312 = ORIENTED_EDGE('',*,*,#10232,.T.);
#10313 = ORIENTED_EDGE('',*,*,#10314,.F.);
#10314 = EDGE_CURVE('',#10290,#10233,#10315,.T.);
#10315 = LINE('',#10316,#10317);
#10316 = CARTESIAN_POINT('',(-0.6,-5.38,8.2));
#10317 = VECTOR('',#10318,1.);
#10318 = DIRECTION('',(1.,-1.110223024625E-16,0.));
#10319 = PLANE('',#10320);
#10320 = AXIS2_PLACEMENT_3D('',#10321,#10322,#10323);
#10321 = CARTESIAN_POINT('',(-0.6,-5.53,8.35));
#10322 = DIRECTION('',(8.197719098449E-17,0.707106781187,0.707106781187)
  );
#10323 = DIRECTION('',(1.,-1.13477778879E-16,-2.455476416522E-18));
#10324 = ADVANCED_FACE('',(#10325),#10350,.T.);
#10325 = FACE_BOUND('',#10326,.T.);
#10326 = EDGE_LOOP('',(#10327,#10335,#10336,#10344));
#10327 = ORIENTED_EDGE('',*,*,#10328,.F.);
#10328 = EDGE_CURVE('',#9881,#10329,#10331,.T.);
#10329 = VERTEX_POINT('',#10330);
#10330 = CARTESIAN_POINT('',(0.3,-2.84,8.2));
#10331 = LINE('',#10332,#10333);
#10332 = CARTESIAN_POINT('',(0.3,-2.84,8.2));
#10333 = VECTOR('',#10334,1.);
#10334 = DIRECTION('',(-0.57735026919,0.57735026919,-0.57735026919));
#10335 = ORIENTED_EDGE('',*,*,#9880,.T.);
#10336 = ORIENTED_EDGE('',*,*,#10337,.T.);
#10337 = EDGE_CURVE('',#9883,#10338,#10340,.T.);
#10338 = VERTEX_POINT('',#10339);
#10339 = CARTESIAN_POINT('',(0.3,-2.24,8.2));
#10340 = LINE('',#10341,#10342);
#10341 = CARTESIAN_POINT('',(0.3,-2.24,8.2));
#10342 = VECTOR('',#10343,1.);
#10343 = DIRECTION('',(-0.57735026919,-0.57735026919,-0.57735026919));
#10344 = ORIENTED_EDGE('',*,*,#10345,.F.);
#10345 = EDGE_CURVE('',#10329,#10338,#10346,.T.);
#10346 = LINE('',#10347,#10348);
#10347 = CARTESIAN_POINT('',(0.3,-3.14,8.2));
#10348 = VECTOR('',#10349,1.);
#10349 = DIRECTION('',(1.110223024625E-16,1.,0.));
#10350 = PLANE('',#10351);
#10351 = AXIS2_PLACEMENT_3D('',#10352,#10353,#10354);
#10352 = CARTESIAN_POINT('',(0.45,-3.14,8.35));
#10353 = DIRECTION('',(-0.707106781187,7.850462293414E-17,0.707106781187
    ));
#10354 = DIRECTION('',(1.110223024625E-16,1.,2.680278185005E-29));
#10355 = ADVANCED_FACE('',(#10356),#10374,.T.);
#10356 = FACE_BOUND('',#10357,.T.);
#10357 = EDGE_LOOP('',(#10358,#10359,#10360,#10368));
#10358 = ORIENTED_EDGE('',*,*,#10337,.F.);
#10359 = ORIENTED_EDGE('',*,*,#9906,.T.);
#10360 = ORIENTED_EDGE('',*,*,#10361,.T.);
#10361 = EDGE_CURVE('',#9899,#10362,#10364,.T.);
#10362 = VERTEX_POINT('',#10363);
#10363 = CARTESIAN_POINT('',(-0.3,-2.24,8.2));
#10364 = LINE('',#10365,#10366);
#10365 = CARTESIAN_POINT('',(-0.3,-2.24,8.2));
#10366 = VECTOR('',#10367,1.);
#10367 = DIRECTION('',(0.57735026919,-0.57735026919,-0.57735026919));
#10368 = ORIENTED_EDGE('',*,*,#10369,.F.);
#10369 = EDGE_CURVE('',#10338,#10362,#10370,.T.);
#10370 = LINE('',#10371,#10372);
#10371 = CARTESIAN_POINT('',(0.6,-2.24,8.2));
#10372 = VECTOR('',#10373,1.);
#10373 = DIRECTION('',(-1.,1.110223024625E-16,0.));
#10374 = PLANE('',#10375);
#10375 = AXIS2_PLACEMENT_3D('',#10376,#10377,#10378);
#10376 = CARTESIAN_POINT('',(0.6,-2.09,8.35));
#10377 = DIRECTION('',(-8.197719098449E-17,-0.707106781187,
    0.707106781187));
#10378 = DIRECTION('',(-1.,1.13477778879E-16,-2.455476416522E-18));
#10379 = ADVANCED_FACE('',(#10380),#10398,.T.);
#10380 = FACE_BOUND('',#10381,.T.);
#10381 = EDGE_LOOP('',(#10382,#10383,#10384,#10392));
#10382 = ORIENTED_EDGE('',*,*,#10361,.F.);
#10383 = ORIENTED_EDGE('',*,*,#9898,.T.);
#10384 = ORIENTED_EDGE('',*,*,#10385,.T.);
#10385 = EDGE_CURVE('',#9891,#10386,#10388,.T.);
#10386 = VERTEX_POINT('',#10387);
#10387 = CARTESIAN_POINT('',(-0.3,-2.84,8.2));
#10388 = LINE('',#10389,#10390);
#10389 = CARTESIAN_POINT('',(-0.3,-2.84,8.2));
#10390 = VECTOR('',#10391,1.);
#10391 = DIRECTION('',(0.57735026919,0.57735026919,-0.57735026919));
#10392 = ORIENTED_EDGE('',*,*,#10393,.F.);
#10393 = EDGE_CURVE('',#10362,#10386,#10394,.T.);
#10394 = LINE('',#10395,#10396);
#10395 = CARTESIAN_POINT('',(-0.3,-1.94,8.2));
#10396 = VECTOR('',#10397,1.);
#10397 = DIRECTION('',(-1.110223024625E-16,-1.,0.));
#10398 = PLANE('',#10399);
#10399 = AXIS2_PLACEMENT_3D('',#10400,#10401,#10402);
#10400 = CARTESIAN_POINT('',(-0.45,-1.94,8.35));
#10401 = DIRECTION('',(0.707106781187,-7.850462293414E-17,0.707106781187
    ));
#10402 = DIRECTION('',(-1.110223024625E-16,-1.,2.680278185005E-29));
#10403 = ADVANCED_FACE('',(#10404),#10415,.T.);
#10404 = FACE_BOUND('',#10405,.T.);
#10405 = EDGE_LOOP('',(#10406,#10407,#10408,#10409));
#10406 = ORIENTED_EDGE('',*,*,#10385,.F.);
#10407 = ORIENTED_EDGE('',*,*,#9890,.T.);
#10408 = ORIENTED_EDGE('',*,*,#10328,.T.);
#10409 = ORIENTED_EDGE('',*,*,#10410,.F.);
#10410 = EDGE_CURVE('',#10386,#10329,#10411,.T.);
#10411 = LINE('',#10412,#10413);
#10412 = CARTESIAN_POINT('',(-0.6,-2.84,8.2));
#10413 = VECTOR('',#10414,1.);
#10414 = DIRECTION('',(1.,-1.110223024625E-16,0.));
#10415 = PLANE('',#10416);
#10416 = AXIS2_PLACEMENT_3D('',#10417,#10418,#10419);
#10417 = CARTESIAN_POINT('',(-0.6,-2.99,8.35));
#10418 = DIRECTION('',(8.197719098449E-17,0.707106781187,0.707106781187)
  );
#10419 = DIRECTION('',(1.,-1.13477778879E-16,-2.455476416522E-18));
#10420 = ADVANCED_FACE('',(#10421),#10446,.T.);
#10421 = FACE_BOUND('',#10422,.T.);
#10422 = EDGE_LOOP('',(#10423,#10431,#10432,#10440));
#10423 = ORIENTED_EDGE('',*,*,#10424,.F.);
#10424 = EDGE_CURVE('',#9915,#10425,#10427,.T.);
#10425 = VERTEX_POINT('',#10426);
#10426 = CARTESIAN_POINT('',(0.3,-0.3,8.2));
#10427 = LINE('',#10428,#10429);
#10428 = CARTESIAN_POINT('',(0.3,-0.3,8.2));
#10429 = VECTOR('',#10430,1.);
#10430 = DIRECTION('',(-0.57735026919,0.57735026919,-0.57735026919));
#10431 = ORIENTED_EDGE('',*,*,#9914,.T.);
#10432 = ORIENTED_EDGE('',*,*,#10433,.T.);
#10433 = EDGE_CURVE('',#9917,#10434,#10436,.T.);
#10434 = VERTEX_POINT('',#10435);
#10435 = CARTESIAN_POINT('',(0.3,0.3,8.2));
#10436 = LINE('',#10437,#10438);
#10437 = CARTESIAN_POINT('',(0.3,0.3,8.2));
#10438 = VECTOR('',#10439,1.);
#10439 = DIRECTION('',(-0.57735026919,-0.57735026919,-0.57735026919));
#10440 = ORIENTED_EDGE('',*,*,#10441,.F.);
#10441 = EDGE_CURVE('',#10425,#10434,#10442,.T.);
#10442 = LINE('',#10443,#10444);
#10443 = CARTESIAN_POINT('',(0.3,-0.6,8.2));
#10444 = VECTOR('',#10445,1.);
#10445 = DIRECTION('',(1.110223024625E-16,1.,0.));
#10446 = PLANE('',#10447);
#10447 = AXIS2_PLACEMENT_3D('',#10448,#10449,#10450);
#10448 = CARTESIAN_POINT('',(0.45,-0.6,8.35));
#10449 = DIRECTION('',(-0.707106781187,7.850462293414E-17,0.707106781187
    ));
#10450 = DIRECTION('',(1.110223024625E-16,1.,2.680278185005E-29));
#10451 = ADVANCED_FACE('',(#10452),#10470,.T.);
#10452 = FACE_BOUND('',#10453,.T.);
#10453 = EDGE_LOOP('',(#10454,#10455,#10456,#10464));
#10454 = ORIENTED_EDGE('',*,*,#10433,.F.);
#10455 = ORIENTED_EDGE('',*,*,#9940,.T.);
#10456 = ORIENTED_EDGE('',*,*,#10457,.T.);
#10457 = EDGE_CURVE('',#9933,#10458,#10460,.T.);
#10458 = VERTEX_POINT('',#10459);
#10459 = CARTESIAN_POINT('',(-0.3,0.3,8.2));
#10460 = LINE('',#10461,#10462);
#10461 = CARTESIAN_POINT('',(-0.3,0.3,8.2));
#10462 = VECTOR('',#10463,1.);
#10463 = DIRECTION('',(0.57735026919,-0.57735026919,-0.57735026919));
#10464 = ORIENTED_EDGE('',*,*,#10465,.F.);
#10465 = EDGE_CURVE('',#10434,#10458,#10466,.T.);
#10466 = LINE('',#10467,#10468);
#10467 = CARTESIAN_POINT('',(0.6,0.3,8.2));
#10468 = VECTOR('',#10469,1.);
#10469 = DIRECTION('',(-1.,1.110223024625E-16,0.));
#10470 = PLANE('',#10471);
#10471 = AXIS2_PLACEMENT_3D('',#10472,#10473,#10474);
#10472 = CARTESIAN_POINT('',(0.6,0.45,8.35));
#10473 = DIRECTION('',(-8.197719098449E-17,-0.707106781187,
    0.707106781187));
#10474 = DIRECTION('',(-1.,1.13477778879E-16,-2.455476416522E-18));
#10475 = ADVANCED_FACE('',(#10476),#10494,.T.);
#10476 = FACE_BOUND('',#10477,.T.);
#10477 = EDGE_LOOP('',(#10478,#10479,#10480,#10488));
#10478 = ORIENTED_EDGE('',*,*,#10457,.F.);
#10479 = ORIENTED_EDGE('',*,*,#9932,.T.);
#10480 = ORIENTED_EDGE('',*,*,#10481,.T.);
#10481 = EDGE_CURVE('',#9925,#10482,#10484,.T.);
#10482 = VERTEX_POINT('',#10483);
#10483 = CARTESIAN_POINT('',(-0.3,-0.3,8.2));
#10484 = LINE('',#10485,#10486);
#10485 = CARTESIAN_POINT('',(-0.3,-0.3,8.2));
#10486 = VECTOR('',#10487,1.);
#10487 = DIRECTION('',(0.57735026919,0.57735026919,-0.57735026919));
#10488 = ORIENTED_EDGE('',*,*,#10489,.F.);
#10489 = EDGE_CURVE('',#10458,#10482,#10490,.T.);
#10490 = LINE('',#10491,#10492);
#10491 = CARTESIAN_POINT('',(-0.3,0.6,8.2));
#10492 = VECTOR('',#10493,1.);
#10493 = DIRECTION('',(-1.110223024625E-16,-1.,0.));
#10494 = PLANE('',#10495);
#10495 = AXIS2_PLACEMENT_3D('',#10496,#10497,#10498);
#10496 = CARTESIAN_POINT('',(-0.45,0.6,8.35));
#10497 = DIRECTION('',(0.707106781187,-7.850462293414E-17,0.707106781187
    ));
#10498 = DIRECTION('',(-1.110223024625E-16,-1.,2.680278185005E-29));
#10499 = ADVANCED_FACE('',(#10500),#10511,.T.);
#10500 = FACE_BOUND('',#10501,.T.);
#10501 = EDGE_LOOP('',(#10502,#10503,#10504,#10505));
#10502 = ORIENTED_EDGE('',*,*,#10481,.F.);
#10503 = ORIENTED_EDGE('',*,*,#9924,.T.);
#10504 = ORIENTED_EDGE('',*,*,#10424,.T.);
#10505 = ORIENTED_EDGE('',*,*,#10506,.F.);
#10506 = EDGE_CURVE('',#10482,#10425,#10507,.T.);
#10507 = LINE('',#10508,#10509);
#10508 = CARTESIAN_POINT('',(-0.6,-0.3,8.2));
#10509 = VECTOR('',#10510,1.);
#10510 = DIRECTION('',(1.,-1.110223024625E-16,0.));
#10511 = PLANE('',#10512);
#10512 = AXIS2_PLACEMENT_3D('',#10513,#10514,#10515);
#10513 = CARTESIAN_POINT('',(-0.6,-0.45,8.35));
#10514 = DIRECTION('',(8.197719098449E-17,0.707106781187,0.707106781187)
  );
#10515 = DIRECTION('',(1.,-1.13477778879E-16,-2.455476416522E-18));
#10516 = ADVANCED_FACE('',(#10517),#10528,.T.);
#10517 = FACE_BOUND('',#10518,.T.);
#10518 = EDGE_LOOP('',(#10519,#10520,#10521,#10527));
#10519 = ORIENTED_EDGE('',*,*,#10004,.F.);
#10520 = ORIENTED_EDGE('',*,*,#10014,.T.);
#10521 = ORIENTED_EDGE('',*,*,#10522,.T.);
#10522 = EDGE_CURVE('',#10015,#10055,#10523,.T.);
#10523 = LINE('',#10524,#10525);
#10524 = CARTESIAN_POINT('',(-0.1,-5.38,0.2));
#10525 = VECTOR('',#10526,1.);
#10526 = DIRECTION('',(1.,-1.110223024625E-16,0.));
#10527 = ORIENTED_EDGE('',*,*,#10062,.T.);
#10528 = PLANE('',#10529);
#10529 = AXIS2_PLACEMENT_3D('',#10530,#10531,#10532);
#10530 = CARTESIAN_POINT('',(-0.1,-5.38,0.2));
#10531 = DIRECTION('',(0.,-0.,-1.));
#10532 = DIRECTION('',(-1.110223024625E-16,-1.,0.));
#10533 = ADVANCED_FACE('',(#10534),#10575,.F.);
#10534 = FACE_BOUND('',#10535,.F.);
#10535 = EDGE_LOOP('',(#10536,#10544,#10545,#10553,#10561,#10569));
#10536 = ORIENTED_EDGE('',*,*,#10537,.T.);
#10537 = EDGE_CURVE('',#10538,#10055,#10540,.T.);
#10538 = VERTEX_POINT('',#10539);
#10539 = CARTESIAN_POINT('',(0.1,-5.38,-2.5));
#10540 = LINE('',#10541,#10542);
#10541 = CARTESIAN_POINT('',(0.1,-5.38,-2.5));
#10542 = VECTOR('',#10543,1.);
#10543 = DIRECTION('',(0.,0.,1.));
#10544 = ORIENTED_EDGE('',*,*,#10054,.F.);
#10545 = ORIENTED_EDGE('',*,*,#10546,.T.);
#10546 = EDGE_CURVE('',#10047,#10547,#10549,.T.);
#10547 = VERTEX_POINT('',#10548);
#10548 = CARTESIAN_POINT('',(0.1,-4.78,-2.5));
#10549 = LINE('',#10550,#10551);
#10550 = CARTESIAN_POINT('',(0.1,-4.78,0.2));
#10551 = VECTOR('',#10552,1.);
#10552 = DIRECTION('',(0.,0.,-1.));
#10553 = ORIENTED_EDGE('',*,*,#10554,.T.);
#10554 = EDGE_CURVE('',#10547,#10555,#10557,.T.);
#10555 = VERTEX_POINT('',#10556);
#10556 = CARTESIAN_POINT('',(0.1,-4.93,-3.1));
#10557 = LINE('',#10558,#10559);
#10558 = CARTESIAN_POINT('',(0.1,-4.78,-2.5));
#10559 = VECTOR('',#10560,1.);
#10560 = DIRECTION('',(-2.692686352073E-17,-0.242535625036,
    -0.970142500145));
#10561 = ORIENTED_EDGE('',*,*,#10562,.T.);
#10562 = EDGE_CURVE('',#10555,#10563,#10565,.T.);
#10563 = VERTEX_POINT('',#10564);
#10564 = CARTESIAN_POINT('',(0.1,-5.23,-3.1));
#10565 = LINE('',#10566,#10567);
#10566 = CARTESIAN_POINT('',(0.1,-4.93,-3.1));
#10567 = VECTOR('',#10568,1.);
#10568 = DIRECTION('',(-1.110223024625E-16,-1.,0.));
#10569 = ORIENTED_EDGE('',*,*,#10570,.T.);
#10570 = EDGE_CURVE('',#10563,#10538,#10571,.T.);
#10571 = LINE('',#10572,#10573);
#10572 = CARTESIAN_POINT('',(0.1,-5.23,-3.1));
#10573 = VECTOR('',#10574,1.);
#10574 = DIRECTION('',(-2.692686352073E-17,-0.242535625036,
    0.970142500145));
#10575 = PLANE('',#10576);
#10576 = AXIS2_PLACEMENT_3D('',#10577,#10578,#10579);
#10577 = CARTESIAN_POINT('',(0.1,-5.08,3.911477598424));
#10578 = DIRECTION('',(-1.,1.110223024625E-16,0.));
#10579 = DIRECTION('',(0.,0.,1.));
#10580 = ADVANCED_FACE('',(#10581),#10592,.T.);
#10581 = FACE_BOUND('',#10582,.T.);
#10582 = EDGE_LOOP('',(#10583,#10589,#10590,#10591));
#10583 = ORIENTED_EDGE('',*,*,#10584,.F.);
#10584 = EDGE_CURVE('',#10023,#10047,#10585,.T.);
#10585 = LINE('',#10586,#10587);
#10586 = CARTESIAN_POINT('',(-0.1,-4.78,0.2));
#10587 = VECTOR('',#10588,1.);
#10588 = DIRECTION('',(1.,-1.110223024625E-16,0.));
#10589 = ORIENTED_EDGE('',*,*,#10030,.T.);
#10590 = ORIENTED_EDGE('',*,*,#10038,.T.);
#10591 = ORIENTED_EDGE('',*,*,#10046,.T.);
#10592 = PLANE('',#10593);
#10593 = AXIS2_PLACEMENT_3D('',#10594,#10595,#10596);
#10594 = CARTESIAN_POINT('',(-0.1,-5.38,0.2));
#10595 = DIRECTION('',(0.,-0.,-1.));
#10596 = DIRECTION('',(-1.110223024625E-16,-1.,0.));
#10597 = ADVANCED_FACE('',(#10598),#10639,.T.);
#10598 = FACE_BOUND('',#10599,.T.);
#10599 = EDGE_LOOP('',(#10600,#10608,#10609,#10617,#10625,#10633));
#10600 = ORIENTED_EDGE('',*,*,#10601,.T.);
#10601 = EDGE_CURVE('',#10602,#10015,#10604,.T.);
#10602 = VERTEX_POINT('',#10603);
#10603 = CARTESIAN_POINT('',(-0.1,-5.38,-2.5));
#10604 = LINE('',#10605,#10606);
#10605 = CARTESIAN_POINT('',(-0.1,-5.38,-2.5));
#10606 = VECTOR('',#10607,1.);
#10607 = DIRECTION('',(0.,0.,1.));
#10608 = ORIENTED_EDGE('',*,*,#10022,.F.);
#10609 = ORIENTED_EDGE('',*,*,#10610,.T.);
#10610 = EDGE_CURVE('',#10023,#10611,#10613,.T.);
#10611 = VERTEX_POINT('',#10612);
#10612 = CARTESIAN_POINT('',(-0.1,-4.78,-2.5));
#10613 = LINE('',#10614,#10615);
#10614 = CARTESIAN_POINT('',(-0.1,-4.78,0.2));
#10615 = VECTOR('',#10616,1.);
#10616 = DIRECTION('',(0.,0.,-1.));
#10617 = ORIENTED_EDGE('',*,*,#10618,.T.);
#10618 = EDGE_CURVE('',#10611,#10619,#10621,.T.);
#10619 = VERTEX_POINT('',#10620);
#10620 = CARTESIAN_POINT('',(-0.1,-4.93,-3.1));
#10621 = LINE('',#10622,#10623);
#10622 = CARTESIAN_POINT('',(-0.1,-4.78,-2.5));
#10623 = VECTOR('',#10624,1.);
#10624 = DIRECTION('',(-2.692686352073E-17,-0.242535625036,
    -0.970142500145));
#10625 = ORIENTED_EDGE('',*,*,#10626,.F.);
#10626 = EDGE_CURVE('',#10627,#10619,#10629,.T.);
#10627 = VERTEX_POINT('',#10628);
#10628 = CARTESIAN_POINT('',(-0.1,-5.23,-3.1));
#10629 = LINE('',#10630,#10631);
#10630 = CARTESIAN_POINT('',(-0.1,-5.23,-3.1));
#10631 = VECTOR('',#10632,1.);
#10632 = DIRECTION('',(1.110223024625E-16,1.,0.));
#10633 = ORIENTED_EDGE('',*,*,#10634,.T.);
#10634 = EDGE_CURVE('',#10627,#10602,#10635,.T.);
#10635 = LINE('',#10636,#10637);
#10636 = CARTESIAN_POINT('',(-0.1,-5.23,-3.1));
#10637 = VECTOR('',#10638,1.);
#10638 = DIRECTION('',(-2.692686352073E-17,-0.242535625036,
    0.970142500145));
#10639 = PLANE('',#10640);
#10640 = AXIS2_PLACEMENT_3D('',#10641,#10642,#10643);
#10641 = CARTESIAN_POINT('',(-0.1,-5.08,3.911477598424));
#10642 = DIRECTION('',(-1.,1.110223024625E-16,0.));
#10643 = DIRECTION('',(0.,0.,1.));
#10644 = ADVANCED_FACE('',(#10645),#10656,.T.);
#10645 = FACE_BOUND('',#10646,.T.);
#10646 = EDGE_LOOP('',(#10647,#10648,#10649,#10655));
#10647 = ORIENTED_EDGE('',*,*,#10070,.F.);
#10648 = ORIENTED_EDGE('',*,*,#10080,.T.);
#10649 = ORIENTED_EDGE('',*,*,#10650,.T.);
#10650 = EDGE_CURVE('',#10081,#10121,#10651,.T.);
#10651 = LINE('',#10652,#10653);
#10652 = CARTESIAN_POINT('',(-0.1,-2.84,0.2));
#10653 = VECTOR('',#10654,1.);
#10654 = DIRECTION('',(1.,-1.110223024625E-16,0.));
#10655 = ORIENTED_EDGE('',*,*,#10128,.T.);
#10656 = PLANE('',#10657);
#10657 = AXIS2_PLACEMENT_3D('',#10658,#10659,#10660);
#10658 = CARTESIAN_POINT('',(-0.1,-2.84,0.2));
#10659 = DIRECTION('',(0.,-0.,-1.));
#10660 = DIRECTION('',(-1.110223024625E-16,-1.,0.));
#10661 = ADVANCED_FACE('',(#10662),#10703,.F.);
#10662 = FACE_BOUND('',#10663,.F.);
#10663 = EDGE_LOOP('',(#10664,#10672,#10673,#10681,#10689,#10697));
#10664 = ORIENTED_EDGE('',*,*,#10665,.T.);
#10665 = EDGE_CURVE('',#10666,#10121,#10668,.T.);
#10666 = VERTEX_POINT('',#10667);
#10667 = CARTESIAN_POINT('',(0.1,-2.84,-2.5));
#10668 = LINE('',#10669,#10670);
#10669 = CARTESIAN_POINT('',(0.1,-2.84,-2.5));
#10670 = VECTOR('',#10671,1.);
#10671 = DIRECTION('',(0.,0.,1.));
#10672 = ORIENTED_EDGE('',*,*,#10120,.F.);
#10673 = ORIENTED_EDGE('',*,*,#10674,.T.);
#10674 = EDGE_CURVE('',#10113,#10675,#10677,.T.);
#10675 = VERTEX_POINT('',#10676);
#10676 = CARTESIAN_POINT('',(0.1,-2.24,-2.5));
#10677 = LINE('',#10678,#10679);
#10678 = CARTESIAN_POINT('',(0.1,-2.24,0.2));
#10679 = VECTOR('',#10680,1.);
#10680 = DIRECTION('',(0.,0.,-1.));
#10681 = ORIENTED_EDGE('',*,*,#10682,.T.);
#10682 = EDGE_CURVE('',#10675,#10683,#10685,.T.);
#10683 = VERTEX_POINT('',#10684);
#10684 = CARTESIAN_POINT('',(0.1,-2.39,-3.1));
#10685 = LINE('',#10686,#10687);
#10686 = CARTESIAN_POINT('',(0.1,-2.24,-2.5));
#10687 = VECTOR('',#10688,1.);
#10688 = DIRECTION('',(-2.692686352073E-17,-0.242535625036,
    -0.970142500145));
#10689 = ORIENTED_EDGE('',*,*,#10690,.T.);
#10690 = EDGE_CURVE('',#10683,#10691,#10693,.T.);
#10691 = VERTEX_POINT('',#10692);
#10692 = CARTESIAN_POINT('',(0.1,-2.69,-3.1));
#10693 = LINE('',#10694,#10695);
#10694 = CARTESIAN_POINT('',(0.1,-2.39,-3.1));
#10695 = VECTOR('',#10696,1.);
#10696 = DIRECTION('',(-1.110223024625E-16,-1.,0.));
#10697 = ORIENTED_EDGE('',*,*,#10698,.T.);
#10698 = EDGE_CURVE('',#10691,#10666,#10699,.T.);
#10699 = LINE('',#10700,#10701);
#10700 = CARTESIAN_POINT('',(0.1,-2.69,-3.1));
#10701 = VECTOR('',#10702,1.);
#10702 = DIRECTION('',(-2.692686352073E-17,-0.242535625036,
    0.970142500145));
#10703 = PLANE('',#10704);
#10704 = AXIS2_PLACEMENT_3D('',#10705,#10706,#10707);
#10705 = CARTESIAN_POINT('',(0.1,-2.54,3.911477598424));
#10706 = DIRECTION('',(-1.,1.110223024625E-16,0.));
#10707 = DIRECTION('',(0.,0.,1.));
#10708 = ADVANCED_FACE('',(#10709),#10720,.T.);
#10709 = FACE_BOUND('',#10710,.T.);
#10710 = EDGE_LOOP('',(#10711,#10717,#10718,#10719));
#10711 = ORIENTED_EDGE('',*,*,#10712,.F.);
#10712 = EDGE_CURVE('',#10089,#10113,#10713,.T.);
#10713 = LINE('',#10714,#10715);
#10714 = CARTESIAN_POINT('',(-0.1,-2.24,0.2));
#10715 = VECTOR('',#10716,1.);
#10716 = DIRECTION('',(1.,-1.110223024625E-16,0.));
#10717 = ORIENTED_EDGE('',*,*,#10096,.T.);
#10718 = ORIENTED_EDGE('',*,*,#10104,.T.);
#10719 = ORIENTED_EDGE('',*,*,#10112,.T.);
#10720 = PLANE('',#10721);
#10721 = AXIS2_PLACEMENT_3D('',#10722,#10723,#10724);
#10722 = CARTESIAN_POINT('',(-0.1,-2.84,0.2));
#10723 = DIRECTION('',(0.,-0.,-1.));
#10724 = DIRECTION('',(-1.110223024625E-16,-1.,0.));
#10725 = ADVANCED_FACE('',(#10726),#10767,.T.);
#10726 = FACE_BOUND('',#10727,.T.);
#10727 = EDGE_LOOP('',(#10728,#10736,#10737,#10745,#10753,#10761));
#10728 = ORIENTED_EDGE('',*,*,#10729,.T.);
#10729 = EDGE_CURVE('',#10730,#10081,#10732,.T.);
#10730 = VERTEX_POINT('',#10731);
#10731 = CARTESIAN_POINT('',(-0.1,-2.84,-2.5));
#10732 = LINE('',#10733,#10734);
#10733 = CARTESIAN_POINT('',(-0.1,-2.84,-2.5));
#10734 = VECTOR('',#10735,1.);
#10735 = DIRECTION('',(0.,0.,1.));
#10736 = ORIENTED_EDGE('',*,*,#10088,.F.);
#10737 = ORIENTED_EDGE('',*,*,#10738,.T.);
#10738 = EDGE_CURVE('',#10089,#10739,#10741,.T.);
#10739 = VERTEX_POINT('',#10740);
#10740 = CARTESIAN_POINT('',(-0.1,-2.24,-2.5));
#10741 = LINE('',#10742,#10743);
#10742 = CARTESIAN_POINT('',(-0.1,-2.24,0.2));
#10743 = VECTOR('',#10744,1.);
#10744 = DIRECTION('',(0.,0.,-1.));
#10745 = ORIENTED_EDGE('',*,*,#10746,.T.);
#10746 = EDGE_CURVE('',#10739,#10747,#10749,.T.);
#10747 = VERTEX_POINT('',#10748);
#10748 = CARTESIAN_POINT('',(-0.1,-2.39,-3.1));
#10749 = LINE('',#10750,#10751);
#10750 = CARTESIAN_POINT('',(-0.1,-2.24,-2.5));
#10751 = VECTOR('',#10752,1.);
#10752 = DIRECTION('',(-2.692686352073E-17,-0.242535625036,
    -0.970142500145));
#10753 = ORIENTED_EDGE('',*,*,#10754,.F.);
#10754 = EDGE_CURVE('',#10755,#10747,#10757,.T.);
#10755 = VERTEX_POINT('',#10756);
#10756 = CARTESIAN_POINT('',(-0.1,-2.69,-3.1));
#10757 = LINE('',#10758,#10759);
#10758 = CARTESIAN_POINT('',(-0.1,-2.69,-3.1));
#10759 = VECTOR('',#10760,1.);
#10760 = DIRECTION('',(1.110223024625E-16,1.,0.));
#10761 = ORIENTED_EDGE('',*,*,#10762,.T.);
#10762 = EDGE_CURVE('',#10755,#10730,#10763,.T.);
#10763 = LINE('',#10764,#10765);
#10764 = CARTESIAN_POINT('',(-0.1,-2.69,-3.1));
#10765 = VECTOR('',#10766,1.);
#10766 = DIRECTION('',(-2.692686352073E-17,-0.242535625036,
    0.970142500145));
#10767 = PLANE('',#10768);
#10768 = AXIS2_PLACEMENT_3D('',#10769,#10770,#10771);
#10769 = CARTESIAN_POINT('',(-0.1,-2.54,3.911477598424));
#10770 = DIRECTION('',(-1.,1.110223024625E-16,0.));
#10771 = DIRECTION('',(0.,0.,1.));
#10772 = ADVANCED_FACE('',(#10773),#10784,.T.);
#10773 = FACE_BOUND('',#10774,.T.);
#10774 = EDGE_LOOP('',(#10775,#10776,#10777,#10783));
#10775 = ORIENTED_EDGE('',*,*,#10136,.F.);
#10776 = ORIENTED_EDGE('',*,*,#10146,.T.);
#10777 = ORIENTED_EDGE('',*,*,#10778,.T.);
#10778 = EDGE_CURVE('',#10147,#10187,#10779,.T.);
#10779 = LINE('',#10780,#10781);
#10780 = CARTESIAN_POINT('',(-0.1,-0.3,0.2));
#10781 = VECTOR('',#10782,1.);
#10782 = DIRECTION('',(1.,-1.110223024625E-16,0.));
#10783 = ORIENTED_EDGE('',*,*,#10194,.T.);
#10784 = PLANE('',#10785);
#10785 = AXIS2_PLACEMENT_3D('',#10786,#10787,#10788);
#10786 = CARTESIAN_POINT('',(-0.1,-0.3,0.2));
#10787 = DIRECTION('',(0.,-0.,-1.));
#10788 = DIRECTION('',(-1.110223024625E-16,-1.,0.));
#10789 = ADVANCED_FACE('',(#10790),#10831,.F.);
#10790 = FACE_BOUND('',#10791,.F.);
#10791 = EDGE_LOOP('',(#10792,#10800,#10801,#10809,#10817,#10825));
#10792 = ORIENTED_EDGE('',*,*,#10793,.T.);
#10793 = EDGE_CURVE('',#10794,#10187,#10796,.T.);
#10794 = VERTEX_POINT('',#10795);
#10795 = CARTESIAN_POINT('',(0.1,-0.3,-2.5));
#10796 = LINE('',#10797,#10798);
#10797 = CARTESIAN_POINT('',(0.1,-0.3,-2.5));
#10798 = VECTOR('',#10799,1.);
#10799 = DIRECTION('',(0.,0.,1.));
#10800 = ORIENTED_EDGE('',*,*,#10186,.F.);
#10801 = ORIENTED_EDGE('',*,*,#10802,.T.);
#10802 = EDGE_CURVE('',#10179,#10803,#10805,.T.);
#10803 = VERTEX_POINT('',#10804);
#10804 = CARTESIAN_POINT('',(0.1,0.3,-2.5));
#10805 = LINE('',#10806,#10807);
#10806 = CARTESIAN_POINT('',(0.1,0.3,0.2));
#10807 = VECTOR('',#10808,1.);
#10808 = DIRECTION('',(0.,0.,-1.));
#10809 = ORIENTED_EDGE('',*,*,#10810,.T.);
#10810 = EDGE_CURVE('',#10803,#10811,#10813,.T.);
#10811 = VERTEX_POINT('',#10812);
#10812 = CARTESIAN_POINT('',(0.1,0.15,-3.1));
#10813 = LINE('',#10814,#10815);
#10814 = CARTESIAN_POINT('',(0.1,0.3,-2.5));
#10815 = VECTOR('',#10816,1.);
#10816 = DIRECTION('',(-2.692686352073E-17,-0.242535625036,
    -0.970142500145));
#10817 = ORIENTED_EDGE('',*,*,#10818,.T.);
#10818 = EDGE_CURVE('',#10811,#10819,#10821,.T.);
#10819 = VERTEX_POINT('',#10820);
#10820 = CARTESIAN_POINT('',(0.1,-0.15,-3.1));
#10821 = LINE('',#10822,#10823);
#10822 = CARTESIAN_POINT('',(0.1,0.15,-3.1));
#10823 = VECTOR('',#10824,1.);
#10824 = DIRECTION('',(-1.110223024625E-16,-1.,0.));
#10825 = ORIENTED_EDGE('',*,*,#10826,.T.);
#10826 = EDGE_CURVE('',#10819,#10794,#10827,.T.);
#10827 = LINE('',#10828,#10829);
#10828 = CARTESIAN_POINT('',(0.1,-0.15,-3.1));
#10829 = VECTOR('',#10830,1.);
#10830 = DIRECTION('',(-2.692686352073E-17,-0.242535625036,
    0.970142500145));
#10831 = PLANE('',#10832);
#10832 = AXIS2_PLACEMENT_3D('',#10833,#10834,#10835);
#10833 = CARTESIAN_POINT('',(0.1,-1.110223024625E-17,3.911477598424));
#10834 = DIRECTION('',(-1.,1.110223024625E-16,0.));
#10835 = DIRECTION('',(0.,0.,1.));
#10836 = ADVANCED_FACE('',(#10837),#10848,.T.);
#10837 = FACE_BOUND('',#10838,.T.);
#10838 = EDGE_LOOP('',(#10839,#10845,#10846,#10847));
#10839 = ORIENTED_EDGE('',*,*,#10840,.F.);
#10840 = EDGE_CURVE('',#10155,#10179,#10841,.T.);
#10841 = LINE('',#10842,#10843);
#10842 = CARTESIAN_POINT('',(-0.1,0.3,0.2));
#10843 = VECTOR('',#10844,1.);
#10844 = DIRECTION('',(1.,-1.110223024625E-16,0.));
#10845 = ORIENTED_EDGE('',*,*,#10162,.T.);
#10846 = ORIENTED_EDGE('',*,*,#10170,.T.);
#10847 = ORIENTED_EDGE('',*,*,#10178,.T.);
#10848 = PLANE('',#10849);
#10849 = AXIS2_PLACEMENT_3D('',#10850,#10851,#10852);
#10850 = CARTESIAN_POINT('',(-0.1,-0.3,0.2));
#10851 = DIRECTION('',(0.,-0.,-1.));
#10852 = DIRECTION('',(-1.110223024625E-16,-1.,0.));
#10853 = ADVANCED_FACE('',(#10854),#10895,.T.);
#10854 = FACE_BOUND('',#10855,.T.);
#10855 = EDGE_LOOP('',(#10856,#10864,#10865,#10873,#10881,#10889));
#10856 = ORIENTED_EDGE('',*,*,#10857,.T.);
#10857 = EDGE_CURVE('',#10858,#10147,#10860,.T.);
#10858 = VERTEX_POINT('',#10859);
#10859 = CARTESIAN_POINT('',(-0.1,-0.3,-2.5));
#10860 = LINE('',#10861,#10862);
#10861 = CARTESIAN_POINT('',(-0.1,-0.3,-2.5));
#10862 = VECTOR('',#10863,1.);
#10863 = DIRECTION('',(0.,0.,1.));
#10864 = ORIENTED_EDGE('',*,*,#10154,.F.);
#10865 = ORIENTED_EDGE('',*,*,#10866,.T.);
#10866 = EDGE_CURVE('',#10155,#10867,#10869,.T.);
#10867 = VERTEX_POINT('',#10868);
#10868 = CARTESIAN_POINT('',(-0.1,0.3,-2.5));
#10869 = LINE('',#10870,#10871);
#10870 = CARTESIAN_POINT('',(-0.1,0.3,0.2));
#10871 = VECTOR('',#10872,1.);
#10872 = DIRECTION('',(0.,0.,-1.));
#10873 = ORIENTED_EDGE('',*,*,#10874,.T.);
#10874 = EDGE_CURVE('',#10867,#10875,#10877,.T.);
#10875 = VERTEX_POINT('',#10876);
#10876 = CARTESIAN_POINT('',(-0.1,0.15,-3.1));
#10877 = LINE('',#10878,#10879);
#10878 = CARTESIAN_POINT('',(-0.1,0.3,-2.5));
#10879 = VECTOR('',#10880,1.);
#10880 = DIRECTION('',(-2.692686352073E-17,-0.242535625036,
    -0.970142500145));
#10881 = ORIENTED_EDGE('',*,*,#10882,.F.);
#10882 = EDGE_CURVE('',#10883,#10875,#10885,.T.);
#10883 = VERTEX_POINT('',#10884);
#10884 = CARTESIAN_POINT('',(-0.1,-0.15,-3.1));
#10885 = LINE('',#10886,#10887);
#10886 = CARTESIAN_POINT('',(-0.1,-0.15,-3.1));
#10887 = VECTOR('',#10888,1.);
#10888 = DIRECTION('',(1.110223024625E-16,1.,0.));
#10889 = ORIENTED_EDGE('',*,*,#10890,.T.);
#10890 = EDGE_CURVE('',#10883,#10858,#10891,.T.);
#10891 = LINE('',#10892,#10893);
#10892 = CARTESIAN_POINT('',(-0.1,-0.15,-3.1));
#10893 = VECTOR('',#10894,1.);
#10894 = DIRECTION('',(-2.692686352073E-17,-0.242535625036,
    0.970142500145));
#10895 = PLANE('',#10896);
#10896 = AXIS2_PLACEMENT_3D('',#10897,#10898,#10899);
#10897 = CARTESIAN_POINT('',(-0.1,1.110223024625E-17,3.911477598424));
#10898 = DIRECTION('',(-1.,1.110223024625E-16,0.));
#10899 = DIRECTION('',(0.,0.,1.));
#10900 = ADVANCED_FACE('',(#10901),#10926,.F.);
#10901 = FACE_BOUND('',#10902,.F.);
#10902 = EDGE_LOOP('',(#10903,#10911,#10919,#10925));
#10903 = ORIENTED_EDGE('',*,*,#10904,.T.);
#10904 = EDGE_CURVE('',#10233,#10905,#10907,.T.);
#10905 = VERTEX_POINT('',#10906);
#10906 = CARTESIAN_POINT('',(0.3,-5.38,0.9));
#10907 = LINE('',#10908,#10909);
#10908 = CARTESIAN_POINT('',(0.3,-5.38,8.2));
#10909 = VECTOR('',#10910,1.);
#10910 = DIRECTION('',(0.,-0.,-1.));
#10911 = ORIENTED_EDGE('',*,*,#10912,.T.);
#10912 = EDGE_CURVE('',#10905,#10913,#10915,.T.);
#10913 = VERTEX_POINT('',#10914);
#10914 = CARTESIAN_POINT('',(0.3,-4.78,0.9));
#10915 = LINE('',#10916,#10917);
#10916 = CARTESIAN_POINT('',(0.3,-5.38,0.9));
#10917 = VECTOR('',#10918,1.);
#10918 = DIRECTION('',(1.110223024625E-16,1.,0.));
#10919 = ORIENTED_EDGE('',*,*,#10920,.F.);
#10920 = EDGE_CURVE('',#10242,#10913,#10921,.T.);
#10921 = LINE('',#10922,#10923);
#10922 = CARTESIAN_POINT('',(0.3,-4.78,8.2));
#10923 = VECTOR('',#10924,1.);
#10924 = DIRECTION('',(0.,-0.,-1.));
#10925 = ORIENTED_EDGE('',*,*,#10249,.F.);
#10926 = PLANE('',#10927);
#10927 = AXIS2_PLACEMENT_3D('',#10928,#10929,#10930);
#10928 = CARTESIAN_POINT('',(0.3,-5.38,8.2));
#10929 = DIRECTION('',(1.,-1.110223024625E-16,0.));
#10930 = DIRECTION('',(1.110223024625E-16,1.,0.));
#10931 = ADVANCED_FACE('',(#10932),#10982,.F.);
#10932 = FACE_BOUND('',#10933,.F.);
#10933 = EDGE_LOOP('',(#10934,#10935,#10936,#10944,#10952,#10960,#10968,
    #10976));
#10934 = ORIENTED_EDGE('',*,*,#10273,.F.);
#10935 = ORIENTED_EDGE('',*,*,#10920,.T.);
#10936 = ORIENTED_EDGE('',*,*,#10937,.T.);
#10937 = EDGE_CURVE('',#10913,#10938,#10940,.T.);
#10938 = VERTEX_POINT('',#10939);
#10939 = CARTESIAN_POINT('',(0.1,-4.78,0.9));
#10940 = LINE('',#10941,#10942);
#10941 = CARTESIAN_POINT('',(0.3,-4.78,0.9));
#10942 = VECTOR('',#10943,1.);
#10943 = DIRECTION('',(-1.,1.110223024625E-16,0.));
#10944 = ORIENTED_EDGE('',*,*,#10945,.T.);
#10945 = EDGE_CURVE('',#10938,#10946,#10948,.T.);
#10946 = VERTEX_POINT('',#10947);
#10947 = CARTESIAN_POINT('',(0.1,-4.78,7.4));
#10948 = LINE('',#10949,#10950);
#10949 = CARTESIAN_POINT('',(0.1,-4.78,6.055738799212));
#10950 = VECTOR('',#10951,1.);
#10951 = DIRECTION('',(0.,-0.,1.));
#10952 = ORIENTED_EDGE('',*,*,#10953,.F.);
#10953 = EDGE_CURVE('',#10954,#10946,#10956,.T.);
#10954 = VERTEX_POINT('',#10955);
#10955 = CARTESIAN_POINT('',(-0.1,-4.78,7.4));
#10956 = LINE('',#10957,#10958);
#10957 = CARTESIAN_POINT('',(-0.1,-4.78,7.4));
#10958 = VECTOR('',#10959,1.);
#10959 = DIRECTION('',(1.,-1.110223024625E-16,0.));
#10960 = ORIENTED_EDGE('',*,*,#10961,.F.);
#10961 = EDGE_CURVE('',#10962,#10954,#10964,.T.);
#10962 = VERTEX_POINT('',#10963);
#10963 = CARTESIAN_POINT('',(-0.1,-4.78,0.9));
#10964 = LINE('',#10965,#10966);
#10965 = CARTESIAN_POINT('',(-0.1,-4.78,6.055738799212));
#10966 = VECTOR('',#10967,1.);
#10967 = DIRECTION('',(0.,-0.,1.));
#10968 = ORIENTED_EDGE('',*,*,#10969,.T.);
#10969 = EDGE_CURVE('',#10962,#10970,#10972,.T.);
#10970 = VERTEX_POINT('',#10971);
#10971 = CARTESIAN_POINT('',(-0.3,-4.78,0.9));
#10972 = LINE('',#10973,#10974);
#10973 = CARTESIAN_POINT('',(0.3,-4.78,0.9));
#10974 = VECTOR('',#10975,1.);
#10975 = DIRECTION('',(-1.,1.110223024625E-16,0.));
#10976 = ORIENTED_EDGE('',*,*,#10977,.F.);
#10977 = EDGE_CURVE('',#10266,#10970,#10978,.T.);
#10978 = LINE('',#10979,#10980);
#10979 = CARTESIAN_POINT('',(-0.3,-4.78,8.2));
#10980 = VECTOR('',#10981,1.);
#10981 = DIRECTION('',(0.,-0.,-1.));
#10982 = PLANE('',#10983);
#10983 = AXIS2_PLACEMENT_3D('',#10984,#10985,#10986);
#10984 = CARTESIAN_POINT('',(0.3,-4.78,8.2));
#10985 = DIRECTION('',(1.110223024625E-16,1.,0.));
#10986 = DIRECTION('',(-1.,1.110223024625E-16,0.));
#10987 = ADVANCED_FACE('',(#10988),#11006,.F.);
#10988 = FACE_BOUND('',#10989,.F.);
#10989 = EDGE_LOOP('',(#10990,#10991,#10999,#11005));
#10990 = ORIENTED_EDGE('',*,*,#10977,.T.);
#10991 = ORIENTED_EDGE('',*,*,#10992,.T.);
#10992 = EDGE_CURVE('',#10970,#10993,#10995,.T.);
#10993 = VERTEX_POINT('',#10994);
#10994 = CARTESIAN_POINT('',(-0.3,-5.38,0.9));
#10995 = LINE('',#10996,#10997);
#10996 = CARTESIAN_POINT('',(-0.3,-4.78,0.9));
#10997 = VECTOR('',#10998,1.);
#10998 = DIRECTION('',(-1.110223024625E-16,-1.,0.));
#10999 = ORIENTED_EDGE('',*,*,#11000,.F.);
#11000 = EDGE_CURVE('',#10290,#10993,#11001,.T.);
#11001 = LINE('',#11002,#11003);
#11002 = CARTESIAN_POINT('',(-0.3,-5.38,8.2));
#11003 = VECTOR('',#11004,1.);
#11004 = DIRECTION('',(0.,-0.,-1.));
#11005 = ORIENTED_EDGE('',*,*,#10297,.F.);
#11006 = PLANE('',#11007);
#11007 = AXIS2_PLACEMENT_3D('',#11008,#11009,#11010);
#11008 = CARTESIAN_POINT('',(-0.3,-4.78,8.2));
#11009 = DIRECTION('',(-1.,1.110223024625E-16,0.));
#11010 = DIRECTION('',(-1.110223024625E-16,-1.,0.));
#11011 = ADVANCED_FACE('',(#11012),#11055,.F.);
#11012 = FACE_BOUND('',#11013,.F.);
#11013 = EDGE_LOOP('',(#11014,#11015,#11016,#11024,#11032,#11040,#11048,
    #11054));
#11014 = ORIENTED_EDGE('',*,*,#10314,.F.);
#11015 = ORIENTED_EDGE('',*,*,#11000,.T.);
#11016 = ORIENTED_EDGE('',*,*,#11017,.T.);
#11017 = EDGE_CURVE('',#10993,#11018,#11020,.T.);
#11018 = VERTEX_POINT('',#11019);
#11019 = CARTESIAN_POINT('',(-0.1,-5.38,0.9));
#11020 = LINE('',#11021,#11022);
#11021 = CARTESIAN_POINT('',(-0.3,-5.38,0.9));
#11022 = VECTOR('',#11023,1.);
#11023 = DIRECTION('',(1.,-1.110223024625E-16,0.));
#11024 = ORIENTED_EDGE('',*,*,#11025,.F.);
#11025 = EDGE_CURVE('',#11026,#11018,#11028,.T.);
#11026 = VERTEX_POINT('',#11027);
#11027 = CARTESIAN_POINT('',(-0.1,-5.38,7.4));
#11028 = LINE('',#11029,#11030);
#11029 = CARTESIAN_POINT('',(-0.1,-5.38,6.055738799212));
#11030 = VECTOR('',#11031,1.);
#11031 = DIRECTION('',(-0.,0.,-1.));
#11032 = ORIENTED_EDGE('',*,*,#11033,.T.);
#11033 = EDGE_CURVE('',#11026,#11034,#11036,.T.);
#11034 = VERTEX_POINT('',#11035);
#11035 = CARTESIAN_POINT('',(0.1,-5.38,7.4));
#11036 = LINE('',#11037,#11038);
#11037 = CARTESIAN_POINT('',(-0.1,-5.38,7.4));
#11038 = VECTOR('',#11039,1.);
#11039 = DIRECTION('',(1.,-1.110223024625E-16,0.));
#11040 = ORIENTED_EDGE('',*,*,#11041,.T.);
#11041 = EDGE_CURVE('',#11034,#11042,#11044,.T.);
#11042 = VERTEX_POINT('',#11043);
#11043 = CARTESIAN_POINT('',(0.1,-5.38,0.9));
#11044 = LINE('',#11045,#11046);
#11045 = CARTESIAN_POINT('',(0.1,-5.38,6.055738799212));
#11046 = VECTOR('',#11047,1.);
#11047 = DIRECTION('',(-0.,0.,-1.));
#11048 = ORIENTED_EDGE('',*,*,#11049,.T.);
#11049 = EDGE_CURVE('',#11042,#10905,#11050,.T.);
#11050 = LINE('',#11051,#11052);
#11051 = CARTESIAN_POINT('',(-0.3,-5.38,0.9));
#11052 = VECTOR('',#11053,1.);
#11053 = DIRECTION('',(1.,-1.110223024625E-16,0.));
#11054 = ORIENTED_EDGE('',*,*,#10904,.F.);
#11055 = PLANE('',#11056);
#11056 = AXIS2_PLACEMENT_3D('',#11057,#11058,#11059);
#11057 = CARTESIAN_POINT('',(-0.3,-5.38,8.2));
#11058 = DIRECTION('',(-1.110223024625E-16,-1.,0.));
#11059 = DIRECTION('',(1.,-1.110223024625E-16,0.));
#11060 = ADVANCED_FACE('',(#11061),#11086,.F.);
#11061 = FACE_BOUND('',#11062,.F.);
#11062 = EDGE_LOOP('',(#11063,#11071,#11079,#11085));
#11063 = ORIENTED_EDGE('',*,*,#11064,.T.);
#11064 = EDGE_CURVE('',#10329,#11065,#11067,.T.);
#11065 = VERTEX_POINT('',#11066);
#11066 = CARTESIAN_POINT('',(0.3,-2.84,0.9));
#11067 = LINE('',#11068,#11069);
#11068 = CARTESIAN_POINT('',(0.3,-2.84,8.2));
#11069 = VECTOR('',#11070,1.);
#11070 = DIRECTION('',(0.,-0.,-1.));
#11071 = ORIENTED_EDGE('',*,*,#11072,.T.);
#11072 = EDGE_CURVE('',#11065,#11073,#11075,.T.);
#11073 = VERTEX_POINT('',#11074);
#11074 = CARTESIAN_POINT('',(0.3,-2.24,0.9));
#11075 = LINE('',#11076,#11077);
#11076 = CARTESIAN_POINT('',(0.3,-2.84,0.9));
#11077 = VECTOR('',#11078,1.);
#11078 = DIRECTION('',(1.110223024625E-16,1.,0.));
#11079 = ORIENTED_EDGE('',*,*,#11080,.F.);
#11080 = EDGE_CURVE('',#10338,#11073,#11081,.T.);
#11081 = LINE('',#11082,#11083);
#11082 = CARTESIAN_POINT('',(0.3,-2.24,8.2));
#11083 = VECTOR('',#11084,1.);
#11084 = DIRECTION('',(0.,-0.,-1.));
#11085 = ORIENTED_EDGE('',*,*,#10345,.F.);
#11086 = PLANE('',#11087);
#11087 = AXIS2_PLACEMENT_3D('',#11088,#11089,#11090);
#11088 = CARTESIAN_POINT('',(0.3,-2.84,8.2));
#11089 = DIRECTION('',(1.,-1.110223024625E-16,0.));
#11090 = DIRECTION('',(1.110223024625E-16,1.,0.));
#11091 = ADVANCED_FACE('',(#11092),#11142,.F.);
#11092 = FACE_BOUND('',#11093,.F.);
#11093 = EDGE_LOOP('',(#11094,#11095,#11096,#11104,#11112,#11120,#11128,
    #11136));
#11094 = ORIENTED_EDGE('',*,*,#10369,.F.);
#11095 = ORIENTED_EDGE('',*,*,#11080,.T.);
#11096 = ORIENTED_EDGE('',*,*,#11097,.T.);
#11097 = EDGE_CURVE('',#11073,#11098,#11100,.T.);
#11098 = VERTEX_POINT('',#11099);
#11099 = CARTESIAN_POINT('',(0.1,-2.24,0.9));
#11100 = LINE('',#11101,#11102);
#11101 = CARTESIAN_POINT('',(0.3,-2.24,0.9));
#11102 = VECTOR('',#11103,1.);
#11103 = DIRECTION('',(-1.,1.110223024625E-16,0.));
#11104 = ORIENTED_EDGE('',*,*,#11105,.T.);
#11105 = EDGE_CURVE('',#11098,#11106,#11108,.T.);
#11106 = VERTEX_POINT('',#11107);
#11107 = CARTESIAN_POINT('',(0.1,-2.24,7.4));
#11108 = LINE('',#11109,#11110);
#11109 = CARTESIAN_POINT('',(0.1,-2.24,6.055738799212));
#11110 = VECTOR('',#11111,1.);
#11111 = DIRECTION('',(0.,-0.,1.));
#11112 = ORIENTED_EDGE('',*,*,#11113,.F.);
#11113 = EDGE_CURVE('',#11114,#11106,#11116,.T.);
#11114 = VERTEX_POINT('',#11115);
#11115 = CARTESIAN_POINT('',(-0.1,-2.24,7.4));
#11116 = LINE('',#11117,#11118);
#11117 = CARTESIAN_POINT('',(-0.1,-2.24,7.4));
#11118 = VECTOR('',#11119,1.);
#11119 = DIRECTION('',(1.,-1.110223024625E-16,0.));
#11120 = ORIENTED_EDGE('',*,*,#11121,.F.);
#11121 = EDGE_CURVE('',#11122,#11114,#11124,.T.);
#11122 = VERTEX_POINT('',#11123);
#11123 = CARTESIAN_POINT('',(-0.1,-2.24,0.9));
#11124 = LINE('',#11125,#11126);
#11125 = CARTESIAN_POINT('',(-0.1,-2.24,6.055738799212));
#11126 = VECTOR('',#11127,1.);
#11127 = DIRECTION('',(0.,-0.,1.));
#11128 = ORIENTED_EDGE('',*,*,#11129,.T.);
#11129 = EDGE_CURVE('',#11122,#11130,#11132,.T.);
#11130 = VERTEX_POINT('',#11131);
#11131 = CARTESIAN_POINT('',(-0.3,-2.24,0.9));
#11132 = LINE('',#11133,#11134);
#11133 = CARTESIAN_POINT('',(0.3,-2.24,0.9));
#11134 = VECTOR('',#11135,1.);
#11135 = DIRECTION('',(-1.,1.110223024625E-16,0.));
#11136 = ORIENTED_EDGE('',*,*,#11137,.F.);
#11137 = EDGE_CURVE('',#10362,#11130,#11138,.T.);
#11138 = LINE('',#11139,#11140);
#11139 = CARTESIAN_POINT('',(-0.3,-2.24,8.2));
#11140 = VECTOR('',#11141,1.);
#11141 = DIRECTION('',(0.,-0.,-1.));
#11142 = PLANE('',#11143);
#11143 = AXIS2_PLACEMENT_3D('',#11144,#11145,#11146);
#11144 = CARTESIAN_POINT('',(0.3,-2.24,8.2));
#11145 = DIRECTION('',(1.110223024625E-16,1.,0.));
#11146 = DIRECTION('',(-1.,1.110223024625E-16,0.));
#11147 = ADVANCED_FACE('',(#11148),#11166,.F.);
#11148 = FACE_BOUND('',#11149,.F.);
#11149 = EDGE_LOOP('',(#11150,#11151,#11159,#11165));
#11150 = ORIENTED_EDGE('',*,*,#11137,.T.);
#11151 = ORIENTED_EDGE('',*,*,#11152,.T.);
#11152 = EDGE_CURVE('',#11130,#11153,#11155,.T.);
#11153 = VERTEX_POINT('',#11154);
#11154 = CARTESIAN_POINT('',(-0.3,-2.84,0.9));
#11155 = LINE('',#11156,#11157);
#11156 = CARTESIAN_POINT('',(-0.3,-2.24,0.9));
#11157 = VECTOR('',#11158,1.);
#11158 = DIRECTION('',(-1.110223024625E-16,-1.,0.));
#11159 = ORIENTED_EDGE('',*,*,#11160,.F.);
#11160 = EDGE_CURVE('',#10386,#11153,#11161,.T.);
#11161 = LINE('',#11162,#11163);
#11162 = CARTESIAN_POINT('',(-0.3,-2.84,8.2));
#11163 = VECTOR('',#11164,1.);
#11164 = DIRECTION('',(0.,-0.,-1.));
#11165 = ORIENTED_EDGE('',*,*,#10393,.F.);
#11166 = PLANE('',#11167);
#11167 = AXIS2_PLACEMENT_3D('',#11168,#11169,#11170);
#11168 = CARTESIAN_POINT('',(-0.3,-2.24,8.2));
#11169 = DIRECTION('',(-1.,1.110223024625E-16,0.));
#11170 = DIRECTION('',(-1.110223024625E-16,-1.,0.));
#11171 = ADVANCED_FACE('',(#11172),#11215,.F.);
#11172 = FACE_BOUND('',#11173,.F.);
#11173 = EDGE_LOOP('',(#11174,#11175,#11176,#11184,#11192,#11200,#11208,
    #11214));
#11174 = ORIENTED_EDGE('',*,*,#10410,.F.);
#11175 = ORIENTED_EDGE('',*,*,#11160,.T.);
#11176 = ORIENTED_EDGE('',*,*,#11177,.T.);
#11177 = EDGE_CURVE('',#11153,#11178,#11180,.T.);
#11178 = VERTEX_POINT('',#11179);
#11179 = CARTESIAN_POINT('',(-0.1,-2.84,0.9));
#11180 = LINE('',#11181,#11182);
#11181 = CARTESIAN_POINT('',(-0.3,-2.84,0.9));
#11182 = VECTOR('',#11183,1.);
#11183 = DIRECTION('',(1.,-1.110223024625E-16,0.));
#11184 = ORIENTED_EDGE('',*,*,#11185,.F.);
#11185 = EDGE_CURVE('',#11186,#11178,#11188,.T.);
#11186 = VERTEX_POINT('',#11187);
#11187 = CARTESIAN_POINT('',(-0.1,-2.84,7.4));
#11188 = LINE('',#11189,#11190);
#11189 = CARTESIAN_POINT('',(-0.1,-2.84,6.055738799212));
#11190 = VECTOR('',#11191,1.);
#11191 = DIRECTION('',(-0.,0.,-1.));
#11192 = ORIENTED_EDGE('',*,*,#11193,.T.);
#11193 = EDGE_CURVE('',#11186,#11194,#11196,.T.);
#11194 = VERTEX_POINT('',#11195);
#11195 = CARTESIAN_POINT('',(0.1,-2.84,7.4));
#11196 = LINE('',#11197,#11198);
#11197 = CARTESIAN_POINT('',(-0.1,-2.84,7.4));
#11198 = VECTOR('',#11199,1.);
#11199 = DIRECTION('',(1.,-1.110223024625E-16,0.));
#11200 = ORIENTED_EDGE('',*,*,#11201,.T.);
#11201 = EDGE_CURVE('',#11194,#11202,#11204,.T.);
#11202 = VERTEX_POINT('',#11203);
#11203 = CARTESIAN_POINT('',(0.1,-2.84,0.9));
#11204 = LINE('',#11205,#11206);
#11205 = CARTESIAN_POINT('',(0.1,-2.84,6.055738799212));
#11206 = VECTOR('',#11207,1.);
#11207 = DIRECTION('',(-0.,0.,-1.));
#11208 = ORIENTED_EDGE('',*,*,#11209,.T.);
#11209 = EDGE_CURVE('',#11202,#11065,#11210,.T.);
#11210 = LINE('',#11211,#11212);
#11211 = CARTESIAN_POINT('',(-0.3,-2.84,0.9));
#11212 = VECTOR('',#11213,1.);
#11213 = DIRECTION('',(1.,-1.110223024625E-16,0.));
#11214 = ORIENTED_EDGE('',*,*,#11064,.F.);
#11215 = PLANE('',#11216);
#11216 = AXIS2_PLACEMENT_3D('',#11217,#11218,#11219);
#11217 = CARTESIAN_POINT('',(-0.3,-2.84,8.2));
#11218 = DIRECTION('',(-1.110223024625E-16,-1.,0.));
#11219 = DIRECTION('',(1.,-1.110223024625E-16,0.));
#11220 = ADVANCED_FACE('',(#11221),#11246,.F.);
#11221 = FACE_BOUND('',#11222,.F.);
#11222 = EDGE_LOOP('',(#11223,#11231,#11239,#11245));
#11223 = ORIENTED_EDGE('',*,*,#11224,.T.);
#11224 = EDGE_CURVE('',#10425,#11225,#11227,.T.);
#11225 = VERTEX_POINT('',#11226);
#11226 = CARTESIAN_POINT('',(0.3,-0.3,0.9));
#11227 = LINE('',#11228,#11229);
#11228 = CARTESIAN_POINT('',(0.3,-0.3,8.2));
#11229 = VECTOR('',#11230,1.);
#11230 = DIRECTION('',(0.,-0.,-1.));
#11231 = ORIENTED_EDGE('',*,*,#11232,.T.);
#11232 = EDGE_CURVE('',#11225,#11233,#11235,.T.);
#11233 = VERTEX_POINT('',#11234);
#11234 = CARTESIAN_POINT('',(0.3,0.3,0.9));
#11235 = LINE('',#11236,#11237);
#11236 = CARTESIAN_POINT('',(0.3,-0.3,0.9));
#11237 = VECTOR('',#11238,1.);
#11238 = DIRECTION('',(1.110223024625E-16,1.,0.));
#11239 = ORIENTED_EDGE('',*,*,#11240,.F.);
#11240 = EDGE_CURVE('',#10434,#11233,#11241,.T.);
#11241 = LINE('',#11242,#11243);
#11242 = CARTESIAN_POINT('',(0.3,0.3,8.2));
#11243 = VECTOR('',#11244,1.);
#11244 = DIRECTION('',(0.,-0.,-1.));
#11245 = ORIENTED_EDGE('',*,*,#10441,.F.);
#11246 = PLANE('',#11247);
#11247 = AXIS2_PLACEMENT_3D('',#11248,#11249,#11250);
#11248 = CARTESIAN_POINT('',(0.3,-0.3,8.2));
#11249 = DIRECTION('',(1.,-1.110223024625E-16,0.));
#11250 = DIRECTION('',(1.110223024625E-16,1.,0.));
#11251 = ADVANCED_FACE('',(#11252),#11302,.F.);
#11252 = FACE_BOUND('',#11253,.F.);
#11253 = EDGE_LOOP('',(#11254,#11255,#11256,#11264,#11272,#11280,#11288,
    #11296));
#11254 = ORIENTED_EDGE('',*,*,#10465,.F.);
#11255 = ORIENTED_EDGE('',*,*,#11240,.T.);
#11256 = ORIENTED_EDGE('',*,*,#11257,.T.);
#11257 = EDGE_CURVE('',#11233,#11258,#11260,.T.);
#11258 = VERTEX_POINT('',#11259);
#11259 = CARTESIAN_POINT('',(0.1,0.3,0.9));
#11260 = LINE('',#11261,#11262);
#11261 = CARTESIAN_POINT('',(0.3,0.3,0.9));
#11262 = VECTOR('',#11263,1.);
#11263 = DIRECTION('',(-1.,1.110223024625E-16,0.));
#11264 = ORIENTED_EDGE('',*,*,#11265,.T.);
#11265 = EDGE_CURVE('',#11258,#11266,#11268,.T.);
#11266 = VERTEX_POINT('',#11267);
#11267 = CARTESIAN_POINT('',(0.1,0.3,7.4));
#11268 = LINE('',#11269,#11270);
#11269 = CARTESIAN_POINT('',(0.1,0.3,6.055738799212));
#11270 = VECTOR('',#11271,1.);
#11271 = DIRECTION('',(0.,-0.,1.));
#11272 = ORIENTED_EDGE('',*,*,#11273,.F.);
#11273 = EDGE_CURVE('',#11274,#11266,#11276,.T.);
#11274 = VERTEX_POINT('',#11275);
#11275 = CARTESIAN_POINT('',(-0.1,0.3,7.4));
#11276 = LINE('',#11277,#11278);
#11277 = CARTESIAN_POINT('',(-0.1,0.3,7.4));
#11278 = VECTOR('',#11279,1.);
#11279 = DIRECTION('',(1.,-1.110223024625E-16,0.));
#11280 = ORIENTED_EDGE('',*,*,#11281,.F.);
#11281 = EDGE_CURVE('',#11282,#11274,#11284,.T.);
#11282 = VERTEX_POINT('',#11283);
#11283 = CARTESIAN_POINT('',(-0.1,0.3,0.9));
#11284 = LINE('',#11285,#11286);
#11285 = CARTESIAN_POINT('',(-0.1,0.3,6.055738799212));
#11286 = VECTOR('',#11287,1.);
#11287 = DIRECTION('',(0.,-0.,1.));
#11288 = ORIENTED_EDGE('',*,*,#11289,.T.);
#11289 = EDGE_CURVE('',#11282,#11290,#11292,.T.);
#11290 = VERTEX_POINT('',#11291);
#11291 = CARTESIAN_POINT('',(-0.3,0.3,0.9));
#11292 = LINE('',#11293,#11294);
#11293 = CARTESIAN_POINT('',(0.3,0.3,0.9));
#11294 = VECTOR('',#11295,1.);
#11295 = DIRECTION('',(-1.,1.110223024625E-16,0.));
#11296 = ORIENTED_EDGE('',*,*,#11297,.F.);
#11297 = EDGE_CURVE('',#10458,#11290,#11298,.T.);
#11298 = LINE('',#11299,#11300);
#11299 = CARTESIAN_POINT('',(-0.3,0.3,8.2));
#11300 = VECTOR('',#11301,1.);
#11301 = DIRECTION('',(0.,-0.,-1.));
#11302 = PLANE('',#11303);
#11303 = AXIS2_PLACEMENT_3D('',#11304,#11305,#11306);
#11304 = CARTESIAN_POINT('',(0.3,0.3,8.2));
#11305 = DIRECTION('',(1.110223024625E-16,1.,0.));
#11306 = DIRECTION('',(-1.,1.110223024625E-16,0.));
#11307 = ADVANCED_FACE('',(#11308),#11326,.F.);
#11308 = FACE_BOUND('',#11309,.F.);
#11309 = EDGE_LOOP('',(#11310,#11311,#11319,#11325));
#11310 = ORIENTED_EDGE('',*,*,#11297,.T.);
#11311 = ORIENTED_EDGE('',*,*,#11312,.T.);
#11312 = EDGE_CURVE('',#11290,#11313,#11315,.T.);
#11313 = VERTEX_POINT('',#11314);
#11314 = CARTESIAN_POINT('',(-0.3,-0.3,0.9));
#11315 = LINE('',#11316,#11317);
#11316 = CARTESIAN_POINT('',(-0.3,0.3,0.9));
#11317 = VECTOR('',#11318,1.);
#11318 = DIRECTION('',(-1.110223024625E-16,-1.,0.));
#11319 = ORIENTED_EDGE('',*,*,#11320,.F.);
#11320 = EDGE_CURVE('',#10482,#11313,#11321,.T.);
#11321 = LINE('',#11322,#11323);
#11322 = CARTESIAN_POINT('',(-0.3,-0.3,8.2));
#11323 = VECTOR('',#11324,1.);
#11324 = DIRECTION('',(0.,-0.,-1.));
#11325 = ORIENTED_EDGE('',*,*,#10489,.F.);
#11326 = PLANE('',#11327);
#11327 = AXIS2_PLACEMENT_3D('',#11328,#11329,#11330);
#11328 = CARTESIAN_POINT('',(-0.3,0.3,8.2));
#11329 = DIRECTION('',(-1.,1.110223024625E-16,0.));
#11330 = DIRECTION('',(-1.110223024625E-16,-1.,0.));
#11331 = ADVANCED_FACE('',(#11332),#11375,.F.);
#11332 = FACE_BOUND('',#11333,.F.);
#11333 = EDGE_LOOP('',(#11334,#11335,#11336,#11344,#11352,#11360,#11368,
    #11374));
#11334 = ORIENTED_EDGE('',*,*,#10506,.F.);
#11335 = ORIENTED_EDGE('',*,*,#11320,.T.);
#11336 = ORIENTED_EDGE('',*,*,#11337,.T.);
#11337 = EDGE_CURVE('',#11313,#11338,#11340,.T.);
#11338 = VERTEX_POINT('',#11339);
#11339 = CARTESIAN_POINT('',(-0.1,-0.3,0.9));
#11340 = LINE('',#11341,#11342);
#11341 = CARTESIAN_POINT('',(-0.3,-0.3,0.9));
#11342 = VECTOR('',#11343,1.);
#11343 = DIRECTION('',(1.,-1.110223024625E-16,0.));
#11344 = ORIENTED_EDGE('',*,*,#11345,.F.);
#11345 = EDGE_CURVE('',#11346,#11338,#11348,.T.);
#11346 = VERTEX_POINT('',#11347);
#11347 = CARTESIAN_POINT('',(-0.1,-0.3,7.4));
#11348 = LINE('',#11349,#11350);
#11349 = CARTESIAN_POINT('',(-0.1,-0.3,6.055738799212));
#11350 = VECTOR('',#11351,1.);
#11351 = DIRECTION('',(-0.,0.,-1.));
#11352 = ORIENTED_EDGE('',*,*,#11353,.T.);
#11353 = EDGE_CURVE('',#11346,#11354,#11356,.T.);
#11354 = VERTEX_POINT('',#11355);
#11355 = CARTESIAN_POINT('',(0.1,-0.3,7.4));
#11356 = LINE('',#11357,#11358);
#11357 = CARTESIAN_POINT('',(-0.1,-0.3,7.4));
#11358 = VECTOR('',#11359,1.);
#11359 = DIRECTION('',(1.,-1.110223024625E-16,0.));
#11360 = ORIENTED_EDGE('',*,*,#11361,.T.);
#11361 = EDGE_CURVE('',#11354,#11362,#11364,.T.);
#11362 = VERTEX_POINT('',#11363);
#11363 = CARTESIAN_POINT('',(0.1,-0.3,0.9));
#11364 = LINE('',#11365,#11366);
#11365 = CARTESIAN_POINT('',(0.1,-0.3,6.055738799212));
#11366 = VECTOR('',#11367,1.);
#11367 = DIRECTION('',(-0.,0.,-1.));
#11368 = ORIENTED_EDGE('',*,*,#11369,.T.);
#11369 = EDGE_CURVE('',#11362,#11225,#11370,.T.);
#11370 = LINE('',#11371,#11372);
#11371 = CARTESIAN_POINT('',(-0.3,-0.3,0.9));
#11372 = VECTOR('',#11373,1.);
#11373 = DIRECTION('',(1.,-1.110223024625E-16,0.));
#11374 = ORIENTED_EDGE('',*,*,#11224,.F.);
#11375 = PLANE('',#11376);
#11376 = AXIS2_PLACEMENT_3D('',#11377,#11378,#11379);
#11377 = CARTESIAN_POINT('',(-0.3,-0.3,8.2));
#11378 = DIRECTION('',(-1.110223024625E-16,-1.,0.));
#11379 = DIRECTION('',(1.,-1.110223024625E-16,0.));
#11380 = ADVANCED_FACE('',(#11381),#11392,.T.);
#11381 = FACE_BOUND('',#11382,.T.);
#11382 = EDGE_LOOP('',(#11383,#11389,#11390,#11391));
#11383 = ORIENTED_EDGE('',*,*,#11384,.T.);
#11384 = EDGE_CURVE('',#10602,#10538,#11385,.T.);
#11385 = LINE('',#11386,#11387);
#11386 = CARTESIAN_POINT('',(-0.1,-5.38,-2.5));
#11387 = VECTOR('',#11388,1.);
#11388 = DIRECTION('',(1.,-1.110223024625E-16,0.));
#11389 = ORIENTED_EDGE('',*,*,#10537,.T.);
#11390 = ORIENTED_EDGE('',*,*,#10522,.F.);
#11391 = ORIENTED_EDGE('',*,*,#10601,.F.);
#11392 = PLANE('',#11393);
#11393 = AXIS2_PLACEMENT_3D('',#11394,#11395,#11396);
#11394 = CARTESIAN_POINT('',(-0.1,-5.38,-2.5));
#11395 = DIRECTION('',(-1.110223024625E-16,-1.,0.));
#11396 = DIRECTION('',(0.,0.,1.));
#11397 = ADVANCED_FACE('',(#11398),#11409,.T.);
#11398 = FACE_BOUND('',#11399,.T.);
#11399 = EDGE_LOOP('',(#11400,#11406,#11407,#11408));
#11400 = ORIENTED_EDGE('',*,*,#11401,.T.);
#11401 = EDGE_CURVE('',#10627,#10563,#11402,.T.);
#11402 = LINE('',#11403,#11404);
#11403 = CARTESIAN_POINT('',(-0.1,-5.23,-3.1));
#11404 = VECTOR('',#11405,1.);
#11405 = DIRECTION('',(1.,-1.110223024625E-16,0.));
#11406 = ORIENTED_EDGE('',*,*,#10570,.T.);
#11407 = ORIENTED_EDGE('',*,*,#11384,.F.);
#11408 = ORIENTED_EDGE('',*,*,#10634,.F.);
#11409 = PLANE('',#11410);
#11410 = AXIS2_PLACEMENT_3D('',#11411,#11412,#11413);
#11411 = CARTESIAN_POINT('',(-0.1,-5.23,-3.1));
#11412 = DIRECTION('',(-1.077074540829E-16,-0.970142500145,
    -0.242535625036));
#11413 = DIRECTION('',(-2.692686352073E-17,-0.242535625036,
    0.970142500145));
#11414 = ADVANCED_FACE('',(#11415),#11426,.T.);
#11415 = FACE_BOUND('',#11416,.T.);
#11416 = EDGE_LOOP('',(#11417,#11423,#11424,#11425));
#11417 = ORIENTED_EDGE('',*,*,#11418,.T.);
#11418 = EDGE_CURVE('',#10619,#10555,#11419,.T.);
#11419 = LINE('',#11420,#11421);
#11420 = CARTESIAN_POINT('',(-0.1,-4.93,-3.1));
#11421 = VECTOR('',#11422,1.);
#11422 = DIRECTION('',(1.,-1.110223024625E-16,0.));
#11423 = ORIENTED_EDGE('',*,*,#10562,.T.);
#11424 = ORIENTED_EDGE('',*,*,#11401,.F.);
#11425 = ORIENTED_EDGE('',*,*,#10626,.T.);
#11426 = PLANE('',#11427);
#11427 = AXIS2_PLACEMENT_3D('',#11428,#11429,#11430);
#11428 = CARTESIAN_POINT('',(-0.1,-4.93,-3.1));
#11429 = DIRECTION('',(0.,-0.,-1.));
#11430 = DIRECTION('',(-1.110223024625E-16,-1.,0.));
#11431 = ADVANCED_FACE('',(#11432),#11443,.T.);
#11432 = FACE_BOUND('',#11433,.T.);
#11433 = EDGE_LOOP('',(#11434,#11440,#11441,#11442));
#11434 = ORIENTED_EDGE('',*,*,#11435,.T.);
#11435 = EDGE_CURVE('',#10611,#10547,#11436,.T.);
#11436 = LINE('',#11437,#11438);
#11437 = CARTESIAN_POINT('',(-0.1,-4.78,-2.5));
#11438 = VECTOR('',#11439,1.);
#11439 = DIRECTION('',(1.,-1.110223024625E-16,0.));
#11440 = ORIENTED_EDGE('',*,*,#10554,.T.);
#11441 = ORIENTED_EDGE('',*,*,#11418,.F.);
#11442 = ORIENTED_EDGE('',*,*,#10618,.F.);
#11443 = PLANE('',#11444);
#11444 = AXIS2_PLACEMENT_3D('',#11445,#11446,#11447);
#11445 = CARTESIAN_POINT('',(-0.1,-4.78,-2.5));
#11446 = DIRECTION('',(1.077074540829E-16,0.970142500145,-0.242535625036
    ));
#11447 = DIRECTION('',(-2.692686352073E-17,-0.242535625036,
    -0.970142500145));
#11448 = ADVANCED_FACE('',(#11449),#11455,.T.);
#11449 = FACE_BOUND('',#11450,.T.);
#11450 = EDGE_LOOP('',(#11451,#11452,#11453,#11454));
#11451 = ORIENTED_EDGE('',*,*,#10584,.T.);
#11452 = ORIENTED_EDGE('',*,*,#10546,.T.);
#11453 = ORIENTED_EDGE('',*,*,#11435,.F.);
#11454 = ORIENTED_EDGE('',*,*,#10610,.F.);
#11455 = PLANE('',#11456);
#11456 = AXIS2_PLACEMENT_3D('',#11457,#11458,#11459);
#11457 = CARTESIAN_POINT('',(-0.1,-4.78,0.2));
#11458 = DIRECTION('',(1.110223024625E-16,1.,0.));
#11459 = DIRECTION('',(0.,0.,-1.));
#11460 = ADVANCED_FACE('',(#11461),#11472,.T.);
#11461 = FACE_BOUND('',#11462,.T.);
#11462 = EDGE_LOOP('',(#11463,#11469,#11470,#11471));
#11463 = ORIENTED_EDGE('',*,*,#11464,.T.);
#11464 = EDGE_CURVE('',#10730,#10666,#11465,.T.);
#11465 = LINE('',#11466,#11467);
#11466 = CARTESIAN_POINT('',(-0.1,-2.84,-2.5));
#11467 = VECTOR('',#11468,1.);
#11468 = DIRECTION('',(1.,-1.110223024625E-16,0.));
#11469 = ORIENTED_EDGE('',*,*,#10665,.T.);
#11470 = ORIENTED_EDGE('',*,*,#10650,.F.);
#11471 = ORIENTED_EDGE('',*,*,#10729,.F.);
#11472 = PLANE('',#11473);
#11473 = AXIS2_PLACEMENT_3D('',#11474,#11475,#11476);
#11474 = CARTESIAN_POINT('',(-0.1,-2.84,-2.5));
#11475 = DIRECTION('',(-1.110223024625E-16,-1.,0.));
#11476 = DIRECTION('',(0.,0.,1.));
#11477 = ADVANCED_FACE('',(#11478),#11489,.T.);
#11478 = FACE_BOUND('',#11479,.T.);
#11479 = EDGE_LOOP('',(#11480,#11486,#11487,#11488));
#11480 = ORIENTED_EDGE('',*,*,#11481,.T.);
#11481 = EDGE_CURVE('',#10755,#10691,#11482,.T.);
#11482 = LINE('',#11483,#11484);
#11483 = CARTESIAN_POINT('',(-0.1,-2.69,-3.1));
#11484 = VECTOR('',#11485,1.);
#11485 = DIRECTION('',(1.,-1.110223024625E-16,0.));
#11486 = ORIENTED_EDGE('',*,*,#10698,.T.);
#11487 = ORIENTED_EDGE('',*,*,#11464,.F.);
#11488 = ORIENTED_EDGE('',*,*,#10762,.F.);
#11489 = PLANE('',#11490);
#11490 = AXIS2_PLACEMENT_3D('',#11491,#11492,#11493);
#11491 = CARTESIAN_POINT('',(-0.1,-2.69,-3.1));
#11492 = DIRECTION('',(-1.077074540829E-16,-0.970142500145,
    -0.242535625036));
#11493 = DIRECTION('',(-2.692686352073E-17,-0.242535625036,
    0.970142500145));
#11494 = ADVANCED_FACE('',(#11495),#11506,.T.);
#11495 = FACE_BOUND('',#11496,.T.);
#11496 = EDGE_LOOP('',(#11497,#11503,#11504,#11505));
#11497 = ORIENTED_EDGE('',*,*,#11498,.T.);
#11498 = EDGE_CURVE('',#10747,#10683,#11499,.T.);
#11499 = LINE('',#11500,#11501);
#11500 = CARTESIAN_POINT('',(-0.1,-2.39,-3.1));
#11501 = VECTOR('',#11502,1.);
#11502 = DIRECTION('',(1.,-1.110223024625E-16,0.));
#11503 = ORIENTED_EDGE('',*,*,#10690,.T.);
#11504 = ORIENTED_EDGE('',*,*,#11481,.F.);
#11505 = ORIENTED_EDGE('',*,*,#10754,.T.);
#11506 = PLANE('',#11507);
#11507 = AXIS2_PLACEMENT_3D('',#11508,#11509,#11510);
#11508 = CARTESIAN_POINT('',(-0.1,-2.39,-3.1));
#11509 = DIRECTION('',(0.,-0.,-1.));
#11510 = DIRECTION('',(-1.110223024625E-16,-1.,0.));
#11511 = ADVANCED_FACE('',(#11512),#11523,.T.);
#11512 = FACE_BOUND('',#11513,.T.);
#11513 = EDGE_LOOP('',(#11514,#11520,#11521,#11522));
#11514 = ORIENTED_EDGE('',*,*,#11515,.T.);
#11515 = EDGE_CURVE('',#10739,#10675,#11516,.T.);
#11516 = LINE('',#11517,#11518);
#11517 = CARTESIAN_POINT('',(-0.1,-2.24,-2.5));
#11518 = VECTOR('',#11519,1.);
#11519 = DIRECTION('',(1.,-1.110223024625E-16,0.));
#11520 = ORIENTED_EDGE('',*,*,#10682,.T.);
#11521 = ORIENTED_EDGE('',*,*,#11498,.F.);
#11522 = ORIENTED_EDGE('',*,*,#10746,.F.);
#11523 = PLANE('',#11524);
#11524 = AXIS2_PLACEMENT_3D('',#11525,#11526,#11527);
#11525 = CARTESIAN_POINT('',(-0.1,-2.24,-2.5));
#11526 = DIRECTION('',(1.077074540829E-16,0.970142500145,-0.242535625036
    ));
#11527 = DIRECTION('',(-2.692686352073E-17,-0.242535625036,
    -0.970142500145));
#11528 = ADVANCED_FACE('',(#11529),#11535,.T.);
#11529 = FACE_BOUND('',#11530,.T.);
#11530 = EDGE_LOOP('',(#11531,#11532,#11533,#11534));
#11531 = ORIENTED_EDGE('',*,*,#10712,.T.);
#11532 = ORIENTED_EDGE('',*,*,#10674,.T.);
#11533 = ORIENTED_EDGE('',*,*,#11515,.F.);
#11534 = ORIENTED_EDGE('',*,*,#10738,.F.);
#11535 = PLANE('',#11536);
#11536 = AXIS2_PLACEMENT_3D('',#11537,#11538,#11539);
#11537 = CARTESIAN_POINT('',(-0.1,-2.24,0.2));
#11538 = DIRECTION('',(1.110223024625E-16,1.,0.));
#11539 = DIRECTION('',(0.,0.,-1.));
#11540 = ADVANCED_FACE('',(#11541),#11552,.T.);
#11541 = FACE_BOUND('',#11542,.T.);
#11542 = EDGE_LOOP('',(#11543,#11549,#11550,#11551));
#11543 = ORIENTED_EDGE('',*,*,#11544,.T.);
#11544 = EDGE_CURVE('',#10858,#10794,#11545,.T.);
#11545 = LINE('',#11546,#11547);
#11546 = CARTESIAN_POINT('',(-0.1,-0.3,-2.5));
#11547 = VECTOR('',#11548,1.);
#11548 = DIRECTION('',(1.,-1.110223024625E-16,0.));
#11549 = ORIENTED_EDGE('',*,*,#10793,.T.);
#11550 = ORIENTED_EDGE('',*,*,#10778,.F.);
#11551 = ORIENTED_EDGE('',*,*,#10857,.F.);
#11552 = PLANE('',#11553);
#11553 = AXIS2_PLACEMENT_3D('',#11554,#11555,#11556);
#11554 = CARTESIAN_POINT('',(-0.1,-0.3,-2.5));
#11555 = DIRECTION('',(-1.110223024625E-16,-1.,0.));
#11556 = DIRECTION('',(0.,0.,1.));
#11557 = ADVANCED_FACE('',(#11558),#11569,.T.);
#11558 = FACE_BOUND('',#11559,.T.);
#11559 = EDGE_LOOP('',(#11560,#11566,#11567,#11568));
#11560 = ORIENTED_EDGE('',*,*,#11561,.T.);
#11561 = EDGE_CURVE('',#10883,#10819,#11562,.T.);
#11562 = LINE('',#11563,#11564);
#11563 = CARTESIAN_POINT('',(-0.1,-0.15,-3.1));
#11564 = VECTOR('',#11565,1.);
#11565 = DIRECTION('',(1.,-1.110223024625E-16,0.));
#11566 = ORIENTED_EDGE('',*,*,#10826,.T.);
#11567 = ORIENTED_EDGE('',*,*,#11544,.F.);
#11568 = ORIENTED_EDGE('',*,*,#10890,.F.);
#11569 = PLANE('',#11570);
#11570 = AXIS2_PLACEMENT_3D('',#11571,#11572,#11573);
#11571 = CARTESIAN_POINT('',(-0.1,-0.15,-3.1));
#11572 = DIRECTION('',(-1.077074540829E-16,-0.970142500145,
    -0.242535625036));
#11573 = DIRECTION('',(-2.692686352073E-17,-0.242535625036,
    0.970142500145));
#11574 = ADVANCED_FACE('',(#11575),#11586,.T.);
#11575 = FACE_BOUND('',#11576,.T.);
#11576 = EDGE_LOOP('',(#11577,#11583,#11584,#11585));
#11577 = ORIENTED_EDGE('',*,*,#11578,.T.);
#11578 = EDGE_CURVE('',#10875,#10811,#11579,.T.);
#11579 = LINE('',#11580,#11581);
#11580 = CARTESIAN_POINT('',(-0.1,0.15,-3.1));
#11581 = VECTOR('',#11582,1.);
#11582 = DIRECTION('',(1.,-1.110223024625E-16,0.));
#11583 = ORIENTED_EDGE('',*,*,#10818,.T.);
#11584 = ORIENTED_EDGE('',*,*,#11561,.F.);
#11585 = ORIENTED_EDGE('',*,*,#10882,.T.);
#11586 = PLANE('',#11587);
#11587 = AXIS2_PLACEMENT_3D('',#11588,#11589,#11590);
#11588 = CARTESIAN_POINT('',(-0.1,0.15,-3.1));
#11589 = DIRECTION('',(0.,-0.,-1.));
#11590 = DIRECTION('',(-1.110223024625E-16,-1.,0.));
#11591 = ADVANCED_FACE('',(#11592),#11603,.T.);
#11592 = FACE_BOUND('',#11593,.T.);
#11593 = EDGE_LOOP('',(#11594,#11600,#11601,#11602));
#11594 = ORIENTED_EDGE('',*,*,#11595,.T.);
#11595 = EDGE_CURVE('',#10867,#10803,#11596,.T.);
#11596 = LINE('',#11597,#11598);
#11597 = CARTESIAN_POINT('',(-0.1,0.3,-2.5));
#11598 = VECTOR('',#11599,1.);
#11599 = DIRECTION('',(1.,-1.110223024625E-16,0.));
#11600 = ORIENTED_EDGE('',*,*,#10810,.T.);
#11601 = ORIENTED_EDGE('',*,*,#11578,.F.);
#11602 = ORIENTED_EDGE('',*,*,#10874,.F.);
#11603 = PLANE('',#11604);
#11604 = AXIS2_PLACEMENT_3D('',#11605,#11606,#11607);
#11605 = CARTESIAN_POINT('',(-0.1,0.3,-2.5));
#11606 = DIRECTION('',(1.077074540829E-16,0.970142500145,-0.242535625036
    ));
#11607 = DIRECTION('',(-2.692686352073E-17,-0.242535625036,
    -0.970142500145));
#11608 = ADVANCED_FACE('',(#11609),#11615,.T.);
#11609 = FACE_BOUND('',#11610,.T.);
#11610 = EDGE_LOOP('',(#11611,#11612,#11613,#11614));
#11611 = ORIENTED_EDGE('',*,*,#10840,.T.);
#11612 = ORIENTED_EDGE('',*,*,#10802,.T.);
#11613 = ORIENTED_EDGE('',*,*,#11595,.F.);
#11614 = ORIENTED_EDGE('',*,*,#10866,.F.);
#11615 = PLANE('',#11616);
#11616 = AXIS2_PLACEMENT_3D('',#11617,#11618,#11619);
#11617 = CARTESIAN_POINT('',(-0.1,0.3,0.2));
#11618 = DIRECTION('',(1.110223024625E-16,1.,0.));
#11619 = DIRECTION('',(0.,0.,-1.));
#11620 = ADVANCED_FACE('',(#11621),#11632,.T.);
#11621 = FACE_BOUND('',#11622,.T.);
#11622 = EDGE_LOOP('',(#11623,#11624,#11625,#11626));
#11623 = ORIENTED_EDGE('',*,*,#11049,.T.);
#11624 = ORIENTED_EDGE('',*,*,#10912,.T.);
#11625 = ORIENTED_EDGE('',*,*,#10937,.T.);
#11626 = ORIENTED_EDGE('',*,*,#11627,.T.);
#11627 = EDGE_CURVE('',#10938,#11042,#11628,.T.);
#11628 = LINE('',#11629,#11630);
#11629 = CARTESIAN_POINT('',(0.1,-5.08,0.9));
#11630 = VECTOR('',#11631,1.);
#11631 = DIRECTION('',(-1.110223024625E-16,-1.,0.));
#11632 = PLANE('',#11633);
#11633 = AXIS2_PLACEMENT_3D('',#11634,#11635,#11636);
#11634 = CARTESIAN_POINT('',(-6.461035410391E-16,-5.08,0.9));
#11635 = DIRECTION('',(0.,0.,1.));
#11636 = DIRECTION('',(1.110223024625E-16,1.,-0.));
#11637 = ADVANCED_FACE('',(#11638),#11649,.T.);
#11638 = FACE_BOUND('',#11639,.T.);
#11639 = EDGE_LOOP('',(#11640,#11641,#11647,#11648));
#11640 = ORIENTED_EDGE('',*,*,#11017,.T.);
#11641 = ORIENTED_EDGE('',*,*,#11642,.F.);
#11642 = EDGE_CURVE('',#10962,#11018,#11643,.T.);
#11643 = LINE('',#11644,#11645);
#11644 = CARTESIAN_POINT('',(-0.1,-5.08,0.9));
#11645 = VECTOR('',#11646,1.);
#11646 = DIRECTION('',(-1.110223024625E-16,-1.,0.));
#11647 = ORIENTED_EDGE('',*,*,#10969,.T.);
#11648 = ORIENTED_EDGE('',*,*,#10992,.T.);
#11649 = PLANE('',#11650);
#11650 = AXIS2_PLACEMENT_3D('',#11651,#11652,#11653);
#11651 = CARTESIAN_POINT('',(-6.461035410391E-16,-5.08,0.9));
#11652 = DIRECTION('',(0.,0.,1.));
#11653 = DIRECTION('',(1.110223024625E-16,1.,-0.));
#11654 = ADVANCED_FACE('',(#11655),#11698,.T.);
#11655 = FACE_BOUND('',#11656,.T.);
#11656 = EDGE_LOOP('',(#11657,#11658,#11666,#11674,#11682,#11690,#11696,
    #11697));
#11657 = ORIENTED_EDGE('',*,*,#11025,.F.);
#11658 = ORIENTED_EDGE('',*,*,#11659,.T.);
#11659 = EDGE_CURVE('',#11026,#11660,#11662,.T.);
#11660 = VERTEX_POINT('',#11661);
#11661 = CARTESIAN_POINT('',(-0.1,-5.33,7.35));
#11662 = LINE('',#11663,#11664);
#11663 = CARTESIAN_POINT('',(-0.1,-5.38,7.4));
#11664 = VECTOR('',#11665,1.);
#11665 = DIRECTION('',(7.850462293414E-17,0.707106781187,-0.707106781187
    ));
#11666 = ORIENTED_EDGE('',*,*,#11667,.T.);
#11667 = EDGE_CURVE('',#11660,#11668,#11670,.T.);
#11668 = VERTEX_POINT('',#11669);
#11669 = CARTESIAN_POINT('',(-0.1,-5.33,1.25));
#11670 = LINE('',#11671,#11672);
#11671 = CARTESIAN_POINT('',(-0.1,-5.33,7.35));
#11672 = VECTOR('',#11673,1.);
#11673 = DIRECTION('',(0.,0.,-1.));
#11674 = ORIENTED_EDGE('',*,*,#11675,.T.);
#11675 = EDGE_CURVE('',#11668,#11676,#11678,.T.);
#11676 = VERTEX_POINT('',#11677);
#11677 = CARTESIAN_POINT('',(-0.1,-4.83,1.25));
#11678 = LINE('',#11679,#11680);
#11679 = CARTESIAN_POINT('',(-0.1,-5.33,1.25));
#11680 = VECTOR('',#11681,1.);
#11681 = DIRECTION('',(1.110223024625E-16,1.,0.));
#11682 = ORIENTED_EDGE('',*,*,#11683,.T.);
#11683 = EDGE_CURVE('',#11676,#11684,#11686,.T.);
#11684 = VERTEX_POINT('',#11685);
#11685 = CARTESIAN_POINT('',(-0.1,-4.83,7.35));
#11686 = LINE('',#11687,#11688);
#11687 = CARTESIAN_POINT('',(-0.1,-4.83,1.25));
#11688 = VECTOR('',#11689,1.);
#11689 = DIRECTION('',(0.,0.,1.));
#11690 = ORIENTED_EDGE('',*,*,#11691,.T.);
#11691 = EDGE_CURVE('',#11684,#10954,#11692,.T.);
#11692 = LINE('',#11693,#11694);
#11693 = CARTESIAN_POINT('',(-0.1,-4.83,7.35));
#11694 = VECTOR('',#11695,1.);
#11695 = DIRECTION('',(7.850462293414E-17,0.707106781187,0.707106781187)
  );
#11696 = ORIENTED_EDGE('',*,*,#10961,.F.);
#11697 = ORIENTED_EDGE('',*,*,#11642,.T.);
#11698 = PLANE('',#11699);
#11699 = AXIS2_PLACEMENT_3D('',#11700,#11701,#11702);
#11700 = CARTESIAN_POINT('',(-0.1,-5.08,3.911477598424));
#11701 = DIRECTION('',(-1.,1.110223024625E-16,0.));
#11702 = DIRECTION('',(0.,0.,1.));
#11703 = ADVANCED_FACE('',(#11704),#11722,.T.);
#11704 = FACE_BOUND('',#11705,.T.);
#11705 = EDGE_LOOP('',(#11706,#11714,#11720,#11721));
#11706 = ORIENTED_EDGE('',*,*,#11707,.T.);
#11707 = EDGE_CURVE('',#11684,#11708,#11710,.T.);
#11708 = VERTEX_POINT('',#11709);
#11709 = CARTESIAN_POINT('',(0.1,-4.83,7.35));
#11710 = LINE('',#11711,#11712);
#11711 = CARTESIAN_POINT('',(-0.1,-4.83,7.35));
#11712 = VECTOR('',#11713,1.);
#11713 = DIRECTION('',(1.,-1.110223024625E-16,0.));
#11714 = ORIENTED_EDGE('',*,*,#11715,.T.);
#11715 = EDGE_CURVE('',#11708,#10946,#11716,.T.);
#11716 = LINE('',#11717,#11718);
#11717 = CARTESIAN_POINT('',(0.1,-4.83,7.35));
#11718 = VECTOR('',#11719,1.);
#11719 = DIRECTION('',(7.850462293414E-17,0.707106781187,0.707106781187)
  );
#11720 = ORIENTED_EDGE('',*,*,#10953,.F.);
#11721 = ORIENTED_EDGE('',*,*,#11691,.F.);
#11722 = PLANE('',#11723);
#11723 = AXIS2_PLACEMENT_3D('',#11724,#11725,#11726);
#11724 = CARTESIAN_POINT('',(-0.1,-4.83,7.35));
#11725 = DIRECTION('',(-7.850462293414E-17,-0.707106781187,
    0.707106781187));
#11726 = DIRECTION('',(7.850462293414E-17,0.707106781187,0.707106781187)
  );
#11727 = ADVANCED_FACE('',(#11728),#11764,.F.);
#11728 = FACE_BOUND('',#11729,.F.);
#11729 = EDGE_LOOP('',(#11730,#11731,#11739,#11747,#11755,#11761,#11762,
    #11763));
#11730 = ORIENTED_EDGE('',*,*,#11041,.F.);
#11731 = ORIENTED_EDGE('',*,*,#11732,.T.);
#11732 = EDGE_CURVE('',#11034,#11733,#11735,.T.);
#11733 = VERTEX_POINT('',#11734);
#11734 = CARTESIAN_POINT('',(0.1,-5.33,7.35));
#11735 = LINE('',#11736,#11737);
#11736 = CARTESIAN_POINT('',(0.1,-5.38,7.4));
#11737 = VECTOR('',#11738,1.);
#11738 = DIRECTION('',(7.850462293414E-17,0.707106781187,-0.707106781187
    ));
#11739 = ORIENTED_EDGE('',*,*,#11740,.T.);
#11740 = EDGE_CURVE('',#11733,#11741,#11743,.T.);
#11741 = VERTEX_POINT('',#11742);
#11742 = CARTESIAN_POINT('',(0.1,-5.33,1.25));
#11743 = LINE('',#11744,#11745);
#11744 = CARTESIAN_POINT('',(0.1,-5.33,7.35));
#11745 = VECTOR('',#11746,1.);
#11746 = DIRECTION('',(0.,0.,-1.));
#11747 = ORIENTED_EDGE('',*,*,#11748,.T.);
#11748 = EDGE_CURVE('',#11741,#11749,#11751,.T.);
#11749 = VERTEX_POINT('',#11750);
#11750 = CARTESIAN_POINT('',(0.1,-4.83,1.25));
#11751 = LINE('',#11752,#11753);
#11752 = CARTESIAN_POINT('',(0.1,-5.33,1.25));
#11753 = VECTOR('',#11754,1.);
#11754 = DIRECTION('',(1.110223024625E-16,1.,0.));
#11755 = ORIENTED_EDGE('',*,*,#11756,.T.);
#11756 = EDGE_CURVE('',#11749,#11708,#11757,.T.);
#11757 = LINE('',#11758,#11759);
#11758 = CARTESIAN_POINT('',(0.1,-4.83,1.25));
#11759 = VECTOR('',#11760,1.);
#11760 = DIRECTION('',(0.,0.,1.));
#11761 = ORIENTED_EDGE('',*,*,#11715,.T.);
#11762 = ORIENTED_EDGE('',*,*,#10945,.F.);
#11763 = ORIENTED_EDGE('',*,*,#11627,.T.);
#11764 = PLANE('',#11765);
#11765 = AXIS2_PLACEMENT_3D('',#11766,#11767,#11768);
#11766 = CARTESIAN_POINT('',(0.1,-5.08,3.911477598424));
#11767 = DIRECTION('',(-1.,1.110223024625E-16,0.));
#11768 = DIRECTION('',(0.,0.,1.));
#11769 = ADVANCED_FACE('',(#11770),#11781,.T.);
#11770 = FACE_BOUND('',#11771,.T.);
#11771 = EDGE_LOOP('',(#11772,#11773,#11774,#11780));
#11772 = ORIENTED_EDGE('',*,*,#11033,.T.);
#11773 = ORIENTED_EDGE('',*,*,#11732,.T.);
#11774 = ORIENTED_EDGE('',*,*,#11775,.F.);
#11775 = EDGE_CURVE('',#11660,#11733,#11776,.T.);
#11776 = LINE('',#11777,#11778);
#11777 = CARTESIAN_POINT('',(-0.1,-5.33,7.35));
#11778 = VECTOR('',#11779,1.);
#11779 = DIRECTION('',(1.,-1.110223024625E-16,0.));
#11780 = ORIENTED_EDGE('',*,*,#11659,.F.);
#11781 = PLANE('',#11782);
#11782 = AXIS2_PLACEMENT_3D('',#11783,#11784,#11785);
#11783 = CARTESIAN_POINT('',(-0.1,-5.38,7.4));
#11784 = DIRECTION('',(7.850462293414E-17,0.707106781187,0.707106781187)
  );
#11785 = DIRECTION('',(7.850462293414E-17,0.707106781187,-0.707106781187
    ));
#11786 = ADVANCED_FACE('',(#11787),#11798,.T.);
#11787 = FACE_BOUND('',#11788,.T.);
#11788 = EDGE_LOOP('',(#11789,#11790,#11791,#11792));
#11789 = ORIENTED_EDGE('',*,*,#11209,.T.);
#11790 = ORIENTED_EDGE('',*,*,#11072,.T.);
#11791 = ORIENTED_EDGE('',*,*,#11097,.T.);
#11792 = ORIENTED_EDGE('',*,*,#11793,.T.);
#11793 = EDGE_CURVE('',#11098,#11202,#11794,.T.);
#11794 = LINE('',#11795,#11796);
#11795 = CARTESIAN_POINT('',(0.1,-2.54,0.9));
#11796 = VECTOR('',#11797,1.);
#11797 = DIRECTION('',(-1.110223024625E-16,-1.,0.));
#11798 = PLANE('',#11799);
#11799 = AXIS2_PLACEMENT_3D('',#11800,#11801,#11802);
#11800 = CARTESIAN_POINT('',(-3.641068927844E-16,-2.54,0.9));
#11801 = DIRECTION('',(0.,0.,1.));
#11802 = DIRECTION('',(1.110223024625E-16,1.,-0.));
#11803 = ADVANCED_FACE('',(#11804),#11815,.T.);
#11804 = FACE_BOUND('',#11805,.T.);
#11805 = EDGE_LOOP('',(#11806,#11807,#11813,#11814));
#11806 = ORIENTED_EDGE('',*,*,#11177,.T.);
#11807 = ORIENTED_EDGE('',*,*,#11808,.F.);
#11808 = EDGE_CURVE('',#11122,#11178,#11809,.T.);
#11809 = LINE('',#11810,#11811);
#11810 = CARTESIAN_POINT('',(-0.1,-2.54,0.9));
#11811 = VECTOR('',#11812,1.);
#11812 = DIRECTION('',(-1.110223024625E-16,-1.,0.));
#11813 = ORIENTED_EDGE('',*,*,#11129,.T.);
#11814 = ORIENTED_EDGE('',*,*,#11152,.T.);
#11815 = PLANE('',#11816);
#11816 = AXIS2_PLACEMENT_3D('',#11817,#11818,#11819);
#11817 = CARTESIAN_POINT('',(-3.641068927844E-16,-2.54,0.9));
#11818 = DIRECTION('',(0.,0.,1.));
#11819 = DIRECTION('',(1.110223024625E-16,1.,-0.));
#11820 = ADVANCED_FACE('',(#11821),#11864,.T.);
#11821 = FACE_BOUND('',#11822,.T.);
#11822 = EDGE_LOOP('',(#11823,#11824,#11832,#11840,#11848,#11856,#11862,
    #11863));
#11823 = ORIENTED_EDGE('',*,*,#11185,.F.);
#11824 = ORIENTED_EDGE('',*,*,#11825,.T.);
#11825 = EDGE_CURVE('',#11186,#11826,#11828,.T.);
#11826 = VERTEX_POINT('',#11827);
#11827 = CARTESIAN_POINT('',(-0.1,-2.79,7.35));
#11828 = LINE('',#11829,#11830);
#11829 = CARTESIAN_POINT('',(-0.1,-2.84,7.4));
#11830 = VECTOR('',#11831,1.);
#11831 = DIRECTION('',(7.850462293414E-17,0.707106781187,-0.707106781187
    ));
#11832 = ORIENTED_EDGE('',*,*,#11833,.T.);
#11833 = EDGE_CURVE('',#11826,#11834,#11836,.T.);
#11834 = VERTEX_POINT('',#11835);
#11835 = CARTESIAN_POINT('',(-0.1,-2.79,1.25));
#11836 = LINE('',#11837,#11838);
#11837 = CARTESIAN_POINT('',(-0.1,-2.79,7.35));
#11838 = VECTOR('',#11839,1.);
#11839 = DIRECTION('',(0.,0.,-1.));
#11840 = ORIENTED_EDGE('',*,*,#11841,.T.);
#11841 = EDGE_CURVE('',#11834,#11842,#11844,.T.);
#11842 = VERTEX_POINT('',#11843);
#11843 = CARTESIAN_POINT('',(-0.1,-2.29,1.25));
#11844 = LINE('',#11845,#11846);
#11845 = CARTESIAN_POINT('',(-0.1,-2.79,1.25));
#11846 = VECTOR('',#11847,1.);
#11847 = DIRECTION('',(1.110223024625E-16,1.,0.));
#11848 = ORIENTED_EDGE('',*,*,#11849,.T.);
#11849 = EDGE_CURVE('',#11842,#11850,#11852,.T.);
#11850 = VERTEX_POINT('',#11851);
#11851 = CARTESIAN_POINT('',(-0.1,-2.29,7.35));
#11852 = LINE('',#11853,#11854);
#11853 = CARTESIAN_POINT('',(-0.1,-2.29,1.25));
#11854 = VECTOR('',#11855,1.);
#11855 = DIRECTION('',(0.,0.,1.));
#11856 = ORIENTED_EDGE('',*,*,#11857,.T.);
#11857 = EDGE_CURVE('',#11850,#11114,#11858,.T.);
#11858 = LINE('',#11859,#11860);
#11859 = CARTESIAN_POINT('',(-0.1,-2.29,7.35));
#11860 = VECTOR('',#11861,1.);
#11861 = DIRECTION('',(7.850462293414E-17,0.707106781187,0.707106781187)
  );
#11862 = ORIENTED_EDGE('',*,*,#11121,.F.);
#11863 = ORIENTED_EDGE('',*,*,#11808,.T.);
#11864 = PLANE('',#11865);
#11865 = AXIS2_PLACEMENT_3D('',#11866,#11867,#11868);
#11866 = CARTESIAN_POINT('',(-0.1,-2.54,3.911477598424));
#11867 = DIRECTION('',(-1.,1.110223024625E-16,0.));
#11868 = DIRECTION('',(0.,0.,1.));
#11869 = ADVANCED_FACE('',(#11870),#11888,.T.);
#11870 = FACE_BOUND('',#11871,.T.);
#11871 = EDGE_LOOP('',(#11872,#11880,#11886,#11887));
#11872 = ORIENTED_EDGE('',*,*,#11873,.T.);
#11873 = EDGE_CURVE('',#11850,#11874,#11876,.T.);
#11874 = VERTEX_POINT('',#11875);
#11875 = CARTESIAN_POINT('',(0.1,-2.29,7.35));
#11876 = LINE('',#11877,#11878);
#11877 = CARTESIAN_POINT('',(-0.1,-2.29,7.35));
#11878 = VECTOR('',#11879,1.);
#11879 = DIRECTION('',(1.,-1.110223024625E-16,0.));
#11880 = ORIENTED_EDGE('',*,*,#11881,.T.);
#11881 = EDGE_CURVE('',#11874,#11106,#11882,.T.);
#11882 = LINE('',#11883,#11884);
#11883 = CARTESIAN_POINT('',(0.1,-2.29,7.35));
#11884 = VECTOR('',#11885,1.);
#11885 = DIRECTION('',(7.850462293414E-17,0.707106781187,0.707106781187)
  );
#11886 = ORIENTED_EDGE('',*,*,#11113,.F.);
#11887 = ORIENTED_EDGE('',*,*,#11857,.F.);
#11888 = PLANE('',#11889);
#11889 = AXIS2_PLACEMENT_3D('',#11890,#11891,#11892);
#11890 = CARTESIAN_POINT('',(-0.1,-2.29,7.35));
#11891 = DIRECTION('',(-7.850462293414E-17,-0.707106781187,
    0.707106781187));
#11892 = DIRECTION('',(7.850462293414E-17,0.707106781187,0.707106781187)
  );
#11893 = ADVANCED_FACE('',(#11894),#11930,.F.);
#11894 = FACE_BOUND('',#11895,.F.);
#11895 = EDGE_LOOP('',(#11896,#11897,#11905,#11913,#11921,#11927,#11928,
    #11929));
#11896 = ORIENTED_EDGE('',*,*,#11201,.F.);
#11897 = ORIENTED_EDGE('',*,*,#11898,.T.);
#11898 = EDGE_CURVE('',#11194,#11899,#11901,.T.);
#11899 = VERTEX_POINT('',#11900);
#11900 = CARTESIAN_POINT('',(0.1,-2.79,7.35));
#11901 = LINE('',#11902,#11903);
#11902 = CARTESIAN_POINT('',(0.1,-2.84,7.4));
#11903 = VECTOR('',#11904,1.);
#11904 = DIRECTION('',(7.850462293414E-17,0.707106781187,-0.707106781187
    ));
#11905 = ORIENTED_EDGE('',*,*,#11906,.T.);
#11906 = EDGE_CURVE('',#11899,#11907,#11909,.T.);
#11907 = VERTEX_POINT('',#11908);
#11908 = CARTESIAN_POINT('',(0.1,-2.79,1.25));
#11909 = LINE('',#11910,#11911);
#11910 = CARTESIAN_POINT('',(0.1,-2.79,7.35));
#11911 = VECTOR('',#11912,1.);
#11912 = DIRECTION('',(0.,0.,-1.));
#11913 = ORIENTED_EDGE('',*,*,#11914,.T.);
#11914 = EDGE_CURVE('',#11907,#11915,#11917,.T.);
#11915 = VERTEX_POINT('',#11916);
#11916 = CARTESIAN_POINT('',(0.1,-2.29,1.25));
#11917 = LINE('',#11918,#11919);
#11918 = CARTESIAN_POINT('',(0.1,-2.79,1.25));
#11919 = VECTOR('',#11920,1.);
#11920 = DIRECTION('',(1.110223024625E-16,1.,0.));
#11921 = ORIENTED_EDGE('',*,*,#11922,.T.);
#11922 = EDGE_CURVE('',#11915,#11874,#11923,.T.);
#11923 = LINE('',#11924,#11925);
#11924 = CARTESIAN_POINT('',(0.1,-2.29,1.25));
#11925 = VECTOR('',#11926,1.);
#11926 = DIRECTION('',(0.,0.,1.));
#11927 = ORIENTED_EDGE('',*,*,#11881,.T.);
#11928 = ORIENTED_EDGE('',*,*,#11105,.F.);
#11929 = ORIENTED_EDGE('',*,*,#11793,.T.);
#11930 = PLANE('',#11931);
#11931 = AXIS2_PLACEMENT_3D('',#11932,#11933,#11934);
#11932 = CARTESIAN_POINT('',(0.1,-2.54,3.911477598424));
#11933 = DIRECTION('',(-1.,1.110223024625E-16,0.));
#11934 = DIRECTION('',(0.,0.,1.));
#11935 = ADVANCED_FACE('',(#11936),#11947,.T.);
#11936 = FACE_BOUND('',#11937,.T.);
#11937 = EDGE_LOOP('',(#11938,#11939,#11940,#11946));
#11938 = ORIENTED_EDGE('',*,*,#11193,.T.);
#11939 = ORIENTED_EDGE('',*,*,#11898,.T.);
#11940 = ORIENTED_EDGE('',*,*,#11941,.F.);
#11941 = EDGE_CURVE('',#11826,#11899,#11942,.T.);
#11942 = LINE('',#11943,#11944);
#11943 = CARTESIAN_POINT('',(-0.1,-2.79,7.35));
#11944 = VECTOR('',#11945,1.);
#11945 = DIRECTION('',(1.,-1.110223024625E-16,0.));
#11946 = ORIENTED_EDGE('',*,*,#11825,.F.);
#11947 = PLANE('',#11948);
#11948 = AXIS2_PLACEMENT_3D('',#11949,#11950,#11951);
#11949 = CARTESIAN_POINT('',(-0.1,-2.84,7.4));
#11950 = DIRECTION('',(7.850462293414E-17,0.707106781187,0.707106781187)
  );
#11951 = DIRECTION('',(7.850462293414E-17,0.707106781187,-0.707106781187
    ));
#11952 = ADVANCED_FACE('',(#11953),#11964,.T.);
#11953 = FACE_BOUND('',#11954,.T.);
#11954 = EDGE_LOOP('',(#11955,#11956,#11957,#11958));
#11955 = ORIENTED_EDGE('',*,*,#11369,.T.);
#11956 = ORIENTED_EDGE('',*,*,#11232,.T.);
#11957 = ORIENTED_EDGE('',*,*,#11257,.T.);
#11958 = ORIENTED_EDGE('',*,*,#11959,.T.);
#11959 = EDGE_CURVE('',#11258,#11362,#11960,.T.);
#11960 = LINE('',#11961,#11962);
#11961 = CARTESIAN_POINT('',(0.1,-1.110223024625E-17,0.9));
#11962 = VECTOR('',#11963,1.);
#11963 = DIRECTION('',(-1.110223024625E-16,-1.,0.));
#11964 = PLANE('',#11965);
#11965 = AXIS2_PLACEMENT_3D('',#11966,#11967,#11968);
#11966 = CARTESIAN_POINT('',(-8.211024452957E-17,9.116068403433E-33,0.9)
  );
#11967 = DIRECTION('',(0.,0.,1.));
#11968 = DIRECTION('',(1.110223024625E-16,1.,-0.));
#11969 = ADVANCED_FACE('',(#11970),#11981,.T.);
#11970 = FACE_BOUND('',#11971,.T.);
#11971 = EDGE_LOOP('',(#11972,#11973,#11979,#11980));
#11972 = ORIENTED_EDGE('',*,*,#11337,.T.);
#11973 = ORIENTED_EDGE('',*,*,#11974,.F.);
#11974 = EDGE_CURVE('',#11282,#11338,#11975,.T.);
#11975 = LINE('',#11976,#11977);
#11976 = CARTESIAN_POINT('',(-0.1,1.110223024625E-17,0.9));
#11977 = VECTOR('',#11978,1.);
#11978 = DIRECTION('',(-1.110223024625E-16,-1.,0.));
#11979 = ORIENTED_EDGE('',*,*,#11289,.T.);
#11980 = ORIENTED_EDGE('',*,*,#11312,.T.);
#11981 = PLANE('',#11982);
#11982 = AXIS2_PLACEMENT_3D('',#11983,#11984,#11985);
#11983 = CARTESIAN_POINT('',(-8.211024452957E-17,9.116068403433E-33,0.9)
  );
#11984 = DIRECTION('',(0.,0.,1.));
#11985 = DIRECTION('',(1.110223024625E-16,1.,-0.));
#11986 = ADVANCED_FACE('',(#11987),#12030,.T.);
#11987 = FACE_BOUND('',#11988,.T.);
#11988 = EDGE_LOOP('',(#11989,#11990,#11998,#12006,#12014,#12022,#12028,
    #12029));
#11989 = ORIENTED_EDGE('',*,*,#11345,.F.);
#11990 = ORIENTED_EDGE('',*,*,#11991,.T.);
#11991 = EDGE_CURVE('',#11346,#11992,#11994,.T.);
#11992 = VERTEX_POINT('',#11993);
#11993 = CARTESIAN_POINT('',(-0.1,-0.25,7.35));
#11994 = LINE('',#11995,#11996);
#11995 = CARTESIAN_POINT('',(-0.1,-0.3,7.4));
#11996 = VECTOR('',#11997,1.);
#11997 = DIRECTION('',(7.850462293414E-17,0.707106781187,-0.707106781187
    ));
#11998 = ORIENTED_EDGE('',*,*,#11999,.T.);
#11999 = EDGE_CURVE('',#11992,#12000,#12002,.T.);
#12000 = VERTEX_POINT('',#12001);
#12001 = CARTESIAN_POINT('',(-0.1,-0.25,1.25));
#12002 = LINE('',#12003,#12004);
#12003 = CARTESIAN_POINT('',(-0.1,-0.25,7.35));
#12004 = VECTOR('',#12005,1.);
#12005 = DIRECTION('',(0.,0.,-1.));
#12006 = ORIENTED_EDGE('',*,*,#12007,.T.);
#12007 = EDGE_CURVE('',#12000,#12008,#12010,.T.);
#12008 = VERTEX_POINT('',#12009);
#12009 = CARTESIAN_POINT('',(-0.1,0.25,1.25));
#12010 = LINE('',#12011,#12012);
#12011 = CARTESIAN_POINT('',(-0.1,-0.25,1.25));
#12012 = VECTOR('',#12013,1.);
#12013 = DIRECTION('',(1.110223024625E-16,1.,0.));
#12014 = ORIENTED_EDGE('',*,*,#12015,.T.);
#12015 = EDGE_CURVE('',#12008,#12016,#12018,.T.);
#12016 = VERTEX_POINT('',#12017);
#12017 = CARTESIAN_POINT('',(-0.1,0.25,7.35));
#12018 = LINE('',#12019,#12020);
#12019 = CARTESIAN_POINT('',(-0.1,0.25,1.25));
#12020 = VECTOR('',#12021,1.);
#12021 = DIRECTION('',(0.,0.,1.));
#12022 = ORIENTED_EDGE('',*,*,#12023,.T.);
#12023 = EDGE_CURVE('',#12016,#11274,#12024,.T.);
#12024 = LINE('',#12025,#12026);
#12025 = CARTESIAN_POINT('',(-0.1,0.25,7.35));
#12026 = VECTOR('',#12027,1.);
#12027 = DIRECTION('',(7.850462293414E-17,0.707106781187,0.707106781187)
  );
#12028 = ORIENTED_EDGE('',*,*,#11281,.F.);
#12029 = ORIENTED_EDGE('',*,*,#11974,.T.);
#12030 = PLANE('',#12031);
#12031 = AXIS2_PLACEMENT_3D('',#12032,#12033,#12034);
#12032 = CARTESIAN_POINT('',(-0.1,1.110223024625E-17,3.911477598424));
#12033 = DIRECTION('',(-1.,1.110223024625E-16,0.));
#12034 = DIRECTION('',(0.,0.,1.));
#12035 = ADVANCED_FACE('',(#12036),#12054,.T.);
#12036 = FACE_BOUND('',#12037,.T.);
#12037 = EDGE_LOOP('',(#12038,#12046,#12052,#12053));
#12038 = ORIENTED_EDGE('',*,*,#12039,.T.);
#12039 = EDGE_CURVE('',#12016,#12040,#12042,.T.);
#12040 = VERTEX_POINT('',#12041);
#12041 = CARTESIAN_POINT('',(0.1,0.25,7.35));
#12042 = LINE('',#12043,#12044);
#12043 = CARTESIAN_POINT('',(-0.1,0.25,7.35));
#12044 = VECTOR('',#12045,1.);
#12045 = DIRECTION('',(1.,-1.110223024625E-16,0.));
#12046 = ORIENTED_EDGE('',*,*,#12047,.T.);
#12047 = EDGE_CURVE('',#12040,#11266,#12048,.T.);
#12048 = LINE('',#12049,#12050);
#12049 = CARTESIAN_POINT('',(0.1,0.25,7.35));
#12050 = VECTOR('',#12051,1.);
#12051 = DIRECTION('',(7.850462293414E-17,0.707106781187,0.707106781187)
  );
#12052 = ORIENTED_EDGE('',*,*,#11273,.F.);
#12053 = ORIENTED_EDGE('',*,*,#12023,.F.);
#12054 = PLANE('',#12055);
#12055 = AXIS2_PLACEMENT_3D('',#12056,#12057,#12058);
#12056 = CARTESIAN_POINT('',(-0.1,0.25,7.35));
#12057 = DIRECTION('',(-7.850462293414E-17,-0.707106781187,
    0.707106781187));
#12058 = DIRECTION('',(7.850462293414E-17,0.707106781187,0.707106781187)
  );
#12059 = ADVANCED_FACE('',(#12060),#12096,.F.);
#12060 = FACE_BOUND('',#12061,.F.);
#12061 = EDGE_LOOP('',(#12062,#12063,#12071,#12079,#12087,#12093,#12094,
    #12095));
#12062 = ORIENTED_EDGE('',*,*,#11361,.F.);
#12063 = ORIENTED_EDGE('',*,*,#12064,.T.);
#12064 = EDGE_CURVE('',#11354,#12065,#12067,.T.);
#12065 = VERTEX_POINT('',#12066);
#12066 = CARTESIAN_POINT('',(0.1,-0.25,7.35));
#12067 = LINE('',#12068,#12069);
#12068 = CARTESIAN_POINT('',(0.1,-0.3,7.4));
#12069 = VECTOR('',#12070,1.);
#12070 = DIRECTION('',(7.850462293414E-17,0.707106781187,-0.707106781187
    ));
#12071 = ORIENTED_EDGE('',*,*,#12072,.T.);
#12072 = EDGE_CURVE('',#12065,#12073,#12075,.T.);
#12073 = VERTEX_POINT('',#12074);
#12074 = CARTESIAN_POINT('',(0.1,-0.25,1.25));
#12075 = LINE('',#12076,#12077);
#12076 = CARTESIAN_POINT('',(0.1,-0.25,7.35));
#12077 = VECTOR('',#12078,1.);
#12078 = DIRECTION('',(0.,0.,-1.));
#12079 = ORIENTED_EDGE('',*,*,#12080,.T.);
#12080 = EDGE_CURVE('',#12073,#12081,#12083,.T.);
#12081 = VERTEX_POINT('',#12082);
#12082 = CARTESIAN_POINT('',(0.1,0.25,1.25));
#12083 = LINE('',#12084,#12085);
#12084 = CARTESIAN_POINT('',(0.1,-0.25,1.25));
#12085 = VECTOR('',#12086,1.);
#12086 = DIRECTION('',(1.110223024625E-16,1.,0.));
#12087 = ORIENTED_EDGE('',*,*,#12088,.T.);
#12088 = EDGE_CURVE('',#12081,#12040,#12089,.T.);
#12089 = LINE('',#12090,#12091);
#12090 = CARTESIAN_POINT('',(0.1,0.25,1.25));
#12091 = VECTOR('',#12092,1.);
#12092 = DIRECTION('',(0.,0.,1.));
#12093 = ORIENTED_EDGE('',*,*,#12047,.T.);
#12094 = ORIENTED_EDGE('',*,*,#11265,.F.);
#12095 = ORIENTED_EDGE('',*,*,#11959,.T.);
#12096 = PLANE('',#12097);
#12097 = AXIS2_PLACEMENT_3D('',#12098,#12099,#12100);
#12098 = CARTESIAN_POINT('',(0.1,-1.110223024625E-17,3.911477598424));
#12099 = DIRECTION('',(-1.,1.110223024625E-16,0.));
#12100 = DIRECTION('',(0.,0.,1.));
#12101 = ADVANCED_FACE('',(#12102),#12113,.T.);
#12102 = FACE_BOUND('',#12103,.T.);
#12103 = EDGE_LOOP('',(#12104,#12105,#12106,#12112));
#12104 = ORIENTED_EDGE('',*,*,#11353,.T.);
#12105 = ORIENTED_EDGE('',*,*,#12064,.T.);
#12106 = ORIENTED_EDGE('',*,*,#12107,.F.);
#12107 = EDGE_CURVE('',#11992,#12065,#12108,.T.);
#12108 = LINE('',#12109,#12110);
#12109 = CARTESIAN_POINT('',(-0.1,-0.25,7.35));
#12110 = VECTOR('',#12111,1.);
#12111 = DIRECTION('',(1.,-1.110223024625E-16,0.));
#12112 = ORIENTED_EDGE('',*,*,#11991,.F.);
#12113 = PLANE('',#12114);
#12114 = AXIS2_PLACEMENT_3D('',#12115,#12116,#12117);
#12115 = CARTESIAN_POINT('',(-0.1,-0.3,7.4));
#12116 = DIRECTION('',(7.850462293414E-17,0.707106781187,0.707106781187)
  );
#12117 = DIRECTION('',(7.850462293414E-17,0.707106781187,-0.707106781187
    ));
#12118 = ADVANCED_FACE('',(#12119),#12130,.T.);
#12119 = FACE_BOUND('',#12120,.T.);
#12120 = EDGE_LOOP('',(#12121,#12127,#12128,#12129));
#12121 = ORIENTED_EDGE('',*,*,#12122,.T.);
#12122 = EDGE_CURVE('',#11676,#11749,#12123,.T.);
#12123 = LINE('',#12124,#12125);
#12124 = CARTESIAN_POINT('',(-0.1,-4.83,1.25));
#12125 = VECTOR('',#12126,1.);
#12126 = DIRECTION('',(1.,-1.110223024625E-16,0.));
#12127 = ORIENTED_EDGE('',*,*,#11756,.T.);
#12128 = ORIENTED_EDGE('',*,*,#11707,.F.);
#12129 = ORIENTED_EDGE('',*,*,#11683,.F.);
#12130 = PLANE('',#12131);
#12131 = AXIS2_PLACEMENT_3D('',#12132,#12133,#12134);
#12132 = CARTESIAN_POINT('',(-0.1,-4.83,1.25));
#12133 = DIRECTION('',(-1.110223024625E-16,-1.,0.));
#12134 = DIRECTION('',(0.,0.,1.));
#12135 = ADVANCED_FACE('',(#12136),#12147,.T.);
#12136 = FACE_BOUND('',#12137,.T.);
#12137 = EDGE_LOOP('',(#12138,#12144,#12145,#12146));
#12138 = ORIENTED_EDGE('',*,*,#12139,.T.);
#12139 = EDGE_CURVE('',#11668,#11741,#12140,.T.);
#12140 = LINE('',#12141,#12142);
#12141 = CARTESIAN_POINT('',(-0.1,-5.33,1.25));
#12142 = VECTOR('',#12143,1.);
#12143 = DIRECTION('',(1.,-1.110223024625E-16,0.));
#12144 = ORIENTED_EDGE('',*,*,#11748,.T.);
#12145 = ORIENTED_EDGE('',*,*,#12122,.F.);
#12146 = ORIENTED_EDGE('',*,*,#11675,.F.);
#12147 = PLANE('',#12148);
#12148 = AXIS2_PLACEMENT_3D('',#12149,#12150,#12151);
#12149 = CARTESIAN_POINT('',(-0.1,-5.33,1.25));
#12150 = DIRECTION('',(0.,0.,1.));
#12151 = DIRECTION('',(1.110223024625E-16,1.,-0.));
#12152 = ADVANCED_FACE('',(#12153),#12159,.T.);
#12153 = FACE_BOUND('',#12154,.T.);
#12154 = EDGE_LOOP('',(#12155,#12156,#12157,#12158));
#12155 = ORIENTED_EDGE('',*,*,#11775,.T.);
#12156 = ORIENTED_EDGE('',*,*,#11740,.T.);
#12157 = ORIENTED_EDGE('',*,*,#12139,.F.);
#12158 = ORIENTED_EDGE('',*,*,#11667,.F.);
#12159 = PLANE('',#12160);
#12160 = AXIS2_PLACEMENT_3D('',#12161,#12162,#12163);
#12161 = CARTESIAN_POINT('',(-0.1,-5.33,7.35));
#12162 = DIRECTION('',(1.110223024625E-16,1.,0.));
#12163 = DIRECTION('',(0.,0.,-1.));
#12164 = ADVANCED_FACE('',(#12165),#12176,.T.);
#12165 = FACE_BOUND('',#12166,.T.);
#12166 = EDGE_LOOP('',(#12167,#12173,#12174,#12175));
#12167 = ORIENTED_EDGE('',*,*,#12168,.T.);
#12168 = EDGE_CURVE('',#11842,#11915,#12169,.T.);
#12169 = LINE('',#12170,#12171);
#12170 = CARTESIAN_POINT('',(-0.1,-2.29,1.25));
#12171 = VECTOR('',#12172,1.);
#12172 = DIRECTION('',(1.,-1.110223024625E-16,0.));
#12173 = ORIENTED_EDGE('',*,*,#11922,.T.);
#12174 = ORIENTED_EDGE('',*,*,#11873,.F.);
#12175 = ORIENTED_EDGE('',*,*,#11849,.F.);
#12176 = PLANE('',#12177);
#12177 = AXIS2_PLACEMENT_3D('',#12178,#12179,#12180);
#12178 = CARTESIAN_POINT('',(-0.1,-2.29,1.25));
#12179 = DIRECTION('',(-1.110223024625E-16,-1.,0.));
#12180 = DIRECTION('',(0.,0.,1.));
#12181 = ADVANCED_FACE('',(#12182),#12193,.T.);
#12182 = FACE_BOUND('',#12183,.T.);
#12183 = EDGE_LOOP('',(#12184,#12190,#12191,#12192));
#12184 = ORIENTED_EDGE('',*,*,#12185,.T.);
#12185 = EDGE_CURVE('',#11834,#11907,#12186,.T.);
#12186 = LINE('',#12187,#12188);
#12187 = CARTESIAN_POINT('',(-0.1,-2.79,1.25));
#12188 = VECTOR('',#12189,1.);
#12189 = DIRECTION('',(1.,-1.110223024625E-16,0.));
#12190 = ORIENTED_EDGE('',*,*,#11914,.T.);
#12191 = ORIENTED_EDGE('',*,*,#12168,.F.);
#12192 = ORIENTED_EDGE('',*,*,#11841,.F.);
#12193 = PLANE('',#12194);
#12194 = AXIS2_PLACEMENT_3D('',#12195,#12196,#12197);
#12195 = CARTESIAN_POINT('',(-0.1,-2.79,1.25));
#12196 = DIRECTION('',(0.,0.,1.));
#12197 = DIRECTION('',(1.110223024625E-16,1.,-0.));
#12198 = ADVANCED_FACE('',(#12199),#12205,.T.);
#12199 = FACE_BOUND('',#12200,.T.);
#12200 = EDGE_LOOP('',(#12201,#12202,#12203,#12204));
#12201 = ORIENTED_EDGE('',*,*,#11941,.T.);
#12202 = ORIENTED_EDGE('',*,*,#11906,.T.);
#12203 = ORIENTED_EDGE('',*,*,#12185,.F.);
#12204 = ORIENTED_EDGE('',*,*,#11833,.F.);
#12205 = PLANE('',#12206);
#12206 = AXIS2_PLACEMENT_3D('',#12207,#12208,#12209);
#12207 = CARTESIAN_POINT('',(-0.1,-2.79,7.35));
#12208 = DIRECTION('',(1.110223024625E-16,1.,0.));
#12209 = DIRECTION('',(0.,0.,-1.));
#12210 = ADVANCED_FACE('',(#12211),#12222,.T.);
#12211 = FACE_BOUND('',#12212,.T.);
#12212 = EDGE_LOOP('',(#12213,#12219,#12220,#12221));
#12213 = ORIENTED_EDGE('',*,*,#12214,.T.);
#12214 = EDGE_CURVE('',#12008,#12081,#12215,.T.);
#12215 = LINE('',#12216,#12217);
#12216 = CARTESIAN_POINT('',(-0.1,0.25,1.25));
#12217 = VECTOR('',#12218,1.);
#12218 = DIRECTION('',(1.,-1.110223024625E-16,0.));
#12219 = ORIENTED_EDGE('',*,*,#12088,.T.);
#12220 = ORIENTED_EDGE('',*,*,#12039,.F.);
#12221 = ORIENTED_EDGE('',*,*,#12015,.F.);
#12222 = PLANE('',#12223);
#12223 = AXIS2_PLACEMENT_3D('',#12224,#12225,#12226);
#12224 = CARTESIAN_POINT('',(-0.1,0.25,1.25));
#12225 = DIRECTION('',(-1.110223024625E-16,-1.,0.));
#12226 = DIRECTION('',(0.,0.,1.));
#12227 = ADVANCED_FACE('',(#12228),#12239,.T.);
#12228 = FACE_BOUND('',#12229,.T.);
#12229 = EDGE_LOOP('',(#12230,#12236,#12237,#12238));
#12230 = ORIENTED_EDGE('',*,*,#12231,.T.);
#12231 = EDGE_CURVE('',#12000,#12073,#12232,.T.);
#12232 = LINE('',#12233,#12234);
#12233 = CARTESIAN_POINT('',(-0.1,-0.25,1.25));
#12234 = VECTOR('',#12235,1.);
#12235 = DIRECTION('',(1.,-1.110223024625E-16,0.));
#12236 = ORIENTED_EDGE('',*,*,#12080,.T.);
#12237 = ORIENTED_EDGE('',*,*,#12214,.F.);
#12238 = ORIENTED_EDGE('',*,*,#12007,.F.);
#12239 = PLANE('',#12240);
#12240 = AXIS2_PLACEMENT_3D('',#12241,#12242,#12243);
#12241 = CARTESIAN_POINT('',(-0.1,-0.25,1.25));
#12242 = DIRECTION('',(0.,0.,1.));
#12243 = DIRECTION('',(1.110223024625E-16,1.,-0.));
#12244 = ADVANCED_FACE('',(#12245),#12251,.T.);
#12245 = FACE_BOUND('',#12246,.T.);
#12246 = EDGE_LOOP('',(#12247,#12248,#12249,#12250));
#12247 = ORIENTED_EDGE('',*,*,#12107,.T.);
#12248 = ORIENTED_EDGE('',*,*,#12072,.T.);
#12249 = ORIENTED_EDGE('',*,*,#12231,.F.);
#12250 = ORIENTED_EDGE('',*,*,#11999,.F.);
#12251 = PLANE('',#12252);
#12252 = AXIS2_PLACEMENT_3D('',#12253,#12254,#12255);
#12253 = CARTESIAN_POINT('',(-0.1,-0.25,7.35));
#12254 = DIRECTION('',(1.110223024625E-16,1.,0.));
#12255 = DIRECTION('',(0.,0.,-1.));
#12256 = ( GEOMETRIC_REPRESENTATION_CONTEXT(3) 
GLOBAL_UNCERTAINTY_ASSIGNED_CONTEXT((#12260)) 
GLOBAL_UNIT_ASSIGNED_CONTEXT((#12257,#12258,#12259)) 
REPRESENTATION_CONTEXT('Context #1',
  '3D Context with UNIT and UNCERTAINTY') );
#12257 = ( LENGTH_UNIT() NAMED_UNIT(*) SI_UNIT(.MILLI.,.METRE.) );
#12258 = ( NAMED_UNIT(*) PLANE_ANGLE_UNIT() SI_UNIT($,.RADIAN.) );
#12259 = ( NAMED_UNIT(*) SI_UNIT($,.STERADIAN.) SOLID_ANGLE_UNIT() );
#12260 = UNCERTAINTY_MEASURE_WITH_UNIT(LENGTH_MEASURE(1.E-07),#12257,
  'distance_accuracy_value','confusion accuracy');
#12261 = CONTEXT_DEPENDENT_SHAPE_REPRESENTATION(#12262,#12264);
#12262 = ( REPRESENTATION_RELATIONSHIP('','',#9645,#10) 
REPRESENTATION_RELATIONSHIP_WITH_TRANSFORMATION(#12263) 
SHAPE_REPRESENTATION_RELATIONSHIP() );
#12263 = ITEM_DEFINED_TRANSFORMATION('','',#11,#83);
#12264 = PRODUCT_DEFINITION_SHAPE('Placement','Placement of an item',
  #12265);
#12265 = NEXT_ASSEMBLY_USAGE_OCCURRENCE('18','J4','',#5,#9640,$);
#12266 = PRODUCT_RELATED_PRODUCT_CATEGORY('part',$,(#9642));
#12267 = CONTEXT_DEPENDENT_SHAPE_REPRESENTATION(#12268,#12270);
#12268 = ( REPRESENTATION_RELATIONSHIP('','',#534,#10) 
REPRESENTATION_RELATIONSHIP_WITH_TRANSFORMATION(#12269) 
SHAPE_REPRESENTATION_RELATIONSHIP() );
#12269 = ITEM_DEFINED_TRANSFORMATION('','',#11,#87);
#12270 = PRODUCT_DEFINITION_SHAPE('Placement','Placement of an item',
  #12271);
#12271 = NEXT_ASSEMBLY_USAGE_OCCURRENCE('19','R9','',#5,#529,$);
#12272 = CONTEXT_DEPENDENT_SHAPE_REPRESENTATION(#12273,#12275);
#12273 = ( REPRESENTATION_RELATIONSHIP('','',#534,#10) 
REPRESENTATION_RELATIONSHIP_WITH_TRANSFORMATION(#12274) 
SHAPE_REPRESENTATION_RELATIONSHIP() );
#12274 = ITEM_DEFINED_TRANSFORMATION('','',#11,#91);
#12275 = PRODUCT_DEFINITION_SHAPE('Placement','Placement of an item',
  #12276);
#12276 = NEXT_ASSEMBLY_USAGE_OCCURRENCE('20','R15','',#5,#529,$);
#12277 = CONTEXT_DEPENDENT_SHAPE_REPRESENTATION(#12278,#12280);
#12278 = ( REPRESENTATION_RELATIONSHIP('','',#128,#10) 
REPRESENTATION_RELATIONSHIP_WITH_TRANSFORMATION(#12279) 
SHAPE_REPRESENTATION_RELATIONSHIP() );
#12279 = ITEM_DEFINED_TRANSFORMATION('','',#11,#95);
#12280 = PRODUCT_DEFINITION_SHAPE('Placement','Placement of an item',
  #12281);
#12281 = NEXT_ASSEMBLY_USAGE_OCCURRENCE('21','R16','',#5,#123,$);
#12282 = CONTEXT_DEPENDENT_SHAPE_REPRESENTATION(#12283,#12285);
#12283 = ( REPRESENTATION_RELATIONSHIP('','',#534,#10) 
REPRESENTATION_RELATIONSHIP_WITH_TRANSFORMATION(#12284) 
SHAPE_REPRESENTATION_RELATIONSHIP() );
#12284 = ITEM_DEFINED_TRANSFORMATION('','',#11,#99);
#12285 = PRODUCT_DEFINITION_SHAPE('Placement','Placement of an item',
  #12286);
#12286 = NEXT_ASSEMBLY_USAGE_OCCURRENCE('22','R4','',#5,#529,$);
#12287 = CONTEXT_DEPENDENT_SHAPE_REPRESENTATION(#12288,#12290);
#12288 = ( REPRESENTATION_RELATIONSHIP('','',#940,#10) 
REPRESENTATION_RELATIONSHIP_WITH_TRANSFORMATION(#12289) 
SHAPE_REPRESENTATION_RELATIONSHIP() );
#12289 = ITEM_DEFINED_TRANSFORMATION('','',#11,#103);
#12290 = PRODUCT_DEFINITION_SHAPE('Placement','Placement of an item',
  #12291);
#12291 = NEXT_ASSEMBLY_USAGE_OCCURRENCE('23','Q4','',#5,#935,$);
#12292 = CONTEXT_DEPENDENT_SHAPE_REPRESENTATION(#12293,#12295);
#12293 = ( REPRESENTATION_RELATIONSHIP('','',#128,#10) 
REPRESENTATION_RELATIONSHIP_WITH_TRANSFORMATION(#12294) 
SHAPE_REPRESENTATION_RELATIONSHIP() );
#12294 = ITEM_DEFINED_TRANSFORMATION('','',#11,#107);
#12295 = PRODUCT_DEFINITION_SHAPE('Placement','Placement of an item',
  #12296);
#12296 = NEXT_ASSEMBLY_USAGE_OCCURRENCE('24','R14','',#5,#123,$);
#12297 = SHAPE_DEFINITION_REPRESENTATION(#12298,#12304);
#12298 = PRODUCT_DEFINITION_SHAPE('','',#12299);
#12299 = PRODUCT_DEFINITION('design','',#12300,#12303);
#12300 = PRODUCT_DEFINITION_FORMATION('','',#12301);
#12301 = PRODUCT('SmartLocker_PCB','SmartLocker_PCB','',(#12302));
#12302 = PRODUCT_CONTEXT('',#2,'mechanical');
#12303 = PRODUCT_DEFINITION_CONTEXT('part definition',#2,'design');
#12304 = ADVANCED_BREP_SHAPE_REPRESENTATION('',(#11,#12305),#16433);
#12305 = MANIFOLD_SOLID_BREP('',#12306);
#12306 = CLOSED_SHELL('',(#12307,#12347,#12378,#12409,#13548,#14687,
    #14699,#14716,#14733,#14750,#14767,#14784,#14801,#14818,#14835,
    #14852,#14869,#14886,#14903,#14920,#14937,#14954,#14971,#14988,
    #15005,#15022,#15039,#15056,#15073,#15090,#15107,#15124,#15141,
    #15158,#15175,#15192,#15209,#15226,#15243,#15260,#15277,#15294,
    #15311,#15328,#15345,#15362,#15379,#15396,#15413,#15430,#15447,
    #15464,#15481,#15498,#15515,#15532,#15549,#15566,#15583,#15600,
    #15617,#15634,#15651,#15668,#15685,#15702,#15719,#15736,#15753,
    #15770,#15787,#15804,#15821,#15838,#15855,#15872,#15889,#15906,
    #15923,#15940,#15957,#15974,#15991,#16008,#16025,#16042,#16059,
    #16076,#16093,#16110,#16127,#16144,#16161,#16178,#16195,#16212,
    #16229,#16246,#16263,#16280,#16297,#16314,#16331,#16348,#16365,
    #16382,#16399,#16416));
#12307 = ADVANCED_FACE('',(#12308),#12342,.T.);
#12308 = FACE_BOUND('',#12309,.T.);
#12309 = EDGE_LOOP('',(#12310,#12320,#12328,#12336));
#12310 = ORIENTED_EDGE('',*,*,#12311,.T.);
#12311 = EDGE_CURVE('',#12312,#12314,#12316,.T.);
#12312 = VERTEX_POINT('',#12313);
#12313 = CARTESIAN_POINT('',(181.44,-129.34,0.));
#12314 = VERTEX_POINT('',#12315);
#12315 = CARTESIAN_POINT('',(181.44,-129.34,1.51));
#12316 = LINE('',#12317,#12318);
#12317 = CARTESIAN_POINT('',(181.44,-129.34,0.));
#12318 = VECTOR('',#12319,1.);
#12319 = DIRECTION('',(0.,0.,1.));
#12320 = ORIENTED_EDGE('',*,*,#12321,.T.);
#12321 = EDGE_CURVE('',#12314,#12322,#12324,.T.);
#12322 = VERTEX_POINT('',#12323);
#12323 = CARTESIAN_POINT('',(117.94,-129.34,1.51));
#12324 = LINE('',#12325,#12326);
#12325 = CARTESIAN_POINT('',(181.44,-129.34,1.51));
#12326 = VECTOR('',#12327,1.);
#12327 = DIRECTION('',(-1.,0.,0.));
#12328 = ORIENTED_EDGE('',*,*,#12329,.F.);
#12329 = EDGE_CURVE('',#12330,#12322,#12332,.T.);
#12330 = VERTEX_POINT('',#12331);
#12331 = CARTESIAN_POINT('',(117.94,-129.34,0.));
#12332 = LINE('',#12333,#12334);
#12333 = CARTESIAN_POINT('',(117.94,-129.34,0.));
#12334 = VECTOR('',#12335,1.);
#12335 = DIRECTION('',(0.,0.,1.));
#12336 = ORIENTED_EDGE('',*,*,#12337,.F.);
#12337 = EDGE_CURVE('',#12312,#12330,#12338,.T.);
#12338 = LINE('',#12339,#12340);
#12339 = CARTESIAN_POINT('',(181.44,-129.34,0.));
#12340 = VECTOR('',#12341,1.);
#12341 = DIRECTION('',(-1.,0.,0.));
#12342 = PLANE('',#12343);
#12343 = AXIS2_PLACEMENT_3D('',#12344,#12345,#12346);
#12344 = CARTESIAN_POINT('',(181.44,-129.34,0.));
#12345 = DIRECTION('',(0.,-1.,0.));
#12346 = DIRECTION('',(-1.,0.,0.));
#12347 = ADVANCED_FACE('',(#12348),#12373,.T.);
#12348 = FACE_BOUND('',#12349,.T.);
#12349 = EDGE_LOOP('',(#12350,#12360,#12366,#12367));
#12350 = ORIENTED_EDGE('',*,*,#12351,.T.);
#12351 = EDGE_CURVE('',#12352,#12354,#12356,.T.);
#12352 = VERTEX_POINT('',#12353);
#12353 = CARTESIAN_POINT('',(181.44,-27.74,0.));
#12354 = VERTEX_POINT('',#12355);
#12355 = CARTESIAN_POINT('',(181.44,-27.74,1.51));
#12356 = LINE('',#12357,#12358);
#12357 = CARTESIAN_POINT('',(181.44,-27.74,0.));
#12358 = VECTOR('',#12359,1.);
#12359 = DIRECTION('',(0.,0.,1.));
#12360 = ORIENTED_EDGE('',*,*,#12361,.T.);
#12361 = EDGE_CURVE('',#12354,#12314,#12362,.T.);
#12362 = LINE('',#12363,#12364);
#12363 = CARTESIAN_POINT('',(181.44,-27.74,1.51));
#12364 = VECTOR('',#12365,1.);
#12365 = DIRECTION('',(0.,-1.,0.));
#12366 = ORIENTED_EDGE('',*,*,#12311,.F.);
#12367 = ORIENTED_EDGE('',*,*,#12368,.F.);
#12368 = EDGE_CURVE('',#12352,#12312,#12369,.T.);
#12369 = LINE('',#12370,#12371);
#12370 = CARTESIAN_POINT('',(181.44,-27.74,0.));
#12371 = VECTOR('',#12372,1.);
#12372 = DIRECTION('',(0.,-1.,0.));
#12373 = PLANE('',#12374);
#12374 = AXIS2_PLACEMENT_3D('',#12375,#12376,#12377);
#12375 = CARTESIAN_POINT('',(181.44,-27.74,0.));
#12376 = DIRECTION('',(1.,0.,-0.));
#12377 = DIRECTION('',(0.,-1.,0.));
#12378 = ADVANCED_FACE('',(#12379),#12404,.T.);
#12379 = FACE_BOUND('',#12380,.T.);
#12380 = EDGE_LOOP('',(#12381,#12382,#12390,#12398));
#12381 = ORIENTED_EDGE('',*,*,#12329,.T.);
#12382 = ORIENTED_EDGE('',*,*,#12383,.T.);
#12383 = EDGE_CURVE('',#12322,#12384,#12386,.T.);
#12384 = VERTEX_POINT('',#12385);
#12385 = CARTESIAN_POINT('',(117.94,-27.74,1.51));
#12386 = LINE('',#12387,#12388);
#12387 = CARTESIAN_POINT('',(117.94,-129.34,1.51));
#12388 = VECTOR('',#12389,1.);
#12389 = DIRECTION('',(0.,1.,0.));
#12390 = ORIENTED_EDGE('',*,*,#12391,.F.);
#12391 = EDGE_CURVE('',#12392,#12384,#12394,.T.);
#12392 = VERTEX_POINT('',#12393);
#12393 = CARTESIAN_POINT('',(117.94,-27.74,0.));
#12394 = LINE('',#12395,#12396);
#12395 = CARTESIAN_POINT('',(117.94,-27.74,0.));
#12396 = VECTOR('',#12397,1.);
#12397 = DIRECTION('',(0.,0.,1.));
#12398 = ORIENTED_EDGE('',*,*,#12399,.F.);
#12399 = EDGE_CURVE('',#12330,#12392,#12400,.T.);
#12400 = LINE('',#12401,#12402);
#12401 = CARTESIAN_POINT('',(117.94,-129.34,0.));
#12402 = VECTOR('',#12403,1.);
#12403 = DIRECTION('',(0.,1.,0.));
#12404 = PLANE('',#12405);
#12405 = AXIS2_PLACEMENT_3D('',#12406,#12407,#12408);
#12406 = CARTESIAN_POINT('',(117.94,-129.34,0.));
#12407 = DIRECTION('',(-1.,0.,0.));
#12408 = DIRECTION('',(0.,1.,0.));
#12409 = ADVANCED_FACE('',(#12410,#12421,#12432,#12443,#12454,#12465,
    #12476,#12487,#12498,#12509,#12520,#12531,#12542,#12553,#12564,
    #12575,#12586,#12597,#12608,#12619,#12630,#12641,#12652,#12663,
    #12674,#12685,#12696,#12707,#12718,#12729,#12740,#12751,#12762,
    #12773,#12784,#12795,#12806,#12817,#12828,#12839,#12850,#12861,
    #12872,#12883,#12894,#12905,#12916,#12927,#12938,#12949,#12960,
    #12971,#12982,#12993,#13004,#13015,#13026,#13037,#13048,#13059,
    #13070,#13081,#13092,#13103,#13114,#13125,#13136,#13147,#13158,
    #13169,#13180,#13191,#13202,#13213,#13224,#13235,#13246,#13257,
    #13268,#13279,#13290,#13301,#13312,#13323,#13334,#13345,#13356,
    #13367,#13378,#13389,#13400,#13411,#13422,#13433,#13444,#13455,
    #13466,#13477,#13488,#13499,#13510,#13521,#13532),#13543,.F.);
#12410 = FACE_BOUND('',#12411,.F.);
#12411 = EDGE_LOOP('',(#12412,#12413,#12414,#12420));
#12412 = ORIENTED_EDGE('',*,*,#12337,.F.);
#12413 = ORIENTED_EDGE('',*,*,#12368,.F.);
#12414 = ORIENTED_EDGE('',*,*,#12415,.F.);
#12415 = EDGE_CURVE('',#12392,#12352,#12416,.T.);
#12416 = LINE('',#12417,#12418);
#12417 = CARTESIAN_POINT('',(117.94,-27.74,0.));
#12418 = VECTOR('',#12419,1.);
#12419 = DIRECTION('',(1.,0.,0.));
#12420 = ORIENTED_EDGE('',*,*,#12399,.F.);
#12421 = FACE_BOUND('',#12422,.F.);
#12422 = EDGE_LOOP('',(#12423));
#12423 = ORIENTED_EDGE('',*,*,#12424,.T.);
#12424 = EDGE_CURVE('',#12425,#12425,#12427,.T.);
#12425 = VERTEX_POINT('',#12426);
#12426 = CARTESIAN_POINT('',(121.94,-122.36,0.));
#12427 = CIRCLE('',#12428,0.5);
#12428 = AXIS2_PLACEMENT_3D('',#12429,#12430,#12431);
#12429 = CARTESIAN_POINT('',(121.94,-121.86,0.));
#12430 = DIRECTION('',(-0.,0.,-1.));
#12431 = DIRECTION('',(-0.,-1.,0.));
#12432 = FACE_BOUND('',#12433,.F.);
#12433 = EDGE_LOOP('',(#12434));
#12434 = ORIENTED_EDGE('',*,*,#12435,.T.);
#12435 = EDGE_CURVE('',#12436,#12436,#12438,.T.);
#12436 = VERTEX_POINT('',#12437);
#12437 = CARTESIAN_POINT('',(121.94,-119.82,0.));
#12438 = CIRCLE('',#12439,0.5);
#12439 = AXIS2_PLACEMENT_3D('',#12440,#12441,#12442);
#12440 = CARTESIAN_POINT('',(121.94,-119.32,0.));
#12441 = DIRECTION('',(-0.,0.,-1.));
#12442 = DIRECTION('',(-0.,-1.,0.));
#12443 = FACE_BOUND('',#12444,.F.);
#12444 = EDGE_LOOP('',(#12445));
#12445 = ORIENTED_EDGE('',*,*,#12446,.T.);
#12446 = EDGE_CURVE('',#12447,#12447,#12449,.T.);
#12447 = VERTEX_POINT('',#12448);
#12448 = CARTESIAN_POINT('',(121.94,-117.28,0.));
#12449 = CIRCLE('',#12450,0.5);
#12450 = AXIS2_PLACEMENT_3D('',#12451,#12452,#12453);
#12451 = CARTESIAN_POINT('',(121.94,-116.78,0.));
#12452 = DIRECTION('',(-0.,0.,-1.));
#12453 = DIRECTION('',(-0.,-1.,0.));
#12454 = FACE_BOUND('',#12455,.F.);
#12455 = EDGE_LOOP('',(#12456));
#12456 = ORIENTED_EDGE('',*,*,#12457,.T.);
#12457 = EDGE_CURVE('',#12458,#12458,#12460,.T.);
#12458 = VERTEX_POINT('',#12459);
#12459 = CARTESIAN_POINT('',(121.94,-114.74,0.));
#12460 = CIRCLE('',#12461,0.5);
#12461 = AXIS2_PLACEMENT_3D('',#12462,#12463,#12464);
#12462 = CARTESIAN_POINT('',(121.94,-114.24,0.));
#12463 = DIRECTION('',(-0.,0.,-1.));
#12464 = DIRECTION('',(-0.,-1.,0.));
#12465 = FACE_BOUND('',#12466,.F.);
#12466 = EDGE_LOOP('',(#12467));
#12467 = ORIENTED_EDGE('',*,*,#12468,.T.);
#12468 = EDGE_CURVE('',#12469,#12469,#12471,.T.);
#12469 = VERTEX_POINT('',#12470);
#12470 = CARTESIAN_POINT('',(131.74,-125.14,0.));
#12471 = CIRCLE('',#12472,0.4);
#12472 = AXIS2_PLACEMENT_3D('',#12473,#12474,#12475);
#12473 = CARTESIAN_POINT('',(131.74,-124.74,0.));
#12474 = DIRECTION('',(-0.,0.,-1.));
#12475 = DIRECTION('',(-0.,-1.,0.));
#12476 = FACE_BOUND('',#12477,.F.);
#12477 = EDGE_LOOP('',(#12478));
#12478 = ORIENTED_EDGE('',*,*,#12479,.T.);
#12479 = EDGE_CURVE('',#12480,#12480,#12482,.T.);
#12480 = VERTEX_POINT('',#12481);
#12481 = CARTESIAN_POINT('',(131.74,-121.14,0.));
#12482 = CIRCLE('',#12483,0.4);
#12483 = AXIS2_PLACEMENT_3D('',#12484,#12485,#12486);
#12484 = CARTESIAN_POINT('',(131.74,-120.74,0.));
#12485 = DIRECTION('',(-0.,0.,-1.));
#12486 = DIRECTION('',(-0.,-1.,0.));
#12487 = FACE_BOUND('',#12488,.F.);
#12488 = EDGE_LOOP('',(#12489));
#12489 = ORIENTED_EDGE('',*,*,#12490,.T.);
#12490 = EDGE_CURVE('',#12491,#12491,#12493,.T.);
#12491 = VERTEX_POINT('',#12492);
#12492 = CARTESIAN_POINT('',(131.74,-117.14,0.));
#12493 = CIRCLE('',#12494,0.4);
#12494 = AXIS2_PLACEMENT_3D('',#12495,#12496,#12497);
#12495 = CARTESIAN_POINT('',(131.74,-116.74,0.));
#12496 = DIRECTION('',(-0.,0.,-1.));
#12497 = DIRECTION('',(-0.,-1.,0.));
#12498 = FACE_BOUND('',#12499,.F.);
#12499 = EDGE_LOOP('',(#12500));
#12500 = ORIENTED_EDGE('',*,*,#12501,.T.);
#12501 = EDGE_CURVE('',#12502,#12502,#12504,.T.);
#12502 = VERTEX_POINT('',#12503);
#12503 = CARTESIAN_POINT('',(121.94,-112.2,0.));
#12504 = CIRCLE('',#12505,0.5);
#12505 = AXIS2_PLACEMENT_3D('',#12506,#12507,#12508);
#12506 = CARTESIAN_POINT('',(121.94,-111.7,0.));
#12507 = DIRECTION('',(-0.,0.,-1.));
#12508 = DIRECTION('',(-0.,-1.,0.));
#12509 = FACE_BOUND('',#12510,.F.);
#12510 = EDGE_LOOP('',(#12511));
#12511 = ORIENTED_EDGE('',*,*,#12512,.T.);
#12512 = EDGE_CURVE('',#12513,#12513,#12515,.T.);
#12513 = VERTEX_POINT('',#12514);
#12514 = CARTESIAN_POINT('',(121.94,-109.66,0.));
#12515 = CIRCLE('',#12516,0.5);
#12516 = AXIS2_PLACEMENT_3D('',#12517,#12518,#12519);
#12517 = CARTESIAN_POINT('',(121.94,-109.16,0.));
#12518 = DIRECTION('',(-0.,0.,-1.));
#12519 = DIRECTION('',(-0.,-1.,0.));
#12520 = FACE_BOUND('',#12521,.F.);
#12521 = EDGE_LOOP('',(#12522));
#12522 = ORIENTED_EDGE('',*,*,#12523,.T.);
#12523 = EDGE_CURVE('',#12524,#12524,#12526,.T.);
#12524 = VERTEX_POINT('',#12525);
#12525 = CARTESIAN_POINT('',(121.94,-107.12,0.));
#12526 = CIRCLE('',#12527,0.5);
#12527 = AXIS2_PLACEMENT_3D('',#12528,#12529,#12530);
#12528 = CARTESIAN_POINT('',(121.94,-106.62,0.));
#12529 = DIRECTION('',(-0.,0.,-1.));
#12530 = DIRECTION('',(-0.,-1.,0.));
#12531 = FACE_BOUND('',#12532,.F.);
#12532 = EDGE_LOOP('',(#12533));
#12533 = ORIENTED_EDGE('',*,*,#12534,.T.);
#12534 = EDGE_CURVE('',#12535,#12535,#12537,.T.);
#12535 = VERTEX_POINT('',#12536);
#12536 = CARTESIAN_POINT('',(131.74,-113.14,0.));
#12537 = CIRCLE('',#12538,0.4);
#12538 = AXIS2_PLACEMENT_3D('',#12539,#12540,#12541);
#12539 = CARTESIAN_POINT('',(131.74,-112.74,0.));
#12540 = DIRECTION('',(-0.,0.,-1.));
#12541 = DIRECTION('',(-0.,-1.,0.));
#12542 = FACE_BOUND('',#12543,.F.);
#12543 = EDGE_LOOP('',(#12544));
#12544 = ORIENTED_EDGE('',*,*,#12545,.T.);
#12545 = EDGE_CURVE('',#12546,#12546,#12548,.T.);
#12546 = VERTEX_POINT('',#12547);
#12547 = CARTESIAN_POINT('',(131.74,-109.14,0.));
#12548 = CIRCLE('',#12549,0.4);
#12549 = AXIS2_PLACEMENT_3D('',#12550,#12551,#12552);
#12550 = CARTESIAN_POINT('',(131.74,-108.74,0.));
#12551 = DIRECTION('',(-0.,0.,-1.));
#12552 = DIRECTION('',(-0.,-1.,0.));
#12553 = FACE_BOUND('',#12554,.F.);
#12554 = EDGE_LOOP('',(#12555));
#12555 = ORIENTED_EDGE('',*,*,#12556,.T.);
#12556 = EDGE_CURVE('',#12557,#12557,#12559,.T.);
#12557 = VERTEX_POINT('',#12558);
#12558 = CARTESIAN_POINT('',(131.74,-105.14,0.));
#12559 = CIRCLE('',#12560,0.4);
#12560 = AXIS2_PLACEMENT_3D('',#12561,#12562,#12563);
#12561 = CARTESIAN_POINT('',(131.74,-104.74,0.));
#12562 = DIRECTION('',(-0.,0.,-1.));
#12563 = DIRECTION('',(-0.,-1.,0.));
#12564 = FACE_BOUND('',#12565,.F.);
#12565 = EDGE_LOOP('',(#12566));
#12566 = ORIENTED_EDGE('',*,*,#12567,.T.);
#12567 = EDGE_CURVE('',#12568,#12568,#12570,.T.);
#12568 = VERTEX_POINT('',#12569);
#12569 = CARTESIAN_POINT('',(144.44,-125.14,0.));
#12570 = CIRCLE('',#12571,0.4);
#12571 = AXIS2_PLACEMENT_3D('',#12572,#12573,#12574);
#12572 = CARTESIAN_POINT('',(144.44,-124.74,0.));
#12573 = DIRECTION('',(-0.,0.,-1.));
#12574 = DIRECTION('',(-0.,-1.,0.));
#12575 = FACE_BOUND('',#12576,.F.);
#12576 = EDGE_LOOP('',(#12577));
#12577 = ORIENTED_EDGE('',*,*,#12578,.T.);
#12578 = EDGE_CURVE('',#12579,#12579,#12581,.T.);
#12579 = VERTEX_POINT('',#12580);
#12580 = CARTESIAN_POINT('',(144.44,-121.14,0.));
#12581 = CIRCLE('',#12582,0.4);
#12582 = AXIS2_PLACEMENT_3D('',#12583,#12584,#12585);
#12583 = CARTESIAN_POINT('',(144.44,-120.74,0.));
#12584 = DIRECTION('',(-0.,0.,-1.));
#12585 = DIRECTION('',(-0.,-1.,0.));
#12586 = FACE_BOUND('',#12587,.F.);
#12587 = EDGE_LOOP('',(#12588));
#12588 = ORIENTED_EDGE('',*,*,#12589,.T.);
#12589 = EDGE_CURVE('',#12590,#12590,#12592,.T.);
#12590 = VERTEX_POINT('',#12591);
#12591 = CARTESIAN_POINT('',(144.44,-117.14,0.));
#12592 = CIRCLE('',#12593,0.4);
#12593 = AXIS2_PLACEMENT_3D('',#12594,#12595,#12596);
#12594 = CARTESIAN_POINT('',(144.44,-116.74,0.));
#12595 = DIRECTION('',(-0.,0.,-1.));
#12596 = DIRECTION('',(-0.,-1.,0.));
#12597 = FACE_BOUND('',#12598,.F.);
#12598 = EDGE_LOOP('',(#12599));
#12599 = ORIENTED_EDGE('',*,*,#12600,.T.);
#12600 = EDGE_CURVE('',#12601,#12601,#12603,.T.);
#12601 = VERTEX_POINT('',#12602);
#12602 = CARTESIAN_POINT('',(144.44,-113.14,0.));
#12603 = CIRCLE('',#12604,0.4);
#12604 = AXIS2_PLACEMENT_3D('',#12605,#12606,#12607);
#12605 = CARTESIAN_POINT('',(144.44,-112.74,0.));
#12606 = DIRECTION('',(-0.,0.,-1.));
#12607 = DIRECTION('',(-0.,-1.,0.));
#12608 = FACE_BOUND('',#12609,.F.);
#12609 = EDGE_LOOP('',(#12610));
#12610 = ORIENTED_EDGE('',*,*,#12611,.T.);
#12611 = EDGE_CURVE('',#12612,#12612,#12614,.T.);
#12612 = VERTEX_POINT('',#12613);
#12613 = CARTESIAN_POINT('',(144.44,-109.14,0.));
#12614 = CIRCLE('',#12615,0.4);
#12615 = AXIS2_PLACEMENT_3D('',#12616,#12617,#12618);
#12616 = CARTESIAN_POINT('',(144.44,-108.74,0.));
#12617 = DIRECTION('',(-0.,0.,-1.));
#12618 = DIRECTION('',(-0.,-1.,0.));
#12619 = FACE_BOUND('',#12620,.F.);
#12620 = EDGE_LOOP('',(#12621));
#12621 = ORIENTED_EDGE('',*,*,#12622,.T.);
#12622 = EDGE_CURVE('',#12623,#12623,#12625,.T.);
#12623 = VERTEX_POINT('',#12624);
#12624 = CARTESIAN_POINT('',(144.44,-105.14,0.));
#12625 = CIRCLE('',#12626,0.4);
#12626 = AXIS2_PLACEMENT_3D('',#12627,#12628,#12629);
#12627 = CARTESIAN_POINT('',(144.44,-104.74,0.));
#12628 = DIRECTION('',(-0.,0.,-1.));
#12629 = DIRECTION('',(-0.,-1.,0.));
#12630 = FACE_BOUND('',#12631,.F.);
#12631 = EDGE_LOOP('',(#12632));
#12632 = ORIENTED_EDGE('',*,*,#12633,.T.);
#12633 = EDGE_CURVE('',#12634,#12634,#12636,.T.);
#12634 = VERTEX_POINT('',#12635);
#12635 = CARTESIAN_POINT('',(124.44,-100.34,0.));
#12636 = CIRCLE('',#12637,0.4);
#12637 = AXIS2_PLACEMENT_3D('',#12638,#12639,#12640);
#12638 = CARTESIAN_POINT('',(124.44,-99.94,0.));
#12639 = DIRECTION('',(-0.,0.,-1.));
#12640 = DIRECTION('',(-0.,-1.,0.));
#12641 = FACE_BOUND('',#12642,.F.);
#12642 = EDGE_LOOP('',(#12643));
#12643 = ORIENTED_EDGE('',*,*,#12644,.T.);
#12644 = EDGE_CURVE('',#12645,#12645,#12647,.T.);
#12645 = VERTEX_POINT('',#12646);
#12646 = CARTESIAN_POINT('',(131.74,-101.14,0.));
#12647 = CIRCLE('',#12648,0.4);
#12648 = AXIS2_PLACEMENT_3D('',#12649,#12650,#12651);
#12649 = CARTESIAN_POINT('',(131.74,-100.74,0.));
#12650 = DIRECTION('',(-0.,0.,-1.));
#12651 = DIRECTION('',(-0.,-1.,0.));
#12652 = FACE_BOUND('',#12653,.F.);
#12653 = EDGE_LOOP('',(#12654));
#12654 = ORIENTED_EDGE('',*,*,#12655,.T.);
#12655 = EDGE_CURVE('',#12656,#12656,#12658,.T.);
#12656 = VERTEX_POINT('',#12657);
#12657 = CARTESIAN_POINT('',(124.44,-87.64,0.));
#12658 = CIRCLE('',#12659,0.4);
#12659 = AXIS2_PLACEMENT_3D('',#12660,#12661,#12662);
#12660 = CARTESIAN_POINT('',(124.44,-87.24,0.));
#12661 = DIRECTION('',(-0.,0.,-1.));
#12662 = DIRECTION('',(-0.,-1.,0.));
#12663 = FACE_BOUND('',#12664,.F.);
#12664 = EDGE_LOOP('',(#12665));
#12665 = ORIENTED_EDGE('',*,*,#12666,.T.);
#12666 = EDGE_CURVE('',#12667,#12667,#12669,.T.);
#12667 = VERTEX_POINT('',#12668);
#12668 = CARTESIAN_POINT('',(131.9,-87.69,0.));
#12669 = CIRCLE('',#12670,0.45);
#12670 = AXIS2_PLACEMENT_3D('',#12671,#12672,#12673);
#12671 = CARTESIAN_POINT('',(131.9,-87.24,0.));
#12672 = DIRECTION('',(-0.,0.,-1.));
#12673 = DIRECTION('',(6.315935428978E-14,-1.,-0.));
#12674 = FACE_BOUND('',#12675,.F.);
#12675 = EDGE_LOOP('',(#12676));
#12676 = ORIENTED_EDGE('',*,*,#12677,.T.);
#12677 = EDGE_CURVE('',#12678,#12678,#12680,.T.);
#12678 = VERTEX_POINT('',#12679);
#12679 = CARTESIAN_POINT('',(134.44,-87.69,0.));
#12680 = CIRCLE('',#12681,0.45);
#12681 = AXIS2_PLACEMENT_3D('',#12682,#12683,#12684);
#12682 = CARTESIAN_POINT('',(134.44,-87.24,0.));
#12683 = DIRECTION('',(-0.,0.,-1.));
#12684 = DIRECTION('',(-0.,-1.,0.));
#12685 = FACE_BOUND('',#12686,.F.);
#12686 = EDGE_LOOP('',(#12687));
#12687 = ORIENTED_EDGE('',*,*,#12688,.T.);
#12688 = EDGE_CURVE('',#12689,#12689,#12691,.T.);
#12689 = VERTEX_POINT('',#12690);
#12690 = CARTESIAN_POINT('',(134.44,-81.14,0.));
#12691 = CIRCLE('',#12692,0.4);
#12692 = AXIS2_PLACEMENT_3D('',#12693,#12694,#12695);
#12693 = CARTESIAN_POINT('',(134.44,-80.74,0.));
#12694 = DIRECTION('',(-0.,0.,-1.));
#12695 = DIRECTION('',(-0.,-1.,0.));
#12696 = FACE_BOUND('',#12697,.F.);
#12697 = EDGE_LOOP('',(#12698));
#12698 = ORIENTED_EDGE('',*,*,#12699,.T.);
#12699 = EDGE_CURVE('',#12700,#12700,#12702,.T.);
#12700 = VERTEX_POINT('',#12701);
#12701 = CARTESIAN_POINT('',(144.44,-101.14,0.));
#12702 = CIRCLE('',#12703,0.4);
#12703 = AXIS2_PLACEMENT_3D('',#12704,#12705,#12706);
#12704 = CARTESIAN_POINT('',(144.44,-100.74,0.));
#12705 = DIRECTION('',(-0.,0.,-1.));
#12706 = DIRECTION('',(-0.,-1.,0.));
#12707 = FACE_BOUND('',#12708,.F.);
#12708 = EDGE_LOOP('',(#12709));
#12709 = ORIENTED_EDGE('',*,*,#12710,.T.);
#12710 = EDGE_CURVE('',#12711,#12711,#12713,.T.);
#12711 = VERTEX_POINT('',#12712);
#12712 = CARTESIAN_POINT('',(140.82,-84.8464,0.));
#12713 = CIRCLE('',#12714,0.4064);
#12714 = AXIS2_PLACEMENT_3D('',#12715,#12716,#12717);
#12715 = CARTESIAN_POINT('',(140.82,-84.44,0.));
#12716 = DIRECTION('',(-0.,0.,-1.));
#12717 = DIRECTION('',(-0.,-1.,0.));
#12718 = FACE_BOUND('',#12719,.F.);
#12719 = EDGE_LOOP('',(#12720));
#12720 = ORIENTED_EDGE('',*,*,#12721,.T.);
#12721 = EDGE_CURVE('',#12722,#12722,#12724,.T.);
#12722 = VERTEX_POINT('',#12723);
#12723 = CARTESIAN_POINT('',(140.82,-82.3064,0.));
#12724 = CIRCLE('',#12725,0.4064);
#12725 = AXIS2_PLACEMENT_3D('',#12726,#12727,#12728);
#12726 = CARTESIAN_POINT('',(140.82,-81.9,0.));
#12727 = DIRECTION('',(-0.,0.,-1.));
#12728 = DIRECTION('',(-0.,-1.,0.));
#12729 = FACE_BOUND('',#12730,.F.);
#12730 = EDGE_LOOP('',(#12731));
#12731 = ORIENTED_EDGE('',*,*,#12732,.T.);
#12732 = EDGE_CURVE('',#12733,#12733,#12735,.T.);
#12733 = VERTEX_POINT('',#12734);
#12734 = CARTESIAN_POINT('',(140.82,-79.7664,0.));
#12735 = CIRCLE('',#12736,0.4064);
#12736 = AXIS2_PLACEMENT_3D('',#12737,#12738,#12739);
#12737 = CARTESIAN_POINT('',(140.82,-79.36,0.));
#12738 = DIRECTION('',(-0.,0.,-1.));
#12739 = DIRECTION('',(-0.,-1.,0.));
#12740 = FACE_BOUND('',#12741,.F.);
#12741 = EDGE_LOOP('',(#12742));
#12742 = ORIENTED_EDGE('',*,*,#12743,.T.);
#12743 = EDGE_CURVE('',#12744,#12744,#12746,.T.);
#12744 = VERTEX_POINT('',#12745);
#12745 = CARTESIAN_POINT('',(148.44,-84.8464,0.));
#12746 = CIRCLE('',#12747,0.4064);
#12747 = AXIS2_PLACEMENT_3D('',#12748,#12749,#12750);
#12748 = CARTESIAN_POINT('',(148.44,-84.44,0.));
#12749 = DIRECTION('',(-0.,0.,-1.));
#12750 = DIRECTION('',(-0.,-1.,0.));
#12751 = FACE_BOUND('',#12752,.F.);
#12752 = EDGE_LOOP('',(#12753));
#12753 = ORIENTED_EDGE('',*,*,#12754,.T.);
#12754 = EDGE_CURVE('',#12755,#12755,#12757,.T.);
#12755 = VERTEX_POINT('',#12756);
#12756 = CARTESIAN_POINT('',(148.44,-82.3064,0.));
#12757 = CIRCLE('',#12758,0.4064);
#12758 = AXIS2_PLACEMENT_3D('',#12759,#12760,#12761);
#12759 = CARTESIAN_POINT('',(148.44,-81.9,0.));
#12760 = DIRECTION('',(-0.,0.,-1.));
#12761 = DIRECTION('',(-0.,-1.,0.));
#12762 = FACE_BOUND('',#12763,.F.);
#12763 = EDGE_LOOP('',(#12764));
#12764 = ORIENTED_EDGE('',*,*,#12765,.T.);
#12765 = EDGE_CURVE('',#12766,#12766,#12768,.T.);
#12766 = VERTEX_POINT('',#12767);
#12767 = CARTESIAN_POINT('',(148.44,-79.7664,0.));
#12768 = CIRCLE('',#12769,0.4064);
#12769 = AXIS2_PLACEMENT_3D('',#12770,#12771,#12772);
#12770 = CARTESIAN_POINT('',(148.44,-79.36,0.));
#12771 = DIRECTION('',(-0.,0.,-1.));
#12772 = DIRECTION('',(-0.,-1.,0.));
#12773 = FACE_BOUND('',#12774,.F.);
#12774 = EDGE_LOOP('',(#12775));
#12775 = ORIENTED_EDGE('',*,*,#12776,.T.);
#12776 = EDGE_CURVE('',#12777,#12777,#12779,.T.);
#12777 = VERTEX_POINT('',#12778);
#12778 = CARTESIAN_POINT('',(152.24,-124.64,0.));
#12779 = CIRCLE('',#12780,0.4);
#12780 = AXIS2_PLACEMENT_3D('',#12781,#12782,#12783);
#12781 = CARTESIAN_POINT('',(152.24,-124.24,0.));
#12782 = DIRECTION('',(-0.,0.,-1.));
#12783 = DIRECTION('',(-0.,-1.,0.));
#12784 = FACE_BOUND('',#12785,.F.);
#12785 = EDGE_LOOP('',(#12786));
#12786 = ORIENTED_EDGE('',*,*,#12787,.T.);
#12787 = EDGE_CURVE('',#12788,#12788,#12790,.T.);
#12788 = VERTEX_POINT('',#12789);
#12789 = CARTESIAN_POINT('',(152.78,-112.14,0.));
#12790 = CIRCLE('',#12791,0.4);
#12791 = AXIS2_PLACEMENT_3D('',#12792,#12793,#12794);
#12792 = CARTESIAN_POINT('',(152.78,-111.74,0.));
#12793 = DIRECTION('',(-0.,0.,-1.));
#12794 = DIRECTION('',(-0.,-1.,0.));
#12795 = FACE_BOUND('',#12796,.F.);
#12796 = EDGE_LOOP('',(#12797));
#12797 = ORIENTED_EDGE('',*,*,#12798,.T.);
#12798 = EDGE_CURVE('',#12799,#12799,#12801,.T.);
#12799 = VERTEX_POINT('',#12800);
#12800 = CARTESIAN_POINT('',(162.94,-112.14,0.));
#12801 = CIRCLE('',#12802,0.4);
#12802 = AXIS2_PLACEMENT_3D('',#12803,#12804,#12805);
#12803 = CARTESIAN_POINT('',(162.94,-111.74,0.));
#12804 = DIRECTION('',(-0.,0.,-1.));
#12805 = DIRECTION('',(-0.,-1.,0.));
#12806 = FACE_BOUND('',#12807,.F.);
#12807 = EDGE_LOOP('',(#12808));
#12808 = ORIENTED_EDGE('',*,*,#12809,.T.);
#12809 = EDGE_CURVE('',#12810,#12810,#12812,.T.);
#12810 = VERTEX_POINT('',#12811);
#12811 = CARTESIAN_POINT('',(164.94,-124.64,0.));
#12812 = CIRCLE('',#12813,0.4);
#12813 = AXIS2_PLACEMENT_3D('',#12814,#12815,#12816);
#12814 = CARTESIAN_POINT('',(164.94,-124.24,0.));
#12815 = DIRECTION('',(-0.,0.,-1.));
#12816 = DIRECTION('',(-0.,-1.,0.));
#12817 = FACE_BOUND('',#12818,.F.);
#12818 = EDGE_LOOP('',(#12819));
#12819 = ORIENTED_EDGE('',*,*,#12820,.T.);
#12820 = EDGE_CURVE('',#12821,#12821,#12823,.T.);
#12821 = VERTEX_POINT('',#12822);
#12822 = CARTESIAN_POINT('',(165.67,-117.845,0.));
#12823 = CIRCLE('',#12824,0.375);
#12824 = AXIS2_PLACEMENT_3D('',#12825,#12826,#12827);
#12825 = CARTESIAN_POINT('',(165.67,-117.47,0.));
#12826 = DIRECTION('',(-0.,0.,-1.));
#12827 = DIRECTION('',(-0.,-1.,0.));
#12828 = FACE_BOUND('',#12829,.F.);
#12829 = EDGE_LOOP('',(#12830));
#12830 = ORIENTED_EDGE('',*,*,#12831,.T.);
#12831 = EDGE_CURVE('',#12832,#12832,#12834,.T.);
#12832 = VERTEX_POINT('',#12833);
#12833 = CARTESIAN_POINT('',(166.94,-119.115,0.));
#12834 = CIRCLE('',#12835,0.375);
#12835 = AXIS2_PLACEMENT_3D('',#12836,#12837,#12838);
#12836 = CARTESIAN_POINT('',(166.94,-118.74,0.));
#12837 = DIRECTION('',(-0.,0.,-1.));
#12838 = DIRECTION('',(-0.,-1.,0.));
#12839 = FACE_BOUND('',#12840,.F.);
#12840 = EDGE_LOOP('',(#12841));
#12841 = ORIENTED_EDGE('',*,*,#12842,.T.);
#12842 = EDGE_CURVE('',#12843,#12843,#12845,.T.);
#12843 = VERTEX_POINT('',#12844);
#12844 = CARTESIAN_POINT('',(166.94,-116.575,0.));
#12845 = CIRCLE('',#12846,0.375);
#12846 = AXIS2_PLACEMENT_3D('',#12847,#12848,#12849);
#12847 = CARTESIAN_POINT('',(166.94,-116.2,0.));
#12848 = DIRECTION('',(-0.,0.,-1.));
#12849 = DIRECTION('',(-0.,-1.,0.));
#12850 = FACE_BOUND('',#12851,.F.);
#12851 = EDGE_LOOP('',(#12852));
#12852 = ORIENTED_EDGE('',*,*,#12853,.T.);
#12853 = EDGE_CURVE('',#12854,#12854,#12856,.T.);
#12854 = VERTEX_POINT('',#12855);
#12855 = CARTESIAN_POINT('',(174.94,-125.28,0.));
#12856 = CIRCLE('',#12857,0.5);
#12857 = AXIS2_PLACEMENT_3D('',#12858,#12859,#12860);
#12858 = CARTESIAN_POINT('',(174.94,-124.78,0.));
#12859 = DIRECTION('',(-0.,0.,-1.));
#12860 = DIRECTION('',(-0.,-1.,0.));
#12861 = FACE_BOUND('',#12862,.F.);
#12862 = EDGE_LOOP('',(#12863));
#12863 = ORIENTED_EDGE('',*,*,#12864,.T.);
#12864 = EDGE_CURVE('',#12865,#12865,#12867,.T.);
#12865 = VERTEX_POINT('',#12866);
#12866 = CARTESIAN_POINT('',(174.94,-122.74,0.));
#12867 = CIRCLE('',#12868,0.5);
#12868 = AXIS2_PLACEMENT_3D('',#12869,#12870,#12871);
#12869 = CARTESIAN_POINT('',(174.94,-122.24,0.));
#12870 = DIRECTION('',(-0.,0.,-1.));
#12871 = DIRECTION('',(-0.,-1.,0.));
#12872 = FACE_BOUND('',#12873,.F.);
#12873 = EDGE_LOOP('',(#12874));
#12874 = ORIENTED_EDGE('',*,*,#12875,.T.);
#12875 = EDGE_CURVE('',#12876,#12876,#12878,.T.);
#12876 = VERTEX_POINT('',#12877);
#12877 = CARTESIAN_POINT('',(174.94,-120.2,0.));
#12878 = CIRCLE('',#12879,0.5);
#12879 = AXIS2_PLACEMENT_3D('',#12880,#12881,#12882);
#12880 = CARTESIAN_POINT('',(174.94,-119.7,0.));
#12881 = DIRECTION('',(-0.,0.,-1.));
#12882 = DIRECTION('',(-0.,-1.,0.));
#12883 = FACE_BOUND('',#12884,.F.);
#12884 = EDGE_LOOP('',(#12885));
#12885 = ORIENTED_EDGE('',*,*,#12886,.T.);
#12886 = EDGE_CURVE('',#12887,#12887,#12889,.T.);
#12887 = VERTEX_POINT('',#12888);
#12888 = CARTESIAN_POINT('',(158.59,-91.14,0.));
#12889 = CIRCLE('',#12890,0.4);
#12890 = AXIS2_PLACEMENT_3D('',#12891,#12892,#12893);
#12891 = CARTESIAN_POINT('',(158.59,-90.74,0.));
#12892 = DIRECTION('',(-0.,0.,-1.));
#12893 = DIRECTION('',(-0.,-1.,0.));
#12894 = FACE_BOUND('',#12895,.F.);
#12895 = EDGE_LOOP('',(#12896));
#12896 = ORIENTED_EDGE('',*,*,#12897,.T.);
#12897 = EDGE_CURVE('',#12898,#12898,#12900,.T.);
#12898 = VERTEX_POINT('',#12899);
#12899 = CARTESIAN_POINT('',(158.24,-85.64,0.));
#12900 = CIRCLE('',#12901,0.4);
#12901 = AXIS2_PLACEMENT_3D('',#12902,#12903,#12904);
#12902 = CARTESIAN_POINT('',(158.24,-85.24,0.));
#12903 = DIRECTION('',(-0.,0.,-1.));
#12904 = DIRECTION('',(-0.,-1.,0.));
#12905 = FACE_BOUND('',#12906,.F.);
#12906 = EDGE_LOOP('',(#12907));
#12907 = ORIENTED_EDGE('',*,*,#12908,.T.);
#12908 = EDGE_CURVE('',#12909,#12909,#12911,.T.);
#12909 = VERTEX_POINT('',#12910);
#12910 = CARTESIAN_POINT('',(159.78,-80.64,0.));
#12911 = CIRCLE('',#12912,0.4);
#12912 = AXIS2_PLACEMENT_3D('',#12913,#12914,#12915);
#12913 = CARTESIAN_POINT('',(159.78,-80.24,0.));
#12914 = DIRECTION('',(-0.,0.,-1.));
#12915 = DIRECTION('',(-0.,-1.,0.));
#12916 = FACE_BOUND('',#12917,.F.);
#12917 = EDGE_LOOP('',(#12918));
#12918 = ORIENTED_EDGE('',*,*,#12919,.T.);
#12919 = EDGE_CURVE('',#12920,#12920,#12922,.T.);
#12920 = VERTEX_POINT('',#12921);
#12921 = CARTESIAN_POINT('',(171.29,-91.14,0.));
#12922 = CIRCLE('',#12923,0.4);
#12923 = AXIS2_PLACEMENT_3D('',#12924,#12925,#12926);
#12924 = CARTESIAN_POINT('',(171.29,-90.74,0.));
#12925 = DIRECTION('',(-0.,0.,-1.));
#12926 = DIRECTION('',(-0.,-1.,0.));
#12927 = FACE_BOUND('',#12928,.F.);
#12928 = EDGE_LOOP('',(#12929));
#12929 = ORIENTED_EDGE('',*,*,#12930,.T.);
#12930 = EDGE_CURVE('',#12931,#12931,#12933,.T.);
#12931 = VERTEX_POINT('',#12932);
#12932 = CARTESIAN_POINT('',(170.94,-85.64,0.));
#12933 = CIRCLE('',#12934,0.4);
#12934 = AXIS2_PLACEMENT_3D('',#12935,#12936,#12937);
#12935 = CARTESIAN_POINT('',(170.94,-85.24,0.));
#12936 = DIRECTION('',(-0.,0.,-1.));
#12937 = DIRECTION('',(-0.,-1.,0.));
#12938 = FACE_BOUND('',#12939,.F.);
#12939 = EDGE_LOOP('',(#12940));
#12940 = ORIENTED_EDGE('',*,*,#12941,.T.);
#12941 = EDGE_CURVE('',#12942,#12942,#12944,.T.);
#12942 = VERTEX_POINT('',#12943);
#12943 = CARTESIAN_POINT('',(169.94,-80.64,0.));
#12944 = CIRCLE('',#12945,0.4);
#12945 = AXIS2_PLACEMENT_3D('',#12946,#12947,#12948);
#12946 = CARTESIAN_POINT('',(169.94,-80.24,0.));
#12947 = DIRECTION('',(-0.,0.,-1.));
#12948 = DIRECTION('',(-0.,-1.,0.));
#12949 = FACE_BOUND('',#12950,.F.);
#12950 = EDGE_LOOP('',(#12951));
#12951 = ORIENTED_EDGE('',*,*,#12952,.T.);
#12952 = EDGE_CURVE('',#12953,#12953,#12955,.T.);
#12953 = VERTEX_POINT('',#12954);
#12954 = CARTESIAN_POINT('',(175.9,-83.615,0.));
#12955 = CIRCLE('',#12956,0.375);
#12956 = AXIS2_PLACEMENT_3D('',#12957,#12958,#12959);
#12957 = CARTESIAN_POINT('',(175.9,-83.24,0.));
#12958 = DIRECTION('',(-0.,0.,-1.));
#12959 = DIRECTION('',(-0.,-1.,0.));
#12960 = FACE_BOUND('',#12961,.F.);
#12961 = EDGE_LOOP('',(#12962));
#12962 = ORIENTED_EDGE('',*,*,#12963,.T.);
#12963 = EDGE_CURVE('',#12964,#12964,#12966,.T.);
#12964 = VERTEX_POINT('',#12965);
#12965 = CARTESIAN_POINT('',(177.17,-82.345,0.));
#12966 = CIRCLE('',#12967,0.375);
#12967 = AXIS2_PLACEMENT_3D('',#12968,#12969,#12970);
#12968 = CARTESIAN_POINT('',(177.17,-81.97,0.));
#12969 = DIRECTION('',(-0.,0.,-1.));
#12970 = DIRECTION('',(-0.,-1.,0.));
#12971 = FACE_BOUND('',#12972,.F.);
#12972 = EDGE_LOOP('',(#12973));
#12973 = ORIENTED_EDGE('',*,*,#12974,.T.);
#12974 = EDGE_CURVE('',#12975,#12975,#12977,.T.);
#12975 = VERTEX_POINT('',#12976);
#12976 = CARTESIAN_POINT('',(178.44,-83.615,0.));
#12977 = CIRCLE('',#12978,0.375);
#12978 = AXIS2_PLACEMENT_3D('',#12979,#12980,#12981);
#12979 = CARTESIAN_POINT('',(178.44,-83.24,0.));
#12980 = DIRECTION('',(-0.,0.,-1.));
#12981 = DIRECTION('',(-0.,-1.,0.));
#12982 = FACE_BOUND('',#12983,.F.);
#12983 = EDGE_LOOP('',(#12984));
#12984 = ORIENTED_EDGE('',*,*,#12985,.T.);
#12985 = EDGE_CURVE('',#12986,#12986,#12988,.T.);
#12986 = VERTEX_POINT('',#12987);
#12987 = CARTESIAN_POINT('',(126.44,-77.02,0.));
#12988 = CIRCLE('',#12989,0.4);
#12989 = AXIS2_PLACEMENT_3D('',#12990,#12991,#12992);
#12990 = CARTESIAN_POINT('',(126.44,-76.62,0.));
#12991 = DIRECTION('',(-0.,0.,-1.));
#12992 = DIRECTION('',(-0.,-1.,0.));
#12993 = FACE_BOUND('',#12994,.F.);
#12994 = EDGE_LOOP('',(#12995));
#12995 = ORIENTED_EDGE('',*,*,#12996,.T.);
#12996 = EDGE_CURVE('',#12997,#12997,#12999,.T.);
#12997 = VERTEX_POINT('',#12998);
#12998 = CARTESIAN_POINT('',(126.44,-72.14,0.));
#12999 = CIRCLE('',#13000,0.4);
#13000 = AXIS2_PLACEMENT_3D('',#13001,#13002,#13003);
#13001 = CARTESIAN_POINT('',(126.44,-71.74,0.));
#13002 = DIRECTION('',(-0.,0.,-1.));
#13003 = DIRECTION('',(-0.,-1.,0.));
#13004 = FACE_BOUND('',#13005,.F.);
#13005 = EDGE_LOOP('',(#13006));
#13006 = ORIENTED_EDGE('',*,*,#13007,.T.);
#13007 = EDGE_CURVE('',#13008,#13008,#13010,.T.);
#13008 = VERTEX_POINT('',#13009);
#13009 = CARTESIAN_POINT('',(134.44,-76.14,0.));
#13010 = CIRCLE('',#13011,0.4);
#13011 = AXIS2_PLACEMENT_3D('',#13012,#13013,#13014);
#13012 = CARTESIAN_POINT('',(134.44,-75.74,0.));
#13013 = DIRECTION('',(-0.,0.,-1.));
#13014 = DIRECTION('',(-0.,-1.,0.));
#13015 = FACE_BOUND('',#13016,.F.);
#13016 = EDGE_LOOP('',(#13017));
#13017 = ORIENTED_EDGE('',*,*,#13018,.T.);
#13018 = EDGE_CURVE('',#13019,#13019,#13021,.T.);
#13019 = VERTEX_POINT('',#13020);
#13020 = CARTESIAN_POINT('',(134.44,-71.64,0.));
#13021 = CIRCLE('',#13022,0.4);
#13022 = AXIS2_PLACEMENT_3D('',#13023,#13024,#13025);
#13023 = CARTESIAN_POINT('',(134.44,-71.24,0.));
#13024 = DIRECTION('',(-0.,0.,-1.));
#13025 = DIRECTION('',(-0.,-1.,0.));
#13026 = FACE_BOUND('',#13027,.F.);
#13027 = EDGE_LOOP('',(#13028));
#13028 = ORIENTED_EDGE('',*,*,#13029,.T.);
#13029 = EDGE_CURVE('',#13030,#13030,#13032,.T.);
#13030 = VERTEX_POINT('',#13031);
#13031 = CARTESIAN_POINT('',(134.44,-66.64,0.));
#13032 = CIRCLE('',#13033,0.4);
#13033 = AXIS2_PLACEMENT_3D('',#13034,#13035,#13036);
#13034 = CARTESIAN_POINT('',(134.44,-66.24,0.));
#13035 = DIRECTION('',(-0.,0.,-1.));
#13036 = DIRECTION('',(-0.,-1.,0.));
#13037 = FACE_BOUND('',#13038,.F.);
#13038 = EDGE_LOOP('',(#13039));
#13039 = ORIENTED_EDGE('',*,*,#13040,.T.);
#13040 = EDGE_CURVE('',#13041,#13041,#13043,.T.);
#13041 = VERTEX_POINT('',#13042);
#13042 = CARTESIAN_POINT('',(140.82,-77.2264,0.));
#13043 = CIRCLE('',#13044,0.4064);
#13044 = AXIS2_PLACEMENT_3D('',#13045,#13046,#13047);
#13045 = CARTESIAN_POINT('',(140.82,-76.82,0.));
#13046 = DIRECTION('',(-0.,0.,-1.));
#13047 = DIRECTION('',(-0.,-1.,0.));
#13048 = FACE_BOUND('',#13049,.F.);
#13049 = EDGE_LOOP('',(#13050));
#13050 = ORIENTED_EDGE('',*,*,#13051,.T.);
#13051 = EDGE_CURVE('',#13052,#13052,#13054,.T.);
#13052 = VERTEX_POINT('',#13053);
#13053 = CARTESIAN_POINT('',(140.82,-74.6864,0.));
#13054 = CIRCLE('',#13055,0.4064);
#13055 = AXIS2_PLACEMENT_3D('',#13056,#13057,#13058);
#13056 = CARTESIAN_POINT('',(140.82,-74.28,0.));
#13057 = DIRECTION('',(-0.,0.,-1.));
#13058 = DIRECTION('',(-0.,-1.,0.));
#13059 = FACE_BOUND('',#13060,.F.);
#13060 = EDGE_LOOP('',(#13061));
#13061 = ORIENTED_EDGE('',*,*,#13062,.T.);
#13062 = EDGE_CURVE('',#13063,#13063,#13065,.T.);
#13063 = VERTEX_POINT('',#13064);
#13064 = CARTESIAN_POINT('',(140.82,-72.1464,0.));
#13065 = CIRCLE('',#13066,0.4064);
#13066 = AXIS2_PLACEMENT_3D('',#13067,#13068,#13069);
#13067 = CARTESIAN_POINT('',(140.82,-71.74,0.));
#13068 = DIRECTION('',(-0.,0.,-1.));
#13069 = DIRECTION('',(-0.,-1.,0.));
#13070 = FACE_BOUND('',#13071,.F.);
#13071 = EDGE_LOOP('',(#13072));
#13072 = ORIENTED_EDGE('',*,*,#13073,.T.);
#13073 = EDGE_CURVE('',#13074,#13074,#13076,.T.);
#13074 = VERTEX_POINT('',#13075);
#13075 = CARTESIAN_POINT('',(140.82,-69.6064,0.));
#13076 = CIRCLE('',#13077,0.4064);
#13077 = AXIS2_PLACEMENT_3D('',#13078,#13079,#13080);
#13078 = CARTESIAN_POINT('',(140.82,-69.2,0.));
#13079 = DIRECTION('',(-0.,0.,-1.));
#13080 = DIRECTION('',(-0.,-1.,0.));
#13081 = FACE_BOUND('',#13082,.F.);
#13082 = EDGE_LOOP('',(#13083));
#13083 = ORIENTED_EDGE('',*,*,#13084,.T.);
#13084 = EDGE_CURVE('',#13085,#13085,#13087,.T.);
#13085 = VERTEX_POINT('',#13086);
#13086 = CARTESIAN_POINT('',(148.44,-77.2264,0.));
#13087 = CIRCLE('',#13088,0.4064);
#13088 = AXIS2_PLACEMENT_3D('',#13089,#13090,#13091);
#13089 = CARTESIAN_POINT('',(148.44,-76.82,0.));
#13090 = DIRECTION('',(-0.,0.,-1.));
#13091 = DIRECTION('',(-0.,-1.,0.));
#13092 = FACE_BOUND('',#13093,.F.);
#13093 = EDGE_LOOP('',(#13094));
#13094 = ORIENTED_EDGE('',*,*,#13095,.T.);
#13095 = EDGE_CURVE('',#13096,#13096,#13098,.T.);
#13096 = VERTEX_POINT('',#13097);
#13097 = CARTESIAN_POINT('',(148.44,-74.6864,0.));
#13098 = CIRCLE('',#13099,0.4064);
#13099 = AXIS2_PLACEMENT_3D('',#13100,#13101,#13102);
#13100 = CARTESIAN_POINT('',(148.44,-74.28,0.));
#13101 = DIRECTION('',(-0.,0.,-1.));
#13102 = DIRECTION('',(-0.,-1.,0.));
#13103 = FACE_BOUND('',#13104,.F.);
#13104 = EDGE_LOOP('',(#13105));
#13105 = ORIENTED_EDGE('',*,*,#13106,.T.);
#13106 = EDGE_CURVE('',#13107,#13107,#13109,.T.);
#13107 = VERTEX_POINT('',#13108);
#13108 = CARTESIAN_POINT('',(148.44,-72.1464,0.));
#13109 = CIRCLE('',#13110,0.4064);
#13110 = AXIS2_PLACEMENT_3D('',#13111,#13112,#13113);
#13111 = CARTESIAN_POINT('',(148.44,-71.74,0.));
#13112 = DIRECTION('',(-0.,0.,-1.));
#13113 = DIRECTION('',(-0.,-1.,0.));
#13114 = FACE_BOUND('',#13115,.F.);
#13115 = EDGE_LOOP('',(#13116));
#13116 = ORIENTED_EDGE('',*,*,#13117,.T.);
#13117 = EDGE_CURVE('',#13118,#13118,#13120,.T.);
#13118 = VERTEX_POINT('',#13119);
#13119 = CARTESIAN_POINT('',(148.44,-69.6064,0.));
#13120 = CIRCLE('',#13121,0.4064);
#13121 = AXIS2_PLACEMENT_3D('',#13122,#13123,#13124);
#13122 = CARTESIAN_POINT('',(148.44,-69.2,0.));
#13123 = DIRECTION('',(-0.,0.,-1.));
#13124 = DIRECTION('',(-0.,-1.,0.));
#13125 = FACE_BOUND('',#13126,.F.);
#13126 = EDGE_LOOP('',(#13127));
#13127 = ORIENTED_EDGE('',*,*,#13128,.T.);
#13128 = EDGE_CURVE('',#13129,#13129,#13131,.T.);
#13129 = VERTEX_POINT('',#13130);
#13130 = CARTESIAN_POINT('',(140.82,-67.0664,0.));
#13131 = CIRCLE('',#13132,0.4064);
#13132 = AXIS2_PLACEMENT_3D('',#13133,#13134,#13135);
#13133 = CARTESIAN_POINT('',(140.82,-66.66,0.));
#13134 = DIRECTION('',(-0.,0.,-1.));
#13135 = DIRECTION('',(-0.,-1.,0.));
#13136 = FACE_BOUND('',#13137,.F.);
#13137 = EDGE_LOOP('',(#13138));
#13138 = ORIENTED_EDGE('',*,*,#13139,.T.);
#13139 = EDGE_CURVE('',#13140,#13140,#13142,.T.);
#13140 = VERTEX_POINT('',#13141);
#13141 = CARTESIAN_POINT('',(140.82,-64.5264,0.));
#13142 = CIRCLE('',#13143,0.4064);
#13143 = AXIS2_PLACEMENT_3D('',#13144,#13145,#13146);
#13144 = CARTESIAN_POINT('',(140.82,-64.12,0.));
#13145 = DIRECTION('',(-0.,0.,-1.));
#13146 = DIRECTION('',(-0.,-1.,0.));
#13147 = FACE_BOUND('',#13148,.F.);
#13148 = EDGE_LOOP('',(#13149));
#13149 = ORIENTED_EDGE('',*,*,#13150,.T.);
#13150 = EDGE_CURVE('',#13151,#13151,#13153,.T.);
#13151 = VERTEX_POINT('',#13152);
#13152 = CARTESIAN_POINT('',(140.82,-61.9864,0.));
#13153 = CIRCLE('',#13154,0.4064);
#13154 = AXIS2_PLACEMENT_3D('',#13155,#13156,#13157);
#13155 = CARTESIAN_POINT('',(140.82,-61.58,0.));
#13156 = DIRECTION('',(-0.,0.,-1.));
#13157 = DIRECTION('',(-0.,-1.,0.));
#13158 = FACE_BOUND('',#13159,.F.);
#13159 = EDGE_LOOP('',(#13160));
#13160 = ORIENTED_EDGE('',*,*,#13161,.T.);
#13161 = EDGE_CURVE('',#13162,#13162,#13164,.T.);
#13162 = VERTEX_POINT('',#13163);
#13163 = CARTESIAN_POINT('',(140.82,-59.4464,0.));
#13164 = CIRCLE('',#13165,0.4064);
#13165 = AXIS2_PLACEMENT_3D('',#13166,#13167,#13168);
#13166 = CARTESIAN_POINT('',(140.82,-59.04,0.));
#13167 = DIRECTION('',(-0.,0.,-1.));
#13168 = DIRECTION('',(-0.,-1.,0.));
#13169 = FACE_BOUND('',#13170,.F.);
#13170 = EDGE_LOOP('',(#13171));
#13171 = ORIENTED_EDGE('',*,*,#13172,.T.);
#13172 = EDGE_CURVE('',#13173,#13173,#13175,.T.);
#13173 = VERTEX_POINT('',#13174);
#13174 = CARTESIAN_POINT('',(140.82,-56.9064,0.));
#13175 = CIRCLE('',#13176,0.4064);
#13176 = AXIS2_PLACEMENT_3D('',#13177,#13178,#13179);
#13177 = CARTESIAN_POINT('',(140.82,-56.5,0.));
#13178 = DIRECTION('',(-0.,0.,-1.));
#13179 = DIRECTION('',(-0.,-1.,0.));
#13180 = FACE_BOUND('',#13181,.F.);
#13181 = EDGE_LOOP('',(#13182));
#13182 = ORIENTED_EDGE('',*,*,#13183,.T.);
#13183 = EDGE_CURVE('',#13184,#13184,#13186,.T.);
#13184 = VERTEX_POINT('',#13185);
#13185 = CARTESIAN_POINT('',(148.44,-67.0664,0.));
#13186 = CIRCLE('',#13187,0.4064);
#13187 = AXIS2_PLACEMENT_3D('',#13188,#13189,#13190);
#13188 = CARTESIAN_POINT('',(148.44,-66.66,0.));
#13189 = DIRECTION('',(-0.,0.,-1.));
#13190 = DIRECTION('',(-0.,-1.,0.));
#13191 = FACE_BOUND('',#13192,.F.);
#13192 = EDGE_LOOP('',(#13193));
#13193 = ORIENTED_EDGE('',*,*,#13194,.T.);
#13194 = EDGE_CURVE('',#13195,#13195,#13197,.T.);
#13195 = VERTEX_POINT('',#13196);
#13196 = CARTESIAN_POINT('',(148.44,-64.5264,0.));
#13197 = CIRCLE('',#13198,0.4064);
#13198 = AXIS2_PLACEMENT_3D('',#13199,#13200,#13201);
#13199 = CARTESIAN_POINT('',(148.44,-64.12,0.));
#13200 = DIRECTION('',(-0.,0.,-1.));
#13201 = DIRECTION('',(-0.,-1.,0.));
#13202 = FACE_BOUND('',#13203,.F.);
#13203 = EDGE_LOOP('',(#13204));
#13204 = ORIENTED_EDGE('',*,*,#13205,.T.);
#13205 = EDGE_CURVE('',#13206,#13206,#13208,.T.);
#13206 = VERTEX_POINT('',#13207);
#13207 = CARTESIAN_POINT('',(148.44,-61.9864,0.));
#13208 = CIRCLE('',#13209,0.4064);
#13209 = AXIS2_PLACEMENT_3D('',#13210,#13211,#13212);
#13210 = CARTESIAN_POINT('',(148.44,-61.58,0.));
#13211 = DIRECTION('',(-0.,0.,-1.));
#13212 = DIRECTION('',(-0.,-1.,0.));
#13213 = FACE_BOUND('',#13214,.F.);
#13214 = EDGE_LOOP('',(#13215));
#13215 = ORIENTED_EDGE('',*,*,#13216,.T.);
#13216 = EDGE_CURVE('',#13217,#13217,#13219,.T.);
#13217 = VERTEX_POINT('',#13218);
#13218 = CARTESIAN_POINT('',(148.44,-59.4464,0.));
#13219 = CIRCLE('',#13220,0.4064);
#13220 = AXIS2_PLACEMENT_3D('',#13221,#13222,#13223);
#13221 = CARTESIAN_POINT('',(148.44,-59.04,0.));
#13222 = DIRECTION('',(-0.,0.,-1.));
#13223 = DIRECTION('',(-0.,-1.,0.));
#13224 = FACE_BOUND('',#13225,.F.);
#13225 = EDGE_LOOP('',(#13226));
#13226 = ORIENTED_EDGE('',*,*,#13227,.T.);
#13227 = EDGE_CURVE('',#13228,#13228,#13230,.T.);
#13228 = VERTEX_POINT('',#13229);
#13229 = CARTESIAN_POINT('',(148.44,-56.9064,0.));
#13230 = CIRCLE('',#13231,0.4064);
#13231 = AXIS2_PLACEMENT_3D('',#13232,#13233,#13234);
#13232 = CARTESIAN_POINT('',(148.44,-56.5,0.));
#13233 = DIRECTION('',(-0.,0.,-1.));
#13234 = DIRECTION('',(-0.,-1.,0.));
#13235 = FACE_BOUND('',#13236,.F.);
#13236 = EDGE_LOOP('',(#13237));
#13237 = ORIENTED_EDGE('',*,*,#13238,.T.);
#13238 = EDGE_CURVE('',#13239,#13239,#13241,.T.);
#13239 = VERTEX_POINT('',#13240);
#13240 = CARTESIAN_POINT('',(123.76,-51.75,0.));
#13241 = CIRCLE('',#13242,0.4);
#13242 = AXIS2_PLACEMENT_3D('',#13243,#13244,#13245);
#13243 = CARTESIAN_POINT('',(123.76,-51.35,0.));
#13244 = DIRECTION('',(-0.,0.,-1.));
#13245 = DIRECTION('',(3.5527136788E-14,-1.,-0.));
#13246 = FACE_BOUND('',#13247,.F.);
#13247 = EDGE_LOOP('',(#13248));
#13248 = ORIENTED_EDGE('',*,*,#13249,.T.);
#13249 = EDGE_CURVE('',#13250,#13250,#13252,.T.);
#13250 = VERTEX_POINT('',#13251);
#13251 = CARTESIAN_POINT('',(123.94,-33.365,0.));
#13252 = CIRCLE('',#13253,0.4);
#13253 = AXIS2_PLACEMENT_3D('',#13254,#13255,#13256);
#13254 = CARTESIAN_POINT('',(123.94,-32.965,0.));
#13255 = DIRECTION('',(-0.,0.,-1.));
#13256 = DIRECTION('',(-0.,-1.,0.));
#13257 = FACE_BOUND('',#13258,.F.);
#13258 = EDGE_LOOP('',(#13259));
#13259 = ORIENTED_EDGE('',*,*,#13260,.T.);
#13260 = EDGE_CURVE('',#13261,#13261,#13263,.T.);
#13261 = VERTEX_POINT('',#13262);
#13262 = CARTESIAN_POINT('',(131.94,-33.365,0.));
#13263 = CIRCLE('',#13264,0.4);
#13264 = AXIS2_PLACEMENT_3D('',#13265,#13266,#13267);
#13265 = CARTESIAN_POINT('',(131.94,-32.965,0.));
#13266 = DIRECTION('',(-0.,0.,-1.));
#13267 = DIRECTION('',(-0.,-1.,0.));
#13268 = FACE_BOUND('',#13269,.F.);
#13269 = EDGE_LOOP('',(#13270));
#13270 = ORIENTED_EDGE('',*,*,#13271,.T.);
#13271 = EDGE_CURVE('',#13272,#13272,#13274,.T.);
#13272 = VERTEX_POINT('',#13273);
#13273 = CARTESIAN_POINT('',(136.46,-51.75,0.));
#13274 = CIRCLE('',#13275,0.4);
#13275 = AXIS2_PLACEMENT_3D('',#13276,#13277,#13278);
#13276 = CARTESIAN_POINT('',(136.46,-51.35,0.));
#13277 = DIRECTION('',(-0.,0.,-1.));
#13278 = DIRECTION('',(-0.,-1.,0.));
#13279 = FACE_BOUND('',#13280,.F.);
#13280 = EDGE_LOOP('',(#13281));
#13281 = ORIENTED_EDGE('',*,*,#13282,.T.);
#13282 = EDGE_CURVE('',#13283,#13283,#13285,.T.);
#13283 = VERTEX_POINT('',#13284);
#13284 = CARTESIAN_POINT('',(140.82,-54.3664,0.));
#13285 = CIRCLE('',#13286,0.4064);
#13286 = AXIS2_PLACEMENT_3D('',#13287,#13288,#13289);
#13287 = CARTESIAN_POINT('',(140.82,-53.96,0.));
#13288 = DIRECTION('',(-0.,0.,-1.));
#13289 = DIRECTION('',(-0.,-1.,0.));
#13290 = FACE_BOUND('',#13291,.F.);
#13291 = EDGE_LOOP('',(#13292));
#13292 = ORIENTED_EDGE('',*,*,#13293,.T.);
#13293 = EDGE_CURVE('',#13294,#13294,#13296,.T.);
#13294 = VERTEX_POINT('',#13295);
#13295 = CARTESIAN_POINT('',(140.82,-51.8264,0.));
#13296 = CIRCLE('',#13297,0.4064);
#13297 = AXIS2_PLACEMENT_3D('',#13298,#13299,#13300);
#13298 = CARTESIAN_POINT('',(140.82,-51.42,0.));
#13299 = DIRECTION('',(-0.,0.,-1.));
#13300 = DIRECTION('',(-0.,-1.,0.));
#13301 = FACE_BOUND('',#13302,.F.);
#13302 = EDGE_LOOP('',(#13303));
#13303 = ORIENTED_EDGE('',*,*,#13304,.T.);
#13304 = EDGE_CURVE('',#13305,#13305,#13307,.T.);
#13305 = VERTEX_POINT('',#13306);
#13306 = CARTESIAN_POINT('',(148.44,-54.3664,0.));
#13307 = CIRCLE('',#13308,0.4064);
#13308 = AXIS2_PLACEMENT_3D('',#13309,#13310,#13311);
#13309 = CARTESIAN_POINT('',(148.44,-53.96,0.));
#13310 = DIRECTION('',(-0.,0.,-1.));
#13311 = DIRECTION('',(-0.,-1.,0.));
#13312 = FACE_BOUND('',#13313,.F.);
#13313 = EDGE_LOOP('',(#13314));
#13314 = ORIENTED_EDGE('',*,*,#13315,.T.);
#13315 = EDGE_CURVE('',#13316,#13316,#13318,.T.);
#13316 = VERTEX_POINT('',#13317);
#13317 = CARTESIAN_POINT('',(148.44,-51.8264,0.));
#13318 = CIRCLE('',#13319,0.4064);
#13319 = AXIS2_PLACEMENT_3D('',#13320,#13321,#13322);
#13320 = CARTESIAN_POINT('',(148.44,-51.42,0.));
#13321 = DIRECTION('',(-0.,0.,-1.));
#13322 = DIRECTION('',(-0.,-1.,0.));
#13323 = FACE_BOUND('',#13324,.F.);
#13324 = EDGE_LOOP('',(#13325));
#13325 = ORIENTED_EDGE('',*,*,#13326,.T.);
#13326 = EDGE_CURVE('',#13327,#13327,#13329,.T.);
#13327 = VERTEX_POINT('',#13328);
#13328 = CARTESIAN_POINT('',(138.44,-40.64,0.));
#13329 = CIRCLE('',#13330,0.4);
#13330 = AXIS2_PLACEMENT_3D('',#13331,#13332,#13333);
#13331 = CARTESIAN_POINT('',(138.44,-40.24,0.));
#13332 = DIRECTION('',(-0.,0.,-1.));
#13333 = DIRECTION('',(-0.,-1.,0.));
#13334 = FACE_BOUND('',#13335,.F.);
#13335 = EDGE_LOOP('',(#13336));
#13336 = ORIENTED_EDGE('',*,*,#13337,.T.);
#13337 = EDGE_CURVE('',#13338,#13338,#13340,.T.);
#13338 = VERTEX_POINT('',#13339);
#13339 = CARTESIAN_POINT('',(143.44,-40.64,0.));
#13340 = CIRCLE('',#13341,0.4);
#13341 = AXIS2_PLACEMENT_3D('',#13342,#13343,#13344);
#13342 = CARTESIAN_POINT('',(143.44,-40.24,0.));
#13343 = DIRECTION('',(-0.,0.,-1.));
#13344 = DIRECTION('',(-0.,-1.,0.));
#13345 = FACE_BOUND('',#13346,.F.);
#13346 = EDGE_LOOP('',(#13347));
#13347 = ORIENTED_EDGE('',*,*,#13348,.T.);
#13348 = EDGE_CURVE('',#13349,#13349,#13351,.T.);
#13349 = VERTEX_POINT('',#13350);
#13350 = CARTESIAN_POINT('',(147.9,-44.2753,0.));
#13351 = CIRCLE('',#13352,0.4953);
#13352 = AXIS2_PLACEMENT_3D('',#13353,#13354,#13355);
#13353 = CARTESIAN_POINT('',(147.9,-43.78,0.));
#13354 = DIRECTION('',(-0.,0.,-1.));
#13355 = DIRECTION('',(5.738281734384E-14,-1.,-0.));
#13356 = FACE_BOUND('',#13357,.F.);
#13357 = EDGE_LOOP('',(#13358));
#13358 = ORIENTED_EDGE('',*,*,#13359,.T.);
#13359 = EDGE_CURVE('',#13360,#13360,#13362,.T.);
#13360 = VERTEX_POINT('',#13361);
#13361 = CARTESIAN_POINT('',(149.17,-41.7353,0.));
#13362 = CIRCLE('',#13363,0.4953);
#13363 = AXIS2_PLACEMENT_3D('',#13364,#13365,#13366);
#13364 = CARTESIAN_POINT('',(149.17,-41.24,0.));
#13365 = DIRECTION('',(-0.,0.,-1.));
#13366 = DIRECTION('',(-5.738281734384E-14,-1.,0.));
#13367 = FACE_BOUND('',#13368,.F.);
#13368 = EDGE_LOOP('',(#13369));
#13369 = ORIENTED_EDGE('',*,*,#13370,.T.);
#13370 = EDGE_CURVE('',#13371,#13371,#13373,.T.);
#13371 = VERTEX_POINT('',#13372);
#13372 = CARTESIAN_POINT('',(159.78,-75.64,0.));
#13373 = CIRCLE('',#13374,0.4);
#13374 = AXIS2_PLACEMENT_3D('',#13375,#13376,#13377);
#13375 = CARTESIAN_POINT('',(159.78,-75.24,0.));
#13376 = DIRECTION('',(-0.,0.,-1.));
#13377 = DIRECTION('',(-0.,-1.,0.));
#13378 = FACE_BOUND('',#13379,.F.);
#13379 = EDGE_LOOP('',(#13380));
#13380 = ORIENTED_EDGE('',*,*,#13381,.T.);
#13381 = EDGE_CURVE('',#13382,#13382,#13384,.T.);
#13382 = VERTEX_POINT('',#13383);
#13383 = CARTESIAN_POINT('',(159.86,-71.09,0.));
#13384 = CIRCLE('',#13385,0.4);
#13385 = AXIS2_PLACEMENT_3D('',#13386,#13387,#13388);
#13386 = CARTESIAN_POINT('',(159.86,-70.69,0.));
#13387 = DIRECTION('',(-0.,0.,-1.));
#13388 = DIRECTION('',(-0.,-1.,0.));
#13389 = FACE_BOUND('',#13390,.F.);
#13390 = EDGE_LOOP('',(#13391));
#13391 = ORIENTED_EDGE('',*,*,#13392,.T.);
#13392 = EDGE_CURVE('',#13393,#13393,#13395,.T.);
#13393 = VERTEX_POINT('',#13394);
#13394 = CARTESIAN_POINT('',(161.44,-65.14,0.));
#13395 = CIRCLE('',#13396,0.4);
#13396 = AXIS2_PLACEMENT_3D('',#13397,#13398,#13399);
#13397 = CARTESIAN_POINT('',(161.44,-64.74,0.));
#13398 = DIRECTION('',(-0.,0.,-1.));
#13399 = DIRECTION('',(-0.,-1.,0.));
#13400 = FACE_BOUND('',#13401,.F.);
#13401 = EDGE_LOOP('',(#13402));
#13402 = ORIENTED_EDGE('',*,*,#13403,.T.);
#13403 = EDGE_CURVE('',#13404,#13404,#13406,.T.);
#13404 = VERTEX_POINT('',#13405);
#13405 = CARTESIAN_POINT('',(169.94,-75.64,0.));
#13406 = CIRCLE('',#13407,0.4);
#13407 = AXIS2_PLACEMENT_3D('',#13408,#13409,#13410);
#13408 = CARTESIAN_POINT('',(169.94,-75.24,0.));
#13409 = DIRECTION('',(-0.,0.,-1.));
#13410 = DIRECTION('',(-0.,-1.,0.));
#13411 = FACE_BOUND('',#13412,.F.);
#13412 = EDGE_LOOP('',(#13413));
#13413 = ORIENTED_EDGE('',*,*,#13414,.T.);
#13414 = EDGE_CURVE('',#13415,#13415,#13417,.T.);
#13415 = VERTEX_POINT('',#13416);
#13416 = CARTESIAN_POINT('',(170.02,-71.09,0.));
#13417 = CIRCLE('',#13418,0.4);
#13418 = AXIS2_PLACEMENT_3D('',#13419,#13420,#13421);
#13419 = CARTESIAN_POINT('',(170.02,-70.69,0.));
#13420 = DIRECTION('',(-0.,0.,-1.));
#13421 = DIRECTION('',(7.105427357601E-14,-1.,-0.));
#13422 = FACE_BOUND('',#13423,.F.);
#13423 = EDGE_LOOP('',(#13424));
#13424 = ORIENTED_EDGE('',*,*,#13425,.T.);
#13425 = EDGE_CURVE('',#13426,#13426,#13428,.T.);
#13426 = VERTEX_POINT('',#13427);
#13427 = CARTESIAN_POINT('',(176.4,-73.115,0.));
#13428 = CIRCLE('',#13429,0.375);
#13429 = AXIS2_PLACEMENT_3D('',#13430,#13431,#13432);
#13430 = CARTESIAN_POINT('',(176.4,-72.74,0.));
#13431 = DIRECTION('',(-0.,0.,-1.));
#13432 = DIRECTION('',(-0.,-1.,0.));
#13433 = FACE_BOUND('',#13434,.F.);
#13434 = EDGE_LOOP('',(#13435));
#13435 = ORIENTED_EDGE('',*,*,#13436,.T.);
#13436 = EDGE_CURVE('',#13437,#13437,#13439,.T.);
#13437 = VERTEX_POINT('',#13438);
#13438 = CARTESIAN_POINT('',(178.94,-73.115,0.));
#13439 = CIRCLE('',#13440,0.375);
#13440 = AXIS2_PLACEMENT_3D('',#13441,#13442,#13443);
#13441 = CARTESIAN_POINT('',(178.94,-72.74,0.));
#13442 = DIRECTION('',(-0.,0.,-1.));
#13443 = DIRECTION('',(-0.,-1.,0.));
#13444 = FACE_BOUND('',#13445,.F.);
#13445 = EDGE_LOOP('',(#13446));
#13446 = ORIENTED_EDGE('',*,*,#13447,.T.);
#13447 = EDGE_CURVE('',#13448,#13448,#13450,.T.);
#13448 = VERTEX_POINT('',#13449);
#13449 = CARTESIAN_POINT('',(177.67,-71.845,0.));
#13450 = CIRCLE('',#13451,0.375);
#13451 = AXIS2_PLACEMENT_3D('',#13452,#13453,#13454);
#13452 = CARTESIAN_POINT('',(177.67,-71.47,0.));
#13453 = DIRECTION('',(-0.,0.,-1.));
#13454 = DIRECTION('',(-0.,-1.,0.));
#13455 = FACE_BOUND('',#13456,.F.);
#13456 = EDGE_LOOP('',(#13457));
#13457 = ORIENTED_EDGE('',*,*,#13458,.T.);
#13458 = EDGE_CURVE('',#13459,#13459,#13461,.T.);
#13459 = VERTEX_POINT('',#13460);
#13460 = CARTESIAN_POINT('',(166.44,-65.14,0.));
#13461 = CIRCLE('',#13462,0.4);
#13462 = AXIS2_PLACEMENT_3D('',#13463,#13464,#13465);
#13463 = CARTESIAN_POINT('',(166.44,-64.74,0.));
#13464 = DIRECTION('',(-0.,0.,-1.));
#13465 = DIRECTION('',(-0.,-1.,0.));
#13466 = FACE_BOUND('',#13467,.F.);
#13467 = EDGE_LOOP('',(#13468));
#13468 = ORIENTED_EDGE('',*,*,#13469,.T.);
#13469 = EDGE_CURVE('',#13470,#13470,#13472,.T.);
#13470 = VERTEX_POINT('',#13471);
#13471 = CARTESIAN_POINT('',(150.44,-44.2753,0.));
#13472 = CIRCLE('',#13473,0.4953);
#13473 = AXIS2_PLACEMENT_3D('',#13474,#13475,#13476);
#13474 = CARTESIAN_POINT('',(150.44,-43.78,0.));
#13475 = DIRECTION('',(-0.,0.,-1.));
#13476 = DIRECTION('',(-0.,-1.,0.));
#13477 = FACE_BOUND('',#13478,.F.);
#13478 = EDGE_LOOP('',(#13479));
#13479 = ORIENTED_EDGE('',*,*,#13480,.T.);
#13480 = EDGE_CURVE('',#13481,#13481,#13483,.T.);
#13481 = VERTEX_POINT('',#13482);
#13482 = CARTESIAN_POINT('',(154.49,-44.11,0.));
#13483 = CIRCLE('',#13484,0.4);
#13484 = AXIS2_PLACEMENT_3D('',#13485,#13486,#13487);
#13485 = CARTESIAN_POINT('',(154.49,-43.71,0.));
#13486 = DIRECTION('',(-0.,0.,-1.));
#13487 = DIRECTION('',(-0.,-1.,0.));
#13488 = FACE_BOUND('',#13489,.F.);
#13489 = EDGE_LOOP('',(#13490));
#13490 = ORIENTED_EDGE('',*,*,#13491,.T.);
#13491 = EDGE_CURVE('',#13492,#13492,#13494,.T.);
#13492 = VERTEX_POINT('',#13493);
#13493 = CARTESIAN_POINT('',(159.49,-44.11,0.));
#13494 = CIRCLE('',#13495,0.4);
#13495 = AXIS2_PLACEMENT_3D('',#13496,#13497,#13498);
#13496 = CARTESIAN_POINT('',(159.49,-43.71,0.));
#13497 = DIRECTION('',(-0.,0.,-1.));
#13498 = DIRECTION('',(-0.,-1.,0.));
#13499 = FACE_BOUND('',#13500,.F.);
#13500 = EDGE_LOOP('',(#13501));
#13501 = ORIENTED_EDGE('',*,*,#13502,.T.);
#13502 = EDGE_CURVE('',#13503,#13503,#13505,.T.);
#13503 = VERTEX_POINT('',#13504);
#13504 = CARTESIAN_POINT('',(165.64,-54.69,0.));
#13505 = CIRCLE('',#13506,0.45);
#13506 = AXIS2_PLACEMENT_3D('',#13507,#13508,#13509);
#13507 = CARTESIAN_POINT('',(165.64,-54.24,0.));
#13508 = DIRECTION('',(-0.,0.,-1.));
#13509 = DIRECTION('',(-0.,-1.,0.));
#13510 = FACE_BOUND('',#13511,.F.);
#13511 = EDGE_LOOP('',(#13512));
#13512 = ORIENTED_EDGE('',*,*,#13513,.T.);
#13513 = EDGE_CURVE('',#13514,#13514,#13516,.T.);
#13514 = VERTEX_POINT('',#13515);
#13515 = CARTESIAN_POINT('',(173.24,-54.69,0.));
#13516 = CIRCLE('',#13517,0.45);
#13517 = AXIS2_PLACEMENT_3D('',#13518,#13519,#13520);
#13518 = CARTESIAN_POINT('',(173.24,-54.24,0.));
#13519 = DIRECTION('',(-0.,0.,-1.));
#13520 = DIRECTION('',(-0.,-1.,0.));
#13521 = FACE_BOUND('',#13522,.F.);
#13522 = EDGE_LOOP('',(#13523));
#13523 = ORIENTED_EDGE('',*,*,#13524,.T.);
#13524 = EDGE_CURVE('',#13525,#13525,#13527,.T.);
#13525 = VERTEX_POINT('',#13526);
#13526 = CARTESIAN_POINT('',(168.69,-39.64,0.));
#13527 = CIRCLE('',#13528,0.4);
#13528 = AXIS2_PLACEMENT_3D('',#13529,#13530,#13531);
#13529 = CARTESIAN_POINT('',(168.69,-39.24,0.));
#13530 = DIRECTION('',(-0.,0.,-1.));
#13531 = DIRECTION('',(-0.,-1.,0.));
#13532 = FACE_BOUND('',#13533,.F.);
#13533 = EDGE_LOOP('',(#13534));
#13534 = ORIENTED_EDGE('',*,*,#13535,.T.);
#13535 = EDGE_CURVE('',#13536,#13536,#13538,.T.);
#13536 = VERTEX_POINT('',#13537);
#13537 = CARTESIAN_POINT('',(172.19,-39.64,0.));
#13538 = CIRCLE('',#13539,0.4);
#13539 = AXIS2_PLACEMENT_3D('',#13540,#13541,#13542);
#13540 = CARTESIAN_POINT('',(172.19,-39.24,0.));
#13541 = DIRECTION('',(-0.,0.,-1.));
#13542 = DIRECTION('',(-0.,-1.,0.));
#13543 = PLANE('',#13544);
#13544 = AXIS2_PLACEMENT_3D('',#13545,#13546,#13547);
#13545 = CARTESIAN_POINT('',(0.,0.,0.));
#13546 = DIRECTION('',(0.,0.,1.));
#13547 = DIRECTION('',(1.,0.,-0.));
#13548 = ADVANCED_FACE('',(#13549,#13560,#13571,#13582,#13593,#13604,
    #13615,#13626,#13637,#13648,#13659,#13670,#13681,#13692,#13703,
    #13714,#13725,#13736,#13747,#13758,#13769,#13780,#13791,#13802,
    #13813,#13824,#13835,#13846,#13857,#13868,#13879,#13890,#13901,
    #13912,#13923,#13934,#13945,#13956,#13967,#13978,#13989,#14000,
    #14011,#14022,#14033,#14044,#14055,#14066,#14077,#14088,#14099,
    #14110,#14121,#14132,#14143,#14154,#14165,#14176,#14187,#14198,
    #14209,#14220,#14231,#14242,#14253,#14264,#14275,#14286,#14297,
    #14308,#14319,#14330,#14341,#14352,#14363,#14374,#14385,#14396,
    #14407,#14418,#14429,#14440,#14451,#14462,#14473,#14484,#14495,
    #14506,#14517,#14528,#14539,#14550,#14561,#14572,#14583,#14594,
    #14605,#14616,#14627,#14638,#14649,#14660,#14671),#14682,.T.);
#13549 = FACE_BOUND('',#13550,.T.);
#13550 = EDGE_LOOP('',(#13551,#13552,#13553,#13559));
#13551 = ORIENTED_EDGE('',*,*,#12321,.F.);
#13552 = ORIENTED_EDGE('',*,*,#12361,.F.);
#13553 = ORIENTED_EDGE('',*,*,#13554,.F.);
#13554 = EDGE_CURVE('',#12384,#12354,#13555,.T.);
#13555 = LINE('',#13556,#13557);
#13556 = CARTESIAN_POINT('',(117.94,-27.74,1.51));
#13557 = VECTOR('',#13558,1.);
#13558 = DIRECTION('',(1.,0.,0.));
#13559 = ORIENTED_EDGE('',*,*,#12383,.F.);
#13560 = FACE_BOUND('',#13561,.T.);
#13561 = EDGE_LOOP('',(#13562));
#13562 = ORIENTED_EDGE('',*,*,#13563,.T.);
#13563 = EDGE_CURVE('',#13564,#13564,#13566,.T.);
#13564 = VERTEX_POINT('',#13565);
#13565 = CARTESIAN_POINT('',(121.94,-122.36,1.51));
#13566 = CIRCLE('',#13567,0.5);
#13567 = AXIS2_PLACEMENT_3D('',#13568,#13569,#13570);
#13568 = CARTESIAN_POINT('',(121.94,-121.86,1.51));
#13569 = DIRECTION('',(-0.,0.,-1.));
#13570 = DIRECTION('',(-0.,-1.,0.));
#13571 = FACE_BOUND('',#13572,.T.);
#13572 = EDGE_LOOP('',(#13573));
#13573 = ORIENTED_EDGE('',*,*,#13574,.T.);
#13574 = EDGE_CURVE('',#13575,#13575,#13577,.T.);
#13575 = VERTEX_POINT('',#13576);
#13576 = CARTESIAN_POINT('',(121.94,-119.82,1.51));
#13577 = CIRCLE('',#13578,0.5);
#13578 = AXIS2_PLACEMENT_3D('',#13579,#13580,#13581);
#13579 = CARTESIAN_POINT('',(121.94,-119.32,1.51));
#13580 = DIRECTION('',(-0.,0.,-1.));
#13581 = DIRECTION('',(-0.,-1.,0.));
#13582 = FACE_BOUND('',#13583,.T.);
#13583 = EDGE_LOOP('',(#13584));
#13584 = ORIENTED_EDGE('',*,*,#13585,.T.);
#13585 = EDGE_CURVE('',#13586,#13586,#13588,.T.);
#13586 = VERTEX_POINT('',#13587);
#13587 = CARTESIAN_POINT('',(121.94,-117.28,1.51));
#13588 = CIRCLE('',#13589,0.5);
#13589 = AXIS2_PLACEMENT_3D('',#13590,#13591,#13592);
#13590 = CARTESIAN_POINT('',(121.94,-116.78,1.51));
#13591 = DIRECTION('',(-0.,0.,-1.));
#13592 = DIRECTION('',(-0.,-1.,0.));
#13593 = FACE_BOUND('',#13594,.T.);
#13594 = EDGE_LOOP('',(#13595));
#13595 = ORIENTED_EDGE('',*,*,#13596,.T.);
#13596 = EDGE_CURVE('',#13597,#13597,#13599,.T.);
#13597 = VERTEX_POINT('',#13598);
#13598 = CARTESIAN_POINT('',(121.94,-114.74,1.51));
#13599 = CIRCLE('',#13600,0.5);
#13600 = AXIS2_PLACEMENT_3D('',#13601,#13602,#13603);
#13601 = CARTESIAN_POINT('',(121.94,-114.24,1.51));
#13602 = DIRECTION('',(-0.,0.,-1.));
#13603 = DIRECTION('',(-0.,-1.,0.));
#13604 = FACE_BOUND('',#13605,.T.);
#13605 = EDGE_LOOP('',(#13606));
#13606 = ORIENTED_EDGE('',*,*,#13607,.T.);
#13607 = EDGE_CURVE('',#13608,#13608,#13610,.T.);
#13608 = VERTEX_POINT('',#13609);
#13609 = CARTESIAN_POINT('',(131.74,-125.14,1.51));
#13610 = CIRCLE('',#13611,0.4);
#13611 = AXIS2_PLACEMENT_3D('',#13612,#13613,#13614);
#13612 = CARTESIAN_POINT('',(131.74,-124.74,1.51));
#13613 = DIRECTION('',(-0.,0.,-1.));
#13614 = DIRECTION('',(-0.,-1.,0.));
#13615 = FACE_BOUND('',#13616,.T.);
#13616 = EDGE_LOOP('',(#13617));
#13617 = ORIENTED_EDGE('',*,*,#13618,.T.);
#13618 = EDGE_CURVE('',#13619,#13619,#13621,.T.);
#13619 = VERTEX_POINT('',#13620);
#13620 = CARTESIAN_POINT('',(131.74,-121.14,1.51));
#13621 = CIRCLE('',#13622,0.4);
#13622 = AXIS2_PLACEMENT_3D('',#13623,#13624,#13625);
#13623 = CARTESIAN_POINT('',(131.74,-120.74,1.51));
#13624 = DIRECTION('',(-0.,0.,-1.));
#13625 = DIRECTION('',(-0.,-1.,0.));
#13626 = FACE_BOUND('',#13627,.T.);
#13627 = EDGE_LOOP('',(#13628));
#13628 = ORIENTED_EDGE('',*,*,#13629,.T.);
#13629 = EDGE_CURVE('',#13630,#13630,#13632,.T.);
#13630 = VERTEX_POINT('',#13631);
#13631 = CARTESIAN_POINT('',(131.74,-117.14,1.51));
#13632 = CIRCLE('',#13633,0.4);
#13633 = AXIS2_PLACEMENT_3D('',#13634,#13635,#13636);
#13634 = CARTESIAN_POINT('',(131.74,-116.74,1.51));
#13635 = DIRECTION('',(-0.,0.,-1.));
#13636 = DIRECTION('',(-0.,-1.,0.));
#13637 = FACE_BOUND('',#13638,.T.);
#13638 = EDGE_LOOP('',(#13639));
#13639 = ORIENTED_EDGE('',*,*,#13640,.T.);
#13640 = EDGE_CURVE('',#13641,#13641,#13643,.T.);
#13641 = VERTEX_POINT('',#13642);
#13642 = CARTESIAN_POINT('',(121.94,-112.2,1.51));
#13643 = CIRCLE('',#13644,0.5);
#13644 = AXIS2_PLACEMENT_3D('',#13645,#13646,#13647);
#13645 = CARTESIAN_POINT('',(121.94,-111.7,1.51));
#13646 = DIRECTION('',(-0.,0.,-1.));
#13647 = DIRECTION('',(-0.,-1.,0.));
#13648 = FACE_BOUND('',#13649,.T.);
#13649 = EDGE_LOOP('',(#13650));
#13650 = ORIENTED_EDGE('',*,*,#13651,.T.);
#13651 = EDGE_CURVE('',#13652,#13652,#13654,.T.);
#13652 = VERTEX_POINT('',#13653);
#13653 = CARTESIAN_POINT('',(121.94,-109.66,1.51));
#13654 = CIRCLE('',#13655,0.5);
#13655 = AXIS2_PLACEMENT_3D('',#13656,#13657,#13658);
#13656 = CARTESIAN_POINT('',(121.94,-109.16,1.51));
#13657 = DIRECTION('',(-0.,0.,-1.));
#13658 = DIRECTION('',(-0.,-1.,0.));
#13659 = FACE_BOUND('',#13660,.T.);
#13660 = EDGE_LOOP('',(#13661));
#13661 = ORIENTED_EDGE('',*,*,#13662,.T.);
#13662 = EDGE_CURVE('',#13663,#13663,#13665,.T.);
#13663 = VERTEX_POINT('',#13664);
#13664 = CARTESIAN_POINT('',(121.94,-107.12,1.51));
#13665 = CIRCLE('',#13666,0.5);
#13666 = AXIS2_PLACEMENT_3D('',#13667,#13668,#13669);
#13667 = CARTESIAN_POINT('',(121.94,-106.62,1.51));
#13668 = DIRECTION('',(-0.,0.,-1.));
#13669 = DIRECTION('',(-0.,-1.,0.));
#13670 = FACE_BOUND('',#13671,.T.);
#13671 = EDGE_LOOP('',(#13672));
#13672 = ORIENTED_EDGE('',*,*,#13673,.T.);
#13673 = EDGE_CURVE('',#13674,#13674,#13676,.T.);
#13674 = VERTEX_POINT('',#13675);
#13675 = CARTESIAN_POINT('',(131.74,-113.14,1.51));
#13676 = CIRCLE('',#13677,0.4);
#13677 = AXIS2_PLACEMENT_3D('',#13678,#13679,#13680);
#13678 = CARTESIAN_POINT('',(131.74,-112.74,1.51));
#13679 = DIRECTION('',(-0.,0.,-1.));
#13680 = DIRECTION('',(-0.,-1.,0.));
#13681 = FACE_BOUND('',#13682,.T.);
#13682 = EDGE_LOOP('',(#13683));
#13683 = ORIENTED_EDGE('',*,*,#13684,.T.);
#13684 = EDGE_CURVE('',#13685,#13685,#13687,.T.);
#13685 = VERTEX_POINT('',#13686);
#13686 = CARTESIAN_POINT('',(131.74,-109.14,1.51));
#13687 = CIRCLE('',#13688,0.4);
#13688 = AXIS2_PLACEMENT_3D('',#13689,#13690,#13691);
#13689 = CARTESIAN_POINT('',(131.74,-108.74,1.51));
#13690 = DIRECTION('',(-0.,0.,-1.));
#13691 = DIRECTION('',(-0.,-1.,0.));
#13692 = FACE_BOUND('',#13693,.T.);
#13693 = EDGE_LOOP('',(#13694));
#13694 = ORIENTED_EDGE('',*,*,#13695,.T.);
#13695 = EDGE_CURVE('',#13696,#13696,#13698,.T.);
#13696 = VERTEX_POINT('',#13697);
#13697 = CARTESIAN_POINT('',(131.74,-105.14,1.51));
#13698 = CIRCLE('',#13699,0.4);
#13699 = AXIS2_PLACEMENT_3D('',#13700,#13701,#13702);
#13700 = CARTESIAN_POINT('',(131.74,-104.74,1.51));
#13701 = DIRECTION('',(-0.,0.,-1.));
#13702 = DIRECTION('',(-0.,-1.,0.));
#13703 = FACE_BOUND('',#13704,.T.);
#13704 = EDGE_LOOP('',(#13705));
#13705 = ORIENTED_EDGE('',*,*,#13706,.T.);
#13706 = EDGE_CURVE('',#13707,#13707,#13709,.T.);
#13707 = VERTEX_POINT('',#13708);
#13708 = CARTESIAN_POINT('',(144.44,-125.14,1.51));
#13709 = CIRCLE('',#13710,0.4);
#13710 = AXIS2_PLACEMENT_3D('',#13711,#13712,#13713);
#13711 = CARTESIAN_POINT('',(144.44,-124.74,1.51));
#13712 = DIRECTION('',(-0.,0.,-1.));
#13713 = DIRECTION('',(-0.,-1.,0.));
#13714 = FACE_BOUND('',#13715,.T.);
#13715 = EDGE_LOOP('',(#13716));
#13716 = ORIENTED_EDGE('',*,*,#13717,.T.);
#13717 = EDGE_CURVE('',#13718,#13718,#13720,.T.);
#13718 = VERTEX_POINT('',#13719);
#13719 = CARTESIAN_POINT('',(144.44,-121.14,1.51));
#13720 = CIRCLE('',#13721,0.4);
#13721 = AXIS2_PLACEMENT_3D('',#13722,#13723,#13724);
#13722 = CARTESIAN_POINT('',(144.44,-120.74,1.51));
#13723 = DIRECTION('',(-0.,0.,-1.));
#13724 = DIRECTION('',(-0.,-1.,0.));
#13725 = FACE_BOUND('',#13726,.T.);
#13726 = EDGE_LOOP('',(#13727));
#13727 = ORIENTED_EDGE('',*,*,#13728,.T.);
#13728 = EDGE_CURVE('',#13729,#13729,#13731,.T.);
#13729 = VERTEX_POINT('',#13730);
#13730 = CARTESIAN_POINT('',(144.44,-117.14,1.51));
#13731 = CIRCLE('',#13732,0.4);
#13732 = AXIS2_PLACEMENT_3D('',#13733,#13734,#13735);
#13733 = CARTESIAN_POINT('',(144.44,-116.74,1.51));
#13734 = DIRECTION('',(-0.,0.,-1.));
#13735 = DIRECTION('',(-0.,-1.,0.));
#13736 = FACE_BOUND('',#13737,.T.);
#13737 = EDGE_LOOP('',(#13738));
#13738 = ORIENTED_EDGE('',*,*,#13739,.T.);
#13739 = EDGE_CURVE('',#13740,#13740,#13742,.T.);
#13740 = VERTEX_POINT('',#13741);
#13741 = CARTESIAN_POINT('',(144.44,-113.14,1.51));
#13742 = CIRCLE('',#13743,0.4);
#13743 = AXIS2_PLACEMENT_3D('',#13744,#13745,#13746);
#13744 = CARTESIAN_POINT('',(144.44,-112.74,1.51));
#13745 = DIRECTION('',(-0.,0.,-1.));
#13746 = DIRECTION('',(-0.,-1.,0.));
#13747 = FACE_BOUND('',#13748,.T.);
#13748 = EDGE_LOOP('',(#13749));
#13749 = ORIENTED_EDGE('',*,*,#13750,.T.);
#13750 = EDGE_CURVE('',#13751,#13751,#13753,.T.);
#13751 = VERTEX_POINT('',#13752);
#13752 = CARTESIAN_POINT('',(144.44,-109.14,1.51));
#13753 = CIRCLE('',#13754,0.4);
#13754 = AXIS2_PLACEMENT_3D('',#13755,#13756,#13757);
#13755 = CARTESIAN_POINT('',(144.44,-108.74,1.51));
#13756 = DIRECTION('',(-0.,0.,-1.));
#13757 = DIRECTION('',(-0.,-1.,0.));
#13758 = FACE_BOUND('',#13759,.T.);
#13759 = EDGE_LOOP('',(#13760));
#13760 = ORIENTED_EDGE('',*,*,#13761,.T.);
#13761 = EDGE_CURVE('',#13762,#13762,#13764,.T.);
#13762 = VERTEX_POINT('',#13763);
#13763 = CARTESIAN_POINT('',(144.44,-105.14,1.51));
#13764 = CIRCLE('',#13765,0.4);
#13765 = AXIS2_PLACEMENT_3D('',#13766,#13767,#13768);
#13766 = CARTESIAN_POINT('',(144.44,-104.74,1.51));
#13767 = DIRECTION('',(-0.,0.,-1.));
#13768 = DIRECTION('',(-0.,-1.,0.));
#13769 = FACE_BOUND('',#13770,.T.);
#13770 = EDGE_LOOP('',(#13771));
#13771 = ORIENTED_EDGE('',*,*,#13772,.T.);
#13772 = EDGE_CURVE('',#13773,#13773,#13775,.T.);
#13773 = VERTEX_POINT('',#13774);
#13774 = CARTESIAN_POINT('',(124.44,-100.34,1.51));
#13775 = CIRCLE('',#13776,0.4);
#13776 = AXIS2_PLACEMENT_3D('',#13777,#13778,#13779);
#13777 = CARTESIAN_POINT('',(124.44,-99.94,1.51));
#13778 = DIRECTION('',(-0.,0.,-1.));
#13779 = DIRECTION('',(-0.,-1.,0.));
#13780 = FACE_BOUND('',#13781,.T.);
#13781 = EDGE_LOOP('',(#13782));
#13782 = ORIENTED_EDGE('',*,*,#13783,.T.);
#13783 = EDGE_CURVE('',#13784,#13784,#13786,.T.);
#13784 = VERTEX_POINT('',#13785);
#13785 = CARTESIAN_POINT('',(131.74,-101.14,1.51));
#13786 = CIRCLE('',#13787,0.4);
#13787 = AXIS2_PLACEMENT_3D('',#13788,#13789,#13790);
#13788 = CARTESIAN_POINT('',(131.74,-100.74,1.51));
#13789 = DIRECTION('',(-0.,0.,-1.));
#13790 = DIRECTION('',(-0.,-1.,0.));
#13791 = FACE_BOUND('',#13792,.T.);
#13792 = EDGE_LOOP('',(#13793));
#13793 = ORIENTED_EDGE('',*,*,#13794,.T.);
#13794 = EDGE_CURVE('',#13795,#13795,#13797,.T.);
#13795 = VERTEX_POINT('',#13796);
#13796 = CARTESIAN_POINT('',(124.44,-87.64,1.51));
#13797 = CIRCLE('',#13798,0.4);
#13798 = AXIS2_PLACEMENT_3D('',#13799,#13800,#13801);
#13799 = CARTESIAN_POINT('',(124.44,-87.24,1.51));
#13800 = DIRECTION('',(-0.,0.,-1.));
#13801 = DIRECTION('',(-0.,-1.,0.));
#13802 = FACE_BOUND('',#13803,.T.);
#13803 = EDGE_LOOP('',(#13804));
#13804 = ORIENTED_EDGE('',*,*,#13805,.T.);
#13805 = EDGE_CURVE('',#13806,#13806,#13808,.T.);
#13806 = VERTEX_POINT('',#13807);
#13807 = CARTESIAN_POINT('',(131.9,-87.69,1.51));
#13808 = CIRCLE('',#13809,0.45);
#13809 = AXIS2_PLACEMENT_3D('',#13810,#13811,#13812);
#13810 = CARTESIAN_POINT('',(131.9,-87.24,1.51));
#13811 = DIRECTION('',(-0.,0.,-1.));
#13812 = DIRECTION('',(6.315935428978E-14,-1.,-0.));
#13813 = FACE_BOUND('',#13814,.T.);
#13814 = EDGE_LOOP('',(#13815));
#13815 = ORIENTED_EDGE('',*,*,#13816,.T.);
#13816 = EDGE_CURVE('',#13817,#13817,#13819,.T.);
#13817 = VERTEX_POINT('',#13818);
#13818 = CARTESIAN_POINT('',(134.44,-87.69,1.51));
#13819 = CIRCLE('',#13820,0.45);
#13820 = AXIS2_PLACEMENT_3D('',#13821,#13822,#13823);
#13821 = CARTESIAN_POINT('',(134.44,-87.24,1.51));
#13822 = DIRECTION('',(-0.,0.,-1.));
#13823 = DIRECTION('',(-0.,-1.,0.));
#13824 = FACE_BOUND('',#13825,.T.);
#13825 = EDGE_LOOP('',(#13826));
#13826 = ORIENTED_EDGE('',*,*,#13827,.T.);
#13827 = EDGE_CURVE('',#13828,#13828,#13830,.T.);
#13828 = VERTEX_POINT('',#13829);
#13829 = CARTESIAN_POINT('',(134.44,-81.14,1.51));
#13830 = CIRCLE('',#13831,0.4);
#13831 = AXIS2_PLACEMENT_3D('',#13832,#13833,#13834);
#13832 = CARTESIAN_POINT('',(134.44,-80.74,1.51));
#13833 = DIRECTION('',(-0.,0.,-1.));
#13834 = DIRECTION('',(-0.,-1.,0.));
#13835 = FACE_BOUND('',#13836,.T.);
#13836 = EDGE_LOOP('',(#13837));
#13837 = ORIENTED_EDGE('',*,*,#13838,.T.);
#13838 = EDGE_CURVE('',#13839,#13839,#13841,.T.);
#13839 = VERTEX_POINT('',#13840);
#13840 = CARTESIAN_POINT('',(144.44,-101.14,1.51));
#13841 = CIRCLE('',#13842,0.4);
#13842 = AXIS2_PLACEMENT_3D('',#13843,#13844,#13845);
#13843 = CARTESIAN_POINT('',(144.44,-100.74,1.51));
#13844 = DIRECTION('',(-0.,0.,-1.));
#13845 = DIRECTION('',(-0.,-1.,0.));
#13846 = FACE_BOUND('',#13847,.T.);
#13847 = EDGE_LOOP('',(#13848));
#13848 = ORIENTED_EDGE('',*,*,#13849,.T.);
#13849 = EDGE_CURVE('',#13850,#13850,#13852,.T.);
#13850 = VERTEX_POINT('',#13851);
#13851 = CARTESIAN_POINT('',(140.82,-84.8464,1.51));
#13852 = CIRCLE('',#13853,0.4064);
#13853 = AXIS2_PLACEMENT_3D('',#13854,#13855,#13856);
#13854 = CARTESIAN_POINT('',(140.82,-84.44,1.51));
#13855 = DIRECTION('',(-0.,0.,-1.));
#13856 = DIRECTION('',(-0.,-1.,0.));
#13857 = FACE_BOUND('',#13858,.T.);
#13858 = EDGE_LOOP('',(#13859));
#13859 = ORIENTED_EDGE('',*,*,#13860,.T.);
#13860 = EDGE_CURVE('',#13861,#13861,#13863,.T.);
#13861 = VERTEX_POINT('',#13862);
#13862 = CARTESIAN_POINT('',(140.82,-82.3064,1.51));
#13863 = CIRCLE('',#13864,0.4064);
#13864 = AXIS2_PLACEMENT_3D('',#13865,#13866,#13867);
#13865 = CARTESIAN_POINT('',(140.82,-81.9,1.51));
#13866 = DIRECTION('',(-0.,0.,-1.));
#13867 = DIRECTION('',(-0.,-1.,0.));
#13868 = FACE_BOUND('',#13869,.T.);
#13869 = EDGE_LOOP('',(#13870));
#13870 = ORIENTED_EDGE('',*,*,#13871,.T.);
#13871 = EDGE_CURVE('',#13872,#13872,#13874,.T.);
#13872 = VERTEX_POINT('',#13873);
#13873 = CARTESIAN_POINT('',(140.82,-79.7664,1.51));
#13874 = CIRCLE('',#13875,0.4064);
#13875 = AXIS2_PLACEMENT_3D('',#13876,#13877,#13878);
#13876 = CARTESIAN_POINT('',(140.82,-79.36,1.51));
#13877 = DIRECTION('',(-0.,0.,-1.));
#13878 = DIRECTION('',(-0.,-1.,0.));
#13879 = FACE_BOUND('',#13880,.T.);
#13880 = EDGE_LOOP('',(#13881));
#13881 = ORIENTED_EDGE('',*,*,#13882,.T.);
#13882 = EDGE_CURVE('',#13883,#13883,#13885,.T.);
#13883 = VERTEX_POINT('',#13884);
#13884 = CARTESIAN_POINT('',(148.44,-84.8464,1.51));
#13885 = CIRCLE('',#13886,0.4064);
#13886 = AXIS2_PLACEMENT_3D('',#13887,#13888,#13889);
#13887 = CARTESIAN_POINT('',(148.44,-84.44,1.51));
#13888 = DIRECTION('',(-0.,0.,-1.));
#13889 = DIRECTION('',(-0.,-1.,0.));
#13890 = FACE_BOUND('',#13891,.T.);
#13891 = EDGE_LOOP('',(#13892));
#13892 = ORIENTED_EDGE('',*,*,#13893,.T.);
#13893 = EDGE_CURVE('',#13894,#13894,#13896,.T.);
#13894 = VERTEX_POINT('',#13895);
#13895 = CARTESIAN_POINT('',(148.44,-82.3064,1.51));
#13896 = CIRCLE('',#13897,0.4064);
#13897 = AXIS2_PLACEMENT_3D('',#13898,#13899,#13900);
#13898 = CARTESIAN_POINT('',(148.44,-81.9,1.51));
#13899 = DIRECTION('',(-0.,0.,-1.));
#13900 = DIRECTION('',(-0.,-1.,0.));
#13901 = FACE_BOUND('',#13902,.T.);
#13902 = EDGE_LOOP('',(#13903));
#13903 = ORIENTED_EDGE('',*,*,#13904,.T.);
#13904 = EDGE_CURVE('',#13905,#13905,#13907,.T.);
#13905 = VERTEX_POINT('',#13906);
#13906 = CARTESIAN_POINT('',(148.44,-79.7664,1.51));
#13907 = CIRCLE('',#13908,0.4064);
#13908 = AXIS2_PLACEMENT_3D('',#13909,#13910,#13911);
#13909 = CARTESIAN_POINT('',(148.44,-79.36,1.51));
#13910 = DIRECTION('',(-0.,0.,-1.));
#13911 = DIRECTION('',(-0.,-1.,0.));
#13912 = FACE_BOUND('',#13913,.T.);
#13913 = EDGE_LOOP('',(#13914));
#13914 = ORIENTED_EDGE('',*,*,#13915,.T.);
#13915 = EDGE_CURVE('',#13916,#13916,#13918,.T.);
#13916 = VERTEX_POINT('',#13917);
#13917 = CARTESIAN_POINT('',(152.24,-124.64,1.51));
#13918 = CIRCLE('',#13919,0.4);
#13919 = AXIS2_PLACEMENT_3D('',#13920,#13921,#13922);
#13920 = CARTESIAN_POINT('',(152.24,-124.24,1.51));
#13921 = DIRECTION('',(-0.,0.,-1.));
#13922 = DIRECTION('',(-0.,-1.,0.));
#13923 = FACE_BOUND('',#13924,.T.);
#13924 = EDGE_LOOP('',(#13925));
#13925 = ORIENTED_EDGE('',*,*,#13926,.T.);
#13926 = EDGE_CURVE('',#13927,#13927,#13929,.T.);
#13927 = VERTEX_POINT('',#13928);
#13928 = CARTESIAN_POINT('',(152.78,-112.14,1.51));
#13929 = CIRCLE('',#13930,0.4);
#13930 = AXIS2_PLACEMENT_3D('',#13931,#13932,#13933);
#13931 = CARTESIAN_POINT('',(152.78,-111.74,1.51));
#13932 = DIRECTION('',(-0.,0.,-1.));
#13933 = DIRECTION('',(-0.,-1.,0.));
#13934 = FACE_BOUND('',#13935,.T.);
#13935 = EDGE_LOOP('',(#13936));
#13936 = ORIENTED_EDGE('',*,*,#13937,.T.);
#13937 = EDGE_CURVE('',#13938,#13938,#13940,.T.);
#13938 = VERTEX_POINT('',#13939);
#13939 = CARTESIAN_POINT('',(162.94,-112.14,1.51));
#13940 = CIRCLE('',#13941,0.4);
#13941 = AXIS2_PLACEMENT_3D('',#13942,#13943,#13944);
#13942 = CARTESIAN_POINT('',(162.94,-111.74,1.51));
#13943 = DIRECTION('',(-0.,0.,-1.));
#13944 = DIRECTION('',(-0.,-1.,0.));
#13945 = FACE_BOUND('',#13946,.T.);
#13946 = EDGE_LOOP('',(#13947));
#13947 = ORIENTED_EDGE('',*,*,#13948,.T.);
#13948 = EDGE_CURVE('',#13949,#13949,#13951,.T.);
#13949 = VERTEX_POINT('',#13950);
#13950 = CARTESIAN_POINT('',(164.94,-124.64,1.51));
#13951 = CIRCLE('',#13952,0.4);
#13952 = AXIS2_PLACEMENT_3D('',#13953,#13954,#13955);
#13953 = CARTESIAN_POINT('',(164.94,-124.24,1.51));
#13954 = DIRECTION('',(-0.,0.,-1.));
#13955 = DIRECTION('',(-0.,-1.,0.));
#13956 = FACE_BOUND('',#13957,.T.);
#13957 = EDGE_LOOP('',(#13958));
#13958 = ORIENTED_EDGE('',*,*,#13959,.T.);
#13959 = EDGE_CURVE('',#13960,#13960,#13962,.T.);
#13960 = VERTEX_POINT('',#13961);
#13961 = CARTESIAN_POINT('',(165.67,-117.845,1.51));
#13962 = CIRCLE('',#13963,0.375);
#13963 = AXIS2_PLACEMENT_3D('',#13964,#13965,#13966);
#13964 = CARTESIAN_POINT('',(165.67,-117.47,1.51));
#13965 = DIRECTION('',(-0.,0.,-1.));
#13966 = DIRECTION('',(-0.,-1.,0.));
#13967 = FACE_BOUND('',#13968,.T.);
#13968 = EDGE_LOOP('',(#13969));
#13969 = ORIENTED_EDGE('',*,*,#13970,.T.);
#13970 = EDGE_CURVE('',#13971,#13971,#13973,.T.);
#13971 = VERTEX_POINT('',#13972);
#13972 = CARTESIAN_POINT('',(166.94,-119.115,1.51));
#13973 = CIRCLE('',#13974,0.375);
#13974 = AXIS2_PLACEMENT_3D('',#13975,#13976,#13977);
#13975 = CARTESIAN_POINT('',(166.94,-118.74,1.51));
#13976 = DIRECTION('',(-0.,0.,-1.));
#13977 = DIRECTION('',(-0.,-1.,0.));
#13978 = FACE_BOUND('',#13979,.T.);
#13979 = EDGE_LOOP('',(#13980));
#13980 = ORIENTED_EDGE('',*,*,#13981,.T.);
#13981 = EDGE_CURVE('',#13982,#13982,#13984,.T.);
#13982 = VERTEX_POINT('',#13983);
#13983 = CARTESIAN_POINT('',(166.94,-116.575,1.51));
#13984 = CIRCLE('',#13985,0.375);
#13985 = AXIS2_PLACEMENT_3D('',#13986,#13987,#13988);
#13986 = CARTESIAN_POINT('',(166.94,-116.2,1.51));
#13987 = DIRECTION('',(-0.,0.,-1.));
#13988 = DIRECTION('',(-0.,-1.,0.));
#13989 = FACE_BOUND('',#13990,.T.);
#13990 = EDGE_LOOP('',(#13991));
#13991 = ORIENTED_EDGE('',*,*,#13992,.T.);
#13992 = EDGE_CURVE('',#13993,#13993,#13995,.T.);
#13993 = VERTEX_POINT('',#13994);
#13994 = CARTESIAN_POINT('',(174.94,-125.28,1.51));
#13995 = CIRCLE('',#13996,0.5);
#13996 = AXIS2_PLACEMENT_3D('',#13997,#13998,#13999);
#13997 = CARTESIAN_POINT('',(174.94,-124.78,1.51));
#13998 = DIRECTION('',(-0.,0.,-1.));
#13999 = DIRECTION('',(-0.,-1.,0.));
#14000 = FACE_BOUND('',#14001,.T.);
#14001 = EDGE_LOOP('',(#14002));
#14002 = ORIENTED_EDGE('',*,*,#14003,.T.);
#14003 = EDGE_CURVE('',#14004,#14004,#14006,.T.);
#14004 = VERTEX_POINT('',#14005);
#14005 = CARTESIAN_POINT('',(174.94,-122.74,1.51));
#14006 = CIRCLE('',#14007,0.5);
#14007 = AXIS2_PLACEMENT_3D('',#14008,#14009,#14010);
#14008 = CARTESIAN_POINT('',(174.94,-122.24,1.51));
#14009 = DIRECTION('',(-0.,0.,-1.));
#14010 = DIRECTION('',(-0.,-1.,0.));
#14011 = FACE_BOUND('',#14012,.T.);
#14012 = EDGE_LOOP('',(#14013));
#14013 = ORIENTED_EDGE('',*,*,#14014,.T.);
#14014 = EDGE_CURVE('',#14015,#14015,#14017,.T.);
#14015 = VERTEX_POINT('',#14016);
#14016 = CARTESIAN_POINT('',(174.94,-120.2,1.51));
#14017 = CIRCLE('',#14018,0.5);
#14018 = AXIS2_PLACEMENT_3D('',#14019,#14020,#14021);
#14019 = CARTESIAN_POINT('',(174.94,-119.7,1.51));
#14020 = DIRECTION('',(-0.,0.,-1.));
#14021 = DIRECTION('',(-0.,-1.,0.));
#14022 = FACE_BOUND('',#14023,.T.);
#14023 = EDGE_LOOP('',(#14024));
#14024 = ORIENTED_EDGE('',*,*,#14025,.T.);
#14025 = EDGE_CURVE('',#14026,#14026,#14028,.T.);
#14026 = VERTEX_POINT('',#14027);
#14027 = CARTESIAN_POINT('',(158.59,-91.14,1.51));
#14028 = CIRCLE('',#14029,0.4);
#14029 = AXIS2_PLACEMENT_3D('',#14030,#14031,#14032);
#14030 = CARTESIAN_POINT('',(158.59,-90.74,1.51));
#14031 = DIRECTION('',(-0.,0.,-1.));
#14032 = DIRECTION('',(-0.,-1.,0.));
#14033 = FACE_BOUND('',#14034,.T.);
#14034 = EDGE_LOOP('',(#14035));
#14035 = ORIENTED_EDGE('',*,*,#14036,.T.);
#14036 = EDGE_CURVE('',#14037,#14037,#14039,.T.);
#14037 = VERTEX_POINT('',#14038);
#14038 = CARTESIAN_POINT('',(158.24,-85.64,1.51));
#14039 = CIRCLE('',#14040,0.4);
#14040 = AXIS2_PLACEMENT_3D('',#14041,#14042,#14043);
#14041 = CARTESIAN_POINT('',(158.24,-85.24,1.51));
#14042 = DIRECTION('',(-0.,0.,-1.));
#14043 = DIRECTION('',(-0.,-1.,0.));
#14044 = FACE_BOUND('',#14045,.T.);
#14045 = EDGE_LOOP('',(#14046));
#14046 = ORIENTED_EDGE('',*,*,#14047,.T.);
#14047 = EDGE_CURVE('',#14048,#14048,#14050,.T.);
#14048 = VERTEX_POINT('',#14049);
#14049 = CARTESIAN_POINT('',(159.78,-80.64,1.51));
#14050 = CIRCLE('',#14051,0.4);
#14051 = AXIS2_PLACEMENT_3D('',#14052,#14053,#14054);
#14052 = CARTESIAN_POINT('',(159.78,-80.24,1.51));
#14053 = DIRECTION('',(-0.,0.,-1.));
#14054 = DIRECTION('',(-0.,-1.,0.));
#14055 = FACE_BOUND('',#14056,.T.);
#14056 = EDGE_LOOP('',(#14057));
#14057 = ORIENTED_EDGE('',*,*,#14058,.T.);
#14058 = EDGE_CURVE('',#14059,#14059,#14061,.T.);
#14059 = VERTEX_POINT('',#14060);
#14060 = CARTESIAN_POINT('',(171.29,-91.14,1.51));
#14061 = CIRCLE('',#14062,0.4);
#14062 = AXIS2_PLACEMENT_3D('',#14063,#14064,#14065);
#14063 = CARTESIAN_POINT('',(171.29,-90.74,1.51));
#14064 = DIRECTION('',(-0.,0.,-1.));
#14065 = DIRECTION('',(-0.,-1.,0.));
#14066 = FACE_BOUND('',#14067,.T.);
#14067 = EDGE_LOOP('',(#14068));
#14068 = ORIENTED_EDGE('',*,*,#14069,.T.);
#14069 = EDGE_CURVE('',#14070,#14070,#14072,.T.);
#14070 = VERTEX_POINT('',#14071);
#14071 = CARTESIAN_POINT('',(170.94,-85.64,1.51));
#14072 = CIRCLE('',#14073,0.4);
#14073 = AXIS2_PLACEMENT_3D('',#14074,#14075,#14076);
#14074 = CARTESIAN_POINT('',(170.94,-85.24,1.51));
#14075 = DIRECTION('',(-0.,0.,-1.));
#14076 = DIRECTION('',(-0.,-1.,0.));
#14077 = FACE_BOUND('',#14078,.T.);
#14078 = EDGE_LOOP('',(#14079));
#14079 = ORIENTED_EDGE('',*,*,#14080,.T.);
#14080 = EDGE_CURVE('',#14081,#14081,#14083,.T.);
#14081 = VERTEX_POINT('',#14082);
#14082 = CARTESIAN_POINT('',(169.94,-80.64,1.51));
#14083 = CIRCLE('',#14084,0.4);
#14084 = AXIS2_PLACEMENT_3D('',#14085,#14086,#14087);
#14085 = CARTESIAN_POINT('',(169.94,-80.24,1.51));
#14086 = DIRECTION('',(-0.,0.,-1.));
#14087 = DIRECTION('',(-0.,-1.,0.));
#14088 = FACE_BOUND('',#14089,.T.);
#14089 = EDGE_LOOP('',(#14090));
#14090 = ORIENTED_EDGE('',*,*,#14091,.T.);
#14091 = EDGE_CURVE('',#14092,#14092,#14094,.T.);
#14092 = VERTEX_POINT('',#14093);
#14093 = CARTESIAN_POINT('',(175.9,-83.615,1.51));
#14094 = CIRCLE('',#14095,0.375);
#14095 = AXIS2_PLACEMENT_3D('',#14096,#14097,#14098);
#14096 = CARTESIAN_POINT('',(175.9,-83.24,1.51));
#14097 = DIRECTION('',(-0.,0.,-1.));
#14098 = DIRECTION('',(-0.,-1.,0.));
#14099 = FACE_BOUND('',#14100,.T.);
#14100 = EDGE_LOOP('',(#14101));
#14101 = ORIENTED_EDGE('',*,*,#14102,.T.);
#14102 = EDGE_CURVE('',#14103,#14103,#14105,.T.);
#14103 = VERTEX_POINT('',#14104);
#14104 = CARTESIAN_POINT('',(177.17,-82.345,1.51));
#14105 = CIRCLE('',#14106,0.375);
#14106 = AXIS2_PLACEMENT_3D('',#14107,#14108,#14109);
#14107 = CARTESIAN_POINT('',(177.17,-81.97,1.51));
#14108 = DIRECTION('',(-0.,0.,-1.));
#14109 = DIRECTION('',(-0.,-1.,0.));
#14110 = FACE_BOUND('',#14111,.T.);
#14111 = EDGE_LOOP('',(#14112));
#14112 = ORIENTED_EDGE('',*,*,#14113,.T.);
#14113 = EDGE_CURVE('',#14114,#14114,#14116,.T.);
#14114 = VERTEX_POINT('',#14115);
#14115 = CARTESIAN_POINT('',(178.44,-83.615,1.51));
#14116 = CIRCLE('',#14117,0.375);
#14117 = AXIS2_PLACEMENT_3D('',#14118,#14119,#14120);
#14118 = CARTESIAN_POINT('',(178.44,-83.24,1.51));
#14119 = DIRECTION('',(-0.,0.,-1.));
#14120 = DIRECTION('',(-0.,-1.,0.));
#14121 = FACE_BOUND('',#14122,.T.);
#14122 = EDGE_LOOP('',(#14123));
#14123 = ORIENTED_EDGE('',*,*,#14124,.T.);
#14124 = EDGE_CURVE('',#14125,#14125,#14127,.T.);
#14125 = VERTEX_POINT('',#14126);
#14126 = CARTESIAN_POINT('',(126.44,-77.02,1.51));
#14127 = CIRCLE('',#14128,0.4);
#14128 = AXIS2_PLACEMENT_3D('',#14129,#14130,#14131);
#14129 = CARTESIAN_POINT('',(126.44,-76.62,1.51));
#14130 = DIRECTION('',(-0.,0.,-1.));
#14131 = DIRECTION('',(-0.,-1.,0.));
#14132 = FACE_BOUND('',#14133,.T.);
#14133 = EDGE_LOOP('',(#14134));
#14134 = ORIENTED_EDGE('',*,*,#14135,.T.);
#14135 = EDGE_CURVE('',#14136,#14136,#14138,.T.);
#14136 = VERTEX_POINT('',#14137);
#14137 = CARTESIAN_POINT('',(126.44,-72.14,1.51));
#14138 = CIRCLE('',#14139,0.4);
#14139 = AXIS2_PLACEMENT_3D('',#14140,#14141,#14142);
#14140 = CARTESIAN_POINT('',(126.44,-71.74,1.51));
#14141 = DIRECTION('',(-0.,0.,-1.));
#14142 = DIRECTION('',(-0.,-1.,0.));
#14143 = FACE_BOUND('',#14144,.T.);
#14144 = EDGE_LOOP('',(#14145));
#14145 = ORIENTED_EDGE('',*,*,#14146,.T.);
#14146 = EDGE_CURVE('',#14147,#14147,#14149,.T.);
#14147 = VERTEX_POINT('',#14148);
#14148 = CARTESIAN_POINT('',(134.44,-76.14,1.51));
#14149 = CIRCLE('',#14150,0.4);
#14150 = AXIS2_PLACEMENT_3D('',#14151,#14152,#14153);
#14151 = CARTESIAN_POINT('',(134.44,-75.74,1.51));
#14152 = DIRECTION('',(-0.,0.,-1.));
#14153 = DIRECTION('',(-0.,-1.,0.));
#14154 = FACE_BOUND('',#14155,.T.);
#14155 = EDGE_LOOP('',(#14156));
#14156 = ORIENTED_EDGE('',*,*,#14157,.T.);
#14157 = EDGE_CURVE('',#14158,#14158,#14160,.T.);
#14158 = VERTEX_POINT('',#14159);
#14159 = CARTESIAN_POINT('',(134.44,-71.64,1.51));
#14160 = CIRCLE('',#14161,0.4);
#14161 = AXIS2_PLACEMENT_3D('',#14162,#14163,#14164);
#14162 = CARTESIAN_POINT('',(134.44,-71.24,1.51));
#14163 = DIRECTION('',(-0.,0.,-1.));
#14164 = DIRECTION('',(-0.,-1.,0.));
#14165 = FACE_BOUND('',#14166,.T.);
#14166 = EDGE_LOOP('',(#14167));
#14167 = ORIENTED_EDGE('',*,*,#14168,.T.);
#14168 = EDGE_CURVE('',#14169,#14169,#14171,.T.);
#14169 = VERTEX_POINT('',#14170);
#14170 = CARTESIAN_POINT('',(134.44,-66.64,1.51));
#14171 = CIRCLE('',#14172,0.4);
#14172 = AXIS2_PLACEMENT_3D('',#14173,#14174,#14175);
#14173 = CARTESIAN_POINT('',(134.44,-66.24,1.51));
#14174 = DIRECTION('',(-0.,0.,-1.));
#14175 = DIRECTION('',(-0.,-1.,0.));
#14176 = FACE_BOUND('',#14177,.T.);
#14177 = EDGE_LOOP('',(#14178));
#14178 = ORIENTED_EDGE('',*,*,#14179,.T.);
#14179 = EDGE_CURVE('',#14180,#14180,#14182,.T.);
#14180 = VERTEX_POINT('',#14181);
#14181 = CARTESIAN_POINT('',(140.82,-77.2264,1.51));
#14182 = CIRCLE('',#14183,0.4064);
#14183 = AXIS2_PLACEMENT_3D('',#14184,#14185,#14186);
#14184 = CARTESIAN_POINT('',(140.82,-76.82,1.51));
#14185 = DIRECTION('',(-0.,0.,-1.));
#14186 = DIRECTION('',(-0.,-1.,0.));
#14187 = FACE_BOUND('',#14188,.T.);
#14188 = EDGE_LOOP('',(#14189));
#14189 = ORIENTED_EDGE('',*,*,#14190,.T.);
#14190 = EDGE_CURVE('',#14191,#14191,#14193,.T.);
#14191 = VERTEX_POINT('',#14192);
#14192 = CARTESIAN_POINT('',(140.82,-74.6864,1.51));
#14193 = CIRCLE('',#14194,0.4064);
#14194 = AXIS2_PLACEMENT_3D('',#14195,#14196,#14197);
#14195 = CARTESIAN_POINT('',(140.82,-74.28,1.51));
#14196 = DIRECTION('',(-0.,0.,-1.));
#14197 = DIRECTION('',(-0.,-1.,0.));
#14198 = FACE_BOUND('',#14199,.T.);
#14199 = EDGE_LOOP('',(#14200));
#14200 = ORIENTED_EDGE('',*,*,#14201,.T.);
#14201 = EDGE_CURVE('',#14202,#14202,#14204,.T.);
#14202 = VERTEX_POINT('',#14203);
#14203 = CARTESIAN_POINT('',(140.82,-72.1464,1.51));
#14204 = CIRCLE('',#14205,0.4064);
#14205 = AXIS2_PLACEMENT_3D('',#14206,#14207,#14208);
#14206 = CARTESIAN_POINT('',(140.82,-71.74,1.51));
#14207 = DIRECTION('',(-0.,0.,-1.));
#14208 = DIRECTION('',(-0.,-1.,0.));
#14209 = FACE_BOUND('',#14210,.T.);
#14210 = EDGE_LOOP('',(#14211));
#14211 = ORIENTED_EDGE('',*,*,#14212,.T.);
#14212 = EDGE_CURVE('',#14213,#14213,#14215,.T.);
#14213 = VERTEX_POINT('',#14214);
#14214 = CARTESIAN_POINT('',(140.82,-69.6064,1.51));
#14215 = CIRCLE('',#14216,0.4064);
#14216 = AXIS2_PLACEMENT_3D('',#14217,#14218,#14219);
#14217 = CARTESIAN_POINT('',(140.82,-69.2,1.51));
#14218 = DIRECTION('',(-0.,0.,-1.));
#14219 = DIRECTION('',(-0.,-1.,0.));
#14220 = FACE_BOUND('',#14221,.T.);
#14221 = EDGE_LOOP('',(#14222));
#14222 = ORIENTED_EDGE('',*,*,#14223,.T.);
#14223 = EDGE_CURVE('',#14224,#14224,#14226,.T.);
#14224 = VERTEX_POINT('',#14225);
#14225 = CARTESIAN_POINT('',(148.44,-77.2264,1.51));
#14226 = CIRCLE('',#14227,0.4064);
#14227 = AXIS2_PLACEMENT_3D('',#14228,#14229,#14230);
#14228 = CARTESIAN_POINT('',(148.44,-76.82,1.51));
#14229 = DIRECTION('',(-0.,0.,-1.));
#14230 = DIRECTION('',(-0.,-1.,0.));
#14231 = FACE_BOUND('',#14232,.T.);
#14232 = EDGE_LOOP('',(#14233));
#14233 = ORIENTED_EDGE('',*,*,#14234,.T.);
#14234 = EDGE_CURVE('',#14235,#14235,#14237,.T.);
#14235 = VERTEX_POINT('',#14236);
#14236 = CARTESIAN_POINT('',(148.44,-74.6864,1.51));
#14237 = CIRCLE('',#14238,0.4064);
#14238 = AXIS2_PLACEMENT_3D('',#14239,#14240,#14241);
#14239 = CARTESIAN_POINT('',(148.44,-74.28,1.51));
#14240 = DIRECTION('',(-0.,0.,-1.));
#14241 = DIRECTION('',(-0.,-1.,0.));
#14242 = FACE_BOUND('',#14243,.T.);
#14243 = EDGE_LOOP('',(#14244));
#14244 = ORIENTED_EDGE('',*,*,#14245,.T.);
#14245 = EDGE_CURVE('',#14246,#14246,#14248,.T.);
#14246 = VERTEX_POINT('',#14247);
#14247 = CARTESIAN_POINT('',(148.44,-72.1464,1.51));
#14248 = CIRCLE('',#14249,0.4064);
#14249 = AXIS2_PLACEMENT_3D('',#14250,#14251,#14252);
#14250 = CARTESIAN_POINT('',(148.44,-71.74,1.51));
#14251 = DIRECTION('',(-0.,0.,-1.));
#14252 = DIRECTION('',(-0.,-1.,0.));
#14253 = FACE_BOUND('',#14254,.T.);
#14254 = EDGE_LOOP('',(#14255));
#14255 = ORIENTED_EDGE('',*,*,#14256,.T.);
#14256 = EDGE_CURVE('',#14257,#14257,#14259,.T.);
#14257 = VERTEX_POINT('',#14258);
#14258 = CARTESIAN_POINT('',(148.44,-69.6064,1.51));
#14259 = CIRCLE('',#14260,0.4064);
#14260 = AXIS2_PLACEMENT_3D('',#14261,#14262,#14263);
#14261 = CARTESIAN_POINT('',(148.44,-69.2,1.51));
#14262 = DIRECTION('',(-0.,0.,-1.));
#14263 = DIRECTION('',(-0.,-1.,0.));
#14264 = FACE_BOUND('',#14265,.T.);
#14265 = EDGE_LOOP('',(#14266));
#14266 = ORIENTED_EDGE('',*,*,#14267,.T.);
#14267 = EDGE_CURVE('',#14268,#14268,#14270,.T.);
#14268 = VERTEX_POINT('',#14269);
#14269 = CARTESIAN_POINT('',(140.82,-67.0664,1.51));
#14270 = CIRCLE('',#14271,0.4064);
#14271 = AXIS2_PLACEMENT_3D('',#14272,#14273,#14274);
#14272 = CARTESIAN_POINT('',(140.82,-66.66,1.51));
#14273 = DIRECTION('',(-0.,0.,-1.));
#14274 = DIRECTION('',(-0.,-1.,0.));
#14275 = FACE_BOUND('',#14276,.T.);
#14276 = EDGE_LOOP('',(#14277));
#14277 = ORIENTED_EDGE('',*,*,#14278,.T.);
#14278 = EDGE_CURVE('',#14279,#14279,#14281,.T.);
#14279 = VERTEX_POINT('',#14280);
#14280 = CARTESIAN_POINT('',(140.82,-64.5264,1.51));
#14281 = CIRCLE('',#14282,0.4064);
#14282 = AXIS2_PLACEMENT_3D('',#14283,#14284,#14285);
#14283 = CARTESIAN_POINT('',(140.82,-64.12,1.51));
#14284 = DIRECTION('',(-0.,0.,-1.));
#14285 = DIRECTION('',(-0.,-1.,0.));
#14286 = FACE_BOUND('',#14287,.T.);
#14287 = EDGE_LOOP('',(#14288));
#14288 = ORIENTED_EDGE('',*,*,#14289,.T.);
#14289 = EDGE_CURVE('',#14290,#14290,#14292,.T.);
#14290 = VERTEX_POINT('',#14291);
#14291 = CARTESIAN_POINT('',(140.82,-61.9864,1.51));
#14292 = CIRCLE('',#14293,0.4064);
#14293 = AXIS2_PLACEMENT_3D('',#14294,#14295,#14296);
#14294 = CARTESIAN_POINT('',(140.82,-61.58,1.51));
#14295 = DIRECTION('',(-0.,0.,-1.));
#14296 = DIRECTION('',(-0.,-1.,0.));
#14297 = FACE_BOUND('',#14298,.T.);
#14298 = EDGE_LOOP('',(#14299));
#14299 = ORIENTED_EDGE('',*,*,#14300,.T.);
#14300 = EDGE_CURVE('',#14301,#14301,#14303,.T.);
#14301 = VERTEX_POINT('',#14302);
#14302 = CARTESIAN_POINT('',(140.82,-59.4464,1.51));
#14303 = CIRCLE('',#14304,0.4064);
#14304 = AXIS2_PLACEMENT_3D('',#14305,#14306,#14307);
#14305 = CARTESIAN_POINT('',(140.82,-59.04,1.51));
#14306 = DIRECTION('',(-0.,0.,-1.));
#14307 = DIRECTION('',(-0.,-1.,0.));
#14308 = FACE_BOUND('',#14309,.T.);
#14309 = EDGE_LOOP('',(#14310));
#14310 = ORIENTED_EDGE('',*,*,#14311,.T.);
#14311 = EDGE_CURVE('',#14312,#14312,#14314,.T.);
#14312 = VERTEX_POINT('',#14313);
#14313 = CARTESIAN_POINT('',(140.82,-56.9064,1.51));
#14314 = CIRCLE('',#14315,0.4064);
#14315 = AXIS2_PLACEMENT_3D('',#14316,#14317,#14318);
#14316 = CARTESIAN_POINT('',(140.82,-56.5,1.51));
#14317 = DIRECTION('',(-0.,0.,-1.));
#14318 = DIRECTION('',(-0.,-1.,0.));
#14319 = FACE_BOUND('',#14320,.T.);
#14320 = EDGE_LOOP('',(#14321));
#14321 = ORIENTED_EDGE('',*,*,#14322,.T.);
#14322 = EDGE_CURVE('',#14323,#14323,#14325,.T.);
#14323 = VERTEX_POINT('',#14324);
#14324 = CARTESIAN_POINT('',(148.44,-67.0664,1.51));
#14325 = CIRCLE('',#14326,0.4064);
#14326 = AXIS2_PLACEMENT_3D('',#14327,#14328,#14329);
#14327 = CARTESIAN_POINT('',(148.44,-66.66,1.51));
#14328 = DIRECTION('',(-0.,0.,-1.));
#14329 = DIRECTION('',(-0.,-1.,0.));
#14330 = FACE_BOUND('',#14331,.T.);
#14331 = EDGE_LOOP('',(#14332));
#14332 = ORIENTED_EDGE('',*,*,#14333,.T.);
#14333 = EDGE_CURVE('',#14334,#14334,#14336,.T.);
#14334 = VERTEX_POINT('',#14335);
#14335 = CARTESIAN_POINT('',(148.44,-64.5264,1.51));
#14336 = CIRCLE('',#14337,0.4064);
#14337 = AXIS2_PLACEMENT_3D('',#14338,#14339,#14340);
#14338 = CARTESIAN_POINT('',(148.44,-64.12,1.51));
#14339 = DIRECTION('',(-0.,0.,-1.));
#14340 = DIRECTION('',(-0.,-1.,0.));
#14341 = FACE_BOUND('',#14342,.T.);
#14342 = EDGE_LOOP('',(#14343));
#14343 = ORIENTED_EDGE('',*,*,#14344,.T.);
#14344 = EDGE_CURVE('',#14345,#14345,#14347,.T.);
#14345 = VERTEX_POINT('',#14346);
#14346 = CARTESIAN_POINT('',(148.44,-61.9864,1.51));
#14347 = CIRCLE('',#14348,0.4064);
#14348 = AXIS2_PLACEMENT_3D('',#14349,#14350,#14351);
#14349 = CARTESIAN_POINT('',(148.44,-61.58,1.51));
#14350 = DIRECTION('',(-0.,0.,-1.));
#14351 = DIRECTION('',(-0.,-1.,0.));
#14352 = FACE_BOUND('',#14353,.T.);
#14353 = EDGE_LOOP('',(#14354));
#14354 = ORIENTED_EDGE('',*,*,#14355,.T.);
#14355 = EDGE_CURVE('',#14356,#14356,#14358,.T.);
#14356 = VERTEX_POINT('',#14357);
#14357 = CARTESIAN_POINT('',(148.44,-59.4464,1.51));
#14358 = CIRCLE('',#14359,0.4064);
#14359 = AXIS2_PLACEMENT_3D('',#14360,#14361,#14362);
#14360 = CARTESIAN_POINT('',(148.44,-59.04,1.51));
#14361 = DIRECTION('',(-0.,0.,-1.));
#14362 = DIRECTION('',(-0.,-1.,0.));
#14363 = FACE_BOUND('',#14364,.T.);
#14364 = EDGE_LOOP('',(#14365));
#14365 = ORIENTED_EDGE('',*,*,#14366,.T.);
#14366 = EDGE_CURVE('',#14367,#14367,#14369,.T.);
#14367 = VERTEX_POINT('',#14368);
#14368 = CARTESIAN_POINT('',(148.44,-56.9064,1.51));
#14369 = CIRCLE('',#14370,0.4064);
#14370 = AXIS2_PLACEMENT_3D('',#14371,#14372,#14373);
#14371 = CARTESIAN_POINT('',(148.44,-56.5,1.51));
#14372 = DIRECTION('',(-0.,0.,-1.));
#14373 = DIRECTION('',(-0.,-1.,0.));
#14374 = FACE_BOUND('',#14375,.T.);
#14375 = EDGE_LOOP('',(#14376));
#14376 = ORIENTED_EDGE('',*,*,#14377,.T.);
#14377 = EDGE_CURVE('',#14378,#14378,#14380,.T.);
#14378 = VERTEX_POINT('',#14379);
#14379 = CARTESIAN_POINT('',(123.76,-51.75,1.51));
#14380 = CIRCLE('',#14381,0.4);
#14381 = AXIS2_PLACEMENT_3D('',#14382,#14383,#14384);
#14382 = CARTESIAN_POINT('',(123.76,-51.35,1.51));
#14383 = DIRECTION('',(-0.,0.,-1.));
#14384 = DIRECTION('',(3.5527136788E-14,-1.,-0.));
#14385 = FACE_BOUND('',#14386,.T.);
#14386 = EDGE_LOOP('',(#14387));
#14387 = ORIENTED_EDGE('',*,*,#14388,.T.);
#14388 = EDGE_CURVE('',#14389,#14389,#14391,.T.);
#14389 = VERTEX_POINT('',#14390);
#14390 = CARTESIAN_POINT('',(123.94,-33.365,1.51));
#14391 = CIRCLE('',#14392,0.4);
#14392 = AXIS2_PLACEMENT_3D('',#14393,#14394,#14395);
#14393 = CARTESIAN_POINT('',(123.94,-32.965,1.51));
#14394 = DIRECTION('',(-0.,0.,-1.));
#14395 = DIRECTION('',(-0.,-1.,0.));
#14396 = FACE_BOUND('',#14397,.T.);
#14397 = EDGE_LOOP('',(#14398));
#14398 = ORIENTED_EDGE('',*,*,#14399,.T.);
#14399 = EDGE_CURVE('',#14400,#14400,#14402,.T.);
#14400 = VERTEX_POINT('',#14401);
#14401 = CARTESIAN_POINT('',(131.94,-33.365,1.51));
#14402 = CIRCLE('',#14403,0.4);
#14403 = AXIS2_PLACEMENT_3D('',#14404,#14405,#14406);
#14404 = CARTESIAN_POINT('',(131.94,-32.965,1.51));
#14405 = DIRECTION('',(-0.,0.,-1.));
#14406 = DIRECTION('',(-0.,-1.,0.));
#14407 = FACE_BOUND('',#14408,.T.);
#14408 = EDGE_LOOP('',(#14409));
#14409 = ORIENTED_EDGE('',*,*,#14410,.T.);
#14410 = EDGE_CURVE('',#14411,#14411,#14413,.T.);
#14411 = VERTEX_POINT('',#14412);
#14412 = CARTESIAN_POINT('',(136.46,-51.75,1.51));
#14413 = CIRCLE('',#14414,0.4);
#14414 = AXIS2_PLACEMENT_3D('',#14415,#14416,#14417);
#14415 = CARTESIAN_POINT('',(136.46,-51.35,1.51));
#14416 = DIRECTION('',(-0.,0.,-1.));
#14417 = DIRECTION('',(-0.,-1.,0.));
#14418 = FACE_BOUND('',#14419,.T.);
#14419 = EDGE_LOOP('',(#14420));
#14420 = ORIENTED_EDGE('',*,*,#14421,.T.);
#14421 = EDGE_CURVE('',#14422,#14422,#14424,.T.);
#14422 = VERTEX_POINT('',#14423);
#14423 = CARTESIAN_POINT('',(140.82,-54.3664,1.51));
#14424 = CIRCLE('',#14425,0.4064);
#14425 = AXIS2_PLACEMENT_3D('',#14426,#14427,#14428);
#14426 = CARTESIAN_POINT('',(140.82,-53.96,1.51));
#14427 = DIRECTION('',(-0.,0.,-1.));
#14428 = DIRECTION('',(-0.,-1.,0.));
#14429 = FACE_BOUND('',#14430,.T.);
#14430 = EDGE_LOOP('',(#14431));
#14431 = ORIENTED_EDGE('',*,*,#14432,.T.);
#14432 = EDGE_CURVE('',#14433,#14433,#14435,.T.);
#14433 = VERTEX_POINT('',#14434);
#14434 = CARTESIAN_POINT('',(140.82,-51.8264,1.51));
#14435 = CIRCLE('',#14436,0.4064);
#14436 = AXIS2_PLACEMENT_3D('',#14437,#14438,#14439);
#14437 = CARTESIAN_POINT('',(140.82,-51.42,1.51));
#14438 = DIRECTION('',(-0.,0.,-1.));
#14439 = DIRECTION('',(-0.,-1.,0.));
#14440 = FACE_BOUND('',#14441,.T.);
#14441 = EDGE_LOOP('',(#14442));
#14442 = ORIENTED_EDGE('',*,*,#14443,.T.);
#14443 = EDGE_CURVE('',#14444,#14444,#14446,.T.);
#14444 = VERTEX_POINT('',#14445);
#14445 = CARTESIAN_POINT('',(148.44,-54.3664,1.51));
#14446 = CIRCLE('',#14447,0.4064);
#14447 = AXIS2_PLACEMENT_3D('',#14448,#14449,#14450);
#14448 = CARTESIAN_POINT('',(148.44,-53.96,1.51));
#14449 = DIRECTION('',(-0.,0.,-1.));
#14450 = DIRECTION('',(-0.,-1.,0.));
#14451 = FACE_BOUND('',#14452,.T.);
#14452 = EDGE_LOOP('',(#14453));
#14453 = ORIENTED_EDGE('',*,*,#14454,.T.);
#14454 = EDGE_CURVE('',#14455,#14455,#14457,.T.);
#14455 = VERTEX_POINT('',#14456);
#14456 = CARTESIAN_POINT('',(148.44,-51.8264,1.51));
#14457 = CIRCLE('',#14458,0.4064);
#14458 = AXIS2_PLACEMENT_3D('',#14459,#14460,#14461);
#14459 = CARTESIAN_POINT('',(148.44,-51.42,1.51));
#14460 = DIRECTION('',(-0.,0.,-1.));
#14461 = DIRECTION('',(-0.,-1.,0.));
#14462 = FACE_BOUND('',#14463,.T.);
#14463 = EDGE_LOOP('',(#14464));
#14464 = ORIENTED_EDGE('',*,*,#14465,.T.);
#14465 = EDGE_CURVE('',#14466,#14466,#14468,.T.);
#14466 = VERTEX_POINT('',#14467);
#14467 = CARTESIAN_POINT('',(138.44,-40.64,1.51));
#14468 = CIRCLE('',#14469,0.4);
#14469 = AXIS2_PLACEMENT_3D('',#14470,#14471,#14472);
#14470 = CARTESIAN_POINT('',(138.44,-40.24,1.51));
#14471 = DIRECTION('',(-0.,0.,-1.));
#14472 = DIRECTION('',(-0.,-1.,0.));
#14473 = FACE_BOUND('',#14474,.T.);
#14474 = EDGE_LOOP('',(#14475));
#14475 = ORIENTED_EDGE('',*,*,#14476,.T.);
#14476 = EDGE_CURVE('',#14477,#14477,#14479,.T.);
#14477 = VERTEX_POINT('',#14478);
#14478 = CARTESIAN_POINT('',(143.44,-40.64,1.51));
#14479 = CIRCLE('',#14480,0.4);
#14480 = AXIS2_PLACEMENT_3D('',#14481,#14482,#14483);
#14481 = CARTESIAN_POINT('',(143.44,-40.24,1.51));
#14482 = DIRECTION('',(-0.,0.,-1.));
#14483 = DIRECTION('',(-0.,-1.,0.));
#14484 = FACE_BOUND('',#14485,.T.);
#14485 = EDGE_LOOP('',(#14486));
#14486 = ORIENTED_EDGE('',*,*,#14487,.T.);
#14487 = EDGE_CURVE('',#14488,#14488,#14490,.T.);
#14488 = VERTEX_POINT('',#14489);
#14489 = CARTESIAN_POINT('',(147.9,-44.2753,1.51));
#14490 = CIRCLE('',#14491,0.4953);
#14491 = AXIS2_PLACEMENT_3D('',#14492,#14493,#14494);
#14492 = CARTESIAN_POINT('',(147.9,-43.78,1.51));
#14493 = DIRECTION('',(-0.,0.,-1.));
#14494 = DIRECTION('',(5.738281734384E-14,-1.,-0.));
#14495 = FACE_BOUND('',#14496,.T.);
#14496 = EDGE_LOOP('',(#14497));
#14497 = ORIENTED_EDGE('',*,*,#14498,.T.);
#14498 = EDGE_CURVE('',#14499,#14499,#14501,.T.);
#14499 = VERTEX_POINT('',#14500);
#14500 = CARTESIAN_POINT('',(149.17,-41.7353,1.51));
#14501 = CIRCLE('',#14502,0.4953);
#14502 = AXIS2_PLACEMENT_3D('',#14503,#14504,#14505);
#14503 = CARTESIAN_POINT('',(149.17,-41.24,1.51));
#14504 = DIRECTION('',(-0.,0.,-1.));
#14505 = DIRECTION('',(-5.738281734384E-14,-1.,0.));
#14506 = FACE_BOUND('',#14507,.T.);
#14507 = EDGE_LOOP('',(#14508));
#14508 = ORIENTED_EDGE('',*,*,#14509,.T.);
#14509 = EDGE_CURVE('',#14510,#14510,#14512,.T.);
#14510 = VERTEX_POINT('',#14511);
#14511 = CARTESIAN_POINT('',(159.78,-75.64,1.51));
#14512 = CIRCLE('',#14513,0.4);
#14513 = AXIS2_PLACEMENT_3D('',#14514,#14515,#14516);
#14514 = CARTESIAN_POINT('',(159.78,-75.24,1.51));
#14515 = DIRECTION('',(-0.,0.,-1.));
#14516 = DIRECTION('',(-0.,-1.,0.));
#14517 = FACE_BOUND('',#14518,.T.);
#14518 = EDGE_LOOP('',(#14519));
#14519 = ORIENTED_EDGE('',*,*,#14520,.T.);
#14520 = EDGE_CURVE('',#14521,#14521,#14523,.T.);
#14521 = VERTEX_POINT('',#14522);
#14522 = CARTESIAN_POINT('',(159.86,-71.09,1.51));
#14523 = CIRCLE('',#14524,0.4);
#14524 = AXIS2_PLACEMENT_3D('',#14525,#14526,#14527);
#14525 = CARTESIAN_POINT('',(159.86,-70.69,1.51));
#14526 = DIRECTION('',(-0.,0.,-1.));
#14527 = DIRECTION('',(-0.,-1.,0.));
#14528 = FACE_BOUND('',#14529,.T.);
#14529 = EDGE_LOOP('',(#14530));
#14530 = ORIENTED_EDGE('',*,*,#14531,.T.);
#14531 = EDGE_CURVE('',#14532,#14532,#14534,.T.);
#14532 = VERTEX_POINT('',#14533);
#14533 = CARTESIAN_POINT('',(161.44,-65.14,1.51));
#14534 = CIRCLE('',#14535,0.4);
#14535 = AXIS2_PLACEMENT_3D('',#14536,#14537,#14538);
#14536 = CARTESIAN_POINT('',(161.44,-64.74,1.51));
#14537 = DIRECTION('',(-0.,0.,-1.));
#14538 = DIRECTION('',(-0.,-1.,0.));
#14539 = FACE_BOUND('',#14540,.T.);
#14540 = EDGE_LOOP('',(#14541));
#14541 = ORIENTED_EDGE('',*,*,#14542,.T.);
#14542 = EDGE_CURVE('',#14543,#14543,#14545,.T.);
#14543 = VERTEX_POINT('',#14544);
#14544 = CARTESIAN_POINT('',(169.94,-75.64,1.51));
#14545 = CIRCLE('',#14546,0.4);
#14546 = AXIS2_PLACEMENT_3D('',#14547,#14548,#14549);
#14547 = CARTESIAN_POINT('',(169.94,-75.24,1.51));
#14548 = DIRECTION('',(-0.,0.,-1.));
#14549 = DIRECTION('',(-0.,-1.,0.));
#14550 = FACE_BOUND('',#14551,.T.);
#14551 = EDGE_LOOP('',(#14552));
#14552 = ORIENTED_EDGE('',*,*,#14553,.T.);
#14553 = EDGE_CURVE('',#14554,#14554,#14556,.T.);
#14554 = VERTEX_POINT('',#14555);
#14555 = CARTESIAN_POINT('',(170.02,-71.09,1.51));
#14556 = CIRCLE('',#14557,0.4);
#14557 = AXIS2_PLACEMENT_3D('',#14558,#14559,#14560);
#14558 = CARTESIAN_POINT('',(170.02,-70.69,1.51));
#14559 = DIRECTION('',(-0.,0.,-1.));
#14560 = DIRECTION('',(7.105427357601E-14,-1.,-0.));
#14561 = FACE_BOUND('',#14562,.T.);
#14562 = EDGE_LOOP('',(#14563));
#14563 = ORIENTED_EDGE('',*,*,#14564,.T.);
#14564 = EDGE_CURVE('',#14565,#14565,#14567,.T.);
#14565 = VERTEX_POINT('',#14566);
#14566 = CARTESIAN_POINT('',(176.4,-73.115,1.51));
#14567 = CIRCLE('',#14568,0.375);
#14568 = AXIS2_PLACEMENT_3D('',#14569,#14570,#14571);
#14569 = CARTESIAN_POINT('',(176.4,-72.74,1.51));
#14570 = DIRECTION('',(-0.,0.,-1.));
#14571 = DIRECTION('',(-0.,-1.,0.));
#14572 = FACE_BOUND('',#14573,.T.);
#14573 = EDGE_LOOP('',(#14574));
#14574 = ORIENTED_EDGE('',*,*,#14575,.T.);
#14575 = EDGE_CURVE('',#14576,#14576,#14578,.T.);
#14576 = VERTEX_POINT('',#14577);
#14577 = CARTESIAN_POINT('',(178.94,-73.115,1.51));
#14578 = CIRCLE('',#14579,0.375);
#14579 = AXIS2_PLACEMENT_3D('',#14580,#14581,#14582);
#14580 = CARTESIAN_POINT('',(178.94,-72.74,1.51));
#14581 = DIRECTION('',(-0.,0.,-1.));
#14582 = DIRECTION('',(-0.,-1.,0.));
#14583 = FACE_BOUND('',#14584,.T.);
#14584 = EDGE_LOOP('',(#14585));
#14585 = ORIENTED_EDGE('',*,*,#14586,.T.);
#14586 = EDGE_CURVE('',#14587,#14587,#14589,.T.);
#14587 = VERTEX_POINT('',#14588);
#14588 = CARTESIAN_POINT('',(177.67,-71.845,1.51));
#14589 = CIRCLE('',#14590,0.375);
#14590 = AXIS2_PLACEMENT_3D('',#14591,#14592,#14593);
#14591 = CARTESIAN_POINT('',(177.67,-71.47,1.51));
#14592 = DIRECTION('',(-0.,0.,-1.));
#14593 = DIRECTION('',(-0.,-1.,0.));
#14594 = FACE_BOUND('',#14595,.T.);
#14595 = EDGE_LOOP('',(#14596));
#14596 = ORIENTED_EDGE('',*,*,#14597,.T.);
#14597 = EDGE_CURVE('',#14598,#14598,#14600,.T.);
#14598 = VERTEX_POINT('',#14599);
#14599 = CARTESIAN_POINT('',(166.44,-65.14,1.51));
#14600 = CIRCLE('',#14601,0.4);
#14601 = AXIS2_PLACEMENT_3D('',#14602,#14603,#14604);
#14602 = CARTESIAN_POINT('',(166.44,-64.74,1.51));
#14603 = DIRECTION('',(-0.,0.,-1.));
#14604 = DIRECTION('',(-0.,-1.,0.));
#14605 = FACE_BOUND('',#14606,.T.);
#14606 = EDGE_LOOP('',(#14607));
#14607 = ORIENTED_EDGE('',*,*,#14608,.T.);
#14608 = EDGE_CURVE('',#14609,#14609,#14611,.T.);
#14609 = VERTEX_POINT('',#14610);
#14610 = CARTESIAN_POINT('',(150.44,-44.2753,1.51));
#14611 = CIRCLE('',#14612,0.4953);
#14612 = AXIS2_PLACEMENT_3D('',#14613,#14614,#14615);
#14613 = CARTESIAN_POINT('',(150.44,-43.78,1.51));
#14614 = DIRECTION('',(-0.,0.,-1.));
#14615 = DIRECTION('',(-0.,-1.,0.));
#14616 = FACE_BOUND('',#14617,.T.);
#14617 = EDGE_LOOP('',(#14618));
#14618 = ORIENTED_EDGE('',*,*,#14619,.T.);
#14619 = EDGE_CURVE('',#14620,#14620,#14622,.T.);
#14620 = VERTEX_POINT('',#14621);
#14621 = CARTESIAN_POINT('',(154.49,-44.11,1.51));
#14622 = CIRCLE('',#14623,0.4);
#14623 = AXIS2_PLACEMENT_3D('',#14624,#14625,#14626);
#14624 = CARTESIAN_POINT('',(154.49,-43.71,1.51));
#14625 = DIRECTION('',(-0.,0.,-1.));
#14626 = DIRECTION('',(-0.,-1.,0.));
#14627 = FACE_BOUND('',#14628,.T.);
#14628 = EDGE_LOOP('',(#14629));
#14629 = ORIENTED_EDGE('',*,*,#14630,.T.);
#14630 = EDGE_CURVE('',#14631,#14631,#14633,.T.);
#14631 = VERTEX_POINT('',#14632);
#14632 = CARTESIAN_POINT('',(159.49,-44.11,1.51));
#14633 = CIRCLE('',#14634,0.4);
#14634 = AXIS2_PLACEMENT_3D('',#14635,#14636,#14637);
#14635 = CARTESIAN_POINT('',(159.49,-43.71,1.51));
#14636 = DIRECTION('',(-0.,0.,-1.));
#14637 = DIRECTION('',(-0.,-1.,0.));
#14638 = FACE_BOUND('',#14639,.T.);
#14639 = EDGE_LOOP('',(#14640));
#14640 = ORIENTED_EDGE('',*,*,#14641,.T.);
#14641 = EDGE_CURVE('',#14642,#14642,#14644,.T.);
#14642 = VERTEX_POINT('',#14643);
#14643 = CARTESIAN_POINT('',(165.64,-54.69,1.51));
#14644 = CIRCLE('',#14645,0.45);
#14645 = AXIS2_PLACEMENT_3D('',#14646,#14647,#14648);
#14646 = CARTESIAN_POINT('',(165.64,-54.24,1.51));
#14647 = DIRECTION('',(-0.,0.,-1.));
#14648 = DIRECTION('',(-0.,-1.,0.));
#14649 = FACE_BOUND('',#14650,.T.);
#14650 = EDGE_LOOP('',(#14651));
#14651 = ORIENTED_EDGE('',*,*,#14652,.T.);
#14652 = EDGE_CURVE('',#14653,#14653,#14655,.T.);
#14653 = VERTEX_POINT('',#14654);
#14654 = CARTESIAN_POINT('',(173.24,-54.69,1.51));
#14655 = CIRCLE('',#14656,0.45);
#14656 = AXIS2_PLACEMENT_3D('',#14657,#14658,#14659);
#14657 = CARTESIAN_POINT('',(173.24,-54.24,1.51));
#14658 = DIRECTION('',(-0.,0.,-1.));
#14659 = DIRECTION('',(-0.,-1.,0.));
#14660 = FACE_BOUND('',#14661,.T.);
#14661 = EDGE_LOOP('',(#14662));
#14662 = ORIENTED_EDGE('',*,*,#14663,.T.);
#14663 = EDGE_CURVE('',#14664,#14664,#14666,.T.);
#14664 = VERTEX_POINT('',#14665);
#14665 = CARTESIAN_POINT('',(168.69,-39.64,1.51));
#14666 = CIRCLE('',#14667,0.4);
#14667 = AXIS2_PLACEMENT_3D('',#14668,#14669,#14670);
#14668 = CARTESIAN_POINT('',(168.69,-39.24,1.51));
#14669 = DIRECTION('',(-0.,0.,-1.));
#14670 = DIRECTION('',(-0.,-1.,0.));
#14671 = FACE_BOUND('',#14672,.T.);
#14672 = EDGE_LOOP('',(#14673));
#14673 = ORIENTED_EDGE('',*,*,#14674,.T.);
#14674 = EDGE_CURVE('',#14675,#14675,#14677,.T.);
#14675 = VERTEX_POINT('',#14676);
#14676 = CARTESIAN_POINT('',(172.19,-39.64,1.51));
#14677 = CIRCLE('',#14678,0.4);
#14678 = AXIS2_PLACEMENT_3D('',#14679,#14680,#14681);
#14679 = CARTESIAN_POINT('',(172.19,-39.24,1.51));
#14680 = DIRECTION('',(-0.,0.,-1.));
#14681 = DIRECTION('',(-0.,-1.,0.));
#14682 = PLANE('',#14683);
#14683 = AXIS2_PLACEMENT_3D('',#14684,#14685,#14686);
#14684 = CARTESIAN_POINT('',(0.,0.,1.51));
#14685 = DIRECTION('',(0.,0.,1.));
#14686 = DIRECTION('',(1.,0.,-0.));
#14687 = ADVANCED_FACE('',(#14688),#14694,.T.);
#14688 = FACE_BOUND('',#14689,.T.);
#14689 = EDGE_LOOP('',(#14690,#14691,#14692,#14693));
#14690 = ORIENTED_EDGE('',*,*,#12391,.T.);
#14691 = ORIENTED_EDGE('',*,*,#13554,.T.);
#14692 = ORIENTED_EDGE('',*,*,#12351,.F.);
#14693 = ORIENTED_EDGE('',*,*,#12415,.F.);
#14694 = PLANE('',#14695);
#14695 = AXIS2_PLACEMENT_3D('',#14696,#14697,#14698);
#14696 = CARTESIAN_POINT('',(117.94,-27.74,0.));
#14697 = DIRECTION('',(0.,1.,0.));
#14698 = DIRECTION('',(1.,0.,0.));
#14699 = ADVANCED_FACE('',(#14700),#14711,.F.);
#14700 = FACE_BOUND('',#14701,.T.);
#14701 = EDGE_LOOP('',(#14702,#14703,#14709,#14710));
#14702 = ORIENTED_EDGE('',*,*,#12424,.T.);
#14703 = ORIENTED_EDGE('',*,*,#14704,.T.);
#14704 = EDGE_CURVE('',#12425,#13564,#14705,.T.);
#14705 = LINE('',#14706,#14707);
#14706 = CARTESIAN_POINT('',(121.94,-122.36,-4.6E-02));
#14707 = VECTOR('',#14708,1.);
#14708 = DIRECTION('',(0.,0.,1.));
#14709 = ORIENTED_EDGE('',*,*,#13563,.F.);
#14710 = ORIENTED_EDGE('',*,*,#14704,.F.);
#14711 = CYLINDRICAL_SURFACE('',#14712,0.5);
#14712 = AXIS2_PLACEMENT_3D('',#14713,#14714,#14715);
#14713 = CARTESIAN_POINT('',(121.94,-121.86,-4.6E-02));
#14714 = DIRECTION('',(-0.,-0.,-1.));
#14715 = DIRECTION('',(-0.,-1.,0.));
#14716 = ADVANCED_FACE('',(#14717),#14728,.F.);
#14717 = FACE_BOUND('',#14718,.T.);
#14718 = EDGE_LOOP('',(#14719,#14720,#14726,#14727));
#14719 = ORIENTED_EDGE('',*,*,#12435,.T.);
#14720 = ORIENTED_EDGE('',*,*,#14721,.T.);
#14721 = EDGE_CURVE('',#12436,#13575,#14722,.T.);
#14722 = LINE('',#14723,#14724);
#14723 = CARTESIAN_POINT('',(121.94,-119.82,-4.6E-02));
#14724 = VECTOR('',#14725,1.);
#14725 = DIRECTION('',(0.,0.,1.));
#14726 = ORIENTED_EDGE('',*,*,#13574,.F.);
#14727 = ORIENTED_EDGE('',*,*,#14721,.F.);
#14728 = CYLINDRICAL_SURFACE('',#14729,0.5);
#14729 = AXIS2_PLACEMENT_3D('',#14730,#14731,#14732);
#14730 = CARTESIAN_POINT('',(121.94,-119.32,-4.6E-02));
#14731 = DIRECTION('',(-0.,-0.,-1.));
#14732 = DIRECTION('',(-0.,-1.,0.));
#14733 = ADVANCED_FACE('',(#14734),#14745,.F.);
#14734 = FACE_BOUND('',#14735,.T.);
#14735 = EDGE_LOOP('',(#14736,#14737,#14743,#14744));
#14736 = ORIENTED_EDGE('',*,*,#12446,.T.);
#14737 = ORIENTED_EDGE('',*,*,#14738,.T.);
#14738 = EDGE_CURVE('',#12447,#13586,#14739,.T.);
#14739 = LINE('',#14740,#14741);
#14740 = CARTESIAN_POINT('',(121.94,-117.28,-4.6E-02));
#14741 = VECTOR('',#14742,1.);
#14742 = DIRECTION('',(0.,0.,1.));
#14743 = ORIENTED_EDGE('',*,*,#13585,.F.);
#14744 = ORIENTED_EDGE('',*,*,#14738,.F.);
#14745 = CYLINDRICAL_SURFACE('',#14746,0.5);
#14746 = AXIS2_PLACEMENT_3D('',#14747,#14748,#14749);
#14747 = CARTESIAN_POINT('',(121.94,-116.78,-4.6E-02));
#14748 = DIRECTION('',(-0.,-0.,-1.));
#14749 = DIRECTION('',(-0.,-1.,0.));
#14750 = ADVANCED_FACE('',(#14751),#14762,.F.);
#14751 = FACE_BOUND('',#14752,.T.);
#14752 = EDGE_LOOP('',(#14753,#14754,#14760,#14761));
#14753 = ORIENTED_EDGE('',*,*,#12457,.T.);
#14754 = ORIENTED_EDGE('',*,*,#14755,.T.);
#14755 = EDGE_CURVE('',#12458,#13597,#14756,.T.);
#14756 = LINE('',#14757,#14758);
#14757 = CARTESIAN_POINT('',(121.94,-114.74,-4.6E-02));
#14758 = VECTOR('',#14759,1.);
#14759 = DIRECTION('',(0.,0.,1.));
#14760 = ORIENTED_EDGE('',*,*,#13596,.F.);
#14761 = ORIENTED_EDGE('',*,*,#14755,.F.);
#14762 = CYLINDRICAL_SURFACE('',#14763,0.5);
#14763 = AXIS2_PLACEMENT_3D('',#14764,#14765,#14766);
#14764 = CARTESIAN_POINT('',(121.94,-114.24,-4.6E-02));
#14765 = DIRECTION('',(-0.,-0.,-1.));
#14766 = DIRECTION('',(-0.,-1.,0.));
#14767 = ADVANCED_FACE('',(#14768),#14779,.F.);
#14768 = FACE_BOUND('',#14769,.T.);
#14769 = EDGE_LOOP('',(#14770,#14771,#14777,#14778));
#14770 = ORIENTED_EDGE('',*,*,#12468,.T.);
#14771 = ORIENTED_EDGE('',*,*,#14772,.T.);
#14772 = EDGE_CURVE('',#12469,#13608,#14773,.T.);
#14773 = LINE('',#14774,#14775);
#14774 = CARTESIAN_POINT('',(131.74,-125.14,-4.6E-02));
#14775 = VECTOR('',#14776,1.);
#14776 = DIRECTION('',(0.,0.,1.));
#14777 = ORIENTED_EDGE('',*,*,#13607,.F.);
#14778 = ORIENTED_EDGE('',*,*,#14772,.F.);
#14779 = CYLINDRICAL_SURFACE('',#14780,0.4);
#14780 = AXIS2_PLACEMENT_3D('',#14781,#14782,#14783);
#14781 = CARTESIAN_POINT('',(131.74,-124.74,-4.6E-02));
#14782 = DIRECTION('',(-0.,-0.,-1.));
#14783 = DIRECTION('',(-0.,-1.,0.));
#14784 = ADVANCED_FACE('',(#14785),#14796,.F.);
#14785 = FACE_BOUND('',#14786,.T.);
#14786 = EDGE_LOOP('',(#14787,#14788,#14794,#14795));
#14787 = ORIENTED_EDGE('',*,*,#12479,.T.);
#14788 = ORIENTED_EDGE('',*,*,#14789,.T.);
#14789 = EDGE_CURVE('',#12480,#13619,#14790,.T.);
#14790 = LINE('',#14791,#14792);
#14791 = CARTESIAN_POINT('',(131.74,-121.14,-4.6E-02));
#14792 = VECTOR('',#14793,1.);
#14793 = DIRECTION('',(0.,0.,1.));
#14794 = ORIENTED_EDGE('',*,*,#13618,.F.);
#14795 = ORIENTED_EDGE('',*,*,#14789,.F.);
#14796 = CYLINDRICAL_SURFACE('',#14797,0.4);
#14797 = AXIS2_PLACEMENT_3D('',#14798,#14799,#14800);
#14798 = CARTESIAN_POINT('',(131.74,-120.74,-4.6E-02));
#14799 = DIRECTION('',(-0.,-0.,-1.));
#14800 = DIRECTION('',(-0.,-1.,0.));
#14801 = ADVANCED_FACE('',(#14802),#14813,.F.);
#14802 = FACE_BOUND('',#14803,.T.);
#14803 = EDGE_LOOP('',(#14804,#14805,#14811,#14812));
#14804 = ORIENTED_EDGE('',*,*,#12490,.T.);
#14805 = ORIENTED_EDGE('',*,*,#14806,.T.);
#14806 = EDGE_CURVE('',#12491,#13630,#14807,.T.);
#14807 = LINE('',#14808,#14809);
#14808 = CARTESIAN_POINT('',(131.74,-117.14,-4.6E-02));
#14809 = VECTOR('',#14810,1.);
#14810 = DIRECTION('',(0.,0.,1.));
#14811 = ORIENTED_EDGE('',*,*,#13629,.F.);
#14812 = ORIENTED_EDGE('',*,*,#14806,.F.);
#14813 = CYLINDRICAL_SURFACE('',#14814,0.4);
#14814 = AXIS2_PLACEMENT_3D('',#14815,#14816,#14817);
#14815 = CARTESIAN_POINT('',(131.74,-116.74,-4.6E-02));
#14816 = DIRECTION('',(-0.,-0.,-1.));
#14817 = DIRECTION('',(-0.,-1.,0.));
#14818 = ADVANCED_FACE('',(#14819),#14830,.F.);
#14819 = FACE_BOUND('',#14820,.T.);
#14820 = EDGE_LOOP('',(#14821,#14822,#14828,#14829));
#14821 = ORIENTED_EDGE('',*,*,#12501,.T.);
#14822 = ORIENTED_EDGE('',*,*,#14823,.T.);
#14823 = EDGE_CURVE('',#12502,#13641,#14824,.T.);
#14824 = LINE('',#14825,#14826);
#14825 = CARTESIAN_POINT('',(121.94,-112.2,-4.6E-02));
#14826 = VECTOR('',#14827,1.);
#14827 = DIRECTION('',(0.,0.,1.));
#14828 = ORIENTED_EDGE('',*,*,#13640,.F.);
#14829 = ORIENTED_EDGE('',*,*,#14823,.F.);
#14830 = CYLINDRICAL_SURFACE('',#14831,0.5);
#14831 = AXIS2_PLACEMENT_3D('',#14832,#14833,#14834);
#14832 = CARTESIAN_POINT('',(121.94,-111.7,-4.6E-02));
#14833 = DIRECTION('',(-0.,-0.,-1.));
#14834 = DIRECTION('',(-0.,-1.,0.));
#14835 = ADVANCED_FACE('',(#14836),#14847,.F.);
#14836 = FACE_BOUND('',#14837,.T.);
#14837 = EDGE_LOOP('',(#14838,#14839,#14845,#14846));
#14838 = ORIENTED_EDGE('',*,*,#12512,.T.);
#14839 = ORIENTED_EDGE('',*,*,#14840,.T.);
#14840 = EDGE_CURVE('',#12513,#13652,#14841,.T.);
#14841 = LINE('',#14842,#14843);
#14842 = CARTESIAN_POINT('',(121.94,-109.66,-4.6E-02));
#14843 = VECTOR('',#14844,1.);
#14844 = DIRECTION('',(0.,0.,1.));
#14845 = ORIENTED_EDGE('',*,*,#13651,.F.);
#14846 = ORIENTED_EDGE('',*,*,#14840,.F.);
#14847 = CYLINDRICAL_SURFACE('',#14848,0.5);
#14848 = AXIS2_PLACEMENT_3D('',#14849,#14850,#14851);
#14849 = CARTESIAN_POINT('',(121.94,-109.16,-4.6E-02));
#14850 = DIRECTION('',(-0.,-0.,-1.));
#14851 = DIRECTION('',(-0.,-1.,0.));
#14852 = ADVANCED_FACE('',(#14853),#14864,.F.);
#14853 = FACE_BOUND('',#14854,.T.);
#14854 = EDGE_LOOP('',(#14855,#14856,#14862,#14863));
#14855 = ORIENTED_EDGE('',*,*,#12523,.T.);
#14856 = ORIENTED_EDGE('',*,*,#14857,.T.);
#14857 = EDGE_CURVE('',#12524,#13663,#14858,.T.);
#14858 = LINE('',#14859,#14860);
#14859 = CARTESIAN_POINT('',(121.94,-107.12,-4.6E-02));
#14860 = VECTOR('',#14861,1.);
#14861 = DIRECTION('',(0.,0.,1.));
#14862 = ORIENTED_EDGE('',*,*,#13662,.F.);
#14863 = ORIENTED_EDGE('',*,*,#14857,.F.);
#14864 = CYLINDRICAL_SURFACE('',#14865,0.5);
#14865 = AXIS2_PLACEMENT_3D('',#14866,#14867,#14868);
#14866 = CARTESIAN_POINT('',(121.94,-106.62,-4.6E-02));
#14867 = DIRECTION('',(-0.,-0.,-1.));
#14868 = DIRECTION('',(-0.,-1.,0.));
#14869 = ADVANCED_FACE('',(#14870),#14881,.F.);
#14870 = FACE_BOUND('',#14871,.T.);
#14871 = EDGE_LOOP('',(#14872,#14873,#14879,#14880));
#14872 = ORIENTED_EDGE('',*,*,#12534,.T.);
#14873 = ORIENTED_EDGE('',*,*,#14874,.T.);
#14874 = EDGE_CURVE('',#12535,#13674,#14875,.T.);
#14875 = LINE('',#14876,#14877);
#14876 = CARTESIAN_POINT('',(131.74,-113.14,-4.6E-02));
#14877 = VECTOR('',#14878,1.);
#14878 = DIRECTION('',(0.,0.,1.));
#14879 = ORIENTED_EDGE('',*,*,#13673,.F.);
#14880 = ORIENTED_EDGE('',*,*,#14874,.F.);
#14881 = CYLINDRICAL_SURFACE('',#14882,0.4);
#14882 = AXIS2_PLACEMENT_3D('',#14883,#14884,#14885);
#14883 = CARTESIAN_POINT('',(131.74,-112.74,-4.6E-02));
#14884 = DIRECTION('',(-0.,-0.,-1.));
#14885 = DIRECTION('',(-0.,-1.,0.));
#14886 = ADVANCED_FACE('',(#14887),#14898,.F.);
#14887 = FACE_BOUND('',#14888,.T.);
#14888 = EDGE_LOOP('',(#14889,#14890,#14896,#14897));
#14889 = ORIENTED_EDGE('',*,*,#12545,.T.);
#14890 = ORIENTED_EDGE('',*,*,#14891,.T.);
#14891 = EDGE_CURVE('',#12546,#13685,#14892,.T.);
#14892 = LINE('',#14893,#14894);
#14893 = CARTESIAN_POINT('',(131.74,-109.14,-4.6E-02));
#14894 = VECTOR('',#14895,1.);
#14895 = DIRECTION('',(0.,0.,1.));
#14896 = ORIENTED_EDGE('',*,*,#13684,.F.);
#14897 = ORIENTED_EDGE('',*,*,#14891,.F.);
#14898 = CYLINDRICAL_SURFACE('',#14899,0.4);
#14899 = AXIS2_PLACEMENT_3D('',#14900,#14901,#14902);
#14900 = CARTESIAN_POINT('',(131.74,-108.74,-4.6E-02));
#14901 = DIRECTION('',(-0.,-0.,-1.));
#14902 = DIRECTION('',(-0.,-1.,0.));
#14903 = ADVANCED_FACE('',(#14904),#14915,.F.);
#14904 = FACE_BOUND('',#14905,.T.);
#14905 = EDGE_LOOP('',(#14906,#14907,#14913,#14914));
#14906 = ORIENTED_EDGE('',*,*,#12556,.T.);
#14907 = ORIENTED_EDGE('',*,*,#14908,.T.);
#14908 = EDGE_CURVE('',#12557,#13696,#14909,.T.);
#14909 = LINE('',#14910,#14911);
#14910 = CARTESIAN_POINT('',(131.74,-105.14,-4.6E-02));
#14911 = VECTOR('',#14912,1.);
#14912 = DIRECTION('',(0.,0.,1.));
#14913 = ORIENTED_EDGE('',*,*,#13695,.F.);
#14914 = ORIENTED_EDGE('',*,*,#14908,.F.);
#14915 = CYLINDRICAL_SURFACE('',#14916,0.4);
#14916 = AXIS2_PLACEMENT_3D('',#14917,#14918,#14919);
#14917 = CARTESIAN_POINT('',(131.74,-104.74,-4.6E-02));
#14918 = DIRECTION('',(-0.,-0.,-1.));
#14919 = DIRECTION('',(-0.,-1.,0.));
#14920 = ADVANCED_FACE('',(#14921),#14932,.F.);
#14921 = FACE_BOUND('',#14922,.T.);
#14922 = EDGE_LOOP('',(#14923,#14924,#14930,#14931));
#14923 = ORIENTED_EDGE('',*,*,#12567,.T.);
#14924 = ORIENTED_EDGE('',*,*,#14925,.T.);
#14925 = EDGE_CURVE('',#12568,#13707,#14926,.T.);
#14926 = LINE('',#14927,#14928);
#14927 = CARTESIAN_POINT('',(144.44,-125.14,-4.6E-02));
#14928 = VECTOR('',#14929,1.);
#14929 = DIRECTION('',(0.,0.,1.));
#14930 = ORIENTED_EDGE('',*,*,#13706,.F.);
#14931 = ORIENTED_EDGE('',*,*,#14925,.F.);
#14932 = CYLINDRICAL_SURFACE('',#14933,0.4);
#14933 = AXIS2_PLACEMENT_3D('',#14934,#14935,#14936);
#14934 = CARTESIAN_POINT('',(144.44,-124.74,-4.6E-02));
#14935 = DIRECTION('',(-0.,-0.,-1.));
#14936 = DIRECTION('',(-0.,-1.,0.));
#14937 = ADVANCED_FACE('',(#14938),#14949,.F.);
#14938 = FACE_BOUND('',#14939,.T.);
#14939 = EDGE_LOOP('',(#14940,#14941,#14947,#14948));
#14940 = ORIENTED_EDGE('',*,*,#12578,.T.);
#14941 = ORIENTED_EDGE('',*,*,#14942,.T.);
#14942 = EDGE_CURVE('',#12579,#13718,#14943,.T.);
#14943 = LINE('',#14944,#14945);
#14944 = CARTESIAN_POINT('',(144.44,-121.14,-4.6E-02));
#14945 = VECTOR('',#14946,1.);
#14946 = DIRECTION('',(0.,0.,1.));
#14947 = ORIENTED_EDGE('',*,*,#13717,.F.);
#14948 = ORIENTED_EDGE('',*,*,#14942,.F.);
#14949 = CYLINDRICAL_SURFACE('',#14950,0.4);
#14950 = AXIS2_PLACEMENT_3D('',#14951,#14952,#14953);
#14951 = CARTESIAN_POINT('',(144.44,-120.74,-4.6E-02));
#14952 = DIRECTION('',(-0.,-0.,-1.));
#14953 = DIRECTION('',(-0.,-1.,0.));
#14954 = ADVANCED_FACE('',(#14955),#14966,.F.);
#14955 = FACE_BOUND('',#14956,.T.);
#14956 = EDGE_LOOP('',(#14957,#14958,#14964,#14965));
#14957 = ORIENTED_EDGE('',*,*,#12589,.T.);
#14958 = ORIENTED_EDGE('',*,*,#14959,.T.);
#14959 = EDGE_CURVE('',#12590,#13729,#14960,.T.);
#14960 = LINE('',#14961,#14962);
#14961 = CARTESIAN_POINT('',(144.44,-117.14,-4.6E-02));
#14962 = VECTOR('',#14963,1.);
#14963 = DIRECTION('',(0.,0.,1.));
#14964 = ORIENTED_EDGE('',*,*,#13728,.F.);
#14965 = ORIENTED_EDGE('',*,*,#14959,.F.);
#14966 = CYLINDRICAL_SURFACE('',#14967,0.4);
#14967 = AXIS2_PLACEMENT_3D('',#14968,#14969,#14970);
#14968 = CARTESIAN_POINT('',(144.44,-116.74,-4.6E-02));
#14969 = DIRECTION('',(-0.,-0.,-1.));
#14970 = DIRECTION('',(-0.,-1.,0.));
#14971 = ADVANCED_FACE('',(#14972),#14983,.F.);
#14972 = FACE_BOUND('',#14973,.T.);
#14973 = EDGE_LOOP('',(#14974,#14975,#14981,#14982));
#14974 = ORIENTED_EDGE('',*,*,#12600,.T.);
#14975 = ORIENTED_EDGE('',*,*,#14976,.T.);
#14976 = EDGE_CURVE('',#12601,#13740,#14977,.T.);
#14977 = LINE('',#14978,#14979);
#14978 = CARTESIAN_POINT('',(144.44,-113.14,-4.6E-02));
#14979 = VECTOR('',#14980,1.);
#14980 = DIRECTION('',(0.,0.,1.));
#14981 = ORIENTED_EDGE('',*,*,#13739,.F.);
#14982 = ORIENTED_EDGE('',*,*,#14976,.F.);
#14983 = CYLINDRICAL_SURFACE('',#14984,0.4);
#14984 = AXIS2_PLACEMENT_3D('',#14985,#14986,#14987);
#14985 = CARTESIAN_POINT('',(144.44,-112.74,-4.6E-02));
#14986 = DIRECTION('',(-0.,-0.,-1.));
#14987 = DIRECTION('',(-0.,-1.,0.));
#14988 = ADVANCED_FACE('',(#14989),#15000,.F.);
#14989 = FACE_BOUND('',#14990,.T.);
#14990 = EDGE_LOOP('',(#14991,#14992,#14998,#14999));
#14991 = ORIENTED_EDGE('',*,*,#12611,.T.);
#14992 = ORIENTED_EDGE('',*,*,#14993,.T.);
#14993 = EDGE_CURVE('',#12612,#13751,#14994,.T.);
#14994 = LINE('',#14995,#14996);
#14995 = CARTESIAN_POINT('',(144.44,-109.14,-4.6E-02));
#14996 = VECTOR('',#14997,1.);
#14997 = DIRECTION('',(0.,0.,1.));
#14998 = ORIENTED_EDGE('',*,*,#13750,.F.);
#14999 = ORIENTED_EDGE('',*,*,#14993,.F.);
#15000 = CYLINDRICAL_SURFACE('',#15001,0.4);
#15001 = AXIS2_PLACEMENT_3D('',#15002,#15003,#15004);
#15002 = CARTESIAN_POINT('',(144.44,-108.74,-4.6E-02));
#15003 = DIRECTION('',(-0.,-0.,-1.));
#15004 = DIRECTION('',(-0.,-1.,0.));
#15005 = ADVANCED_FACE('',(#15006),#15017,.F.);
#15006 = FACE_BOUND('',#15007,.T.);
#15007 = EDGE_LOOP('',(#15008,#15009,#15015,#15016));
#15008 = ORIENTED_EDGE('',*,*,#12622,.T.);
#15009 = ORIENTED_EDGE('',*,*,#15010,.T.);
#15010 = EDGE_CURVE('',#12623,#13762,#15011,.T.);
#15011 = LINE('',#15012,#15013);
#15012 = CARTESIAN_POINT('',(144.44,-105.14,-4.6E-02));
#15013 = VECTOR('',#15014,1.);
#15014 = DIRECTION('',(0.,0.,1.));
#15015 = ORIENTED_EDGE('',*,*,#13761,.F.);
#15016 = ORIENTED_EDGE('',*,*,#15010,.F.);
#15017 = CYLINDRICAL_SURFACE('',#15018,0.4);
#15018 = AXIS2_PLACEMENT_3D('',#15019,#15020,#15021);
#15019 = CARTESIAN_POINT('',(144.44,-104.74,-4.6E-02));
#15020 = DIRECTION('',(-0.,-0.,-1.));
#15021 = DIRECTION('',(-0.,-1.,0.));
#15022 = ADVANCED_FACE('',(#15023),#15034,.F.);
#15023 = FACE_BOUND('',#15024,.T.);
#15024 = EDGE_LOOP('',(#15025,#15026,#15032,#15033));
#15025 = ORIENTED_EDGE('',*,*,#12633,.T.);
#15026 = ORIENTED_EDGE('',*,*,#15027,.T.);
#15027 = EDGE_CURVE('',#12634,#13773,#15028,.T.);
#15028 = LINE('',#15029,#15030);
#15029 = CARTESIAN_POINT('',(124.44,-100.34,-4.6E-02));
#15030 = VECTOR('',#15031,1.);
#15031 = DIRECTION('',(0.,0.,1.));
#15032 = ORIENTED_EDGE('',*,*,#13772,.F.);
#15033 = ORIENTED_EDGE('',*,*,#15027,.F.);
#15034 = CYLINDRICAL_SURFACE('',#15035,0.4);
#15035 = AXIS2_PLACEMENT_3D('',#15036,#15037,#15038);
#15036 = CARTESIAN_POINT('',(124.44,-99.94,-4.6E-02));
#15037 = DIRECTION('',(-0.,-0.,-1.));
#15038 = DIRECTION('',(-0.,-1.,0.));
#15039 = ADVANCED_FACE('',(#15040),#15051,.F.);
#15040 = FACE_BOUND('',#15041,.T.);
#15041 = EDGE_LOOP('',(#15042,#15043,#15049,#15050));
#15042 = ORIENTED_EDGE('',*,*,#12644,.T.);
#15043 = ORIENTED_EDGE('',*,*,#15044,.T.);
#15044 = EDGE_CURVE('',#12645,#13784,#15045,.T.);
#15045 = LINE('',#15046,#15047);
#15046 = CARTESIAN_POINT('',(131.74,-101.14,-4.6E-02));
#15047 = VECTOR('',#15048,1.);
#15048 = DIRECTION('',(0.,0.,1.));
#15049 = ORIENTED_EDGE('',*,*,#13783,.F.);
#15050 = ORIENTED_EDGE('',*,*,#15044,.F.);
#15051 = CYLINDRICAL_SURFACE('',#15052,0.4);
#15052 = AXIS2_PLACEMENT_3D('',#15053,#15054,#15055);
#15053 = CARTESIAN_POINT('',(131.74,-100.74,-4.6E-02));
#15054 = DIRECTION('',(-0.,-0.,-1.));
#15055 = DIRECTION('',(-0.,-1.,0.));
#15056 = ADVANCED_FACE('',(#15057),#15068,.F.);
#15057 = FACE_BOUND('',#15058,.T.);
#15058 = EDGE_LOOP('',(#15059,#15060,#15066,#15067));
#15059 = ORIENTED_EDGE('',*,*,#12655,.T.);
#15060 = ORIENTED_EDGE('',*,*,#15061,.T.);
#15061 = EDGE_CURVE('',#12656,#13795,#15062,.T.);
#15062 = LINE('',#15063,#15064);
#15063 = CARTESIAN_POINT('',(124.44,-87.64,-4.6E-02));
#15064 = VECTOR('',#15065,1.);
#15065 = DIRECTION('',(0.,0.,1.));
#15066 = ORIENTED_EDGE('',*,*,#13794,.F.);
#15067 = ORIENTED_EDGE('',*,*,#15061,.F.);
#15068 = CYLINDRICAL_SURFACE('',#15069,0.4);
#15069 = AXIS2_PLACEMENT_3D('',#15070,#15071,#15072);
#15070 = CARTESIAN_POINT('',(124.44,-87.24,-4.6E-02));
#15071 = DIRECTION('',(-0.,-0.,-1.));
#15072 = DIRECTION('',(-0.,-1.,0.));
#15073 = ADVANCED_FACE('',(#15074),#15085,.F.);
#15074 = FACE_BOUND('',#15075,.T.);
#15075 = EDGE_LOOP('',(#15076,#15077,#15083,#15084));
#15076 = ORIENTED_EDGE('',*,*,#12666,.T.);
#15077 = ORIENTED_EDGE('',*,*,#15078,.T.);
#15078 = EDGE_CURVE('',#12667,#13806,#15079,.T.);
#15079 = LINE('',#15080,#15081);
#15080 = CARTESIAN_POINT('',(131.9,-87.69,-4.6E-02));
#15081 = VECTOR('',#15082,1.);
#15082 = DIRECTION('',(0.,0.,1.));
#15083 = ORIENTED_EDGE('',*,*,#13805,.F.);
#15084 = ORIENTED_EDGE('',*,*,#15078,.F.);
#15085 = CYLINDRICAL_SURFACE('',#15086,0.45);
#15086 = AXIS2_PLACEMENT_3D('',#15087,#15088,#15089);
#15087 = CARTESIAN_POINT('',(131.9,-87.24,-4.6E-02));
#15088 = DIRECTION('',(-0.,0.,-1.));
#15089 = DIRECTION('',(6.315935428978E-14,-1.,-0.));
#15090 = ADVANCED_FACE('',(#15091),#15102,.F.);
#15091 = FACE_BOUND('',#15092,.T.);
#15092 = EDGE_LOOP('',(#15093,#15094,#15100,#15101));
#15093 = ORIENTED_EDGE('',*,*,#12677,.T.);
#15094 = ORIENTED_EDGE('',*,*,#15095,.T.);
#15095 = EDGE_CURVE('',#12678,#13817,#15096,.T.);
#15096 = LINE('',#15097,#15098);
#15097 = CARTESIAN_POINT('',(134.44,-87.69,-4.6E-02));
#15098 = VECTOR('',#15099,1.);
#15099 = DIRECTION('',(0.,0.,1.));
#15100 = ORIENTED_EDGE('',*,*,#13816,.F.);
#15101 = ORIENTED_EDGE('',*,*,#15095,.F.);
#15102 = CYLINDRICAL_SURFACE('',#15103,0.45);
#15103 = AXIS2_PLACEMENT_3D('',#15104,#15105,#15106);
#15104 = CARTESIAN_POINT('',(134.44,-87.24,-4.6E-02));
#15105 = DIRECTION('',(-0.,-0.,-1.));
#15106 = DIRECTION('',(-0.,-1.,0.));
#15107 = ADVANCED_FACE('',(#15108),#15119,.F.);
#15108 = FACE_BOUND('',#15109,.T.);
#15109 = EDGE_LOOP('',(#15110,#15111,#15117,#15118));
#15110 = ORIENTED_EDGE('',*,*,#12688,.T.);
#15111 = ORIENTED_EDGE('',*,*,#15112,.T.);
#15112 = EDGE_CURVE('',#12689,#13828,#15113,.T.);
#15113 = LINE('',#15114,#15115);
#15114 = CARTESIAN_POINT('',(134.44,-81.14,-4.6E-02));
#15115 = VECTOR('',#15116,1.);
#15116 = DIRECTION('',(0.,0.,1.));
#15117 = ORIENTED_EDGE('',*,*,#13827,.F.);
#15118 = ORIENTED_EDGE('',*,*,#15112,.F.);
#15119 = CYLINDRICAL_SURFACE('',#15120,0.4);
#15120 = AXIS2_PLACEMENT_3D('',#15121,#15122,#15123);
#15121 = CARTESIAN_POINT('',(134.44,-80.74,-4.6E-02));
#15122 = DIRECTION('',(-0.,-0.,-1.));
#15123 = DIRECTION('',(-0.,-1.,0.));
#15124 = ADVANCED_FACE('',(#15125),#15136,.F.);
#15125 = FACE_BOUND('',#15126,.T.);
#15126 = EDGE_LOOP('',(#15127,#15128,#15134,#15135));
#15127 = ORIENTED_EDGE('',*,*,#12699,.T.);
#15128 = ORIENTED_EDGE('',*,*,#15129,.T.);
#15129 = EDGE_CURVE('',#12700,#13839,#15130,.T.);
#15130 = LINE('',#15131,#15132);
#15131 = CARTESIAN_POINT('',(144.44,-101.14,-4.6E-02));
#15132 = VECTOR('',#15133,1.);
#15133 = DIRECTION('',(0.,0.,1.));
#15134 = ORIENTED_EDGE('',*,*,#13838,.F.);
#15135 = ORIENTED_EDGE('',*,*,#15129,.F.);
#15136 = CYLINDRICAL_SURFACE('',#15137,0.4);
#15137 = AXIS2_PLACEMENT_3D('',#15138,#15139,#15140);
#15138 = CARTESIAN_POINT('',(144.44,-100.74,-4.6E-02));
#15139 = DIRECTION('',(-0.,-0.,-1.));
#15140 = DIRECTION('',(-0.,-1.,0.));
#15141 = ADVANCED_FACE('',(#15142),#15153,.F.);
#15142 = FACE_BOUND('',#15143,.T.);
#15143 = EDGE_LOOP('',(#15144,#15145,#15151,#15152));
#15144 = ORIENTED_EDGE('',*,*,#12710,.T.);
#15145 = ORIENTED_EDGE('',*,*,#15146,.T.);
#15146 = EDGE_CURVE('',#12711,#13850,#15147,.T.);
#15147 = LINE('',#15148,#15149);
#15148 = CARTESIAN_POINT('',(140.82,-84.8464,-4.6E-02));
#15149 = VECTOR('',#15150,1.);
#15150 = DIRECTION('',(0.,0.,1.));
#15151 = ORIENTED_EDGE('',*,*,#13849,.F.);
#15152 = ORIENTED_EDGE('',*,*,#15146,.F.);
#15153 = CYLINDRICAL_SURFACE('',#15154,0.4064);
#15154 = AXIS2_PLACEMENT_3D('',#15155,#15156,#15157);
#15155 = CARTESIAN_POINT('',(140.82,-84.44,-4.6E-02));
#15156 = DIRECTION('',(-0.,-0.,-1.));
#15157 = DIRECTION('',(-0.,-1.,0.));
#15158 = ADVANCED_FACE('',(#15159),#15170,.F.);
#15159 = FACE_BOUND('',#15160,.T.);
#15160 = EDGE_LOOP('',(#15161,#15162,#15168,#15169));
#15161 = ORIENTED_EDGE('',*,*,#12721,.T.);
#15162 = ORIENTED_EDGE('',*,*,#15163,.T.);
#15163 = EDGE_CURVE('',#12722,#13861,#15164,.T.);
#15164 = LINE('',#15165,#15166);
#15165 = CARTESIAN_POINT('',(140.82,-82.3064,-4.6E-02));
#15166 = VECTOR('',#15167,1.);
#15167 = DIRECTION('',(0.,0.,1.));
#15168 = ORIENTED_EDGE('',*,*,#13860,.F.);
#15169 = ORIENTED_EDGE('',*,*,#15163,.F.);
#15170 = CYLINDRICAL_SURFACE('',#15171,0.4064);
#15171 = AXIS2_PLACEMENT_3D('',#15172,#15173,#15174);
#15172 = CARTESIAN_POINT('',(140.82,-81.9,-4.6E-02));
#15173 = DIRECTION('',(-0.,-0.,-1.));
#15174 = DIRECTION('',(-0.,-1.,0.));
#15175 = ADVANCED_FACE('',(#15176),#15187,.F.);
#15176 = FACE_BOUND('',#15177,.T.);
#15177 = EDGE_LOOP('',(#15178,#15179,#15185,#15186));
#15178 = ORIENTED_EDGE('',*,*,#12732,.T.);
#15179 = ORIENTED_EDGE('',*,*,#15180,.T.);
#15180 = EDGE_CURVE('',#12733,#13872,#15181,.T.);
#15181 = LINE('',#15182,#15183);
#15182 = CARTESIAN_POINT('',(140.82,-79.7664,-4.6E-02));
#15183 = VECTOR('',#15184,1.);
#15184 = DIRECTION('',(0.,0.,1.));
#15185 = ORIENTED_EDGE('',*,*,#13871,.F.);
#15186 = ORIENTED_EDGE('',*,*,#15180,.F.);
#15187 = CYLINDRICAL_SURFACE('',#15188,0.4064);
#15188 = AXIS2_PLACEMENT_3D('',#15189,#15190,#15191);
#15189 = CARTESIAN_POINT('',(140.82,-79.36,-4.6E-02));
#15190 = DIRECTION('',(-0.,-0.,-1.));
#15191 = DIRECTION('',(-0.,-1.,0.));
#15192 = ADVANCED_FACE('',(#15193),#15204,.F.);
#15193 = FACE_BOUND('',#15194,.T.);
#15194 = EDGE_LOOP('',(#15195,#15196,#15202,#15203));
#15195 = ORIENTED_EDGE('',*,*,#12743,.T.);
#15196 = ORIENTED_EDGE('',*,*,#15197,.T.);
#15197 = EDGE_CURVE('',#12744,#13883,#15198,.T.);
#15198 = LINE('',#15199,#15200);
#15199 = CARTESIAN_POINT('',(148.44,-84.8464,-4.6E-02));
#15200 = VECTOR('',#15201,1.);
#15201 = DIRECTION('',(0.,0.,1.));
#15202 = ORIENTED_EDGE('',*,*,#13882,.F.);
#15203 = ORIENTED_EDGE('',*,*,#15197,.F.);
#15204 = CYLINDRICAL_SURFACE('',#15205,0.4064);
#15205 = AXIS2_PLACEMENT_3D('',#15206,#15207,#15208);
#15206 = CARTESIAN_POINT('',(148.44,-84.44,-4.6E-02));
#15207 = DIRECTION('',(-0.,-0.,-1.));
#15208 = DIRECTION('',(-0.,-1.,0.));
#15209 = ADVANCED_FACE('',(#15210),#15221,.F.);
#15210 = FACE_BOUND('',#15211,.T.);
#15211 = EDGE_LOOP('',(#15212,#15213,#15219,#15220));
#15212 = ORIENTED_EDGE('',*,*,#12754,.T.);
#15213 = ORIENTED_EDGE('',*,*,#15214,.T.);
#15214 = EDGE_CURVE('',#12755,#13894,#15215,.T.);
#15215 = LINE('',#15216,#15217);
#15216 = CARTESIAN_POINT('',(148.44,-82.3064,-4.6E-02));
#15217 = VECTOR('',#15218,1.);
#15218 = DIRECTION('',(0.,0.,1.));
#15219 = ORIENTED_EDGE('',*,*,#13893,.F.);
#15220 = ORIENTED_EDGE('',*,*,#15214,.F.);
#15221 = CYLINDRICAL_SURFACE('',#15222,0.4064);
#15222 = AXIS2_PLACEMENT_3D('',#15223,#15224,#15225);
#15223 = CARTESIAN_POINT('',(148.44,-81.9,-4.6E-02));
#15224 = DIRECTION('',(-0.,-0.,-1.));
#15225 = DIRECTION('',(-0.,-1.,0.));
#15226 = ADVANCED_FACE('',(#15227),#15238,.F.);
#15227 = FACE_BOUND('',#15228,.T.);
#15228 = EDGE_LOOP('',(#15229,#15230,#15236,#15237));
#15229 = ORIENTED_EDGE('',*,*,#12765,.T.);
#15230 = ORIENTED_EDGE('',*,*,#15231,.T.);
#15231 = EDGE_CURVE('',#12766,#13905,#15232,.T.);
#15232 = LINE('',#15233,#15234);
#15233 = CARTESIAN_POINT('',(148.44,-79.7664,-4.6E-02));
#15234 = VECTOR('',#15235,1.);
#15235 = DIRECTION('',(0.,0.,1.));
#15236 = ORIENTED_EDGE('',*,*,#13904,.F.);
#15237 = ORIENTED_EDGE('',*,*,#15231,.F.);
#15238 = CYLINDRICAL_SURFACE('',#15239,0.4064);
#15239 = AXIS2_PLACEMENT_3D('',#15240,#15241,#15242);
#15240 = CARTESIAN_POINT('',(148.44,-79.36,-4.6E-02));
#15241 = DIRECTION('',(-0.,-0.,-1.));
#15242 = DIRECTION('',(-0.,-1.,0.));
#15243 = ADVANCED_FACE('',(#15244),#15255,.F.);
#15244 = FACE_BOUND('',#15245,.T.);
#15245 = EDGE_LOOP('',(#15246,#15247,#15253,#15254));
#15246 = ORIENTED_EDGE('',*,*,#12776,.T.);
#15247 = ORIENTED_EDGE('',*,*,#15248,.T.);
#15248 = EDGE_CURVE('',#12777,#13916,#15249,.T.);
#15249 = LINE('',#15250,#15251);
#15250 = CARTESIAN_POINT('',(152.24,-124.64,-4.6E-02));
#15251 = VECTOR('',#15252,1.);
#15252 = DIRECTION('',(0.,0.,1.));
#15253 = ORIENTED_EDGE('',*,*,#13915,.F.);
#15254 = ORIENTED_EDGE('',*,*,#15248,.F.);
#15255 = CYLINDRICAL_SURFACE('',#15256,0.4);
#15256 = AXIS2_PLACEMENT_3D('',#15257,#15258,#15259);
#15257 = CARTESIAN_POINT('',(152.24,-124.24,-4.6E-02));
#15258 = DIRECTION('',(-0.,-0.,-1.));
#15259 = DIRECTION('',(-0.,-1.,0.));
#15260 = ADVANCED_FACE('',(#15261),#15272,.F.);
#15261 = FACE_BOUND('',#15262,.T.);
#15262 = EDGE_LOOP('',(#15263,#15264,#15270,#15271));
#15263 = ORIENTED_EDGE('',*,*,#12787,.T.);
#15264 = ORIENTED_EDGE('',*,*,#15265,.T.);
#15265 = EDGE_CURVE('',#12788,#13927,#15266,.T.);
#15266 = LINE('',#15267,#15268);
#15267 = CARTESIAN_POINT('',(152.78,-112.14,-4.6E-02));
#15268 = VECTOR('',#15269,1.);
#15269 = DIRECTION('',(0.,0.,1.));
#15270 = ORIENTED_EDGE('',*,*,#13926,.F.);
#15271 = ORIENTED_EDGE('',*,*,#15265,.F.);
#15272 = CYLINDRICAL_SURFACE('',#15273,0.4);
#15273 = AXIS2_PLACEMENT_3D('',#15274,#15275,#15276);
#15274 = CARTESIAN_POINT('',(152.78,-111.74,-4.6E-02));
#15275 = DIRECTION('',(-0.,-0.,-1.));
#15276 = DIRECTION('',(-0.,-1.,0.));
#15277 = ADVANCED_FACE('',(#15278),#15289,.F.);
#15278 = FACE_BOUND('',#15279,.T.);
#15279 = EDGE_LOOP('',(#15280,#15281,#15287,#15288));
#15280 = ORIENTED_EDGE('',*,*,#12798,.T.);
#15281 = ORIENTED_EDGE('',*,*,#15282,.T.);
#15282 = EDGE_CURVE('',#12799,#13938,#15283,.T.);
#15283 = LINE('',#15284,#15285);
#15284 = CARTESIAN_POINT('',(162.94,-112.14,-4.6E-02));
#15285 = VECTOR('',#15286,1.);
#15286 = DIRECTION('',(0.,0.,1.));
#15287 = ORIENTED_EDGE('',*,*,#13937,.F.);
#15288 = ORIENTED_EDGE('',*,*,#15282,.F.);
#15289 = CYLINDRICAL_SURFACE('',#15290,0.4);
#15290 = AXIS2_PLACEMENT_3D('',#15291,#15292,#15293);
#15291 = CARTESIAN_POINT('',(162.94,-111.74,-4.6E-02));
#15292 = DIRECTION('',(-0.,-0.,-1.));
#15293 = DIRECTION('',(-0.,-1.,0.));
#15294 = ADVANCED_FACE('',(#15295),#15306,.F.);
#15295 = FACE_BOUND('',#15296,.T.);
#15296 = EDGE_LOOP('',(#15297,#15298,#15304,#15305));
#15297 = ORIENTED_EDGE('',*,*,#12809,.T.);
#15298 = ORIENTED_EDGE('',*,*,#15299,.T.);
#15299 = EDGE_CURVE('',#12810,#13949,#15300,.T.);
#15300 = LINE('',#15301,#15302);
#15301 = CARTESIAN_POINT('',(164.94,-124.64,-4.6E-02));
#15302 = VECTOR('',#15303,1.);
#15303 = DIRECTION('',(0.,0.,1.));
#15304 = ORIENTED_EDGE('',*,*,#13948,.F.);
#15305 = ORIENTED_EDGE('',*,*,#15299,.F.);
#15306 = CYLINDRICAL_SURFACE('',#15307,0.4);
#15307 = AXIS2_PLACEMENT_3D('',#15308,#15309,#15310);
#15308 = CARTESIAN_POINT('',(164.94,-124.24,-4.6E-02));
#15309 = DIRECTION('',(-0.,-0.,-1.));
#15310 = DIRECTION('',(-0.,-1.,0.));
#15311 = ADVANCED_FACE('',(#15312),#15323,.F.);
#15312 = FACE_BOUND('',#15313,.T.);
#15313 = EDGE_LOOP('',(#15314,#15315,#15321,#15322));
#15314 = ORIENTED_EDGE('',*,*,#12820,.T.);
#15315 = ORIENTED_EDGE('',*,*,#15316,.T.);
#15316 = EDGE_CURVE('',#12821,#13960,#15317,.T.);
#15317 = LINE('',#15318,#15319);
#15318 = CARTESIAN_POINT('',(165.67,-117.845,-4.6E-02));
#15319 = VECTOR('',#15320,1.);
#15320 = DIRECTION('',(0.,0.,1.));
#15321 = ORIENTED_EDGE('',*,*,#13959,.F.);
#15322 = ORIENTED_EDGE('',*,*,#15316,.F.);
#15323 = CYLINDRICAL_SURFACE('',#15324,0.375);
#15324 = AXIS2_PLACEMENT_3D('',#15325,#15326,#15327);
#15325 = CARTESIAN_POINT('',(165.67,-117.47,-4.6E-02));
#15326 = DIRECTION('',(-0.,-0.,-1.));
#15327 = DIRECTION('',(-0.,-1.,0.));
#15328 = ADVANCED_FACE('',(#15329),#15340,.F.);
#15329 = FACE_BOUND('',#15330,.T.);
#15330 = EDGE_LOOP('',(#15331,#15332,#15338,#15339));
#15331 = ORIENTED_EDGE('',*,*,#12831,.T.);
#15332 = ORIENTED_EDGE('',*,*,#15333,.T.);
#15333 = EDGE_CURVE('',#12832,#13971,#15334,.T.);
#15334 = LINE('',#15335,#15336);
#15335 = CARTESIAN_POINT('',(166.94,-119.115,-4.6E-02));
#15336 = VECTOR('',#15337,1.);
#15337 = DIRECTION('',(0.,0.,1.));
#15338 = ORIENTED_EDGE('',*,*,#13970,.F.);
#15339 = ORIENTED_EDGE('',*,*,#15333,.F.);
#15340 = CYLINDRICAL_SURFACE('',#15341,0.375);
#15341 = AXIS2_PLACEMENT_3D('',#15342,#15343,#15344);
#15342 = CARTESIAN_POINT('',(166.94,-118.74,-4.6E-02));
#15343 = DIRECTION('',(-0.,-0.,-1.));
#15344 = DIRECTION('',(-0.,-1.,0.));
#15345 = ADVANCED_FACE('',(#15346),#15357,.F.);
#15346 = FACE_BOUND('',#15347,.T.);
#15347 = EDGE_LOOP('',(#15348,#15349,#15355,#15356));
#15348 = ORIENTED_EDGE('',*,*,#12842,.T.);
#15349 = ORIENTED_EDGE('',*,*,#15350,.T.);
#15350 = EDGE_CURVE('',#12843,#13982,#15351,.T.);
#15351 = LINE('',#15352,#15353);
#15352 = CARTESIAN_POINT('',(166.94,-116.575,-4.6E-02));
#15353 = VECTOR('',#15354,1.);
#15354 = DIRECTION('',(0.,0.,1.));
#15355 = ORIENTED_EDGE('',*,*,#13981,.F.);
#15356 = ORIENTED_EDGE('',*,*,#15350,.F.);
#15357 = CYLINDRICAL_SURFACE('',#15358,0.375);
#15358 = AXIS2_PLACEMENT_3D('',#15359,#15360,#15361);
#15359 = CARTESIAN_POINT('',(166.94,-116.2,-4.6E-02));
#15360 = DIRECTION('',(-0.,-0.,-1.));
#15361 = DIRECTION('',(-0.,-1.,0.));
#15362 = ADVANCED_FACE('',(#15363),#15374,.F.);
#15363 = FACE_BOUND('',#15364,.T.);
#15364 = EDGE_LOOP('',(#15365,#15366,#15372,#15373));
#15365 = ORIENTED_EDGE('',*,*,#12853,.T.);
#15366 = ORIENTED_EDGE('',*,*,#15367,.T.);
#15367 = EDGE_CURVE('',#12854,#13993,#15368,.T.);
#15368 = LINE('',#15369,#15370);
#15369 = CARTESIAN_POINT('',(174.94,-125.28,-4.6E-02));
#15370 = VECTOR('',#15371,1.);
#15371 = DIRECTION('',(0.,0.,1.));
#15372 = ORIENTED_EDGE('',*,*,#13992,.F.);
#15373 = ORIENTED_EDGE('',*,*,#15367,.F.);
#15374 = CYLINDRICAL_SURFACE('',#15375,0.5);
#15375 = AXIS2_PLACEMENT_3D('',#15376,#15377,#15378);
#15376 = CARTESIAN_POINT('',(174.94,-124.78,-4.6E-02));
#15377 = DIRECTION('',(-0.,-0.,-1.));
#15378 = DIRECTION('',(-0.,-1.,0.));
#15379 = ADVANCED_FACE('',(#15380),#15391,.F.);
#15380 = FACE_BOUND('',#15381,.T.);
#15381 = EDGE_LOOP('',(#15382,#15383,#15389,#15390));
#15382 = ORIENTED_EDGE('',*,*,#12864,.T.);
#15383 = ORIENTED_EDGE('',*,*,#15384,.T.);
#15384 = EDGE_CURVE('',#12865,#14004,#15385,.T.);
#15385 = LINE('',#15386,#15387);
#15386 = CARTESIAN_POINT('',(174.94,-122.74,-4.6E-02));
#15387 = VECTOR('',#15388,1.);
#15388 = DIRECTION('',(0.,0.,1.));
#15389 = ORIENTED_EDGE('',*,*,#14003,.F.);
#15390 = ORIENTED_EDGE('',*,*,#15384,.F.);
#15391 = CYLINDRICAL_SURFACE('',#15392,0.5);
#15392 = AXIS2_PLACEMENT_3D('',#15393,#15394,#15395);
#15393 = CARTESIAN_POINT('',(174.94,-122.24,-4.6E-02));
#15394 = DIRECTION('',(-0.,-0.,-1.));
#15395 = DIRECTION('',(-0.,-1.,0.));
#15396 = ADVANCED_FACE('',(#15397),#15408,.F.);
#15397 = FACE_BOUND('',#15398,.T.);
#15398 = EDGE_LOOP('',(#15399,#15400,#15406,#15407));
#15399 = ORIENTED_EDGE('',*,*,#12875,.T.);
#15400 = ORIENTED_EDGE('',*,*,#15401,.T.);
#15401 = EDGE_CURVE('',#12876,#14015,#15402,.T.);
#15402 = LINE('',#15403,#15404);
#15403 = CARTESIAN_POINT('',(174.94,-120.2,-4.6E-02));
#15404 = VECTOR('',#15405,1.);
#15405 = DIRECTION('',(0.,0.,1.));
#15406 = ORIENTED_EDGE('',*,*,#14014,.F.);
#15407 = ORIENTED_EDGE('',*,*,#15401,.F.);
#15408 = CYLINDRICAL_SURFACE('',#15409,0.5);
#15409 = AXIS2_PLACEMENT_3D('',#15410,#15411,#15412);
#15410 = CARTESIAN_POINT('',(174.94,-119.7,-4.6E-02));
#15411 = DIRECTION('',(-0.,-0.,-1.));
#15412 = DIRECTION('',(-0.,-1.,0.));
#15413 = ADVANCED_FACE('',(#15414),#15425,.F.);
#15414 = FACE_BOUND('',#15415,.T.);
#15415 = EDGE_LOOP('',(#15416,#15417,#15423,#15424));
#15416 = ORIENTED_EDGE('',*,*,#12886,.T.);
#15417 = ORIENTED_EDGE('',*,*,#15418,.T.);
#15418 = EDGE_CURVE('',#12887,#14026,#15419,.T.);
#15419 = LINE('',#15420,#15421);
#15420 = CARTESIAN_POINT('',(158.59,-91.14,-4.6E-02));
#15421 = VECTOR('',#15422,1.);
#15422 = DIRECTION('',(0.,0.,1.));
#15423 = ORIENTED_EDGE('',*,*,#14025,.F.);
#15424 = ORIENTED_EDGE('',*,*,#15418,.F.);
#15425 = CYLINDRICAL_SURFACE('',#15426,0.4);
#15426 = AXIS2_PLACEMENT_3D('',#15427,#15428,#15429);
#15427 = CARTESIAN_POINT('',(158.59,-90.74,-4.6E-02));
#15428 = DIRECTION('',(-0.,-0.,-1.));
#15429 = DIRECTION('',(-0.,-1.,0.));
#15430 = ADVANCED_FACE('',(#15431),#15442,.F.);
#15431 = FACE_BOUND('',#15432,.T.);
#15432 = EDGE_LOOP('',(#15433,#15434,#15440,#15441));
#15433 = ORIENTED_EDGE('',*,*,#12897,.T.);
#15434 = ORIENTED_EDGE('',*,*,#15435,.T.);
#15435 = EDGE_CURVE('',#12898,#14037,#15436,.T.);
#15436 = LINE('',#15437,#15438);
#15437 = CARTESIAN_POINT('',(158.24,-85.64,-4.6E-02));
#15438 = VECTOR('',#15439,1.);
#15439 = DIRECTION('',(0.,0.,1.));
#15440 = ORIENTED_EDGE('',*,*,#14036,.F.);
#15441 = ORIENTED_EDGE('',*,*,#15435,.F.);
#15442 = CYLINDRICAL_SURFACE('',#15443,0.4);
#15443 = AXIS2_PLACEMENT_3D('',#15444,#15445,#15446);
#15444 = CARTESIAN_POINT('',(158.24,-85.24,-4.6E-02));
#15445 = DIRECTION('',(-0.,-0.,-1.));
#15446 = DIRECTION('',(-0.,-1.,0.));
#15447 = ADVANCED_FACE('',(#15448),#15459,.F.);
#15448 = FACE_BOUND('',#15449,.T.);
#15449 = EDGE_LOOP('',(#15450,#15451,#15457,#15458));
#15450 = ORIENTED_EDGE('',*,*,#12908,.T.);
#15451 = ORIENTED_EDGE('',*,*,#15452,.T.);
#15452 = EDGE_CURVE('',#12909,#14048,#15453,.T.);
#15453 = LINE('',#15454,#15455);
#15454 = CARTESIAN_POINT('',(159.78,-80.64,-4.6E-02));
#15455 = VECTOR('',#15456,1.);
#15456 = DIRECTION('',(0.,0.,1.));
#15457 = ORIENTED_EDGE('',*,*,#14047,.F.);
#15458 = ORIENTED_EDGE('',*,*,#15452,.F.);
#15459 = CYLINDRICAL_SURFACE('',#15460,0.4);
#15460 = AXIS2_PLACEMENT_3D('',#15461,#15462,#15463);
#15461 = CARTESIAN_POINT('',(159.78,-80.24,-4.6E-02));
#15462 = DIRECTION('',(-0.,-0.,-1.));
#15463 = DIRECTION('',(-0.,-1.,0.));
#15464 = ADVANCED_FACE('',(#15465),#15476,.F.);
#15465 = FACE_BOUND('',#15466,.T.);
#15466 = EDGE_LOOP('',(#15467,#15468,#15474,#15475));
#15467 = ORIENTED_EDGE('',*,*,#12919,.T.);
#15468 = ORIENTED_EDGE('',*,*,#15469,.T.);
#15469 = EDGE_CURVE('',#12920,#14059,#15470,.T.);
#15470 = LINE('',#15471,#15472);
#15471 = CARTESIAN_POINT('',(171.29,-91.14,-4.6E-02));
#15472 = VECTOR('',#15473,1.);
#15473 = DIRECTION('',(0.,0.,1.));
#15474 = ORIENTED_EDGE('',*,*,#14058,.F.);
#15475 = ORIENTED_EDGE('',*,*,#15469,.F.);
#15476 = CYLINDRICAL_SURFACE('',#15477,0.4);
#15477 = AXIS2_PLACEMENT_3D('',#15478,#15479,#15480);
#15478 = CARTESIAN_POINT('',(171.29,-90.74,-4.6E-02));
#15479 = DIRECTION('',(-0.,-0.,-1.));
#15480 = DIRECTION('',(-0.,-1.,0.));
#15481 = ADVANCED_FACE('',(#15482),#15493,.F.);
#15482 = FACE_BOUND('',#15483,.T.);
#15483 = EDGE_LOOP('',(#15484,#15485,#15491,#15492));
#15484 = ORIENTED_EDGE('',*,*,#12930,.T.);
#15485 = ORIENTED_EDGE('',*,*,#15486,.T.);
#15486 = EDGE_CURVE('',#12931,#14070,#15487,.T.);
#15487 = LINE('',#15488,#15489);
#15488 = CARTESIAN_POINT('',(170.94,-85.64,-4.6E-02));
#15489 = VECTOR('',#15490,1.);
#15490 = DIRECTION('',(0.,0.,1.));
#15491 = ORIENTED_EDGE('',*,*,#14069,.F.);
#15492 = ORIENTED_EDGE('',*,*,#15486,.F.);
#15493 = CYLINDRICAL_SURFACE('',#15494,0.4);
#15494 = AXIS2_PLACEMENT_3D('',#15495,#15496,#15497);
#15495 = CARTESIAN_POINT('',(170.94,-85.24,-4.6E-02));
#15496 = DIRECTION('',(-0.,-0.,-1.));
#15497 = DIRECTION('',(-0.,-1.,0.));
#15498 = ADVANCED_FACE('',(#15499),#15510,.F.);
#15499 = FACE_BOUND('',#15500,.T.);
#15500 = EDGE_LOOP('',(#15501,#15502,#15508,#15509));
#15501 = ORIENTED_EDGE('',*,*,#12941,.T.);
#15502 = ORIENTED_EDGE('',*,*,#15503,.T.);
#15503 = EDGE_CURVE('',#12942,#14081,#15504,.T.);
#15504 = LINE('',#15505,#15506);
#15505 = CARTESIAN_POINT('',(169.94,-80.64,-4.6E-02));
#15506 = VECTOR('',#15507,1.);
#15507 = DIRECTION('',(0.,0.,1.));
#15508 = ORIENTED_EDGE('',*,*,#14080,.F.);
#15509 = ORIENTED_EDGE('',*,*,#15503,.F.);
#15510 = CYLINDRICAL_SURFACE('',#15511,0.4);
#15511 = AXIS2_PLACEMENT_3D('',#15512,#15513,#15514);
#15512 = CARTESIAN_POINT('',(169.94,-80.24,-4.6E-02));
#15513 = DIRECTION('',(-0.,-0.,-1.));
#15514 = DIRECTION('',(-0.,-1.,0.));
#15515 = ADVANCED_FACE('',(#15516),#15527,.F.);
#15516 = FACE_BOUND('',#15517,.T.);
#15517 = EDGE_LOOP('',(#15518,#15519,#15525,#15526));
#15518 = ORIENTED_EDGE('',*,*,#12952,.T.);
#15519 = ORIENTED_EDGE('',*,*,#15520,.T.);
#15520 = EDGE_CURVE('',#12953,#14092,#15521,.T.);
#15521 = LINE('',#15522,#15523);
#15522 = CARTESIAN_POINT('',(175.9,-83.615,-4.6E-02));
#15523 = VECTOR('',#15524,1.);
#15524 = DIRECTION('',(0.,0.,1.));
#15525 = ORIENTED_EDGE('',*,*,#14091,.F.);
#15526 = ORIENTED_EDGE('',*,*,#15520,.F.);
#15527 = CYLINDRICAL_SURFACE('',#15528,0.375);
#15528 = AXIS2_PLACEMENT_3D('',#15529,#15530,#15531);
#15529 = CARTESIAN_POINT('',(175.9,-83.24,-4.6E-02));
#15530 = DIRECTION('',(-0.,-0.,-1.));
#15531 = DIRECTION('',(-0.,-1.,0.));
#15532 = ADVANCED_FACE('',(#15533),#15544,.F.);
#15533 = FACE_BOUND('',#15534,.T.);
#15534 = EDGE_LOOP('',(#15535,#15536,#15542,#15543));
#15535 = ORIENTED_EDGE('',*,*,#12963,.T.);
#15536 = ORIENTED_EDGE('',*,*,#15537,.T.);
#15537 = EDGE_CURVE('',#12964,#14103,#15538,.T.);
#15538 = LINE('',#15539,#15540);
#15539 = CARTESIAN_POINT('',(177.17,-82.345,-4.6E-02));
#15540 = VECTOR('',#15541,1.);
#15541 = DIRECTION('',(0.,0.,1.));
#15542 = ORIENTED_EDGE('',*,*,#14102,.F.);
#15543 = ORIENTED_EDGE('',*,*,#15537,.F.);
#15544 = CYLINDRICAL_SURFACE('',#15545,0.375);
#15545 = AXIS2_PLACEMENT_3D('',#15546,#15547,#15548);
#15546 = CARTESIAN_POINT('',(177.17,-81.97,-4.6E-02));
#15547 = DIRECTION('',(-0.,-0.,-1.));
#15548 = DIRECTION('',(-0.,-1.,0.));
#15549 = ADVANCED_FACE('',(#15550),#15561,.F.);
#15550 = FACE_BOUND('',#15551,.T.);
#15551 = EDGE_LOOP('',(#15552,#15553,#15559,#15560));
#15552 = ORIENTED_EDGE('',*,*,#12974,.T.);
#15553 = ORIENTED_EDGE('',*,*,#15554,.T.);
#15554 = EDGE_CURVE('',#12975,#14114,#15555,.T.);
#15555 = LINE('',#15556,#15557);
#15556 = CARTESIAN_POINT('',(178.44,-83.615,-4.6E-02));
#15557 = VECTOR('',#15558,1.);
#15558 = DIRECTION('',(0.,0.,1.));
#15559 = ORIENTED_EDGE('',*,*,#14113,.F.);
#15560 = ORIENTED_EDGE('',*,*,#15554,.F.);
#15561 = CYLINDRICAL_SURFACE('',#15562,0.375);
#15562 = AXIS2_PLACEMENT_3D('',#15563,#15564,#15565);
#15563 = CARTESIAN_POINT('',(178.44,-83.24,-4.6E-02));
#15564 = DIRECTION('',(-0.,-0.,-1.));
#15565 = DIRECTION('',(-0.,-1.,0.));
#15566 = ADVANCED_FACE('',(#15567),#15578,.F.);
#15567 = FACE_BOUND('',#15568,.T.);
#15568 = EDGE_LOOP('',(#15569,#15570,#15576,#15577));
#15569 = ORIENTED_EDGE('',*,*,#12985,.T.);
#15570 = ORIENTED_EDGE('',*,*,#15571,.T.);
#15571 = EDGE_CURVE('',#12986,#14125,#15572,.T.);
#15572 = LINE('',#15573,#15574);
#15573 = CARTESIAN_POINT('',(126.44,-77.02,-4.6E-02));
#15574 = VECTOR('',#15575,1.);
#15575 = DIRECTION('',(0.,0.,1.));
#15576 = ORIENTED_EDGE('',*,*,#14124,.F.);
#15577 = ORIENTED_EDGE('',*,*,#15571,.F.);
#15578 = CYLINDRICAL_SURFACE('',#15579,0.4);
#15579 = AXIS2_PLACEMENT_3D('',#15580,#15581,#15582);
#15580 = CARTESIAN_POINT('',(126.44,-76.62,-4.6E-02));
#15581 = DIRECTION('',(-0.,-0.,-1.));
#15582 = DIRECTION('',(-0.,-1.,0.));
#15583 = ADVANCED_FACE('',(#15584),#15595,.F.);
#15584 = FACE_BOUND('',#15585,.T.);
#15585 = EDGE_LOOP('',(#15586,#15587,#15593,#15594));
#15586 = ORIENTED_EDGE('',*,*,#12996,.T.);
#15587 = ORIENTED_EDGE('',*,*,#15588,.T.);
#15588 = EDGE_CURVE('',#12997,#14136,#15589,.T.);
#15589 = LINE('',#15590,#15591);
#15590 = CARTESIAN_POINT('',(126.44,-72.14,-4.6E-02));
#15591 = VECTOR('',#15592,1.);
#15592 = DIRECTION('',(0.,0.,1.));
#15593 = ORIENTED_EDGE('',*,*,#14135,.F.);
#15594 = ORIENTED_EDGE('',*,*,#15588,.F.);
#15595 = CYLINDRICAL_SURFACE('',#15596,0.4);
#15596 = AXIS2_PLACEMENT_3D('',#15597,#15598,#15599);
#15597 = CARTESIAN_POINT('',(126.44,-71.74,-4.6E-02));
#15598 = DIRECTION('',(-0.,-0.,-1.));
#15599 = DIRECTION('',(-0.,-1.,0.));
#15600 = ADVANCED_FACE('',(#15601),#15612,.F.);
#15601 = FACE_BOUND('',#15602,.T.);
#15602 = EDGE_LOOP('',(#15603,#15604,#15610,#15611));
#15603 = ORIENTED_EDGE('',*,*,#13007,.T.);
#15604 = ORIENTED_EDGE('',*,*,#15605,.T.);
#15605 = EDGE_CURVE('',#13008,#14147,#15606,.T.);
#15606 = LINE('',#15607,#15608);
#15607 = CARTESIAN_POINT('',(134.44,-76.14,-4.6E-02));
#15608 = VECTOR('',#15609,1.);
#15609 = DIRECTION('',(0.,0.,1.));
#15610 = ORIENTED_EDGE('',*,*,#14146,.F.);
#15611 = ORIENTED_EDGE('',*,*,#15605,.F.);
#15612 = CYLINDRICAL_SURFACE('',#15613,0.4);
#15613 = AXIS2_PLACEMENT_3D('',#15614,#15615,#15616);
#15614 = CARTESIAN_POINT('',(134.44,-75.74,-4.6E-02));
#15615 = DIRECTION('',(-0.,-0.,-1.));
#15616 = DIRECTION('',(-0.,-1.,0.));
#15617 = ADVANCED_FACE('',(#15618),#15629,.F.);
#15618 = FACE_BOUND('',#15619,.T.);
#15619 = EDGE_LOOP('',(#15620,#15621,#15627,#15628));
#15620 = ORIENTED_EDGE('',*,*,#13018,.T.);
#15621 = ORIENTED_EDGE('',*,*,#15622,.T.);
#15622 = EDGE_CURVE('',#13019,#14158,#15623,.T.);
#15623 = LINE('',#15624,#15625);
#15624 = CARTESIAN_POINT('',(134.44,-71.64,-4.6E-02));
#15625 = VECTOR('',#15626,1.);
#15626 = DIRECTION('',(0.,0.,1.));
#15627 = ORIENTED_EDGE('',*,*,#14157,.F.);
#15628 = ORIENTED_EDGE('',*,*,#15622,.F.);
#15629 = CYLINDRICAL_SURFACE('',#15630,0.4);
#15630 = AXIS2_PLACEMENT_3D('',#15631,#15632,#15633);
#15631 = CARTESIAN_POINT('',(134.44,-71.24,-4.6E-02));
#15632 = DIRECTION('',(-0.,-0.,-1.));
#15633 = DIRECTION('',(-0.,-1.,0.));
#15634 = ADVANCED_FACE('',(#15635),#15646,.F.);
#15635 = FACE_BOUND('',#15636,.T.);
#15636 = EDGE_LOOP('',(#15637,#15638,#15644,#15645));
#15637 = ORIENTED_EDGE('',*,*,#13029,.T.);
#15638 = ORIENTED_EDGE('',*,*,#15639,.T.);
#15639 = EDGE_CURVE('',#13030,#14169,#15640,.T.);
#15640 = LINE('',#15641,#15642);
#15641 = CARTESIAN_POINT('',(134.44,-66.64,-4.6E-02));
#15642 = VECTOR('',#15643,1.);
#15643 = DIRECTION('',(0.,0.,1.));
#15644 = ORIENTED_EDGE('',*,*,#14168,.F.);
#15645 = ORIENTED_EDGE('',*,*,#15639,.F.);
#15646 = CYLINDRICAL_SURFACE('',#15647,0.4);
#15647 = AXIS2_PLACEMENT_3D('',#15648,#15649,#15650);
#15648 = CARTESIAN_POINT('',(134.44,-66.24,-4.6E-02));
#15649 = DIRECTION('',(-0.,-0.,-1.));
#15650 = DIRECTION('',(-0.,-1.,0.));
#15651 = ADVANCED_FACE('',(#15652),#15663,.F.);
#15652 = FACE_BOUND('',#15653,.T.);
#15653 = EDGE_LOOP('',(#15654,#15655,#15661,#15662));
#15654 = ORIENTED_EDGE('',*,*,#13040,.T.);
#15655 = ORIENTED_EDGE('',*,*,#15656,.T.);
#15656 = EDGE_CURVE('',#13041,#14180,#15657,.T.);
#15657 = LINE('',#15658,#15659);
#15658 = CARTESIAN_POINT('',(140.82,-77.2264,-4.6E-02));
#15659 = VECTOR('',#15660,1.);
#15660 = DIRECTION('',(0.,0.,1.));
#15661 = ORIENTED_EDGE('',*,*,#14179,.F.);
#15662 = ORIENTED_EDGE('',*,*,#15656,.F.);
#15663 = CYLINDRICAL_SURFACE('',#15664,0.4064);
#15664 = AXIS2_PLACEMENT_3D('',#15665,#15666,#15667);
#15665 = CARTESIAN_POINT('',(140.82,-76.82,-4.6E-02));
#15666 = DIRECTION('',(-0.,-0.,-1.));
#15667 = DIRECTION('',(-0.,-1.,0.));
#15668 = ADVANCED_FACE('',(#15669),#15680,.F.);
#15669 = FACE_BOUND('',#15670,.T.);
#15670 = EDGE_LOOP('',(#15671,#15672,#15678,#15679));
#15671 = ORIENTED_EDGE('',*,*,#13051,.T.);
#15672 = ORIENTED_EDGE('',*,*,#15673,.T.);
#15673 = EDGE_CURVE('',#13052,#14191,#15674,.T.);
#15674 = LINE('',#15675,#15676);
#15675 = CARTESIAN_POINT('',(140.82,-74.6864,-4.6E-02));
#15676 = VECTOR('',#15677,1.);
#15677 = DIRECTION('',(0.,0.,1.));
#15678 = ORIENTED_EDGE('',*,*,#14190,.F.);
#15679 = ORIENTED_EDGE('',*,*,#15673,.F.);
#15680 = CYLINDRICAL_SURFACE('',#15681,0.4064);
#15681 = AXIS2_PLACEMENT_3D('',#15682,#15683,#15684);
#15682 = CARTESIAN_POINT('',(140.82,-74.28,-4.6E-02));
#15683 = DIRECTION('',(-0.,-0.,-1.));
#15684 = DIRECTION('',(-0.,-1.,0.));
#15685 = ADVANCED_FACE('',(#15686),#15697,.F.);
#15686 = FACE_BOUND('',#15687,.T.);
#15687 = EDGE_LOOP('',(#15688,#15689,#15695,#15696));
#15688 = ORIENTED_EDGE('',*,*,#13062,.T.);
#15689 = ORIENTED_EDGE('',*,*,#15690,.T.);
#15690 = EDGE_CURVE('',#13063,#14202,#15691,.T.);
#15691 = LINE('',#15692,#15693);
#15692 = CARTESIAN_POINT('',(140.82,-72.1464,-4.6E-02));
#15693 = VECTOR('',#15694,1.);
#15694 = DIRECTION('',(0.,0.,1.));
#15695 = ORIENTED_EDGE('',*,*,#14201,.F.);
#15696 = ORIENTED_EDGE('',*,*,#15690,.F.);
#15697 = CYLINDRICAL_SURFACE('',#15698,0.4064);
#15698 = AXIS2_PLACEMENT_3D('',#15699,#15700,#15701);
#15699 = CARTESIAN_POINT('',(140.82,-71.74,-4.6E-02));
#15700 = DIRECTION('',(-0.,-0.,-1.));
#15701 = DIRECTION('',(-0.,-1.,0.));
#15702 = ADVANCED_FACE('',(#15703),#15714,.F.);
#15703 = FACE_BOUND('',#15704,.T.);
#15704 = EDGE_LOOP('',(#15705,#15706,#15712,#15713));
#15705 = ORIENTED_EDGE('',*,*,#13073,.T.);
#15706 = ORIENTED_EDGE('',*,*,#15707,.T.);
#15707 = EDGE_CURVE('',#13074,#14213,#15708,.T.);
#15708 = LINE('',#15709,#15710);
#15709 = CARTESIAN_POINT('',(140.82,-69.6064,-4.6E-02));
#15710 = VECTOR('',#15711,1.);
#15711 = DIRECTION('',(0.,0.,1.));
#15712 = ORIENTED_EDGE('',*,*,#14212,.F.);
#15713 = ORIENTED_EDGE('',*,*,#15707,.F.);
#15714 = CYLINDRICAL_SURFACE('',#15715,0.4064);
#15715 = AXIS2_PLACEMENT_3D('',#15716,#15717,#15718);
#15716 = CARTESIAN_POINT('',(140.82,-69.2,-4.6E-02));
#15717 = DIRECTION('',(-0.,-0.,-1.));
#15718 = DIRECTION('',(-0.,-1.,0.));
#15719 = ADVANCED_FACE('',(#15720),#15731,.F.);
#15720 = FACE_BOUND('',#15721,.T.);
#15721 = EDGE_LOOP('',(#15722,#15723,#15729,#15730));
#15722 = ORIENTED_EDGE('',*,*,#13084,.T.);
#15723 = ORIENTED_EDGE('',*,*,#15724,.T.);
#15724 = EDGE_CURVE('',#13085,#14224,#15725,.T.);
#15725 = LINE('',#15726,#15727);
#15726 = CARTESIAN_POINT('',(148.44,-77.2264,-4.6E-02));
#15727 = VECTOR('',#15728,1.);
#15728 = DIRECTION('',(0.,0.,1.));
#15729 = ORIENTED_EDGE('',*,*,#14223,.F.);
#15730 = ORIENTED_EDGE('',*,*,#15724,.F.);
#15731 = CYLINDRICAL_SURFACE('',#15732,0.4064);
#15732 = AXIS2_PLACEMENT_3D('',#15733,#15734,#15735);
#15733 = CARTESIAN_POINT('',(148.44,-76.82,-4.6E-02));
#15734 = DIRECTION('',(-0.,-0.,-1.));
#15735 = DIRECTION('',(-0.,-1.,0.));
#15736 = ADVANCED_FACE('',(#15737),#15748,.F.);
#15737 = FACE_BOUND('',#15738,.T.);
#15738 = EDGE_LOOP('',(#15739,#15740,#15746,#15747));
#15739 = ORIENTED_EDGE('',*,*,#13095,.T.);
#15740 = ORIENTED_EDGE('',*,*,#15741,.T.);
#15741 = EDGE_CURVE('',#13096,#14235,#15742,.T.);
#15742 = LINE('',#15743,#15744);
#15743 = CARTESIAN_POINT('',(148.44,-74.6864,-4.6E-02));
#15744 = VECTOR('',#15745,1.);
#15745 = DIRECTION('',(0.,0.,1.));
#15746 = ORIENTED_EDGE('',*,*,#14234,.F.);
#15747 = ORIENTED_EDGE('',*,*,#15741,.F.);
#15748 = CYLINDRICAL_SURFACE('',#15749,0.4064);
#15749 = AXIS2_PLACEMENT_3D('',#15750,#15751,#15752);
#15750 = CARTESIAN_POINT('',(148.44,-74.28,-4.6E-02));
#15751 = DIRECTION('',(-0.,-0.,-1.));
#15752 = DIRECTION('',(-0.,-1.,0.));
#15753 = ADVANCED_FACE('',(#15754),#15765,.F.);
#15754 = FACE_BOUND('',#15755,.T.);
#15755 = EDGE_LOOP('',(#15756,#15757,#15763,#15764));
#15756 = ORIENTED_EDGE('',*,*,#13106,.T.);
#15757 = ORIENTED_EDGE('',*,*,#15758,.T.);
#15758 = EDGE_CURVE('',#13107,#14246,#15759,.T.);
#15759 = LINE('',#15760,#15761);
#15760 = CARTESIAN_POINT('',(148.44,-72.1464,-4.6E-02));
#15761 = VECTOR('',#15762,1.);
#15762 = DIRECTION('',(0.,0.,1.));
#15763 = ORIENTED_EDGE('',*,*,#14245,.F.);
#15764 = ORIENTED_EDGE('',*,*,#15758,.F.);
#15765 = CYLINDRICAL_SURFACE('',#15766,0.4064);
#15766 = AXIS2_PLACEMENT_3D('',#15767,#15768,#15769);
#15767 = CARTESIAN_POINT('',(148.44,-71.74,-4.6E-02));
#15768 = DIRECTION('',(-0.,-0.,-1.));
#15769 = DIRECTION('',(-0.,-1.,0.));
#15770 = ADVANCED_FACE('',(#15771),#15782,.F.);
#15771 = FACE_BOUND('',#15772,.T.);
#15772 = EDGE_LOOP('',(#15773,#15774,#15780,#15781));
#15773 = ORIENTED_EDGE('',*,*,#13117,.T.);
#15774 = ORIENTED_EDGE('',*,*,#15775,.T.);
#15775 = EDGE_CURVE('',#13118,#14257,#15776,.T.);
#15776 = LINE('',#15777,#15778);
#15777 = CARTESIAN_POINT('',(148.44,-69.6064,-4.6E-02));
#15778 = VECTOR('',#15779,1.);
#15779 = DIRECTION('',(0.,0.,1.));
#15780 = ORIENTED_EDGE('',*,*,#14256,.F.);
#15781 = ORIENTED_EDGE('',*,*,#15775,.F.);
#15782 = CYLINDRICAL_SURFACE('',#15783,0.4064);
#15783 = AXIS2_PLACEMENT_3D('',#15784,#15785,#15786);
#15784 = CARTESIAN_POINT('',(148.44,-69.2,-4.6E-02));
#15785 = DIRECTION('',(-0.,-0.,-1.));
#15786 = DIRECTION('',(-0.,-1.,0.));
#15787 = ADVANCED_FACE('',(#15788),#15799,.F.);
#15788 = FACE_BOUND('',#15789,.T.);
#15789 = EDGE_LOOP('',(#15790,#15791,#15797,#15798));
#15790 = ORIENTED_EDGE('',*,*,#13128,.T.);
#15791 = ORIENTED_EDGE('',*,*,#15792,.T.);
#15792 = EDGE_CURVE('',#13129,#14268,#15793,.T.);
#15793 = LINE('',#15794,#15795);
#15794 = CARTESIAN_POINT('',(140.82,-67.0664,-4.6E-02));
#15795 = VECTOR('',#15796,1.);
#15796 = DIRECTION('',(0.,0.,1.));
#15797 = ORIENTED_EDGE('',*,*,#14267,.F.);
#15798 = ORIENTED_EDGE('',*,*,#15792,.F.);
#15799 = CYLINDRICAL_SURFACE('',#15800,0.4064);
#15800 = AXIS2_PLACEMENT_3D('',#15801,#15802,#15803);
#15801 = CARTESIAN_POINT('',(140.82,-66.66,-4.6E-02));
#15802 = DIRECTION('',(-0.,-0.,-1.));
#15803 = DIRECTION('',(-0.,-1.,0.));
#15804 = ADVANCED_FACE('',(#15805),#15816,.F.);
#15805 = FACE_BOUND('',#15806,.T.);
#15806 = EDGE_LOOP('',(#15807,#15808,#15814,#15815));
#15807 = ORIENTED_EDGE('',*,*,#13139,.T.);
#15808 = ORIENTED_EDGE('',*,*,#15809,.T.);
#15809 = EDGE_CURVE('',#13140,#14279,#15810,.T.);
#15810 = LINE('',#15811,#15812);
#15811 = CARTESIAN_POINT('',(140.82,-64.5264,-4.6E-02));
#15812 = VECTOR('',#15813,1.);
#15813 = DIRECTION('',(0.,0.,1.));
#15814 = ORIENTED_EDGE('',*,*,#14278,.F.);
#15815 = ORIENTED_EDGE('',*,*,#15809,.F.);
#15816 = CYLINDRICAL_SURFACE('',#15817,0.4064);
#15817 = AXIS2_PLACEMENT_3D('',#15818,#15819,#15820);
#15818 = CARTESIAN_POINT('',(140.82,-64.12,-4.6E-02));
#15819 = DIRECTION('',(-0.,-0.,-1.));
#15820 = DIRECTION('',(-0.,-1.,0.));
#15821 = ADVANCED_FACE('',(#15822),#15833,.F.);
#15822 = FACE_BOUND('',#15823,.T.);
#15823 = EDGE_LOOP('',(#15824,#15825,#15831,#15832));
#15824 = ORIENTED_EDGE('',*,*,#13150,.T.);
#15825 = ORIENTED_EDGE('',*,*,#15826,.T.);
#15826 = EDGE_CURVE('',#13151,#14290,#15827,.T.);
#15827 = LINE('',#15828,#15829);
#15828 = CARTESIAN_POINT('',(140.82,-61.9864,-4.6E-02));
#15829 = VECTOR('',#15830,1.);
#15830 = DIRECTION('',(0.,0.,1.));
#15831 = ORIENTED_EDGE('',*,*,#14289,.F.);
#15832 = ORIENTED_EDGE('',*,*,#15826,.F.);
#15833 = CYLINDRICAL_SURFACE('',#15834,0.4064);
#15834 = AXIS2_PLACEMENT_3D('',#15835,#15836,#15837);
#15835 = CARTESIAN_POINT('',(140.82,-61.58,-4.6E-02));
#15836 = DIRECTION('',(-0.,-0.,-1.));
#15837 = DIRECTION('',(-0.,-1.,0.));
#15838 = ADVANCED_FACE('',(#15839),#15850,.F.);
#15839 = FACE_BOUND('',#15840,.T.);
#15840 = EDGE_LOOP('',(#15841,#15842,#15848,#15849));
#15841 = ORIENTED_EDGE('',*,*,#13161,.T.);
#15842 = ORIENTED_EDGE('',*,*,#15843,.T.);
#15843 = EDGE_CURVE('',#13162,#14301,#15844,.T.);
#15844 = LINE('',#15845,#15846);
#15845 = CARTESIAN_POINT('',(140.82,-59.4464,-4.6E-02));
#15846 = VECTOR('',#15847,1.);
#15847 = DIRECTION('',(0.,0.,1.));
#15848 = ORIENTED_EDGE('',*,*,#14300,.F.);
#15849 = ORIENTED_EDGE('',*,*,#15843,.F.);
#15850 = CYLINDRICAL_SURFACE('',#15851,0.4064);
#15851 = AXIS2_PLACEMENT_3D('',#15852,#15853,#15854);
#15852 = CARTESIAN_POINT('',(140.82,-59.04,-4.6E-02));
#15853 = DIRECTION('',(-0.,-0.,-1.));
#15854 = DIRECTION('',(-0.,-1.,0.));
#15855 = ADVANCED_FACE('',(#15856),#15867,.F.);
#15856 = FACE_BOUND('',#15857,.T.);
#15857 = EDGE_LOOP('',(#15858,#15859,#15865,#15866));
#15858 = ORIENTED_EDGE('',*,*,#13172,.T.);
#15859 = ORIENTED_EDGE('',*,*,#15860,.T.);
#15860 = EDGE_CURVE('',#13173,#14312,#15861,.T.);
#15861 = LINE('',#15862,#15863);
#15862 = CARTESIAN_POINT('',(140.82,-56.9064,-4.6E-02));
#15863 = VECTOR('',#15864,1.);
#15864 = DIRECTION('',(0.,0.,1.));
#15865 = ORIENTED_EDGE('',*,*,#14311,.F.);
#15866 = ORIENTED_EDGE('',*,*,#15860,.F.);
#15867 = CYLINDRICAL_SURFACE('',#15868,0.4064);
#15868 = AXIS2_PLACEMENT_3D('',#15869,#15870,#15871);
#15869 = CARTESIAN_POINT('',(140.82,-56.5,-4.6E-02));
#15870 = DIRECTION('',(-0.,-0.,-1.));
#15871 = DIRECTION('',(-0.,-1.,0.));
#15872 = ADVANCED_FACE('',(#15873),#15884,.F.);
#15873 = FACE_BOUND('',#15874,.T.);
#15874 = EDGE_LOOP('',(#15875,#15876,#15882,#15883));
#15875 = ORIENTED_EDGE('',*,*,#13183,.T.);
#15876 = ORIENTED_EDGE('',*,*,#15877,.T.);
#15877 = EDGE_CURVE('',#13184,#14323,#15878,.T.);
#15878 = LINE('',#15879,#15880);
#15879 = CARTESIAN_POINT('',(148.44,-67.0664,-4.6E-02));
#15880 = VECTOR('',#15881,1.);
#15881 = DIRECTION('',(0.,0.,1.));
#15882 = ORIENTED_EDGE('',*,*,#14322,.F.);
#15883 = ORIENTED_EDGE('',*,*,#15877,.F.);
#15884 = CYLINDRICAL_SURFACE('',#15885,0.4064);
#15885 = AXIS2_PLACEMENT_3D('',#15886,#15887,#15888);
#15886 = CARTESIAN_POINT('',(148.44,-66.66,-4.6E-02));
#15887 = DIRECTION('',(-0.,-0.,-1.));
#15888 = DIRECTION('',(-0.,-1.,0.));
#15889 = ADVANCED_FACE('',(#15890),#15901,.F.);
#15890 = FACE_BOUND('',#15891,.T.);
#15891 = EDGE_LOOP('',(#15892,#15893,#15899,#15900));
#15892 = ORIENTED_EDGE('',*,*,#13194,.T.);
#15893 = ORIENTED_EDGE('',*,*,#15894,.T.);
#15894 = EDGE_CURVE('',#13195,#14334,#15895,.T.);
#15895 = LINE('',#15896,#15897);
#15896 = CARTESIAN_POINT('',(148.44,-64.5264,-4.6E-02));
#15897 = VECTOR('',#15898,1.);
#15898 = DIRECTION('',(0.,0.,1.));
#15899 = ORIENTED_EDGE('',*,*,#14333,.F.);
#15900 = ORIENTED_EDGE('',*,*,#15894,.F.);
#15901 = CYLINDRICAL_SURFACE('',#15902,0.4064);
#15902 = AXIS2_PLACEMENT_3D('',#15903,#15904,#15905);
#15903 = CARTESIAN_POINT('',(148.44,-64.12,-4.6E-02));
#15904 = DIRECTION('',(-0.,-0.,-1.));
#15905 = DIRECTION('',(-0.,-1.,0.));
#15906 = ADVANCED_FACE('',(#15907),#15918,.F.);
#15907 = FACE_BOUND('',#15908,.T.);
#15908 = EDGE_LOOP('',(#15909,#15910,#15916,#15917));
#15909 = ORIENTED_EDGE('',*,*,#13205,.T.);
#15910 = ORIENTED_EDGE('',*,*,#15911,.T.);
#15911 = EDGE_CURVE('',#13206,#14345,#15912,.T.);
#15912 = LINE('',#15913,#15914);
#15913 = CARTESIAN_POINT('',(148.44,-61.9864,-4.6E-02));
#15914 = VECTOR('',#15915,1.);
#15915 = DIRECTION('',(0.,0.,1.));
#15916 = ORIENTED_EDGE('',*,*,#14344,.F.);
#15917 = ORIENTED_EDGE('',*,*,#15911,.F.);
#15918 = CYLINDRICAL_SURFACE('',#15919,0.4064);
#15919 = AXIS2_PLACEMENT_3D('',#15920,#15921,#15922);
#15920 = CARTESIAN_POINT('',(148.44,-61.58,-4.6E-02));
#15921 = DIRECTION('',(-0.,-0.,-1.));
#15922 = DIRECTION('',(-0.,-1.,0.));
#15923 = ADVANCED_FACE('',(#15924),#15935,.F.);
#15924 = FACE_BOUND('',#15925,.T.);
#15925 = EDGE_LOOP('',(#15926,#15927,#15933,#15934));
#15926 = ORIENTED_EDGE('',*,*,#13216,.T.);
#15927 = ORIENTED_EDGE('',*,*,#15928,.T.);
#15928 = EDGE_CURVE('',#13217,#14356,#15929,.T.);
#15929 = LINE('',#15930,#15931);
#15930 = CARTESIAN_POINT('',(148.44,-59.4464,-4.6E-02));
#15931 = VECTOR('',#15932,1.);
#15932 = DIRECTION('',(0.,0.,1.));
#15933 = ORIENTED_EDGE('',*,*,#14355,.F.);
#15934 = ORIENTED_EDGE('',*,*,#15928,.F.);
#15935 = CYLINDRICAL_SURFACE('',#15936,0.4064);
#15936 = AXIS2_PLACEMENT_3D('',#15937,#15938,#15939);
#15937 = CARTESIAN_POINT('',(148.44,-59.04,-4.6E-02));
#15938 = DIRECTION('',(-0.,-0.,-1.));
#15939 = DIRECTION('',(-0.,-1.,0.));
#15940 = ADVANCED_FACE('',(#15941),#15952,.F.);
#15941 = FACE_BOUND('',#15942,.T.);
#15942 = EDGE_LOOP('',(#15943,#15944,#15950,#15951));
#15943 = ORIENTED_EDGE('',*,*,#13227,.T.);
#15944 = ORIENTED_EDGE('',*,*,#15945,.T.);
#15945 = EDGE_CURVE('',#13228,#14367,#15946,.T.);
#15946 = LINE('',#15947,#15948);
#15947 = CARTESIAN_POINT('',(148.44,-56.9064,-4.6E-02));
#15948 = VECTOR('',#15949,1.);
#15949 = DIRECTION('',(0.,0.,1.));
#15950 = ORIENTED_EDGE('',*,*,#14366,.F.);
#15951 = ORIENTED_EDGE('',*,*,#15945,.F.);
#15952 = CYLINDRICAL_SURFACE('',#15953,0.4064);
#15953 = AXIS2_PLACEMENT_3D('',#15954,#15955,#15956);
#15954 = CARTESIAN_POINT('',(148.44,-56.5,-4.6E-02));
#15955 = DIRECTION('',(-0.,-0.,-1.));
#15956 = DIRECTION('',(-0.,-1.,0.));
#15957 = ADVANCED_FACE('',(#15958),#15969,.F.);
#15958 = FACE_BOUND('',#15959,.T.);
#15959 = EDGE_LOOP('',(#15960,#15961,#15967,#15968));
#15960 = ORIENTED_EDGE('',*,*,#13238,.T.);
#15961 = ORIENTED_EDGE('',*,*,#15962,.T.);
#15962 = EDGE_CURVE('',#13239,#14378,#15963,.T.);
#15963 = LINE('',#15964,#15965);
#15964 = CARTESIAN_POINT('',(123.76,-51.75,-4.6E-02));
#15965 = VECTOR('',#15966,1.);
#15966 = DIRECTION('',(0.,0.,1.));
#15967 = ORIENTED_EDGE('',*,*,#14377,.F.);
#15968 = ORIENTED_EDGE('',*,*,#15962,.F.);
#15969 = CYLINDRICAL_SURFACE('',#15970,0.4);
#15970 = AXIS2_PLACEMENT_3D('',#15971,#15972,#15973);
#15971 = CARTESIAN_POINT('',(123.76,-51.35,-4.6E-02));
#15972 = DIRECTION('',(-0.,0.,-1.));
#15973 = DIRECTION('',(3.5527136788E-14,-1.,-0.));
#15974 = ADVANCED_FACE('',(#15975),#15986,.F.);
#15975 = FACE_BOUND('',#15976,.T.);
#15976 = EDGE_LOOP('',(#15977,#15978,#15984,#15985));
#15977 = ORIENTED_EDGE('',*,*,#13249,.T.);
#15978 = ORIENTED_EDGE('',*,*,#15979,.T.);
#15979 = EDGE_CURVE('',#13250,#14389,#15980,.T.);
#15980 = LINE('',#15981,#15982);
#15981 = CARTESIAN_POINT('',(123.94,-33.365,-4.6E-02));
#15982 = VECTOR('',#15983,1.);
#15983 = DIRECTION('',(0.,0.,1.));
#15984 = ORIENTED_EDGE('',*,*,#14388,.F.);
#15985 = ORIENTED_EDGE('',*,*,#15979,.F.);
#15986 = CYLINDRICAL_SURFACE('',#15987,0.4);
#15987 = AXIS2_PLACEMENT_3D('',#15988,#15989,#15990);
#15988 = CARTESIAN_POINT('',(123.94,-32.965,-4.6E-02));
#15989 = DIRECTION('',(-0.,-0.,-1.));
#15990 = DIRECTION('',(-0.,-1.,0.));
#15991 = ADVANCED_FACE('',(#15992),#16003,.F.);
#15992 = FACE_BOUND('',#15993,.T.);
#15993 = EDGE_LOOP('',(#15994,#15995,#16001,#16002));
#15994 = ORIENTED_EDGE('',*,*,#13260,.T.);
#15995 = ORIENTED_EDGE('',*,*,#15996,.T.);
#15996 = EDGE_CURVE('',#13261,#14400,#15997,.T.);
#15997 = LINE('',#15998,#15999);
#15998 = CARTESIAN_POINT('',(131.94,-33.365,-4.6E-02));
#15999 = VECTOR('',#16000,1.);
#16000 = DIRECTION('',(0.,0.,1.));
#16001 = ORIENTED_EDGE('',*,*,#14399,.F.);
#16002 = ORIENTED_EDGE('',*,*,#15996,.F.);
#16003 = CYLINDRICAL_SURFACE('',#16004,0.4);
#16004 = AXIS2_PLACEMENT_3D('',#16005,#16006,#16007);
#16005 = CARTESIAN_POINT('',(131.94,-32.965,-4.6E-02));
#16006 = DIRECTION('',(-0.,-0.,-1.));
#16007 = DIRECTION('',(-0.,-1.,0.));
#16008 = ADVANCED_FACE('',(#16009),#16020,.F.);
#16009 = FACE_BOUND('',#16010,.T.);
#16010 = EDGE_LOOP('',(#16011,#16012,#16018,#16019));
#16011 = ORIENTED_EDGE('',*,*,#13271,.T.);
#16012 = ORIENTED_EDGE('',*,*,#16013,.T.);
#16013 = EDGE_CURVE('',#13272,#14411,#16014,.T.);
#16014 = LINE('',#16015,#16016);
#16015 = CARTESIAN_POINT('',(136.46,-51.75,-4.6E-02));
#16016 = VECTOR('',#16017,1.);
#16017 = DIRECTION('',(0.,0.,1.));
#16018 = ORIENTED_EDGE('',*,*,#14410,.F.);
#16019 = ORIENTED_EDGE('',*,*,#16013,.F.);
#16020 = CYLINDRICAL_SURFACE('',#16021,0.4);
#16021 = AXIS2_PLACEMENT_3D('',#16022,#16023,#16024);
#16022 = CARTESIAN_POINT('',(136.46,-51.35,-4.6E-02));
#16023 = DIRECTION('',(-0.,-0.,-1.));
#16024 = DIRECTION('',(-0.,-1.,0.));
#16025 = ADVANCED_FACE('',(#16026),#16037,.F.);
#16026 = FACE_BOUND('',#16027,.T.);
#16027 = EDGE_LOOP('',(#16028,#16029,#16035,#16036));
#16028 = ORIENTED_EDGE('',*,*,#13282,.T.);
#16029 = ORIENTED_EDGE('',*,*,#16030,.T.);
#16030 = EDGE_CURVE('',#13283,#14422,#16031,.T.);
#16031 = LINE('',#16032,#16033);
#16032 = CARTESIAN_POINT('',(140.82,-54.3664,-4.6E-02));
#16033 = VECTOR('',#16034,1.);
#16034 = DIRECTION('',(0.,0.,1.));
#16035 = ORIENTED_EDGE('',*,*,#14421,.F.);
#16036 = ORIENTED_EDGE('',*,*,#16030,.F.);
#16037 = CYLINDRICAL_SURFACE('',#16038,0.4064);
#16038 = AXIS2_PLACEMENT_3D('',#16039,#16040,#16041);
#16039 = CARTESIAN_POINT('',(140.82,-53.96,-4.6E-02));
#16040 = DIRECTION('',(-0.,-0.,-1.));
#16041 = DIRECTION('',(-0.,-1.,0.));
#16042 = ADVANCED_FACE('',(#16043),#16054,.F.);
#16043 = FACE_BOUND('',#16044,.T.);
#16044 = EDGE_LOOP('',(#16045,#16046,#16052,#16053));
#16045 = ORIENTED_EDGE('',*,*,#13293,.T.);
#16046 = ORIENTED_EDGE('',*,*,#16047,.T.);
#16047 = EDGE_CURVE('',#13294,#14433,#16048,.T.);
#16048 = LINE('',#16049,#16050);
#16049 = CARTESIAN_POINT('',(140.82,-51.8264,-4.6E-02));
#16050 = VECTOR('',#16051,1.);
#16051 = DIRECTION('',(0.,0.,1.));
#16052 = ORIENTED_EDGE('',*,*,#14432,.F.);
#16053 = ORIENTED_EDGE('',*,*,#16047,.F.);
#16054 = CYLINDRICAL_SURFACE('',#16055,0.4064);
#16055 = AXIS2_PLACEMENT_3D('',#16056,#16057,#16058);
#16056 = CARTESIAN_POINT('',(140.82,-51.42,-4.6E-02));
#16057 = DIRECTION('',(-0.,-0.,-1.));
#16058 = DIRECTION('',(-0.,-1.,0.));
#16059 = ADVANCED_FACE('',(#16060),#16071,.F.);
#16060 = FACE_BOUND('',#16061,.T.);
#16061 = EDGE_LOOP('',(#16062,#16063,#16069,#16070));
#16062 = ORIENTED_EDGE('',*,*,#13304,.T.);
#16063 = ORIENTED_EDGE('',*,*,#16064,.T.);
#16064 = EDGE_CURVE('',#13305,#14444,#16065,.T.);
#16065 = LINE('',#16066,#16067);
#16066 = CARTESIAN_POINT('',(148.44,-54.3664,-4.6E-02));
#16067 = VECTOR('',#16068,1.);
#16068 = DIRECTION('',(0.,0.,1.));
#16069 = ORIENTED_EDGE('',*,*,#14443,.F.);
#16070 = ORIENTED_EDGE('',*,*,#16064,.F.);
#16071 = CYLINDRICAL_SURFACE('',#16072,0.4064);
#16072 = AXIS2_PLACEMENT_3D('',#16073,#16074,#16075);
#16073 = CARTESIAN_POINT('',(148.44,-53.96,-4.6E-02));
#16074 = DIRECTION('',(-0.,-0.,-1.));
#16075 = DIRECTION('',(-0.,-1.,0.));
#16076 = ADVANCED_FACE('',(#16077),#16088,.F.);
#16077 = FACE_BOUND('',#16078,.T.);
#16078 = EDGE_LOOP('',(#16079,#16080,#16086,#16087));
#16079 = ORIENTED_EDGE('',*,*,#13315,.T.);
#16080 = ORIENTED_EDGE('',*,*,#16081,.T.);
#16081 = EDGE_CURVE('',#13316,#14455,#16082,.T.);
#16082 = LINE('',#16083,#16084);
#16083 = CARTESIAN_POINT('',(148.44,-51.8264,-4.6E-02));
#16084 = VECTOR('',#16085,1.);
#16085 = DIRECTION('',(0.,0.,1.));
#16086 = ORIENTED_EDGE('',*,*,#14454,.F.);
#16087 = ORIENTED_EDGE('',*,*,#16081,.F.);
#16088 = CYLINDRICAL_SURFACE('',#16089,0.4064);
#16089 = AXIS2_PLACEMENT_3D('',#16090,#16091,#16092);
#16090 = CARTESIAN_POINT('',(148.44,-51.42,-4.6E-02));
#16091 = DIRECTION('',(-0.,-0.,-1.));
#16092 = DIRECTION('',(-0.,-1.,0.));
#16093 = ADVANCED_FACE('',(#16094),#16105,.F.);
#16094 = FACE_BOUND('',#16095,.T.);
#16095 = EDGE_LOOP('',(#16096,#16097,#16103,#16104));
#16096 = ORIENTED_EDGE('',*,*,#13326,.T.);
#16097 = ORIENTED_EDGE('',*,*,#16098,.T.);
#16098 = EDGE_CURVE('',#13327,#14466,#16099,.T.);
#16099 = LINE('',#16100,#16101);
#16100 = CARTESIAN_POINT('',(138.44,-40.64,-4.6E-02));
#16101 = VECTOR('',#16102,1.);
#16102 = DIRECTION('',(0.,0.,1.));
#16103 = ORIENTED_EDGE('',*,*,#14465,.F.);
#16104 = ORIENTED_EDGE('',*,*,#16098,.F.);
#16105 = CYLINDRICAL_SURFACE('',#16106,0.4);
#16106 = AXIS2_PLACEMENT_3D('',#16107,#16108,#16109);
#16107 = CARTESIAN_POINT('',(138.44,-40.24,-4.6E-02));
#16108 = DIRECTION('',(-0.,-0.,-1.));
#16109 = DIRECTION('',(-0.,-1.,0.));
#16110 = ADVANCED_FACE('',(#16111),#16122,.F.);
#16111 = FACE_BOUND('',#16112,.T.);
#16112 = EDGE_LOOP('',(#16113,#16114,#16120,#16121));
#16113 = ORIENTED_EDGE('',*,*,#13337,.T.);
#16114 = ORIENTED_EDGE('',*,*,#16115,.T.);
#16115 = EDGE_CURVE('',#13338,#14477,#16116,.T.);
#16116 = LINE('',#16117,#16118);
#16117 = CARTESIAN_POINT('',(143.44,-40.64,-4.6E-02));
#16118 = VECTOR('',#16119,1.);
#16119 = DIRECTION('',(0.,0.,1.));
#16120 = ORIENTED_EDGE('',*,*,#14476,.F.);
#16121 = ORIENTED_EDGE('',*,*,#16115,.F.);
#16122 = CYLINDRICAL_SURFACE('',#16123,0.4);
#16123 = AXIS2_PLACEMENT_3D('',#16124,#16125,#16126);
#16124 = CARTESIAN_POINT('',(143.44,-40.24,-4.6E-02));
#16125 = DIRECTION('',(-0.,-0.,-1.));
#16126 = DIRECTION('',(-0.,-1.,0.));
#16127 = ADVANCED_FACE('',(#16128),#16139,.F.);
#16128 = FACE_BOUND('',#16129,.T.);
#16129 = EDGE_LOOP('',(#16130,#16131,#16137,#16138));
#16130 = ORIENTED_EDGE('',*,*,#13348,.T.);
#16131 = ORIENTED_EDGE('',*,*,#16132,.T.);
#16132 = EDGE_CURVE('',#13349,#14488,#16133,.T.);
#16133 = LINE('',#16134,#16135);
#16134 = CARTESIAN_POINT('',(147.9,-44.2753,-4.6E-02));
#16135 = VECTOR('',#16136,1.);
#16136 = DIRECTION('',(0.,0.,1.));
#16137 = ORIENTED_EDGE('',*,*,#14487,.F.);
#16138 = ORIENTED_EDGE('',*,*,#16132,.F.);
#16139 = CYLINDRICAL_SURFACE('',#16140,0.4953);
#16140 = AXIS2_PLACEMENT_3D('',#16141,#16142,#16143);
#16141 = CARTESIAN_POINT('',(147.9,-43.78,-4.6E-02));
#16142 = DIRECTION('',(-0.,0.,-1.));
#16143 = DIRECTION('',(5.738281734384E-14,-1.,-0.));
#16144 = ADVANCED_FACE('',(#16145),#16156,.F.);
#16145 = FACE_BOUND('',#16146,.T.);
#16146 = EDGE_LOOP('',(#16147,#16148,#16154,#16155));
#16147 = ORIENTED_EDGE('',*,*,#13359,.T.);
#16148 = ORIENTED_EDGE('',*,*,#16149,.T.);
#16149 = EDGE_CURVE('',#13360,#14499,#16150,.T.);
#16150 = LINE('',#16151,#16152);
#16151 = CARTESIAN_POINT('',(149.17,-41.7353,-4.6E-02));
#16152 = VECTOR('',#16153,1.);
#16153 = DIRECTION('',(0.,0.,1.));
#16154 = ORIENTED_EDGE('',*,*,#14498,.F.);
#16155 = ORIENTED_EDGE('',*,*,#16149,.F.);
#16156 = CYLINDRICAL_SURFACE('',#16157,0.4953);
#16157 = AXIS2_PLACEMENT_3D('',#16158,#16159,#16160);
#16158 = CARTESIAN_POINT('',(149.17,-41.24,-4.6E-02));
#16159 = DIRECTION('',(-0.,-0.,-1.));
#16160 = DIRECTION('',(-5.738281734384E-14,-1.,0.));
#16161 = ADVANCED_FACE('',(#16162),#16173,.F.);
#16162 = FACE_BOUND('',#16163,.T.);
#16163 = EDGE_LOOP('',(#16164,#16165,#16171,#16172));
#16164 = ORIENTED_EDGE('',*,*,#13370,.T.);
#16165 = ORIENTED_EDGE('',*,*,#16166,.T.);
#16166 = EDGE_CURVE('',#13371,#14510,#16167,.T.);
#16167 = LINE('',#16168,#16169);
#16168 = CARTESIAN_POINT('',(159.78,-75.64,-4.6E-02));
#16169 = VECTOR('',#16170,1.);
#16170 = DIRECTION('',(0.,0.,1.));
#16171 = ORIENTED_EDGE('',*,*,#14509,.F.);
#16172 = ORIENTED_EDGE('',*,*,#16166,.F.);
#16173 = CYLINDRICAL_SURFACE('',#16174,0.4);
#16174 = AXIS2_PLACEMENT_3D('',#16175,#16176,#16177);
#16175 = CARTESIAN_POINT('',(159.78,-75.24,-4.6E-02));
#16176 = DIRECTION('',(-0.,-0.,-1.));
#16177 = DIRECTION('',(-0.,-1.,0.));
#16178 = ADVANCED_FACE('',(#16179),#16190,.F.);
#16179 = FACE_BOUND('',#16180,.T.);
#16180 = EDGE_LOOP('',(#16181,#16182,#16188,#16189));
#16181 = ORIENTED_EDGE('',*,*,#13381,.T.);
#16182 = ORIENTED_EDGE('',*,*,#16183,.T.);
#16183 = EDGE_CURVE('',#13382,#14521,#16184,.T.);
#16184 = LINE('',#16185,#16186);
#16185 = CARTESIAN_POINT('',(159.86,-71.09,-4.6E-02));
#16186 = VECTOR('',#16187,1.);
#16187 = DIRECTION('',(0.,0.,1.));
#16188 = ORIENTED_EDGE('',*,*,#14520,.F.);
#16189 = ORIENTED_EDGE('',*,*,#16183,.F.);
#16190 = CYLINDRICAL_SURFACE('',#16191,0.4);
#16191 = AXIS2_PLACEMENT_3D('',#16192,#16193,#16194);
#16192 = CARTESIAN_POINT('',(159.86,-70.69,-4.6E-02));
#16193 = DIRECTION('',(-0.,-0.,-1.));
#16194 = DIRECTION('',(-0.,-1.,0.));
#16195 = ADVANCED_FACE('',(#16196),#16207,.F.);
#16196 = FACE_BOUND('',#16197,.T.);
#16197 = EDGE_LOOP('',(#16198,#16199,#16205,#16206));
#16198 = ORIENTED_EDGE('',*,*,#13392,.T.);
#16199 = ORIENTED_EDGE('',*,*,#16200,.T.);
#16200 = EDGE_CURVE('',#13393,#14532,#16201,.T.);
#16201 = LINE('',#16202,#16203);
#16202 = CARTESIAN_POINT('',(161.44,-65.14,-4.6E-02));
#16203 = VECTOR('',#16204,1.);
#16204 = DIRECTION('',(0.,0.,1.));
#16205 = ORIENTED_EDGE('',*,*,#14531,.F.);
#16206 = ORIENTED_EDGE('',*,*,#16200,.F.);
#16207 = CYLINDRICAL_SURFACE('',#16208,0.4);
#16208 = AXIS2_PLACEMENT_3D('',#16209,#16210,#16211);
#16209 = CARTESIAN_POINT('',(161.44,-64.74,-4.6E-02));
#16210 = DIRECTION('',(-0.,-0.,-1.));
#16211 = DIRECTION('',(-0.,-1.,0.));
#16212 = ADVANCED_FACE('',(#16213),#16224,.F.);
#16213 = FACE_BOUND('',#16214,.T.);
#16214 = EDGE_LOOP('',(#16215,#16216,#16222,#16223));
#16215 = ORIENTED_EDGE('',*,*,#13403,.T.);
#16216 = ORIENTED_EDGE('',*,*,#16217,.T.);
#16217 = EDGE_CURVE('',#13404,#14543,#16218,.T.);
#16218 = LINE('',#16219,#16220);
#16219 = CARTESIAN_POINT('',(169.94,-75.64,-4.6E-02));
#16220 = VECTOR('',#16221,1.);
#16221 = DIRECTION('',(0.,0.,1.));
#16222 = ORIENTED_EDGE('',*,*,#14542,.F.);
#16223 = ORIENTED_EDGE('',*,*,#16217,.F.);
#16224 = CYLINDRICAL_SURFACE('',#16225,0.4);
#16225 = AXIS2_PLACEMENT_3D('',#16226,#16227,#16228);
#16226 = CARTESIAN_POINT('',(169.94,-75.24,-4.6E-02));
#16227 = DIRECTION('',(-0.,-0.,-1.));
#16228 = DIRECTION('',(-0.,-1.,0.));
#16229 = ADVANCED_FACE('',(#16230),#16241,.F.);
#16230 = FACE_BOUND('',#16231,.T.);
#16231 = EDGE_LOOP('',(#16232,#16233,#16239,#16240));
#16232 = ORIENTED_EDGE('',*,*,#13414,.T.);
#16233 = ORIENTED_EDGE('',*,*,#16234,.T.);
#16234 = EDGE_CURVE('',#13415,#14554,#16235,.T.);
#16235 = LINE('',#16236,#16237);
#16236 = CARTESIAN_POINT('',(170.02,-71.09,-4.6E-02));
#16237 = VECTOR('',#16238,1.);
#16238 = DIRECTION('',(0.,0.,1.));
#16239 = ORIENTED_EDGE('',*,*,#14553,.F.);
#16240 = ORIENTED_EDGE('',*,*,#16234,.F.);
#16241 = CYLINDRICAL_SURFACE('',#16242,0.4);
#16242 = AXIS2_PLACEMENT_3D('',#16243,#16244,#16245);
#16243 = CARTESIAN_POINT('',(170.02,-70.69,-4.6E-02));
#16244 = DIRECTION('',(-0.,0.,-1.));
#16245 = DIRECTION('',(7.105427357601E-14,-1.,-0.));
#16246 = ADVANCED_FACE('',(#16247),#16258,.F.);
#16247 = FACE_BOUND('',#16248,.T.);
#16248 = EDGE_LOOP('',(#16249,#16250,#16256,#16257));
#16249 = ORIENTED_EDGE('',*,*,#13425,.T.);
#16250 = ORIENTED_EDGE('',*,*,#16251,.T.);
#16251 = EDGE_CURVE('',#13426,#14565,#16252,.T.);
#16252 = LINE('',#16253,#16254);
#16253 = CARTESIAN_POINT('',(176.4,-73.115,-4.6E-02));
#16254 = VECTOR('',#16255,1.);
#16255 = DIRECTION('',(0.,0.,1.));
#16256 = ORIENTED_EDGE('',*,*,#14564,.F.);
#16257 = ORIENTED_EDGE('',*,*,#16251,.F.);
#16258 = CYLINDRICAL_SURFACE('',#16259,0.375);
#16259 = AXIS2_PLACEMENT_3D('',#16260,#16261,#16262);
#16260 = CARTESIAN_POINT('',(176.4,-72.74,-4.6E-02));
#16261 = DIRECTION('',(-0.,-0.,-1.));
#16262 = DIRECTION('',(-0.,-1.,0.));
#16263 = ADVANCED_FACE('',(#16264),#16275,.F.);
#16264 = FACE_BOUND('',#16265,.T.);
#16265 = EDGE_LOOP('',(#16266,#16267,#16273,#16274));
#16266 = ORIENTED_EDGE('',*,*,#13436,.T.);
#16267 = ORIENTED_EDGE('',*,*,#16268,.T.);
#16268 = EDGE_CURVE('',#13437,#14576,#16269,.T.);
#16269 = LINE('',#16270,#16271);
#16270 = CARTESIAN_POINT('',(178.94,-73.115,-4.6E-02));
#16271 = VECTOR('',#16272,1.);
#16272 = DIRECTION('',(0.,0.,1.));
#16273 = ORIENTED_EDGE('',*,*,#14575,.F.);
#16274 = ORIENTED_EDGE('',*,*,#16268,.F.);
#16275 = CYLINDRICAL_SURFACE('',#16276,0.375);
#16276 = AXIS2_PLACEMENT_3D('',#16277,#16278,#16279);
#16277 = CARTESIAN_POINT('',(178.94,-72.74,-4.6E-02));
#16278 = DIRECTION('',(-0.,-0.,-1.));
#16279 = DIRECTION('',(-0.,-1.,0.));
#16280 = ADVANCED_FACE('',(#16281),#16292,.F.);
#16281 = FACE_BOUND('',#16282,.T.);
#16282 = EDGE_LOOP('',(#16283,#16284,#16290,#16291));
#16283 = ORIENTED_EDGE('',*,*,#13447,.T.);
#16284 = ORIENTED_EDGE('',*,*,#16285,.T.);
#16285 = EDGE_CURVE('',#13448,#14587,#16286,.T.);
#16286 = LINE('',#16287,#16288);
#16287 = CARTESIAN_POINT('',(177.67,-71.845,-4.6E-02));
#16288 = VECTOR('',#16289,1.);
#16289 = DIRECTION('',(0.,0.,1.));
#16290 = ORIENTED_EDGE('',*,*,#14586,.F.);
#16291 = ORIENTED_EDGE('',*,*,#16285,.F.);
#16292 = CYLINDRICAL_SURFACE('',#16293,0.375);
#16293 = AXIS2_PLACEMENT_3D('',#16294,#16295,#16296);
#16294 = CARTESIAN_POINT('',(177.67,-71.47,-4.6E-02));
#16295 = DIRECTION('',(-0.,-0.,-1.));
#16296 = DIRECTION('',(-0.,-1.,0.));
#16297 = ADVANCED_FACE('',(#16298),#16309,.F.);
#16298 = FACE_BOUND('',#16299,.T.);
#16299 = EDGE_LOOP('',(#16300,#16301,#16307,#16308));
#16300 = ORIENTED_EDGE('',*,*,#13458,.T.);
#16301 = ORIENTED_EDGE('',*,*,#16302,.T.);
#16302 = EDGE_CURVE('',#13459,#14598,#16303,.T.);
#16303 = LINE('',#16304,#16305);
#16304 = CARTESIAN_POINT('',(166.44,-65.14,-4.6E-02));
#16305 = VECTOR('',#16306,1.);
#16306 = DIRECTION('',(0.,0.,1.));
#16307 = ORIENTED_EDGE('',*,*,#14597,.F.);
#16308 = ORIENTED_EDGE('',*,*,#16302,.F.);
#16309 = CYLINDRICAL_SURFACE('',#16310,0.4);
#16310 = AXIS2_PLACEMENT_3D('',#16311,#16312,#16313);
#16311 = CARTESIAN_POINT('',(166.44,-64.74,-4.6E-02));
#16312 = DIRECTION('',(-0.,-0.,-1.));
#16313 = DIRECTION('',(-0.,-1.,0.));
#16314 = ADVANCED_FACE('',(#16315),#16326,.F.);
#16315 = FACE_BOUND('',#16316,.T.);
#16316 = EDGE_LOOP('',(#16317,#16318,#16324,#16325));
#16317 = ORIENTED_EDGE('',*,*,#13469,.T.);
#16318 = ORIENTED_EDGE('',*,*,#16319,.T.);
#16319 = EDGE_CURVE('',#13470,#14609,#16320,.T.);
#16320 = LINE('',#16321,#16322);
#16321 = CARTESIAN_POINT('',(150.44,-44.2753,-4.6E-02));
#16322 = VECTOR('',#16323,1.);
#16323 = DIRECTION('',(0.,0.,1.));
#16324 = ORIENTED_EDGE('',*,*,#14608,.F.);
#16325 = ORIENTED_EDGE('',*,*,#16319,.F.);
#16326 = CYLINDRICAL_SURFACE('',#16327,0.4953);
#16327 = AXIS2_PLACEMENT_3D('',#16328,#16329,#16330);
#16328 = CARTESIAN_POINT('',(150.44,-43.78,-4.6E-02));
#16329 = DIRECTION('',(-0.,-0.,-1.));
#16330 = DIRECTION('',(-0.,-1.,0.));
#16331 = ADVANCED_FACE('',(#16332),#16343,.F.);
#16332 = FACE_BOUND('',#16333,.T.);
#16333 = EDGE_LOOP('',(#16334,#16335,#16341,#16342));
#16334 = ORIENTED_EDGE('',*,*,#13480,.T.);
#16335 = ORIENTED_EDGE('',*,*,#16336,.T.);
#16336 = EDGE_CURVE('',#13481,#14620,#16337,.T.);
#16337 = LINE('',#16338,#16339);
#16338 = CARTESIAN_POINT('',(154.49,-44.11,-4.6E-02));
#16339 = VECTOR('',#16340,1.);
#16340 = DIRECTION('',(0.,0.,1.));
#16341 = ORIENTED_EDGE('',*,*,#14619,.F.);
#16342 = ORIENTED_EDGE('',*,*,#16336,.F.);
#16343 = CYLINDRICAL_SURFACE('',#16344,0.4);
#16344 = AXIS2_PLACEMENT_3D('',#16345,#16346,#16347);
#16345 = CARTESIAN_POINT('',(154.49,-43.71,-4.6E-02));
#16346 = DIRECTION('',(-0.,-0.,-1.));
#16347 = DIRECTION('',(-0.,-1.,0.));
#16348 = ADVANCED_FACE('',(#16349),#16360,.F.);
#16349 = FACE_BOUND('',#16350,.T.);
#16350 = EDGE_LOOP('',(#16351,#16352,#16358,#16359));
#16351 = ORIENTED_EDGE('',*,*,#13491,.T.);
#16352 = ORIENTED_EDGE('',*,*,#16353,.T.);
#16353 = EDGE_CURVE('',#13492,#14631,#16354,.T.);
#16354 = LINE('',#16355,#16356);
#16355 = CARTESIAN_POINT('',(159.49,-44.11,-4.6E-02));
#16356 = VECTOR('',#16357,1.);
#16357 = DIRECTION('',(0.,0.,1.));
#16358 = ORIENTED_EDGE('',*,*,#14630,.F.);
#16359 = ORIENTED_EDGE('',*,*,#16353,.F.);
#16360 = CYLINDRICAL_SURFACE('',#16361,0.4);
#16361 = AXIS2_PLACEMENT_3D('',#16362,#16363,#16364);
#16362 = CARTESIAN_POINT('',(159.49,-43.71,-4.6E-02));
#16363 = DIRECTION('',(-0.,-0.,-1.));
#16364 = DIRECTION('',(-0.,-1.,0.));
#16365 = ADVANCED_FACE('',(#16366),#16377,.F.);
#16366 = FACE_BOUND('',#16367,.T.);
#16367 = EDGE_LOOP('',(#16368,#16369,#16375,#16376));
#16368 = ORIENTED_EDGE('',*,*,#13502,.T.);
#16369 = ORIENTED_EDGE('',*,*,#16370,.T.);
#16370 = EDGE_CURVE('',#13503,#14642,#16371,.T.);
#16371 = LINE('',#16372,#16373);
#16372 = CARTESIAN_POINT('',(165.64,-54.69,-4.6E-02));
#16373 = VECTOR('',#16374,1.);
#16374 = DIRECTION('',(0.,0.,1.));
#16375 = ORIENTED_EDGE('',*,*,#14641,.F.);
#16376 = ORIENTED_EDGE('',*,*,#16370,.F.);
#16377 = CYLINDRICAL_SURFACE('',#16378,0.45);
#16378 = AXIS2_PLACEMENT_3D('',#16379,#16380,#16381);
#16379 = CARTESIAN_POINT('',(165.64,-54.24,-4.6E-02));
#16380 = DIRECTION('',(-0.,-0.,-1.));
#16381 = DIRECTION('',(-0.,-1.,0.));
#16382 = ADVANCED_FACE('',(#16383),#16394,.F.);
#16383 = FACE_BOUND('',#16384,.T.);
#16384 = EDGE_LOOP('',(#16385,#16386,#16392,#16393));
#16385 = ORIENTED_EDGE('',*,*,#13513,.T.);
#16386 = ORIENTED_EDGE('',*,*,#16387,.T.);
#16387 = EDGE_CURVE('',#13514,#14653,#16388,.T.);
#16388 = LINE('',#16389,#16390);
#16389 = CARTESIAN_POINT('',(173.24,-54.69,-4.6E-02));
#16390 = VECTOR('',#16391,1.);
#16391 = DIRECTION('',(0.,0.,1.));
#16392 = ORIENTED_EDGE('',*,*,#14652,.F.);
#16393 = ORIENTED_EDGE('',*,*,#16387,.F.);
#16394 = CYLINDRICAL_SURFACE('',#16395,0.45);
#16395 = AXIS2_PLACEMENT_3D('',#16396,#16397,#16398);
#16396 = CARTESIAN_POINT('',(173.24,-54.24,-4.6E-02));
#16397 = DIRECTION('',(-0.,-0.,-1.));
#16398 = DIRECTION('',(-0.,-1.,0.));
#16399 = ADVANCED_FACE('',(#16400),#16411,.F.);
#16400 = FACE_BOUND('',#16401,.T.);
#16401 = EDGE_LOOP('',(#16402,#16403,#16409,#16410));
#16402 = ORIENTED_EDGE('',*,*,#13524,.T.);
#16403 = ORIENTED_EDGE('',*,*,#16404,.T.);
#16404 = EDGE_CURVE('',#13525,#14664,#16405,.T.);
#16405 = LINE('',#16406,#16407);
#16406 = CARTESIAN_POINT('',(168.69,-39.64,-4.6E-02));
#16407 = VECTOR('',#16408,1.);
#16408 = DIRECTION('',(0.,0.,1.));
#16409 = ORIENTED_EDGE('',*,*,#14663,.F.);
#16410 = ORIENTED_EDGE('',*,*,#16404,.F.);
#16411 = CYLINDRICAL_SURFACE('',#16412,0.4);
#16412 = AXIS2_PLACEMENT_3D('',#16413,#16414,#16415);
#16413 = CARTESIAN_POINT('',(168.69,-39.24,-4.6E-02));
#16414 = DIRECTION('',(-0.,-0.,-1.));
#16415 = DIRECTION('',(-0.,-1.,0.));
#16416 = ADVANCED_FACE('',(#16417),#16428,.F.);
#16417 = FACE_BOUND('',#16418,.T.);
#16418 = EDGE_LOOP('',(#16419,#16420,#16426,#16427));
#16419 = ORIENTED_EDGE('',*,*,#13535,.T.);
#16420 = ORIENTED_EDGE('',*,*,#16421,.T.);
#16421 = EDGE_CURVE('',#13536,#14675,#16422,.T.);
#16422 = LINE('',#16423,#16424);
#16423 = CARTESIAN_POINT('',(172.19,-39.64,-4.6E-02));
#16424 = VECTOR('',#16425,1.);
#16425 = DIRECTION('',(0.,0.,1.));
#16426 = ORIENTED_EDGE('',*,*,#14674,.F.);
#16427 = ORIENTED_EDGE('',*,*,#16421,.F.);
#16428 = CYLINDRICAL_SURFACE('',#16429,0.4);
#16429 = AXIS2_PLACEMENT_3D('',#16430,#16431,#16432);
#16430 = CARTESIAN_POINT('',(172.19,-39.24,-4.6E-02));
#16431 = DIRECTION('',(-0.,-0.,-1.));
#16432 = DIRECTION('',(-0.,-1.,0.));
#16433 = ( GEOMETRIC_REPRESENTATION_CONTEXT(3) 
GLOBAL_UNCERTAINTY_ASSIGNED_CONTEXT((#16437)) 
GLOBAL_UNIT_ASSIGNED_CONTEXT((#16434,#16435,#16436)) 
REPRESENTATION_CONTEXT('Context #1',
  '3D Context with UNIT and UNCERTAINTY') );
#16434 = ( LENGTH_UNIT() NAMED_UNIT(*) SI_UNIT(.MILLI.,.METRE.) );
#16435 = ( NAMED_UNIT(*) PLANE_ANGLE_UNIT() SI_UNIT($,.RADIAN.) );
#16436 = ( NAMED_UNIT(*) SI_UNIT($,.STERADIAN.) SOLID_ANGLE_UNIT() );
#16437 = UNCERTAINTY_MEASURE_WITH_UNIT(LENGTH_MEASURE(1.E-07),#16434,
  'distance_accuracy_value','confusion accuracy');
#16438 = CONTEXT_DEPENDENT_SHAPE_REPRESENTATION(#16439,#16441);
#16439 = ( REPRESENTATION_RELATIONSHIP('','',#12304,#10) 
REPRESENTATION_RELATIONSHIP_WITH_TRANSFORMATION(#16440) 
SHAPE_REPRESENTATION_RELATIONSHIP() );
#16440 = ITEM_DEFINED_TRANSFORMATION('','',#11,#111);
#16441 = PRODUCT_DEFINITION_SHAPE('Placement','Placement of an item',
  #16442);
#16442 = NEXT_ASSEMBLY_USAGE_OCCURRENCE('25','=>[0:1:1:10]','',#5,#12299
  ,$);
#16443 = PRODUCT_RELATED_PRODUCT_CATEGORY('part',$,(#12301));
#16444 = MECHANICAL_DESIGN_GEOMETRIC_PRESENTATION_REPRESENTATION('',(
    #16445,#16453,#16460,#16467,#16474,#16481,#16488,#16496,#16503,
    #16510,#16517,#16524,#16531,#16538,#16545,#16552),#8826);
#16445 = STYLED_ITEM('color',(#16446),#8365);
#16446 = PRESENTATION_STYLE_ASSIGNMENT((#16447));
#16447 = SURFACE_STYLE_USAGE(.BOTH.,#16448);
#16448 = SURFACE_SIDE_STYLE('',(#16449));
#16449 = SURFACE_STYLE_FILL_AREA(#16450);
#16450 = FILL_AREA_STYLE('',(#16451));
#16451 = FILL_AREA_STYLE_COLOUR('',#16452);
#16452 = COLOUR_RGB('',0.699999984889,9.999999991362E-02,
  5.000000142576E-02);
#16453 = STYLED_ITEM('color',(#16454),#8392);
#16454 = PRESENTATION_STYLE_ASSIGNMENT((#16455));
#16455 = SURFACE_STYLE_USAGE(.BOTH.,#16456);
#16456 = SURFACE_SIDE_STYLE('',(#16457));
#16457 = SURFACE_STYLE_FILL_AREA(#16458);
#16458 = FILL_AREA_STYLE('',(#16459));
#16459 = FILL_AREA_STYLE_COLOUR('',#16452);
#16460 = STYLED_ITEM('color',(#16461),#8437);
#16461 = PRESENTATION_STYLE_ASSIGNMENT((#16462));
#16462 = SURFACE_STYLE_USAGE(.BOTH.,#16463);
#16463 = SURFACE_SIDE_STYLE('',(#16464));
#16464 = SURFACE_STYLE_FILL_AREA(#16465);
#16465 = FILL_AREA_STYLE('',(#16466));
#16466 = FILL_AREA_STYLE_COLOUR('',#16452);
#16467 = STYLED_ITEM('color',(#16468),#8481);
#16468 = PRESENTATION_STYLE_ASSIGNMENT((#16469));
#16469 = SURFACE_STYLE_USAGE(.BOTH.,#16470);
#16470 = SURFACE_SIDE_STYLE('',(#16471));
#16471 = SURFACE_STYLE_FILL_AREA(#16472);
#16472 = FILL_AREA_STYLE('',(#16473));
#16473 = FILL_AREA_STYLE_COLOUR('',#16452);
#16474 = STYLED_ITEM('color',(#16475),#8513);
#16475 = PRESENTATION_STYLE_ASSIGNMENT((#16476));
#16476 = SURFACE_STYLE_USAGE(.BOTH.,#16477);
#16477 = SURFACE_SIDE_STYLE('',(#16478));
#16478 = SURFACE_STYLE_FILL_AREA(#16479);
#16479 = FILL_AREA_STYLE('',(#16480));
#16480 = FILL_AREA_STYLE_COLOUR('',#16452);
#16481 = STYLED_ITEM('color',(#16482),#8532);
#16482 = PRESENTATION_STYLE_ASSIGNMENT((#16483));
#16483 = SURFACE_STYLE_USAGE(.BOTH.,#16484);
#16484 = SURFACE_SIDE_STYLE('',(#16485));
#16485 = SURFACE_STYLE_FILL_AREA(#16486);
#16486 = FILL_AREA_STYLE('',(#16487));
#16487 = FILL_AREA_STYLE_COLOUR('',#16452);
#16488 = STYLED_ITEM('color',(#16489),#8610);
#16489 = PRESENTATION_STYLE_ASSIGNMENT((#16490));
#16490 = SURFACE_STYLE_USAGE(.BOTH.,#16491);
#16491 = SURFACE_SIDE_STYLE('',(#16492));
#16492 = SURFACE_STYLE_FILL_AREA(#16493);
#16493 = FILL_AREA_STYLE('',(#16494));
#16494 = FILL_AREA_STYLE_COLOUR('',#16495);
#16495 = COLOUR_RGB('',0.823999987314,0.819999987296,0.781000009244);
#16496 = STYLED_ITEM('color',(#16497),#8641);
#16497 = PRESENTATION_STYLE_ASSIGNMENT((#16498));
#16498 = SURFACE_STYLE_USAGE(.BOTH.,#16499);
#16499 = SURFACE_SIDE_STYLE('',(#16500));
#16500 = SURFACE_STYLE_FILL_AREA(#16501);
#16501 = FILL_AREA_STYLE('',(#16502));
#16502 = FILL_AREA_STYLE_COLOUR('',#16495);
#16503 = STYLED_ITEM('color',(#16504),#8665);
#16504 = PRESENTATION_STYLE_ASSIGNMENT((#16505));
#16505 = SURFACE_STYLE_USAGE(.BOTH.,#16506);
#16506 = SURFACE_SIDE_STYLE('',(#16507));
#16507 = SURFACE_STYLE_FILL_AREA(#16508);
#16508 = FILL_AREA_STYLE('',(#16509));
#16509 = FILL_AREA_STYLE_COLOUR('',#16495);
#16510 = STYLED_ITEM('color',(#16511),#8689);
#16511 = PRESENTATION_STYLE_ASSIGNMENT((#16512));
#16512 = SURFACE_STYLE_USAGE(.BOTH.,#16513);
#16513 = SURFACE_SIDE_STYLE('',(#16514));
#16514 = SURFACE_STYLE_FILL_AREA(#16515);
#16515 = FILL_AREA_STYLE('',(#16516));
#16516 = FILL_AREA_STYLE_COLOUR('',#16495);
#16517 = STYLED_ITEM('color',(#16518),#8706);
#16518 = PRESENTATION_STYLE_ASSIGNMENT((#16519));
#16519 = SURFACE_STYLE_USAGE(.BOTH.,#16520);
#16520 = SURFACE_SIDE_STYLE('',(#16521));
#16521 = SURFACE_STYLE_FILL_AREA(#16522);
#16522 = FILL_AREA_STYLE('',(#16523));
#16523 = FILL_AREA_STYLE_COLOUR('',#16495);
#16524 = STYLED_ITEM('color',(#16525),#8737);
#16525 = PRESENTATION_STYLE_ASSIGNMENT((#16526));
#16526 = SURFACE_STYLE_USAGE(.BOTH.,#16527);
#16527 = SURFACE_SIDE_STYLE('',(#16528));
#16528 = SURFACE_STYLE_FILL_AREA(#16529);
#16529 = FILL_AREA_STYLE('',(#16530));
#16530 = FILL_AREA_STYLE_COLOUR('',#16495);
#16531 = STYLED_ITEM('color',(#16532),#8761);
#16532 = PRESENTATION_STYLE_ASSIGNMENT((#16533));
#16533 = SURFACE_STYLE_USAGE(.BOTH.,#16534);
#16534 = SURFACE_SIDE_STYLE('',(#16535));
#16535 = SURFACE_STYLE_FILL_AREA(#16536);
#16536 = FILL_AREA_STYLE('',(#16537));
#16537 = FILL_AREA_STYLE_COLOUR('',#16495);
#16538 = STYLED_ITEM('color',(#16539),#8785);
#16539 = PRESENTATION_STYLE_ASSIGNMENT((#16540));
#16540 = SURFACE_STYLE_USAGE(.BOTH.,#16541);
#16541 = SURFACE_SIDE_STYLE('',(#16542));
#16542 = SURFACE_STYLE_FILL_AREA(#16543);
#16543 = FILL_AREA_STYLE('',(#16544));
#16544 = FILL_AREA_STYLE_COLOUR('',#16495);
#16545 = STYLED_ITEM('color',(#16546),#8802);
#16546 = PRESENTATION_STYLE_ASSIGNMENT((#16547));
#16547 = SURFACE_STYLE_USAGE(.BOTH.,#16548);
#16548 = SURFACE_SIDE_STYLE('',(#16549));
#16549 = SURFACE_STYLE_FILL_AREA(#16550);
#16550 = FILL_AREA_STYLE('',(#16551));
#16551 = FILL_AREA_STYLE_COLOUR('',#16495);
#16552 = STYLED_ITEM('color',(#16553),#8814);
#16553 = PRESENTATION_STYLE_ASSIGNMENT((#16554));
#16554 = SURFACE_STYLE_USAGE(.BOTH.,#16555);
#16555 = SURFACE_SIDE_STYLE('',(#16556));
#16556 = SURFACE_STYLE_FILL_AREA(#16557);
#16557 = FILL_AREA_STYLE('',(#16558));
#16558 = FILL_AREA_STYLE_COLOUR('',#16495);
#16559 = MECHANICAL_DESIGN_GEOMETRIC_PRESENTATION_REPRESENTATION('',(
    #16560,#16568,#16575,#16582,#16589,#16596,#16603,#16610,#16617,
    #16624,#16631,#16638,#16645,#16652,#16659,#16666,#16674,#16681,
    #16688,#16695,#16702,#16709,#16716,#16723,#16730,#16737),#9627);
#16560 = STYLED_ITEM('color',(#16561),#8877);
#16561 = PRESENTATION_STYLE_ASSIGNMENT((#16562));
#16562 = SURFACE_STYLE_USAGE(.BOTH.,#16563);
#16563 = SURFACE_SIDE_STYLE('',(#16564));
#16564 = SURFACE_STYLE_FILL_AREA(#16565);
#16565 = FILL_AREA_STYLE('',(#16566));
#16566 = FILL_AREA_STYLE_COLOUR('',#16567);
#16567 = COLOUR_RGB('',0.443137255223,0.443137255223,0.443137255223);
#16568 = STYLED_ITEM('color',(#16569),#8917);
#16569 = PRESENTATION_STYLE_ASSIGNMENT((#16570));
#16570 = SURFACE_STYLE_USAGE(.BOTH.,#16571);
#16571 = SURFACE_SIDE_STYLE('',(#16572));
#16572 = SURFACE_STYLE_FILL_AREA(#16573);
#16573 = FILL_AREA_STYLE('',(#16574));
#16574 = FILL_AREA_STYLE_COLOUR('',#16567);
#16575 = STYLED_ITEM('color',(#16576),#8950);
#16576 = PRESENTATION_STYLE_ASSIGNMENT((#16577));
#16577 = SURFACE_STYLE_USAGE(.BOTH.,#16578);
#16578 = SURFACE_SIDE_STYLE('',(#16579));
#16579 = SURFACE_STYLE_FILL_AREA(#16580);
#16580 = FILL_AREA_STYLE('',(#16581));
#16581 = FILL_AREA_STYLE_COLOUR('',#16567);
#16582 = STYLED_ITEM('color',(#16583),#8983);
#16583 = PRESENTATION_STYLE_ASSIGNMENT((#16584));
#16584 = SURFACE_STYLE_USAGE(.BOTH.,#16585);
#16585 = SURFACE_SIDE_STYLE('',(#16586));
#16586 = SURFACE_STYLE_FILL_AREA(#16587);
#16587 = FILL_AREA_STYLE('',(#16588));
#16588 = FILL_AREA_STYLE_COLOUR('',#16567);
#16589 = STYLED_ITEM('color',(#16590),#9072);
#16590 = PRESENTATION_STYLE_ASSIGNMENT((#16591));
#16591 = SURFACE_STYLE_USAGE(.BOTH.,#16592);
#16592 = SURFACE_SIDE_STYLE('',(#16593));
#16593 = SURFACE_STYLE_FILL_AREA(#16594);
#16594 = FILL_AREA_STYLE('',(#16595));
#16595 = FILL_AREA_STYLE_COLOUR('',#16567);
#16596 = STYLED_ITEM('color',(#16597),#9161);
#16597 = PRESENTATION_STYLE_ASSIGNMENT((#16598));
#16598 = SURFACE_STYLE_USAGE(.BOTH.,#16599);
#16599 = SURFACE_SIDE_STYLE('',(#16600));
#16600 = SURFACE_STYLE_FILL_AREA(#16601);
#16601 = FILL_AREA_STYLE('',(#16602));
#16602 = FILL_AREA_STYLE_COLOUR('',#16567);
#16603 = STYLED_ITEM('color',(#16604),#9178);
#16604 = PRESENTATION_STYLE_ASSIGNMENT((#16605));
#16605 = SURFACE_STYLE_USAGE(.BOTH.,#16606);
#16606 = SURFACE_SIDE_STYLE('',(#16607));
#16607 = SURFACE_STYLE_FILL_AREA(#16608);
#16608 = FILL_AREA_STYLE('',(#16609));
#16609 = FILL_AREA_STYLE_COLOUR('',#16567);
#16610 = STYLED_ITEM('color',(#16611),#9195);
#16611 = PRESENTATION_STYLE_ASSIGNMENT((#16612));
#16612 = SURFACE_STYLE_USAGE(.BOTH.,#16613);
#16613 = SURFACE_SIDE_STYLE('',(#16614));
#16614 = SURFACE_STYLE_FILL_AREA(#16615);
#16615 = FILL_AREA_STYLE('',(#16616));
#16616 = FILL_AREA_STYLE_COLOUR('',#16567);
#16617 = STYLED_ITEM('color',(#16618),#9207);
#16618 = PRESENTATION_STYLE_ASSIGNMENT((#16619));
#16619 = SURFACE_STYLE_USAGE(.BOTH.,#16620);
#16620 = SURFACE_SIDE_STYLE('',(#16621));
#16621 = SURFACE_STYLE_FILL_AREA(#16622);
#16622 = FILL_AREA_STYLE('',(#16623));
#16623 = FILL_AREA_STYLE_COLOUR('',#16567);
#16624 = STYLED_ITEM('color',(#16625),#9243);
#16625 = PRESENTATION_STYLE_ASSIGNMENT((#16626));
#16626 = SURFACE_STYLE_USAGE(.BOTH.,#16627);
#16627 = SURFACE_SIDE_STYLE('',(#16628));
#16628 = SURFACE_STYLE_FILL_AREA(#16629);
#16629 = FILL_AREA_STYLE('',(#16630));
#16630 = FILL_AREA_STYLE_COLOUR('',#16567);
#16631 = STYLED_ITEM('color',(#16632),#9274);
#16632 = PRESENTATION_STYLE_ASSIGNMENT((#16633));
#16633 = SURFACE_STYLE_USAGE(.BOTH.,#16634);
#16634 = SURFACE_SIDE_STYLE('',(#16635));
#16635 = SURFACE_STYLE_FILL_AREA(#16636);
#16636 = FILL_AREA_STYLE('',(#16637));
#16637 = FILL_AREA_STYLE_COLOUR('',#16567);
#16638 = STYLED_ITEM('color',(#16639),#9299);
#16639 = PRESENTATION_STYLE_ASSIGNMENT((#16640));
#16640 = SURFACE_STYLE_USAGE(.BOTH.,#16641);
#16641 = SURFACE_SIDE_STYLE('',(#16642));
#16642 = SURFACE_STYLE_FILL_AREA(#16643);
#16643 = FILL_AREA_STYLE('',(#16644));
#16644 = FILL_AREA_STYLE_COLOUR('',#16567);
#16645 = STYLED_ITEM('color',(#16646),#9324);
#16646 = PRESENTATION_STYLE_ASSIGNMENT((#16647));
#16647 = SURFACE_STYLE_USAGE(.BOTH.,#16648);
#16648 = SURFACE_SIDE_STYLE('',(#16649));
#16649 = SURFACE_STYLE_FILL_AREA(#16650);
#16650 = FILL_AREA_STYLE('',(#16651));
#16651 = FILL_AREA_STYLE_COLOUR('',#16567);
#16652 = STYLED_ITEM('color',(#16653),#9348);
#16653 = PRESENTATION_STYLE_ASSIGNMENT((#16654));
#16654 = SURFACE_STYLE_USAGE(.BOTH.,#16655);
#16655 = SURFACE_SIDE_STYLE('',(#16656));
#16656 = SURFACE_STYLE_FILL_AREA(#16657);
#16657 = FILL_AREA_STYLE('',(#16658));
#16658 = FILL_AREA_STYLE_COLOUR('',#16567);
#16659 = STYLED_ITEM('color',(#16660),#9373);
#16660 = PRESENTATION_STYLE_ASSIGNMENT((#16661));
#16661 = SURFACE_STYLE_USAGE(.BOTH.,#16662);
#16662 = SURFACE_SIDE_STYLE('',(#16663));
#16663 = SURFACE_STYLE_FILL_AREA(#16664);
#16664 = FILL_AREA_STYLE('',(#16665));
#16665 = FILL_AREA_STYLE_COLOUR('',#16567);
#16666 = STYLED_ITEM('color',(#16667),#9391);
#16667 = PRESENTATION_STYLE_ASSIGNMENT((#16668));
#16668 = SURFACE_STYLE_USAGE(.BOTH.,#16669);
#16669 = SURFACE_SIDE_STYLE('',(#16670));
#16670 = SURFACE_STYLE_FILL_AREA(#16671);
#16671 = FILL_AREA_STYLE('',(#16672));
#16672 = FILL_AREA_STYLE_COLOUR('',#16673);
#16673 = COLOUR_RGB('',0.399999997426,0.274509816483,0.);
#16674 = STYLED_ITEM('color',(#16675),#9416);
#16675 = PRESENTATION_STYLE_ASSIGNMENT((#16676));
#16676 = SURFACE_STYLE_USAGE(.BOTH.,#16677);
#16677 = SURFACE_SIDE_STYLE('',(#16678));
#16678 = SURFACE_STYLE_FILL_AREA(#16679);
#16679 = FILL_AREA_STYLE('',(#16680));
#16680 = FILL_AREA_STYLE_COLOUR('',#16673);
#16681 = STYLED_ITEM('color',(#16682),#9441);
#16682 = PRESENTATION_STYLE_ASSIGNMENT((#16683));
#16683 = SURFACE_STYLE_USAGE(.BOTH.,#16684);
#16684 = SURFACE_SIDE_STYLE('',(#16685));
#16685 = SURFACE_STYLE_FILL_AREA(#16686);
#16686 = FILL_AREA_STYLE('',(#16687));
#16687 = FILL_AREA_STYLE_COLOUR('',#16567);
#16688 = STYLED_ITEM('color',(#16689),#9474);
#16689 = PRESENTATION_STYLE_ASSIGNMENT((#16690));
#16690 = SURFACE_STYLE_USAGE(.BOTH.,#16691);
#16691 = SURFACE_SIDE_STYLE('',(#16692));
#16692 = SURFACE_STYLE_FILL_AREA(#16693);
#16693 = FILL_AREA_STYLE('',(#16694));
#16694 = FILL_AREA_STYLE_COLOUR('',#16567);
#16695 = STYLED_ITEM('color',(#16696),#9500);
#16696 = PRESENTATION_STYLE_ASSIGNMENT((#16697));
#16697 = SURFACE_STYLE_USAGE(.BOTH.,#16698);
#16698 = SURFACE_SIDE_STYLE('',(#16699));
#16699 = SURFACE_STYLE_FILL_AREA(#16700);
#16700 = FILL_AREA_STYLE('',(#16701));
#16701 = FILL_AREA_STYLE_COLOUR('',#16567);
#16702 = STYLED_ITEM('color',(#16703),#9526);
#16703 = PRESENTATION_STYLE_ASSIGNMENT((#16704));
#16704 = SURFACE_STYLE_USAGE(.BOTH.,#16705);
#16705 = SURFACE_SIDE_STYLE('',(#16706));
#16706 = SURFACE_STYLE_FILL_AREA(#16707);
#16707 = FILL_AREA_STYLE('',(#16708));
#16708 = FILL_AREA_STYLE_COLOUR('',#16567);
#16709 = STYLED_ITEM('color',(#16710),#9551);
#16710 = PRESENTATION_STYLE_ASSIGNMENT((#16711));
#16711 = SURFACE_STYLE_USAGE(.BOTH.,#16712);
#16712 = SURFACE_SIDE_STYLE('',(#16713));
#16713 = SURFACE_STYLE_FILL_AREA(#16714);
#16714 = FILL_AREA_STYLE('',(#16715));
#16715 = FILL_AREA_STYLE_COLOUR('',#16567);
#16716 = STYLED_ITEM('color',(#16717),#9577);
#16717 = PRESENTATION_STYLE_ASSIGNMENT((#16718));
#16718 = SURFACE_STYLE_USAGE(.BOTH.,#16719);
#16719 = SURFACE_SIDE_STYLE('',(#16720));
#16720 = SURFACE_STYLE_FILL_AREA(#16721);
#16721 = FILL_AREA_STYLE('',(#16722));
#16722 = FILL_AREA_STYLE_COLOUR('',#16567);
#16723 = STYLED_ITEM('color',(#16724),#9595);
#16724 = PRESENTATION_STYLE_ASSIGNMENT((#16725));
#16725 = SURFACE_STYLE_USAGE(.BOTH.,#16726);
#16726 = SURFACE_SIDE_STYLE('',(#16727));
#16727 = SURFACE_STYLE_FILL_AREA(#16728);
#16728 = FILL_AREA_STYLE('',(#16729));
#16729 = FILL_AREA_STYLE_COLOUR('',#16673);
#16730 = STYLED_ITEM('color',(#16731),#9604);
#16731 = PRESENTATION_STYLE_ASSIGNMENT((#16732));
#16732 = SURFACE_STYLE_USAGE(.BOTH.,#16733);
#16733 = SURFACE_SIDE_STYLE('',(#16734));
#16734 = SURFACE_STYLE_FILL_AREA(#16735);
#16735 = FILL_AREA_STYLE('',(#16736));
#16736 = FILL_AREA_STYLE_COLOUR('',#16673);
#16737 = STYLED_ITEM('color',(#16738),#9613);
#16738 = PRESENTATION_STYLE_ASSIGNMENT((#16739));
#16739 = SURFACE_STYLE_USAGE(.BOTH.,#16740);
#16740 = SURFACE_SIDE_STYLE('',(#16741));
#16741 = SURFACE_STYLE_FILL_AREA(#16742);
#16742 = FILL_AREA_STYLE('',(#16743));
#16743 = FILL_AREA_STYLE_COLOUR('',#16567);
#16744 = MECHANICAL_DESIGN_GEOMETRIC_PRESENTATION_REPRESENTATION('',(
    #16745,#16753,#16760,#16767,#16774,#16781,#16788,#16795,#16802,
    #16809,#16816,#16823,#16830,#16837,#16844,#16851,#16858),#922);
#16745 = STYLED_ITEM('color',(#16746),#537);
#16746 = PRESENTATION_STYLE_ASSIGNMENT((#16747));
#16747 = SURFACE_STYLE_USAGE(.BOTH.,#16748);
#16748 = SURFACE_SIDE_STYLE('',(#16749));
#16749 = SURFACE_STYLE_FILL_AREA(#16750);
#16750 = FILL_AREA_STYLE('',(#16751));
#16751 = FILL_AREA_STYLE_COLOUR('',#16752);
#16752 = COLOUR_RGB('',0.883000012551,0.711000022565,0.492000011028);
#16753 = STYLED_ITEM('color',(#16754),#570);
#16754 = PRESENTATION_STYLE_ASSIGNMENT((#16755));
#16755 = SURFACE_STYLE_USAGE(.BOTH.,#16756);
#16756 = SURFACE_SIDE_STYLE('',(#16757));
#16757 = SURFACE_STYLE_FILL_AREA(#16758);
#16758 = FILL_AREA_STYLE('',(#16759));
#16759 = FILL_AREA_STYLE_COLOUR('',#16752);
#16760 = STYLED_ITEM('color',(#16761),#596);
#16761 = PRESENTATION_STYLE_ASSIGNMENT((#16762));
#16762 = SURFACE_STYLE_USAGE(.BOTH.,#16763);
#16763 = SURFACE_SIDE_STYLE('',(#16764));
#16764 = SURFACE_STYLE_FILL_AREA(#16765);
#16765 = FILL_AREA_STYLE('',(#16766));
#16766 = FILL_AREA_STYLE_COLOUR('',#16752);
#16767 = STYLED_ITEM('color',(#16768),#616);
#16768 = PRESENTATION_STYLE_ASSIGNMENT((#16769));
#16769 = SURFACE_STYLE_USAGE(.BOTH.,#16770);
#16770 = SURFACE_SIDE_STYLE('',(#16771));
#16771 = SURFACE_STYLE_FILL_AREA(#16772);
#16772 = FILL_AREA_STYLE('',(#16773));
#16773 = FILL_AREA_STYLE_COLOUR('',#16752);
#16774 = STYLED_ITEM('color',(#16775),#636);
#16775 = PRESENTATION_STYLE_ASSIGNMENT((#16776));
#16776 = SURFACE_STYLE_USAGE(.BOTH.,#16777);
#16777 = SURFACE_SIDE_STYLE('',(#16778));
#16778 = SURFACE_STYLE_FILL_AREA(#16779);
#16779 = FILL_AREA_STYLE('',(#16780));
#16780 = FILL_AREA_STYLE_COLOUR('',#16752);
#16781 = STYLED_ITEM('color',(#16782),#661);
#16782 = PRESENTATION_STYLE_ASSIGNMENT((#16783));
#16783 = SURFACE_STYLE_USAGE(.BOTH.,#16784);
#16784 = SURFACE_SIDE_STYLE('',(#16785));
#16785 = SURFACE_STYLE_FILL_AREA(#16786);
#16786 = FILL_AREA_STYLE('',(#16787));
#16787 = FILL_AREA_STYLE_COLOUR('',#16495);
#16788 = STYLED_ITEM('color',(#16789),#686);
#16789 = PRESENTATION_STYLE_ASSIGNMENT((#16790));
#16790 = SURFACE_STYLE_USAGE(.BOTH.,#16791);
#16791 = SURFACE_SIDE_STYLE('',(#16792));
#16792 = SURFACE_STYLE_FILL_AREA(#16793);
#16793 = FILL_AREA_STYLE('',(#16794));
#16794 = FILL_AREA_STYLE_COLOUR('',#16752);
#16795 = STYLED_ITEM('color',(#16796),#706);
#16796 = PRESENTATION_STYLE_ASSIGNMENT((#16797));
#16797 = SURFACE_STYLE_USAGE(.BOTH.,#16798);
#16798 = SURFACE_SIDE_STYLE('',(#16799));
#16799 = SURFACE_STYLE_FILL_AREA(#16800);
#16800 = FILL_AREA_STYLE('',(#16801));
#16801 = FILL_AREA_STYLE_COLOUR('',#16495);
#16802 = STYLED_ITEM('color',(#16803),#732);
#16803 = PRESENTATION_STYLE_ASSIGNMENT((#16804));
#16804 = SURFACE_STYLE_USAGE(.BOTH.,#16805);
#16805 = SURFACE_SIDE_STYLE('',(#16806));
#16806 = SURFACE_STYLE_FILL_AREA(#16807);
#16807 = FILL_AREA_STYLE('',(#16808));
#16808 = FILL_AREA_STYLE_COLOUR('',#16752);
#16809 = STYLED_ITEM('color',(#16810),#757);
#16810 = PRESENTATION_STYLE_ASSIGNMENT((#16811));
#16811 = SURFACE_STYLE_USAGE(.BOTH.,#16812);
#16812 = SURFACE_SIDE_STYLE('',(#16813));
#16813 = SURFACE_STYLE_FILL_AREA(#16814);
#16814 = FILL_AREA_STYLE('',(#16815));
#16815 = FILL_AREA_STYLE_COLOUR('',#16495);
#16816 = STYLED_ITEM('color',(#16817),#782);
#16817 = PRESENTATION_STYLE_ASSIGNMENT((#16818));
#16818 = SURFACE_STYLE_USAGE(.BOTH.,#16819);
#16819 = SURFACE_SIDE_STYLE('',(#16820));
#16820 = SURFACE_STYLE_FILL_AREA(#16821);
#16821 = FILL_AREA_STYLE('',(#16822));
#16822 = FILL_AREA_STYLE_COLOUR('',#16752);
#16823 = STYLED_ITEM('color',(#16824),#808);
#16824 = PRESENTATION_STYLE_ASSIGNMENT((#16825));
#16825 = SURFACE_STYLE_USAGE(.BOTH.,#16826);
#16826 = SURFACE_SIDE_STYLE('',(#16827));
#16827 = SURFACE_STYLE_FILL_AREA(#16828);
#16828 = FILL_AREA_STYLE('',(#16829));
#16829 = FILL_AREA_STYLE_COLOUR('',#16495);
#16830 = STYLED_ITEM('color',(#16831),#817);
#16831 = PRESENTATION_STYLE_ASSIGNMENT((#16832));
#16832 = SURFACE_STYLE_USAGE(.BOTH.,#16833);
#16833 = SURFACE_SIDE_STYLE('',(#16834));
#16834 = SURFACE_STYLE_FILL_AREA(#16835);
#16835 = FILL_AREA_STYLE('',(#16836));
#16836 = FILL_AREA_STYLE_COLOUR('',#16752);
#16837 = STYLED_ITEM('color',(#16838),#837);
#16838 = PRESENTATION_STYLE_ASSIGNMENT((#16839));
#16839 = SURFACE_STYLE_USAGE(.BOTH.,#16840);
#16840 = SURFACE_SIDE_STYLE('',(#16841));
#16841 = SURFACE_STYLE_FILL_AREA(#16842);
#16842 = FILL_AREA_STYLE('',(#16843));
#16843 = FILL_AREA_STYLE_COLOUR('',#16495);
#16844 = STYLED_ITEM('color',(#16845),#862);
#16845 = PRESENTATION_STYLE_ASSIGNMENT((#16846));
#16846 = SURFACE_STYLE_USAGE(.BOTH.,#16847);
#16847 = SURFACE_SIDE_STYLE('',(#16848));
#16848 = SURFACE_STYLE_FILL_AREA(#16849);
#16849 = FILL_AREA_STYLE('',(#16850));
#16850 = FILL_AREA_STYLE_COLOUR('',#16495);
#16851 = STYLED_ITEM('color',(#16852),#888);
#16852 = PRESENTATION_STYLE_ASSIGNMENT((#16853));
#16853 = SURFACE_STYLE_USAGE(.BOTH.,#16854);
#16854 = SURFACE_SIDE_STYLE('',(#16855));
#16855 = SURFACE_STYLE_FILL_AREA(#16856);
#16856 = FILL_AREA_STYLE('',(#16857));
#16857 = FILL_AREA_STYLE_COLOUR('',#16495);
#16858 = STYLED_ITEM('color',(#16859),#913);
#16859 = PRESENTATION_STYLE_ASSIGNMENT((#16860));
#16860 = SURFACE_STYLE_USAGE(.BOTH.,#16861);
#16861 = SURFACE_SIDE_STYLE('',(#16862));
#16862 = SURFACE_STYLE_FILL_AREA(#16863);
#16863 = FILL_AREA_STYLE('',(#16864));
#16864 = FILL_AREA_STYLE_COLOUR('',#16495);
#16865 = MECHANICAL_DESIGN_GEOMETRIC_PRESENTATION_REPRESENTATION('',(
    #16866),#16433);
#16866 = STYLED_ITEM('color',(#16867),#12305);
#16867 = PRESENTATION_STYLE_ASSIGNMENT((#16868));
#16868 = SURFACE_STYLE_USAGE(.BOTH.,#16869);
#16869 = SURFACE_SIDE_STYLE('',(#16870));
#16870 = SURFACE_STYLE_FILL_AREA(#16871);
#16871 = FILL_AREA_STYLE('',(#16872));
#16872 = FILL_AREA_STYLE_COLOUR('',#16873);
#16873 = COLOUR_RGB('',0.313304153717,0.484529207832,0.410020903123);
#16874 = MECHANICAL_DESIGN_GEOMETRIC_PRESENTATION_REPRESENTATION('',(
    #16875,#16882,#16889,#16897,#16904,#16911,#16918,#16925,#16932,
    #16939,#16946,#16953,#16960,#16967,#16974,#16981,#16988,#16995,
    #17002,#17009,#17016,#17023,#17030,#17037,#17044,#17051,#17058,
    #17065,#17072,#17079,#17086,#17093),#8344);
#16875 = STYLED_ITEM('color',(#16876),#7359);
#16876 = PRESENTATION_STYLE_ASSIGNMENT((#16877));
#16877 = SURFACE_STYLE_USAGE(.BOTH.,#16878);
#16878 = SURFACE_SIDE_STYLE('',(#16879));
#16879 = SURFACE_STYLE_FILL_AREA(#16880);
#16880 = FILL_AREA_STYLE('',(#16881));
#16881 = FILL_AREA_STYLE_COLOUR('',#16495);
#16882 = STYLED_ITEM('color',(#16883),#7376);
#16883 = PRESENTATION_STYLE_ASSIGNMENT((#16884));
#16884 = SURFACE_STYLE_USAGE(.BOTH.,#16885);
#16885 = SURFACE_SIDE_STYLE('',(#16886));
#16886 = SURFACE_STYLE_FILL_AREA(#16887);
#16887 = FILL_AREA_STYLE('',(#16888));
#16888 = FILL_AREA_STYLE_COLOUR('',#16495);
#16889 = STYLED_ITEM('color',(#16890),#7401);
#16890 = PRESENTATION_STYLE_ASSIGNMENT((#16891));
#16891 = SURFACE_STYLE_USAGE(.BOTH.,#16892);
#16892 = SURFACE_SIDE_STYLE('',(#16893));
#16893 = SURFACE_STYLE_FILL_AREA(#16894);
#16894 = FILL_AREA_STYLE('',(#16895));
#16895 = FILL_AREA_STYLE_COLOUR('',#16896);
#16896 = COLOUR_RGB('',0.136999991899,0.40200001271,0.726999997272);
#16897 = STYLED_ITEM('color',(#16898),#7432);
#16898 = PRESENTATION_STYLE_ASSIGNMENT((#16899));
#16899 = SURFACE_STYLE_USAGE(.BOTH.,#16900);
#16900 = SURFACE_SIDE_STYLE('',(#16901));
#16901 = SURFACE_STYLE_FILL_AREA(#16902);
#16902 = FILL_AREA_STYLE('',(#16903));
#16903 = FILL_AREA_STYLE_COLOUR('',#16896);
#16904 = STYLED_ITEM('color',(#16905),#7457);
#16905 = PRESENTATION_STYLE_ASSIGNMENT((#16906));
#16906 = SURFACE_STYLE_USAGE(.BOTH.,#16907);
#16907 = SURFACE_SIDE_STYLE('',(#16908));
#16908 = SURFACE_STYLE_FILL_AREA(#16909);
#16909 = FILL_AREA_STYLE('',(#16910));
#16910 = FILL_AREA_STYLE_COLOUR('',#16495);
#16911 = STYLED_ITEM('color',(#16912),#7482);
#16912 = PRESENTATION_STYLE_ASSIGNMENT((#16913));
#16913 = SURFACE_STYLE_USAGE(.BOTH.,#16914);
#16914 = SURFACE_SIDE_STYLE('',(#16915));
#16915 = SURFACE_STYLE_FILL_AREA(#16916);
#16916 = FILL_AREA_STYLE('',(#16917));
#16917 = FILL_AREA_STYLE_COLOUR('',#16896);
#16918 = STYLED_ITEM('color',(#16919),#7502);
#16919 = PRESENTATION_STYLE_ASSIGNMENT((#16920));
#16920 = SURFACE_STYLE_USAGE(.BOTH.,#16921);
#16921 = SURFACE_SIDE_STYLE('',(#16922));
#16922 = SURFACE_STYLE_FILL_AREA(#16923);
#16923 = FILL_AREA_STYLE('',(#16924));
#16924 = FILL_AREA_STYLE_COLOUR('',#16495);
#16925 = STYLED_ITEM('color',(#16926),#7511);
#16926 = PRESENTATION_STYLE_ASSIGNMENT((#16927));
#16927 = SURFACE_STYLE_USAGE(.BOTH.,#16928);
#16928 = SURFACE_SIDE_STYLE('',(#16929));
#16929 = SURFACE_STYLE_FILL_AREA(#16930);
#16930 = FILL_AREA_STYLE('',(#16931));
#16931 = FILL_AREA_STYLE_COLOUR('',#16896);
#16932 = STYLED_ITEM('color',(#16933),#7541);
#16933 = PRESENTATION_STYLE_ASSIGNMENT((#16934));
#16934 = SURFACE_STYLE_USAGE(.BOTH.,#16935);
#16935 = SURFACE_SIDE_STYLE('',(#16936));
#16936 = SURFACE_STYLE_FILL_AREA(#16937);
#16937 = FILL_AREA_STYLE('',(#16938));
#16938 = FILL_AREA_STYLE_COLOUR('',#16896);
#16939 = STYLED_ITEM('color',(#16940),#7576);
#16940 = PRESENTATION_STYLE_ASSIGNMENT((#16941));
#16941 = SURFACE_STYLE_USAGE(.BOTH.,#16942);
#16942 = SURFACE_SIDE_STYLE('',(#16943));
#16943 = SURFACE_STYLE_FILL_AREA(#16944);
#16944 = FILL_AREA_STYLE('',(#16945));
#16945 = FILL_AREA_STYLE_COLOUR('',#16896);
#16946 = STYLED_ITEM('color',(#16947),#7649);
#16947 = PRESENTATION_STYLE_ASSIGNMENT((#16948));
#16948 = SURFACE_STYLE_USAGE(.BOTH.,#16949);
#16949 = SURFACE_SIDE_STYLE('',(#16950));
#16950 = SURFACE_STYLE_FILL_AREA(#16951);
#16951 = FILL_AREA_STYLE('',(#16952));
#16952 = FILL_AREA_STYLE_COLOUR('',#16896);
#16953 = STYLED_ITEM('color',(#16954),#7689);
#16954 = PRESENTATION_STYLE_ASSIGNMENT((#16955));
#16955 = SURFACE_STYLE_USAGE(.BOTH.,#16956);
#16956 = SURFACE_SIDE_STYLE('',(#16957));
#16957 = SURFACE_STYLE_FILL_AREA(#16958);
#16958 = FILL_AREA_STYLE('',(#16959));
#16959 = FILL_AREA_STYLE_COLOUR('',#16896);
#16960 = STYLED_ITEM('color',(#16961),#7762);
#16961 = PRESENTATION_STYLE_ASSIGNMENT((#16962));
#16962 = SURFACE_STYLE_USAGE(.BOTH.,#16963);
#16963 = SURFACE_SIDE_STYLE('',(#16964));
#16964 = SURFACE_STYLE_FILL_AREA(#16965);
#16965 = FILL_AREA_STYLE('',(#16966));
#16966 = FILL_AREA_STYLE_COLOUR('',#16896);
#16967 = STYLED_ITEM('color',(#16968),#7787);
#16968 = PRESENTATION_STYLE_ASSIGNMENT((#16969));
#16969 = SURFACE_STYLE_USAGE(.BOTH.,#16970);
#16970 = SURFACE_SIDE_STYLE('',(#16971));
#16971 = SURFACE_STYLE_FILL_AREA(#16972);
#16972 = FILL_AREA_STYLE('',(#16973));
#16973 = FILL_AREA_STYLE_COLOUR('',#16896);
#16974 = STYLED_ITEM('color',(#16975),#7813);
#16975 = PRESENTATION_STYLE_ASSIGNMENT((#16976));
#16976 = SURFACE_STYLE_USAGE(.BOTH.,#16977);
#16977 = SURFACE_SIDE_STYLE('',(#16978));
#16978 = SURFACE_STYLE_FILL_AREA(#16979);
#16979 = FILL_AREA_STYLE('',(#16980));
#16980 = FILL_AREA_STYLE_COLOUR('',#16896);
#16981 = STYLED_ITEM('color',(#16982),#7833);
#16982 = PRESENTATION_STYLE_ASSIGNMENT((#16983));
#16983 = SURFACE_STYLE_USAGE(.BOTH.,#16984);
#16984 = SURFACE_SIDE_STYLE('',(#16985));
#16985 = SURFACE_STYLE_FILL_AREA(#16986);
#16986 = FILL_AREA_STYLE('',(#16987));
#16987 = FILL_AREA_STYLE_COLOUR('',#16896);
#16988 = STYLED_ITEM('color',(#16989),#8003);
#16989 = PRESENTATION_STYLE_ASSIGNMENT((#16990));
#16990 = SURFACE_STYLE_USAGE(.BOTH.,#16991);
#16991 = SURFACE_SIDE_STYLE('',(#16992));
#16992 = SURFACE_STYLE_FILL_AREA(#16993);
#16993 = FILL_AREA_STYLE('',(#16994));
#16994 = FILL_AREA_STYLE_COLOUR('',#16495);
#16995 = STYLED_ITEM('color',(#16996),#8073);
#16996 = PRESENTATION_STYLE_ASSIGNMENT((#16997));
#16997 = SURFACE_STYLE_USAGE(.BOTH.,#16998);
#16998 = SURFACE_SIDE_STYLE('',(#16999));
#16999 = SURFACE_STYLE_FILL_AREA(#17000);
#17000 = FILL_AREA_STYLE('',(#17001));
#17001 = FILL_AREA_STYLE_COLOUR('',#16495);
#17002 = STYLED_ITEM('color',(#17003),#8097);
#17003 = PRESENTATION_STYLE_ASSIGNMENT((#17004));
#17004 = SURFACE_STYLE_USAGE(.BOTH.,#17005);
#17005 = SURFACE_SIDE_STYLE('',(#17006));
#17006 = SURFACE_STYLE_FILL_AREA(#17007);
#17007 = FILL_AREA_STYLE('',(#17008));
#17008 = FILL_AREA_STYLE_COLOUR('',#16495);
#17009 = STYLED_ITEM('color',(#17010),#8113);
#17010 = PRESENTATION_STYLE_ASSIGNMENT((#17011));
#17011 = SURFACE_STYLE_USAGE(.BOTH.,#17012);
#17012 = SURFACE_SIDE_STYLE('',(#17013));
#17013 = SURFACE_STYLE_FILL_AREA(#17014);
#17014 = FILL_AREA_STYLE('',(#17015));
#17015 = FILL_AREA_STYLE_COLOUR('',#16495);
#17016 = STYLED_ITEM('color',(#17017),#8125);
#17017 = PRESENTATION_STYLE_ASSIGNMENT((#17018));
#17018 = SURFACE_STYLE_USAGE(.BOTH.,#17019);
#17019 = SURFACE_SIDE_STYLE('',(#17020));
#17020 = SURFACE_STYLE_FILL_AREA(#17021);
#17021 = FILL_AREA_STYLE('',(#17022));
#17022 = FILL_AREA_STYLE_COLOUR('',#16495);
#17023 = STYLED_ITEM('color',(#17024),#8149);
#17024 = PRESENTATION_STYLE_ASSIGNMENT((#17025));
#17025 = SURFACE_STYLE_USAGE(.BOTH.,#17026);
#17026 = SURFACE_SIDE_STYLE('',(#17027));
#17027 = SURFACE_STYLE_FILL_AREA(#17028);
#17028 = FILL_AREA_STYLE('',(#17029));
#17029 = FILL_AREA_STYLE_COLOUR('',#16495);
#17030 = STYLED_ITEM('color',(#17031),#8165);
#17031 = PRESENTATION_STYLE_ASSIGNMENT((#17032));
#17032 = SURFACE_STYLE_USAGE(.BOTH.,#17033);
#17033 = SURFACE_SIDE_STYLE('',(#17034));
#17034 = SURFACE_STYLE_FILL_AREA(#17035);
#17035 = FILL_AREA_STYLE('',(#17036));
#17036 = FILL_AREA_STYLE_COLOUR('',#16495);
#17037 = STYLED_ITEM('color',(#17038),#8177);
#17038 = PRESENTATION_STYLE_ASSIGNMENT((#17039));
#17039 = SURFACE_STYLE_USAGE(.BOTH.,#17040);
#17040 = SURFACE_SIDE_STYLE('',(#17041));
#17041 = SURFACE_STYLE_FILL_AREA(#17042);
#17042 = FILL_AREA_STYLE('',(#17043));
#17043 = FILL_AREA_STYLE_COLOUR('',#16495);
#17044 = STYLED_ITEM('color',(#17045),#8201);
#17045 = PRESENTATION_STYLE_ASSIGNMENT((#17046));
#17046 = SURFACE_STYLE_USAGE(.BOTH.,#17047);
#17047 = SURFACE_SIDE_STYLE('',(#17048));
#17048 = SURFACE_STYLE_FILL_AREA(#17049);
#17049 = FILL_AREA_STYLE('',(#17050));
#17050 = FILL_AREA_STYLE_COLOUR('',#16495);
#17051 = STYLED_ITEM('color',(#17052),#8217);
#17052 = PRESENTATION_STYLE_ASSIGNMENT((#17053));
#17053 = SURFACE_STYLE_USAGE(.BOTH.,#17054);
#17054 = SURFACE_SIDE_STYLE('',(#17055));
#17055 = SURFACE_STYLE_FILL_AREA(#17056);
#17056 = FILL_AREA_STYLE('',(#17057));
#17057 = FILL_AREA_STYLE_COLOUR('',#16495);
#17058 = STYLED_ITEM('color',(#17059),#8229);
#17059 = PRESENTATION_STYLE_ASSIGNMENT((#17060));
#17060 = SURFACE_STYLE_USAGE(.BOTH.,#17061);
#17061 = SURFACE_SIDE_STYLE('',(#17062));
#17062 = SURFACE_STYLE_FILL_AREA(#17063);
#17063 = FILL_AREA_STYLE('',(#17064));
#17064 = FILL_AREA_STYLE_COLOUR('',#16495);
#17065 = STYLED_ITEM('color',(#17066),#8253);
#17066 = PRESENTATION_STYLE_ASSIGNMENT((#17067));
#17067 = SURFACE_STYLE_USAGE(.BOTH.,#17068);
#17068 = SURFACE_SIDE_STYLE('',(#17069));
#17069 = SURFACE_STYLE_FILL_AREA(#17070);
#17070 = FILL_AREA_STYLE('',(#17071));
#17071 = FILL_AREA_STYLE_COLOUR('',#16495);
#17072 = STYLED_ITEM('color',(#17073),#8269);
#17073 = PRESENTATION_STYLE_ASSIGNMENT((#17074));
#17074 = SURFACE_STYLE_USAGE(.BOTH.,#17075);
#17075 = SURFACE_SIDE_STYLE('',(#17076));
#17076 = SURFACE_STYLE_FILL_AREA(#17077);
#17077 = FILL_AREA_STYLE('',(#17078));
#17078 = FILL_AREA_STYLE_COLOUR('',#16495);
#17079 = STYLED_ITEM('color',(#17080),#8283);
#17080 = PRESENTATION_STYLE_ASSIGNMENT((#17081));
#17081 = SURFACE_STYLE_USAGE(.BOTH.,#17082);
#17082 = SURFACE_SIDE_STYLE('',(#17083));
#17083 = SURFACE_STYLE_FILL_AREA(#17084);
#17084 = FILL_AREA_STYLE('',(#17085));
#17085 = FILL_AREA_STYLE_COLOUR('',#16896);
#17086 = STYLED_ITEM('color',(#17087),#8300);
#17087 = PRESENTATION_STYLE_ASSIGNMENT((#17088));
#17088 = SURFACE_STYLE_USAGE(.BOTH.,#17089);
#17089 = SURFACE_SIDE_STYLE('',(#17090));
#17090 = SURFACE_STYLE_FILL_AREA(#17091);
#17091 = FILL_AREA_STYLE('',(#17092));
#17092 = FILL_AREA_STYLE_COLOUR('',#16896);
#17093 = STYLED_ITEM('color',(#17094),#8334);
#17094 = PRESENTATION_STYLE_ASSIGNMENT((#17095));
#17095 = SURFACE_STYLE_USAGE(.BOTH.,#17096);
#17096 = SURFACE_SIDE_STYLE('',(#17097));
#17097 = SURFACE_STYLE_FILL_AREA(#17098);
#17098 = FILL_AREA_STYLE('',(#17099));
#17099 = FILL_AREA_STYLE_COLOUR('',#16495);
#17100 = MECHANICAL_DESIGN_GEOMETRIC_PRESENTATION_REPRESENTATION('',(
    #17101,#17108,#17115,#17122,#17129,#17136,#17144,#17151,#17158,
    #17165,#17172,#17179,#17186,#17193,#17200,#17207,#17214,#17221,
    #17228,#17235,#17242,#17249,#17256),#1585);
#17101 = STYLED_ITEM('color',(#17102),#943);
#17102 = PRESENTATION_STYLE_ASSIGNMENT((#17103));
#17103 = SURFACE_STYLE_USAGE(.BOTH.,#17104);
#17104 = SURFACE_SIDE_STYLE('',(#17105));
#17105 = SURFACE_STYLE_FILL_AREA(#17106);
#17106 = FILL_AREA_STYLE('',(#17107));
#17107 = FILL_AREA_STYLE_COLOUR('',#16495);
#17108 = STYLED_ITEM('color',(#17109),#983);
#17109 = PRESENTATION_STYLE_ASSIGNMENT((#17110));
#17110 = SURFACE_STYLE_USAGE(.BOTH.,#17111);
#17111 = SURFACE_SIDE_STYLE('',(#17112));
#17112 = SURFACE_STYLE_FILL_AREA(#17113);
#17113 = FILL_AREA_STYLE('',(#17114));
#17114 = FILL_AREA_STYLE_COLOUR('',#16495);
#17115 = STYLED_ITEM('color',(#17116),#1014);
#17116 = PRESENTATION_STYLE_ASSIGNMENT((#17117));
#17117 = SURFACE_STYLE_USAGE(.BOTH.,#17118);
#17118 = SURFACE_SIDE_STYLE('',(#17119));
#17119 = SURFACE_STYLE_FILL_AREA(#17120);
#17120 = FILL_AREA_STYLE('',(#17121));
#17121 = FILL_AREA_STYLE_COLOUR('',#16495);
#17122 = STYLED_ITEM('color',(#17123),#1045);
#17123 = PRESENTATION_STYLE_ASSIGNMENT((#17124));
#17124 = SURFACE_STYLE_USAGE(.BOTH.,#17125);
#17125 = SURFACE_SIDE_STYLE('',(#17126));
#17126 = SURFACE_STYLE_FILL_AREA(#17127);
#17127 = FILL_AREA_STYLE('',(#17128));
#17128 = FILL_AREA_STYLE_COLOUR('',#16495);
#17129 = STYLED_ITEM('color',(#17130),#1094);
#17130 = PRESENTATION_STYLE_ASSIGNMENT((#17131));
#17131 = SURFACE_STYLE_USAGE(.BOTH.,#17132);
#17132 = SURFACE_SIDE_STYLE('',(#17133));
#17133 = SURFACE_STYLE_FILL_AREA(#17134);
#17134 = FILL_AREA_STYLE('',(#17135));
#17135 = FILL_AREA_STYLE_COLOUR('',#16495);
#17136 = STYLED_ITEM('color',(#17137),#1143);
#17137 = PRESENTATION_STYLE_ASSIGNMENT((#17138));
#17138 = SURFACE_STYLE_USAGE(.BOTH.,#17139);
#17139 = SURFACE_SIDE_STYLE('',(#17140));
#17140 = SURFACE_STYLE_FILL_AREA(#17141);
#17141 = FILL_AREA_STYLE('',(#17142));
#17142 = FILL_AREA_STYLE_COLOUR('',#17143);
#17143 = COLOUR_RGB('',0.147999998088,0.144999993226,0.144999993226);
#17144 = STYLED_ITEM('color',(#17145),#1247);
#17145 = PRESENTATION_STYLE_ASSIGNMENT((#17146));
#17146 = SURFACE_STYLE_USAGE(.BOTH.,#17147);
#17147 = SURFACE_SIDE_STYLE('',(#17148));
#17148 = SURFACE_STYLE_FILL_AREA(#17149);
#17149 = FILL_AREA_STYLE('',(#17150));
#17150 = FILL_AREA_STYLE_COLOUR('',#16495);
#17151 = STYLED_ITEM('color',(#17152),#1264);
#17152 = PRESENTATION_STYLE_ASSIGNMENT((#17153));
#17153 = SURFACE_STYLE_USAGE(.BOTH.,#17154);
#17154 = SURFACE_SIDE_STYLE('',(#17155));
#17155 = SURFACE_STYLE_FILL_AREA(#17156);
#17156 = FILL_AREA_STYLE('',(#17157));
#17157 = FILL_AREA_STYLE_COLOUR('',#16495);
#17158 = STYLED_ITEM('color',(#17159),#1281);
#17159 = PRESENTATION_STYLE_ASSIGNMENT((#17160));
#17160 = SURFACE_STYLE_USAGE(.BOTH.,#17161);
#17161 = SURFACE_SIDE_STYLE('',(#17162));
#17162 = SURFACE_STYLE_FILL_AREA(#17163);
#17163 = FILL_AREA_STYLE('',(#17164));
#17164 = FILL_AREA_STYLE_COLOUR('',#16495);
#17165 = STYLED_ITEM('color',(#17166),#1298);
#17166 = PRESENTATION_STYLE_ASSIGNMENT((#17167));
#17167 = SURFACE_STYLE_USAGE(.BOTH.,#17168);
#17168 = SURFACE_SIDE_STYLE('',(#17169));
#17169 = SURFACE_STYLE_FILL_AREA(#17170);
#17170 = FILL_AREA_STYLE('',(#17171));
#17171 = FILL_AREA_STYLE_COLOUR('',#16495);
#17172 = STYLED_ITEM('color',(#17173),#1310);
#17173 = PRESENTATION_STYLE_ASSIGNMENT((#17174));
#17174 = SURFACE_STYLE_USAGE(.BOTH.,#17175);
#17175 = SURFACE_SIDE_STYLE('',(#17176));
#17176 = SURFACE_STYLE_FILL_AREA(#17177);
#17177 = FILL_AREA_STYLE('',(#17178));
#17178 = FILL_AREA_STYLE_COLOUR('',#17143);
#17179 = STYLED_ITEM('color',(#17180),#1341);
#17180 = PRESENTATION_STYLE_ASSIGNMENT((#17181));
#17181 = SURFACE_STYLE_USAGE(.BOTH.,#17182);
#17182 = SURFACE_SIDE_STYLE('',(#17183));
#17183 = SURFACE_STYLE_FILL_AREA(#17184);
#17184 = FILL_AREA_STYLE('',(#17185));
#17185 = FILL_AREA_STYLE_COLOUR('',#17143);
#17186 = STYLED_ITEM('color',(#17187),#1359);
#17187 = PRESENTATION_STYLE_ASSIGNMENT((#17188));
#17188 = SURFACE_STYLE_USAGE(.BOTH.,#17189);
#17189 = SURFACE_SIDE_STYLE('',(#17190));
#17190 = SURFACE_STYLE_FILL_AREA(#17191);
#17191 = FILL_AREA_STYLE('',(#17192));
#17192 = FILL_AREA_STYLE_COLOUR('',#16495);
#17193 = STYLED_ITEM('color',(#17194),#1390);
#17194 = PRESENTATION_STYLE_ASSIGNMENT((#17195));
#17195 = SURFACE_STYLE_USAGE(.BOTH.,#17196);
#17196 = SURFACE_SIDE_STYLE('',(#17197));
#17197 = SURFACE_STYLE_FILL_AREA(#17198);
#17198 = FILL_AREA_STYLE('',(#17199));
#17199 = FILL_AREA_STYLE_COLOUR('',#16495);
#17200 = STYLED_ITEM('color',(#17201),#1414);
#17201 = PRESENTATION_STYLE_ASSIGNMENT((#17202));
#17202 = SURFACE_STYLE_USAGE(.BOTH.,#17203);
#17203 = SURFACE_SIDE_STYLE('',(#17204));
#17204 = SURFACE_STYLE_FILL_AREA(#17205);
#17205 = FILL_AREA_STYLE('',(#17206));
#17206 = FILL_AREA_STYLE_COLOUR('',#16495);
#17207 = STYLED_ITEM('color',(#17208),#1438);
#17208 = PRESENTATION_STYLE_ASSIGNMENT((#17209));
#17209 = SURFACE_STYLE_USAGE(.BOTH.,#17210);
#17210 = SURFACE_SIDE_STYLE('',(#17211));
#17211 = SURFACE_STYLE_FILL_AREA(#17212);
#17212 = FILL_AREA_STYLE('',(#17213));
#17213 = FILL_AREA_STYLE_COLOUR('',#16495);
#17214 = STYLED_ITEM('color',(#17215),#1455);
#17215 = PRESENTATION_STYLE_ASSIGNMENT((#17216));
#17216 = SURFACE_STYLE_USAGE(.BOTH.,#17217);
#17217 = SURFACE_SIDE_STYLE('',(#17218));
#17218 = SURFACE_STYLE_FILL_AREA(#17219);
#17219 = FILL_AREA_STYLE('',(#17220));
#17220 = FILL_AREA_STYLE_COLOUR('',#16495);
#17221 = STYLED_ITEM('color',(#17222),#1486);
#17222 = PRESENTATION_STYLE_ASSIGNMENT((#17223));
#17223 = SURFACE_STYLE_USAGE(.BOTH.,#17224);
#17224 = SURFACE_SIDE_STYLE('',(#17225));
#17225 = SURFACE_STYLE_FILL_AREA(#17226);
#17226 = FILL_AREA_STYLE('',(#17227));
#17227 = FILL_AREA_STYLE_COLOUR('',#16495);
#17228 = STYLED_ITEM('color',(#17229),#1510);
#17229 = PRESENTATION_STYLE_ASSIGNMENT((#17230));
#17230 = SURFACE_STYLE_USAGE(.BOTH.,#17231);
#17231 = SURFACE_SIDE_STYLE('',(#17232));
#17232 = SURFACE_STYLE_FILL_AREA(#17233);
#17233 = FILL_AREA_STYLE('',(#17234));
#17234 = FILL_AREA_STYLE_COLOUR('',#16495);
#17235 = STYLED_ITEM('color',(#17236),#1534);
#17236 = PRESENTATION_STYLE_ASSIGNMENT((#17237));
#17237 = SURFACE_STYLE_USAGE(.BOTH.,#17238);
#17238 = SURFACE_SIDE_STYLE('',(#17239));
#17239 = SURFACE_STYLE_FILL_AREA(#17240);
#17240 = FILL_AREA_STYLE('',(#17241));
#17241 = FILL_AREA_STYLE_COLOUR('',#16495);
#17242 = STYLED_ITEM('color',(#17243),#1551);
#17243 = PRESENTATION_STYLE_ASSIGNMENT((#17244));
#17244 = SURFACE_STYLE_USAGE(.BOTH.,#17245);
#17245 = SURFACE_SIDE_STYLE('',(#17246));
#17246 = SURFACE_STYLE_FILL_AREA(#17247);
#17247 = FILL_AREA_STYLE('',(#17248));
#17248 = FILL_AREA_STYLE_COLOUR('',#17143);
#17249 = STYLED_ITEM('color',(#17250),#1561);
#17250 = PRESENTATION_STYLE_ASSIGNMENT((#17251));
#17251 = SURFACE_STYLE_USAGE(.BOTH.,#17252);
#17252 = SURFACE_SIDE_STYLE('',(#17253));
#17253 = SURFACE_STYLE_FILL_AREA(#17254);
#17254 = FILL_AREA_STYLE('',(#17255));
#17255 = FILL_AREA_STYLE_COLOUR('',#16495);
#17256 = STYLED_ITEM('color',(#17257),#1573);
#17257 = PRESENTATION_STYLE_ASSIGNMENT((#17258));
#17258 = SURFACE_STYLE_USAGE(.BOTH.,#17259);
#17259 = SURFACE_SIDE_STYLE('',(#17260));
#17260 = SURFACE_STYLE_FILL_AREA(#17261);
#17261 = FILL_AREA_STYLE('',(#17262));
#17262 = FILL_AREA_STYLE_COLOUR('',#16495);
#17263 = MECHANICAL_DESIGN_GEOMETRIC_PRESENTATION_REPRESENTATION('',(
    #17264,#17274,#17283,#17292,#17301,#17310,#17319,#17328,#17337,
    #17347,#17356,#17365,#17374,#17383,#17392,#17401,#17410,#17419,
    #17428,#17437,#17446,#17455,#17464,#17473,#17482,#17491,#17500,
    #17509,#17518,#17527,#17536,#17545,#17554,#17563,#17572,#17581,
    #17590,#17599,#17608,#17617,#17626,#17635,#17644,#17653,#17662,
    #17671,#17680,#17689,#17698,#17707,#17716,#17725,#17734,#17743,
    #17752,#17761,#17770,#17779,#17788,#17797,#17806,#17815,#17824,
    #17833,#17842,#17851,#17860,#17869,#17878,#17887,#17896,#17905,
    #17914,#17923,#17932,#17941,#17950,#17959,#17968,#17977,#17986,
    #17995,#18004,#18013,#18022,#18031,#18040,#18049,#18058,#18067,
    #18076,#18085,#18094,#18103,#18112,#18121,#18130,#18139,#18148,
    #18157,#18166,#18175,#18184,#18193,#18202,#18211,#18220,#18229,
    #18238,#18247,#18256,#18265),#12256);
#17264 = STYLED_ITEM('color',(#17265),#9648);
#17265 = PRESENTATION_STYLE_ASSIGNMENT((#17266,#17272));
#17266 = SURFACE_STYLE_USAGE(.BOTH.,#17267);
#17267 = SURFACE_SIDE_STYLE('',(#17268));
#17268 = SURFACE_STYLE_FILL_AREA(#17269);
#17269 = FILL_AREA_STYLE('',(#17270));
#17270 = FILL_AREA_STYLE_COLOUR('',#17271);
#17271 = COLOUR_RGB('',0.147999998088,0.145000001626,0.145000001626);
#17272 = CURVE_STYLE('',#17273,POSITIVE_LENGTH_MEASURE(0.1),#17271);
#17273 = DRAUGHTING_PRE_DEFINED_CURVE_FONT('continuous');
#17274 = STYLED_ITEM('color',(#17275),#9688);
#17275 = PRESENTATION_STYLE_ASSIGNMENT((#17276,#17281));
#17276 = SURFACE_STYLE_USAGE(.BOTH.,#17277);
#17277 = SURFACE_SIDE_STYLE('',(#17278));
#17278 = SURFACE_STYLE_FILL_AREA(#17279);
#17279 = FILL_AREA_STYLE('',(#17280));
#17280 = FILL_AREA_STYLE_COLOUR('',#17271);
#17281 = CURVE_STYLE('',#17282,POSITIVE_LENGTH_MEASURE(0.1),#17271);
#17282 = DRAUGHTING_PRE_DEFINED_CURVE_FONT('continuous');
#17283 = STYLED_ITEM('color',(#17284),#9751);
#17284 = PRESENTATION_STYLE_ASSIGNMENT((#17285,#17290));
#17285 = SURFACE_STYLE_USAGE(.BOTH.,#17286);
#17286 = SURFACE_SIDE_STYLE('',(#17287));
#17287 = SURFACE_STYLE_FILL_AREA(#17288);
#17288 = FILL_AREA_STYLE('',(#17289));
#17289 = FILL_AREA_STYLE_COLOUR('',#17271);
#17290 = CURVE_STYLE('',#17291,POSITIVE_LENGTH_MEASURE(0.1),#17271);
#17291 = DRAUGHTING_PRE_DEFINED_CURVE_FONT('continuous');
#17292 = STYLED_ITEM('color',(#17293),#9814);
#17293 = PRESENTATION_STYLE_ASSIGNMENT((#17294,#17299));
#17294 = SURFACE_STYLE_USAGE(.BOTH.,#17295);
#17295 = SURFACE_SIDE_STYLE('',(#17296));
#17296 = SURFACE_STYLE_FILL_AREA(#17297);
#17297 = FILL_AREA_STYLE('',(#17298));
#17298 = FILL_AREA_STYLE_COLOUR('',#17271);
#17299 = CURVE_STYLE('',#17300,POSITIVE_LENGTH_MEASURE(0.1),#17271);
#17300 = DRAUGHTING_PRE_DEFINED_CURVE_FONT('continuous');
#17301 = STYLED_ITEM('color',(#17302),#9831);
#17302 = PRESENTATION_STYLE_ASSIGNMENT((#17303,#17308));
#17303 = SURFACE_STYLE_USAGE(.BOTH.,#17304);
#17304 = SURFACE_SIDE_STYLE('',(#17305));
#17305 = SURFACE_STYLE_FILL_AREA(#17306);
#17306 = FILL_AREA_STYLE('',(#17307));
#17307 = FILL_AREA_STYLE_COLOUR('',#17271);
#17308 = CURVE_STYLE('',#17309,POSITIVE_LENGTH_MEASURE(0.1),#17271);
#17309 = DRAUGHTING_PRE_DEFINED_CURVE_FONT('continuous');
#17310 = STYLED_ITEM('color',(#17311),#9950);
#17311 = PRESENTATION_STYLE_ASSIGNMENT((#17312,#17317));
#17312 = SURFACE_STYLE_USAGE(.BOTH.,#17313);
#17313 = SURFACE_SIDE_STYLE('',(#17314));
#17314 = SURFACE_STYLE_FILL_AREA(#17315);
#17315 = FILL_AREA_STYLE('',(#17316));
#17316 = FILL_AREA_STYLE_COLOUR('',#17271);
#17317 = CURVE_STYLE('',#17318,POSITIVE_LENGTH_MEASURE(0.1),#17271);
#17318 = DRAUGHTING_PRE_DEFINED_CURVE_FONT('continuous');
#17319 = STYLED_ITEM('color',(#17320),#9972);
#17320 = PRESENTATION_STYLE_ASSIGNMENT((#17321,#17326));
#17321 = SURFACE_STYLE_USAGE(.BOTH.,#17322);
#17322 = SURFACE_SIDE_STYLE('',(#17323));
#17323 = SURFACE_STYLE_FILL_AREA(#17324);
#17324 = FILL_AREA_STYLE('',(#17325));
#17325 = FILL_AREA_STYLE_COLOUR('',#17271);
#17326 = CURVE_STYLE('',#17327,POSITIVE_LENGTH_MEASURE(0.1),#17271);
#17327 = DRAUGHTING_PRE_DEFINED_CURVE_FONT('continuous');
#17328 = STYLED_ITEM('color',(#17329),#9989);
#17329 = PRESENTATION_STYLE_ASSIGNMENT((#17330,#17335));
#17330 = SURFACE_STYLE_USAGE(.BOTH.,#17331);
#17331 = SURFACE_SIDE_STYLE('',(#17332));
#17332 = SURFACE_STYLE_FILL_AREA(#17333);
#17333 = FILL_AREA_STYLE('',(#17334));
#17334 = FILL_AREA_STYLE_COLOUR('',#17271);
#17335 = CURVE_STYLE('',#17336,POSITIVE_LENGTH_MEASURE(0.1),#17271);
#17336 = DRAUGHTING_PRE_DEFINED_CURVE_FONT('continuous');
#17337 = OVER_RIDING_STYLED_ITEM('overriding color',(#17338),#10022,
  #17328);
#17338 = PRESENTATION_STYLE_ASSIGNMENT((#17339,#17345));
#17339 = SURFACE_STYLE_USAGE(.BOTH.,#17340);
#17340 = SURFACE_SIDE_STYLE('',(#17341));
#17341 = SURFACE_STYLE_FILL_AREA(#17342);
#17342 = FILL_AREA_STYLE('',(#17343));
#17343 = FILL_AREA_STYLE_COLOUR('',#17344);
#17344 = COLOUR_RGB('',0.858999988747,0.738000004258,0.496000005009);
#17345 = CURVE_STYLE('',#17346,POSITIVE_LENGTH_MEASURE(0.1),#17344);
#17346 = DRAUGHTING_PRE_DEFINED_CURVE_FONT('continuous');
#17347 = OVER_RIDING_STYLED_ITEM('overriding color',(#17348),#10054,
  #17328);
#17348 = PRESENTATION_STYLE_ASSIGNMENT((#17349,#17354));
#17349 = SURFACE_STYLE_USAGE(.BOTH.,#17350);
#17350 = SURFACE_SIDE_STYLE('',(#17351));
#17351 = SURFACE_STYLE_FILL_AREA(#17352);
#17352 = FILL_AREA_STYLE('',(#17353));
#17353 = FILL_AREA_STYLE_COLOUR('',#17344);
#17354 = CURVE_STYLE('',#17355,POSITIVE_LENGTH_MEASURE(0.1),#17344);
#17355 = DRAUGHTING_PRE_DEFINED_CURVE_FONT('continuous');
#17356 = OVER_RIDING_STYLED_ITEM('overriding color',(#17357),#10088,
  #17328);
#17357 = PRESENTATION_STYLE_ASSIGNMENT((#17358,#17363));
#17358 = SURFACE_STYLE_USAGE(.BOTH.,#17359);
#17359 = SURFACE_SIDE_STYLE('',(#17360));
#17360 = SURFACE_STYLE_FILL_AREA(#17361);
#17361 = FILL_AREA_STYLE('',(#17362));
#17362 = FILL_AREA_STYLE_COLOUR('',#17344);
#17363 = CURVE_STYLE('',#17364,POSITIVE_LENGTH_MEASURE(0.1),#17344);
#17364 = DRAUGHTING_PRE_DEFINED_CURVE_FONT('continuous');
#17365 = OVER_RIDING_STYLED_ITEM('overriding color',(#17366),#10120,
  #17328);
#17366 = PRESENTATION_STYLE_ASSIGNMENT((#17367,#17372));
#17367 = SURFACE_STYLE_USAGE(.BOTH.,#17368);
#17368 = SURFACE_SIDE_STYLE('',(#17369));
#17369 = SURFACE_STYLE_FILL_AREA(#17370);
#17370 = FILL_AREA_STYLE('',(#17371));
#17371 = FILL_AREA_STYLE_COLOUR('',#17344);
#17372 = CURVE_STYLE('',#17373,POSITIVE_LENGTH_MEASURE(0.1),#17344);
#17373 = DRAUGHTING_PRE_DEFINED_CURVE_FONT('continuous');
#17374 = OVER_RIDING_STYLED_ITEM('overriding color',(#17375),#10154,
  #17328);
#17375 = PRESENTATION_STYLE_ASSIGNMENT((#17376,#17381));
#17376 = SURFACE_STYLE_USAGE(.BOTH.,#17377);
#17377 = SURFACE_SIDE_STYLE('',(#17378));
#17378 = SURFACE_STYLE_FILL_AREA(#17379);
#17379 = FILL_AREA_STYLE('',(#17380));
#17380 = FILL_AREA_STYLE_COLOUR('',#17344);
#17381 = CURVE_STYLE('',#17382,POSITIVE_LENGTH_MEASURE(0.1),#17344);
#17382 = DRAUGHTING_PRE_DEFINED_CURVE_FONT('continuous');
#17383 = OVER_RIDING_STYLED_ITEM('overriding color',(#17384),#10186,
  #17328);
#17384 = PRESENTATION_STYLE_ASSIGNMENT((#17385,#17390));
#17385 = SURFACE_STYLE_USAGE(.BOTH.,#17386);
#17386 = SURFACE_SIDE_STYLE('',(#17387));
#17387 = SURFACE_STYLE_FILL_AREA(#17388);
#17388 = FILL_AREA_STYLE('',(#17389));
#17389 = FILL_AREA_STYLE_COLOUR('',#17344);
#17390 = CURVE_STYLE('',#17391,POSITIVE_LENGTH_MEASURE(0.1),#17344);
#17391 = DRAUGHTING_PRE_DEFINED_CURVE_FONT('continuous');
#17392 = STYLED_ITEM('color',(#17393),#10204);
#17393 = PRESENTATION_STYLE_ASSIGNMENT((#17394,#17399));
#17394 = SURFACE_STYLE_USAGE(.BOTH.,#17395);
#17395 = SURFACE_SIDE_STYLE('',(#17396));
#17396 = SURFACE_STYLE_FILL_AREA(#17397);
#17397 = FILL_AREA_STYLE('',(#17398));
#17398 = FILL_AREA_STYLE_COLOUR('',#17271);
#17399 = CURVE_STYLE('',#17400,POSITIVE_LENGTH_MEASURE(0.1),#17271);
#17400 = DRAUGHTING_PRE_DEFINED_CURVE_FONT('continuous');
#17401 = STYLED_ITEM('color',(#17402),#10216);
#17402 = PRESENTATION_STYLE_ASSIGNMENT((#17403,#17408));
#17403 = SURFACE_STYLE_USAGE(.BOTH.,#17404);
#17404 = SURFACE_SIDE_STYLE('',(#17405));
#17405 = SURFACE_STYLE_FILL_AREA(#17406);
#17406 = FILL_AREA_STYLE('',(#17407));
#17407 = FILL_AREA_STYLE_COLOUR('',#17271);
#17408 = CURVE_STYLE('',#17409,POSITIVE_LENGTH_MEASURE(0.1),#17271);
#17409 = DRAUGHTING_PRE_DEFINED_CURVE_FONT('continuous');
#17410 = STYLED_ITEM('color',(#17411),#10228);
#17411 = PRESENTATION_STYLE_ASSIGNMENT((#17412,#17417));
#17412 = SURFACE_STYLE_USAGE(.BOTH.,#17413);
#17413 = SURFACE_SIDE_STYLE('',(#17414));
#17414 = SURFACE_STYLE_FILL_AREA(#17415);
#17415 = FILL_AREA_STYLE('',(#17416));
#17416 = FILL_AREA_STYLE_COLOUR('',#17271);
#17417 = CURVE_STYLE('',#17418,POSITIVE_LENGTH_MEASURE(0.1),#17271);
#17418 = DRAUGHTING_PRE_DEFINED_CURVE_FONT('continuous');
#17419 = STYLED_ITEM('color',(#17420),#10259);
#17420 = PRESENTATION_STYLE_ASSIGNMENT((#17421,#17426));
#17421 = SURFACE_STYLE_USAGE(.BOTH.,#17422);
#17422 = SURFACE_SIDE_STYLE('',(#17423));
#17423 = SURFACE_STYLE_FILL_AREA(#17424);
#17424 = FILL_AREA_STYLE('',(#17425));
#17425 = FILL_AREA_STYLE_COLOUR('',#17271);
#17426 = CURVE_STYLE('',#17427,POSITIVE_LENGTH_MEASURE(0.1),#17271);
#17427 = DRAUGHTING_PRE_DEFINED_CURVE_FONT('continuous');
#17428 = STYLED_ITEM('color',(#17429),#10283);
#17429 = PRESENTATION_STYLE_ASSIGNMENT((#17430,#17435));
#17430 = SURFACE_STYLE_USAGE(.BOTH.,#17431);
#17431 = SURFACE_SIDE_STYLE('',(#17432));
#17432 = SURFACE_STYLE_FILL_AREA(#17433);
#17433 = FILL_AREA_STYLE('',(#17434));
#17434 = FILL_AREA_STYLE_COLOUR('',#17271);
#17435 = CURVE_STYLE('',#17436,POSITIVE_LENGTH_MEASURE(0.1),#17271);
#17436 = DRAUGHTING_PRE_DEFINED_CURVE_FONT('continuous');
#17437 = STYLED_ITEM('color',(#17438),#10307);
#17438 = PRESENTATION_STYLE_ASSIGNMENT((#17439,#17444));
#17439 = SURFACE_STYLE_USAGE(.BOTH.,#17440);
#17440 = SURFACE_SIDE_STYLE('',(#17441));
#17441 = SURFACE_STYLE_FILL_AREA(#17442);
#17442 = FILL_AREA_STYLE('',(#17443));
#17443 = FILL_AREA_STYLE_COLOUR('',#17271);
#17444 = CURVE_STYLE('',#17445,POSITIVE_LENGTH_MEASURE(0.1),#17271);
#17445 = DRAUGHTING_PRE_DEFINED_CURVE_FONT('continuous');
#17446 = STYLED_ITEM('color',(#17447),#10324);
#17447 = PRESENTATION_STYLE_ASSIGNMENT((#17448,#17453));
#17448 = SURFACE_STYLE_USAGE(.BOTH.,#17449);
#17449 = SURFACE_SIDE_STYLE('',(#17450));
#17450 = SURFACE_STYLE_FILL_AREA(#17451);
#17451 = FILL_AREA_STYLE('',(#17452));
#17452 = FILL_AREA_STYLE_COLOUR('',#17271);
#17453 = CURVE_STYLE('',#17454,POSITIVE_LENGTH_MEASURE(0.1),#17271);
#17454 = DRAUGHTING_PRE_DEFINED_CURVE_FONT('continuous');
#17455 = STYLED_ITEM('color',(#17456),#10355);
#17456 = PRESENTATION_STYLE_ASSIGNMENT((#17457,#17462));
#17457 = SURFACE_STYLE_USAGE(.BOTH.,#17458);
#17458 = SURFACE_SIDE_STYLE('',(#17459));
#17459 = SURFACE_STYLE_FILL_AREA(#17460);
#17460 = FILL_AREA_STYLE('',(#17461));
#17461 = FILL_AREA_STYLE_COLOUR('',#17271);
#17462 = CURVE_STYLE('',#17463,POSITIVE_LENGTH_MEASURE(0.1),#17271);
#17463 = DRAUGHTING_PRE_DEFINED_CURVE_FONT('continuous');
#17464 = STYLED_ITEM('color',(#17465),#10379);
#17465 = PRESENTATION_STYLE_ASSIGNMENT((#17466,#17471));
#17466 = SURFACE_STYLE_USAGE(.BOTH.,#17467);
#17467 = SURFACE_SIDE_STYLE('',(#17468));
#17468 = SURFACE_STYLE_FILL_AREA(#17469);
#17469 = FILL_AREA_STYLE('',(#17470));
#17470 = FILL_AREA_STYLE_COLOUR('',#17271);
#17471 = CURVE_STYLE('',#17472,POSITIVE_LENGTH_MEASURE(0.1),#17271);
#17472 = DRAUGHTING_PRE_DEFINED_CURVE_FONT('continuous');
#17473 = STYLED_ITEM('color',(#17474),#10403);
#17474 = PRESENTATION_STYLE_ASSIGNMENT((#17475,#17480));
#17475 = SURFACE_STYLE_USAGE(.BOTH.,#17476);
#17476 = SURFACE_SIDE_STYLE('',(#17477));
#17477 = SURFACE_STYLE_FILL_AREA(#17478);
#17478 = FILL_AREA_STYLE('',(#17479));
#17479 = FILL_AREA_STYLE_COLOUR('',#17271);
#17480 = CURVE_STYLE('',#17481,POSITIVE_LENGTH_MEASURE(0.1),#17271);
#17481 = DRAUGHTING_PRE_DEFINED_CURVE_FONT('continuous');
#17482 = STYLED_ITEM('color',(#17483),#10420);
#17483 = PRESENTATION_STYLE_ASSIGNMENT((#17484,#17489));
#17484 = SURFACE_STYLE_USAGE(.BOTH.,#17485);
#17485 = SURFACE_SIDE_STYLE('',(#17486));
#17486 = SURFACE_STYLE_FILL_AREA(#17487);
#17487 = FILL_AREA_STYLE('',(#17488));
#17488 = FILL_AREA_STYLE_COLOUR('',#17271);
#17489 = CURVE_STYLE('',#17490,POSITIVE_LENGTH_MEASURE(0.1),#17271);
#17490 = DRAUGHTING_PRE_DEFINED_CURVE_FONT('continuous');
#17491 = STYLED_ITEM('color',(#17492),#10451);
#17492 = PRESENTATION_STYLE_ASSIGNMENT((#17493,#17498));
#17493 = SURFACE_STYLE_USAGE(.BOTH.,#17494);
#17494 = SURFACE_SIDE_STYLE('',(#17495));
#17495 = SURFACE_STYLE_FILL_AREA(#17496);
#17496 = FILL_AREA_STYLE('',(#17497));
#17497 = FILL_AREA_STYLE_COLOUR('',#17271);
#17498 = CURVE_STYLE('',#17499,POSITIVE_LENGTH_MEASURE(0.1),#17271);
#17499 = DRAUGHTING_PRE_DEFINED_CURVE_FONT('continuous');
#17500 = STYLED_ITEM('color',(#17501),#10475);
#17501 = PRESENTATION_STYLE_ASSIGNMENT((#17502,#17507));
#17502 = SURFACE_STYLE_USAGE(.BOTH.,#17503);
#17503 = SURFACE_SIDE_STYLE('',(#17504));
#17504 = SURFACE_STYLE_FILL_AREA(#17505);
#17505 = FILL_AREA_STYLE('',(#17506));
#17506 = FILL_AREA_STYLE_COLOUR('',#17271);
#17507 = CURVE_STYLE('',#17508,POSITIVE_LENGTH_MEASURE(0.1),#17271);
#17508 = DRAUGHTING_PRE_DEFINED_CURVE_FONT('continuous');
#17509 = STYLED_ITEM('color',(#17510),#10499);
#17510 = PRESENTATION_STYLE_ASSIGNMENT((#17511,#17516));
#17511 = SURFACE_STYLE_USAGE(.BOTH.,#17512);
#17512 = SURFACE_SIDE_STYLE('',(#17513));
#17513 = SURFACE_STYLE_FILL_AREA(#17514);
#17514 = FILL_AREA_STYLE('',(#17515));
#17515 = FILL_AREA_STYLE_COLOUR('',#17271);
#17516 = CURVE_STYLE('',#17517,POSITIVE_LENGTH_MEASURE(0.1),#17271);
#17517 = DRAUGHTING_PRE_DEFINED_CURVE_FONT('continuous');
#17518 = STYLED_ITEM('color',(#17519),#10516);
#17519 = PRESENTATION_STYLE_ASSIGNMENT((#17520,#17525));
#17520 = SURFACE_STYLE_USAGE(.BOTH.,#17521);
#17521 = SURFACE_SIDE_STYLE('',(#17522));
#17522 = SURFACE_STYLE_FILL_AREA(#17523);
#17523 = FILL_AREA_STYLE('',(#17524));
#17524 = FILL_AREA_STYLE_COLOUR('',#17344);
#17525 = CURVE_STYLE('',#17526,POSITIVE_LENGTH_MEASURE(0.1),#17344);
#17526 = DRAUGHTING_PRE_DEFINED_CURVE_FONT('continuous');
#17527 = STYLED_ITEM('color',(#17528),#10533);
#17528 = PRESENTATION_STYLE_ASSIGNMENT((#17529,#17534));
#17529 = SURFACE_STYLE_USAGE(.BOTH.,#17530);
#17530 = SURFACE_SIDE_STYLE('',(#17531));
#17531 = SURFACE_STYLE_FILL_AREA(#17532);
#17532 = FILL_AREA_STYLE('',(#17533));
#17533 = FILL_AREA_STYLE_COLOUR('',#17344);
#17534 = CURVE_STYLE('',#17535,POSITIVE_LENGTH_MEASURE(0.1),#17344);
#17535 = DRAUGHTING_PRE_DEFINED_CURVE_FONT('continuous');
#17536 = STYLED_ITEM('color',(#17537),#10580);
#17537 = PRESENTATION_STYLE_ASSIGNMENT((#17538,#17543));
#17538 = SURFACE_STYLE_USAGE(.BOTH.,#17539);
#17539 = SURFACE_SIDE_STYLE('',(#17540));
#17540 = SURFACE_STYLE_FILL_AREA(#17541);
#17541 = FILL_AREA_STYLE('',(#17542));
#17542 = FILL_AREA_STYLE_COLOUR('',#17344);
#17543 = CURVE_STYLE('',#17544,POSITIVE_LENGTH_MEASURE(0.1),#17344);
#17544 = DRAUGHTING_PRE_DEFINED_CURVE_FONT('continuous');
#17545 = STYLED_ITEM('color',(#17546),#10597);
#17546 = PRESENTATION_STYLE_ASSIGNMENT((#17547,#17552));
#17547 = SURFACE_STYLE_USAGE(.BOTH.,#17548);
#17548 = SURFACE_SIDE_STYLE('',(#17549));
#17549 = SURFACE_STYLE_FILL_AREA(#17550);
#17550 = FILL_AREA_STYLE('',(#17551));
#17551 = FILL_AREA_STYLE_COLOUR('',#17344);
#17552 = CURVE_STYLE('',#17553,POSITIVE_LENGTH_MEASURE(0.1),#17344);
#17553 = DRAUGHTING_PRE_DEFINED_CURVE_FONT('continuous');
#17554 = STYLED_ITEM('color',(#17555),#10644);
#17555 = PRESENTATION_STYLE_ASSIGNMENT((#17556,#17561));
#17556 = SURFACE_STYLE_USAGE(.BOTH.,#17557);
#17557 = SURFACE_SIDE_STYLE('',(#17558));
#17558 = SURFACE_STYLE_FILL_AREA(#17559);
#17559 = FILL_AREA_STYLE('',(#17560));
#17560 = FILL_AREA_STYLE_COLOUR('',#17344);
#17561 = CURVE_STYLE('',#17562,POSITIVE_LENGTH_MEASURE(0.1),#17344);
#17562 = DRAUGHTING_PRE_DEFINED_CURVE_FONT('continuous');
#17563 = STYLED_ITEM('color',(#17564),#10661);
#17564 = PRESENTATION_STYLE_ASSIGNMENT((#17565,#17570));
#17565 = SURFACE_STYLE_USAGE(.BOTH.,#17566);
#17566 = SURFACE_SIDE_STYLE('',(#17567));
#17567 = SURFACE_STYLE_FILL_AREA(#17568);
#17568 = FILL_AREA_STYLE('',(#17569));
#17569 = FILL_AREA_STYLE_COLOUR('',#17344);
#17570 = CURVE_STYLE('',#17571,POSITIVE_LENGTH_MEASURE(0.1),#17344);
#17571 = DRAUGHTING_PRE_DEFINED_CURVE_FONT('continuous');
#17572 = STYLED_ITEM('color',(#17573),#10708);
#17573 = PRESENTATION_STYLE_ASSIGNMENT((#17574,#17579));
#17574 = SURFACE_STYLE_USAGE(.BOTH.,#17575);
#17575 = SURFACE_SIDE_STYLE('',(#17576));
#17576 = SURFACE_STYLE_FILL_AREA(#17577);
#17577 = FILL_AREA_STYLE('',(#17578));
#17578 = FILL_AREA_STYLE_COLOUR('',#17344);
#17579 = CURVE_STYLE('',#17580,POSITIVE_LENGTH_MEASURE(0.1),#17344);
#17580 = DRAUGHTING_PRE_DEFINED_CURVE_FONT('continuous');
#17581 = STYLED_ITEM('color',(#17582),#10725);
#17582 = PRESENTATION_STYLE_ASSIGNMENT((#17583,#17588));
#17583 = SURFACE_STYLE_USAGE(.BOTH.,#17584);
#17584 = SURFACE_SIDE_STYLE('',(#17585));
#17585 = SURFACE_STYLE_FILL_AREA(#17586);
#17586 = FILL_AREA_STYLE('',(#17587));
#17587 = FILL_AREA_STYLE_COLOUR('',#17344);
#17588 = CURVE_STYLE('',#17589,POSITIVE_LENGTH_MEASURE(0.1),#17344);
#17589 = DRAUGHTING_PRE_DEFINED_CURVE_FONT('continuous');
#17590 = STYLED_ITEM('color',(#17591),#10772);
#17591 = PRESENTATION_STYLE_ASSIGNMENT((#17592,#17597));
#17592 = SURFACE_STYLE_USAGE(.BOTH.,#17593);
#17593 = SURFACE_SIDE_STYLE('',(#17594));
#17594 = SURFACE_STYLE_FILL_AREA(#17595);
#17595 = FILL_AREA_STYLE('',(#17596));
#17596 = FILL_AREA_STYLE_COLOUR('',#17344);
#17597 = CURVE_STYLE('',#17598,POSITIVE_LENGTH_MEASURE(0.1),#17344);
#17598 = DRAUGHTING_PRE_DEFINED_CURVE_FONT('continuous');
#17599 = STYLED_ITEM('color',(#17600),#10789);
#17600 = PRESENTATION_STYLE_ASSIGNMENT((#17601,#17606));
#17601 = SURFACE_STYLE_USAGE(.BOTH.,#17602);
#17602 = SURFACE_SIDE_STYLE('',(#17603));
#17603 = SURFACE_STYLE_FILL_AREA(#17604);
#17604 = FILL_AREA_STYLE('',(#17605));
#17605 = FILL_AREA_STYLE_COLOUR('',#17344);
#17606 = CURVE_STYLE('',#17607,POSITIVE_LENGTH_MEASURE(0.1),#17344);
#17607 = DRAUGHTING_PRE_DEFINED_CURVE_FONT('continuous');
#17608 = STYLED_ITEM('color',(#17609),#10836);
#17609 = PRESENTATION_STYLE_ASSIGNMENT((#17610,#17615));
#17610 = SURFACE_STYLE_USAGE(.BOTH.,#17611);
#17611 = SURFACE_SIDE_STYLE('',(#17612));
#17612 = SURFACE_STYLE_FILL_AREA(#17613);
#17613 = FILL_AREA_STYLE('',(#17614));
#17614 = FILL_AREA_STYLE_COLOUR('',#17344);
#17615 = CURVE_STYLE('',#17616,POSITIVE_LENGTH_MEASURE(0.1),#17344);
#17616 = DRAUGHTING_PRE_DEFINED_CURVE_FONT('continuous');
#17617 = STYLED_ITEM('color',(#17618),#10853);
#17618 = PRESENTATION_STYLE_ASSIGNMENT((#17619,#17624));
#17619 = SURFACE_STYLE_USAGE(.BOTH.,#17620);
#17620 = SURFACE_SIDE_STYLE('',(#17621));
#17621 = SURFACE_STYLE_FILL_AREA(#17622);
#17622 = FILL_AREA_STYLE('',(#17623));
#17623 = FILL_AREA_STYLE_COLOUR('',#17344);
#17624 = CURVE_STYLE('',#17625,POSITIVE_LENGTH_MEASURE(0.1),#17344);
#17625 = DRAUGHTING_PRE_DEFINED_CURVE_FONT('continuous');
#17626 = STYLED_ITEM('color',(#17627),#10900);
#17627 = PRESENTATION_STYLE_ASSIGNMENT((#17628,#17633));
#17628 = SURFACE_STYLE_USAGE(.BOTH.,#17629);
#17629 = SURFACE_SIDE_STYLE('',(#17630));
#17630 = SURFACE_STYLE_FILL_AREA(#17631);
#17631 = FILL_AREA_STYLE('',(#17632));
#17632 = FILL_AREA_STYLE_COLOUR('',#17271);
#17633 = CURVE_STYLE('',#17634,POSITIVE_LENGTH_MEASURE(0.1),#17271);
#17634 = DRAUGHTING_PRE_DEFINED_CURVE_FONT('continuous');
#17635 = STYLED_ITEM('color',(#17636),#10931);
#17636 = PRESENTATION_STYLE_ASSIGNMENT((#17637,#17642));
#17637 = SURFACE_STYLE_USAGE(.BOTH.,#17638);
#17638 = SURFACE_SIDE_STYLE('',(#17639));
#17639 = SURFACE_STYLE_FILL_AREA(#17640);
#17640 = FILL_AREA_STYLE('',(#17641));
#17641 = FILL_AREA_STYLE_COLOUR('',#17271);
#17642 = CURVE_STYLE('',#17643,POSITIVE_LENGTH_MEASURE(0.1),#17271);
#17643 = DRAUGHTING_PRE_DEFINED_CURVE_FONT('continuous');
#17644 = OVER_RIDING_STYLED_ITEM('overriding color',(#17645),#10945,
  #17635);
#17645 = PRESENTATION_STYLE_ASSIGNMENT((#17646,#17651));
#17646 = SURFACE_STYLE_USAGE(.BOTH.,#17647);
#17647 = SURFACE_SIDE_STYLE('',(#17648));
#17648 = SURFACE_STYLE_FILL_AREA(#17649);
#17649 = FILL_AREA_STYLE('',(#17650));
#17650 = FILL_AREA_STYLE_COLOUR('',#17344);
#17651 = CURVE_STYLE('',#17652,POSITIVE_LENGTH_MEASURE(0.1),#17344);
#17652 = DRAUGHTING_PRE_DEFINED_CURVE_FONT('continuous');
#17653 = OVER_RIDING_STYLED_ITEM('overriding color',(#17654),#10961,
  #17635);
#17654 = PRESENTATION_STYLE_ASSIGNMENT((#17655,#17660));
#17655 = SURFACE_STYLE_USAGE(.BOTH.,#17656);
#17656 = SURFACE_SIDE_STYLE('',(#17657));
#17657 = SURFACE_STYLE_FILL_AREA(#17658);
#17658 = FILL_AREA_STYLE('',(#17659));
#17659 = FILL_AREA_STYLE_COLOUR('',#17344);
#17660 = CURVE_STYLE('',#17661,POSITIVE_LENGTH_MEASURE(0.1),#17344);
#17661 = DRAUGHTING_PRE_DEFINED_CURVE_FONT('continuous');
#17662 = STYLED_ITEM('color',(#17663),#10987);
#17663 = PRESENTATION_STYLE_ASSIGNMENT((#17664,#17669));
#17664 = SURFACE_STYLE_USAGE(.BOTH.,#17665);
#17665 = SURFACE_SIDE_STYLE('',(#17666));
#17666 = SURFACE_STYLE_FILL_AREA(#17667);
#17667 = FILL_AREA_STYLE('',(#17668));
#17668 = FILL_AREA_STYLE_COLOUR('',#17271);
#17669 = CURVE_STYLE('',#17670,POSITIVE_LENGTH_MEASURE(0.1),#17271);
#17670 = DRAUGHTING_PRE_DEFINED_CURVE_FONT('continuous');
#17671 = STYLED_ITEM('color',(#17672),#11011);
#17672 = PRESENTATION_STYLE_ASSIGNMENT((#17673,#17678));
#17673 = SURFACE_STYLE_USAGE(.BOTH.,#17674);
#17674 = SURFACE_SIDE_STYLE('',(#17675));
#17675 = SURFACE_STYLE_FILL_AREA(#17676);
#17676 = FILL_AREA_STYLE('',(#17677));
#17677 = FILL_AREA_STYLE_COLOUR('',#17271);
#17678 = CURVE_STYLE('',#17679,POSITIVE_LENGTH_MEASURE(0.1),#17271);
#17679 = DRAUGHTING_PRE_DEFINED_CURVE_FONT('continuous');
#17680 = OVER_RIDING_STYLED_ITEM('overriding color',(#17681),#11025,
  #17671);
#17681 = PRESENTATION_STYLE_ASSIGNMENT((#17682,#17687));
#17682 = SURFACE_STYLE_USAGE(.BOTH.,#17683);
#17683 = SURFACE_SIDE_STYLE('',(#17684));
#17684 = SURFACE_STYLE_FILL_AREA(#17685);
#17685 = FILL_AREA_STYLE('',(#17686));
#17686 = FILL_AREA_STYLE_COLOUR('',#17344);
#17687 = CURVE_STYLE('',#17688,POSITIVE_LENGTH_MEASURE(0.1),#17344);
#17688 = DRAUGHTING_PRE_DEFINED_CURVE_FONT('continuous');
#17689 = OVER_RIDING_STYLED_ITEM('overriding color',(#17690),#11041,
  #17671);
#17690 = PRESENTATION_STYLE_ASSIGNMENT((#17691,#17696));
#17691 = SURFACE_STYLE_USAGE(.BOTH.,#17692);
#17692 = SURFACE_SIDE_STYLE('',(#17693));
#17693 = SURFACE_STYLE_FILL_AREA(#17694);
#17694 = FILL_AREA_STYLE('',(#17695));
#17695 = FILL_AREA_STYLE_COLOUR('',#17344);
#17696 = CURVE_STYLE('',#17697,POSITIVE_LENGTH_MEASURE(0.1),#17344);
#17697 = DRAUGHTING_PRE_DEFINED_CURVE_FONT('continuous');
#17698 = STYLED_ITEM('color',(#17699),#11060);
#17699 = PRESENTATION_STYLE_ASSIGNMENT((#17700,#17705));
#17700 = SURFACE_STYLE_USAGE(.BOTH.,#17701);
#17701 = SURFACE_SIDE_STYLE('',(#17702));
#17702 = SURFACE_STYLE_FILL_AREA(#17703);
#17703 = FILL_AREA_STYLE('',(#17704));
#17704 = FILL_AREA_STYLE_COLOUR('',#17271);
#17705 = CURVE_STYLE('',#17706,POSITIVE_LENGTH_MEASURE(0.1),#17271);
#17706 = DRAUGHTING_PRE_DEFINED_CURVE_FONT('continuous');
#17707 = STYLED_ITEM('color',(#17708),#11091);
#17708 = PRESENTATION_STYLE_ASSIGNMENT((#17709,#17714));
#17709 = SURFACE_STYLE_USAGE(.BOTH.,#17710);
#17710 = SURFACE_SIDE_STYLE('',(#17711));
#17711 = SURFACE_STYLE_FILL_AREA(#17712);
#17712 = FILL_AREA_STYLE('',(#17713));
#17713 = FILL_AREA_STYLE_COLOUR('',#17271);
#17714 = CURVE_STYLE('',#17715,POSITIVE_LENGTH_MEASURE(0.1),#17271);
#17715 = DRAUGHTING_PRE_DEFINED_CURVE_FONT('continuous');
#17716 = OVER_RIDING_STYLED_ITEM('overriding color',(#17717),#11105,
  #17707);
#17717 = PRESENTATION_STYLE_ASSIGNMENT((#17718,#17723));
#17718 = SURFACE_STYLE_USAGE(.BOTH.,#17719);
#17719 = SURFACE_SIDE_STYLE('',(#17720));
#17720 = SURFACE_STYLE_FILL_AREA(#17721);
#17721 = FILL_AREA_STYLE('',(#17722));
#17722 = FILL_AREA_STYLE_COLOUR('',#17344);
#17723 = CURVE_STYLE('',#17724,POSITIVE_LENGTH_MEASURE(0.1),#17344);
#17724 = DRAUGHTING_PRE_DEFINED_CURVE_FONT('continuous');
#17725 = OVER_RIDING_STYLED_ITEM('overriding color',(#17726),#11121,
  #17707);
#17726 = PRESENTATION_STYLE_ASSIGNMENT((#17727,#17732));
#17727 = SURFACE_STYLE_USAGE(.BOTH.,#17728);
#17728 = SURFACE_SIDE_STYLE('',(#17729));
#17729 = SURFACE_STYLE_FILL_AREA(#17730);
#17730 = FILL_AREA_STYLE('',(#17731));
#17731 = FILL_AREA_STYLE_COLOUR('',#17344);
#17732 = CURVE_STYLE('',#17733,POSITIVE_LENGTH_MEASURE(0.1),#17344);
#17733 = DRAUGHTING_PRE_DEFINED_CURVE_FONT('continuous');
#17734 = STYLED_ITEM('color',(#17735),#11147);
#17735 = PRESENTATION_STYLE_ASSIGNMENT((#17736,#17741));
#17736 = SURFACE_STYLE_USAGE(.BOTH.,#17737);
#17737 = SURFACE_SIDE_STYLE('',(#17738));
#17738 = SURFACE_STYLE_FILL_AREA(#17739);
#17739 = FILL_AREA_STYLE('',(#17740));
#17740 = FILL_AREA_STYLE_COLOUR('',#17271);
#17741 = CURVE_STYLE('',#17742,POSITIVE_LENGTH_MEASURE(0.1),#17271);
#17742 = DRAUGHTING_PRE_DEFINED_CURVE_FONT('continuous');
#17743 = STYLED_ITEM('color',(#17744),#11171);
#17744 = PRESENTATION_STYLE_ASSIGNMENT((#17745,#17750));
#17745 = SURFACE_STYLE_USAGE(.BOTH.,#17746);
#17746 = SURFACE_SIDE_STYLE('',(#17747));
#17747 = SURFACE_STYLE_FILL_AREA(#17748);
#17748 = FILL_AREA_STYLE('',(#17749));
#17749 = FILL_AREA_STYLE_COLOUR('',#17271);
#17750 = CURVE_STYLE('',#17751,POSITIVE_LENGTH_MEASURE(0.1),#17271);
#17751 = DRAUGHTING_PRE_DEFINED_CURVE_FONT('continuous');
#17752 = OVER_RIDING_STYLED_ITEM('overriding color',(#17753),#11185,
  #17743);
#17753 = PRESENTATION_STYLE_ASSIGNMENT((#17754,#17759));
#17754 = SURFACE_STYLE_USAGE(.BOTH.,#17755);
#17755 = SURFACE_SIDE_STYLE('',(#17756));
#17756 = SURFACE_STYLE_FILL_AREA(#17757);
#17757 = FILL_AREA_STYLE('',(#17758));
#17758 = FILL_AREA_STYLE_COLOUR('',#17344);
#17759 = CURVE_STYLE('',#17760,POSITIVE_LENGTH_MEASURE(0.1),#17344);
#17760 = DRAUGHTING_PRE_DEFINED_CURVE_FONT('continuous');
#17761 = OVER_RIDING_STYLED_ITEM('overriding color',(#17762),#11201,
  #17743);
#17762 = PRESENTATION_STYLE_ASSIGNMENT((#17763,#17768));
#17763 = SURFACE_STYLE_USAGE(.BOTH.,#17764);
#17764 = SURFACE_SIDE_STYLE('',(#17765));
#17765 = SURFACE_STYLE_FILL_AREA(#17766);
#17766 = FILL_AREA_STYLE('',(#17767));
#17767 = FILL_AREA_STYLE_COLOUR('',#17344);
#17768 = CURVE_STYLE('',#17769,POSITIVE_LENGTH_MEASURE(0.1),#17344);
#17769 = DRAUGHTING_PRE_DEFINED_CURVE_FONT('continuous');
#17770 = STYLED_ITEM('color',(#17771),#11220);
#17771 = PRESENTATION_STYLE_ASSIGNMENT((#17772,#17777));
#17772 = SURFACE_STYLE_USAGE(.BOTH.,#17773);
#17773 = SURFACE_SIDE_STYLE('',(#17774));
#17774 = SURFACE_STYLE_FILL_AREA(#17775);
#17775 = FILL_AREA_STYLE('',(#17776));
#17776 = FILL_AREA_STYLE_COLOUR('',#17271);
#17777 = CURVE_STYLE('',#17778,POSITIVE_LENGTH_MEASURE(0.1),#17271);
#17778 = DRAUGHTING_PRE_DEFINED_CURVE_FONT('continuous');
#17779 = STYLED_ITEM('color',(#17780),#11251);
#17780 = PRESENTATION_STYLE_ASSIGNMENT((#17781,#17786));
#17781 = SURFACE_STYLE_USAGE(.BOTH.,#17782);
#17782 = SURFACE_SIDE_STYLE('',(#17783));
#17783 = SURFACE_STYLE_FILL_AREA(#17784);
#17784 = FILL_AREA_STYLE('',(#17785));
#17785 = FILL_AREA_STYLE_COLOUR('',#17271);
#17786 = CURVE_STYLE('',#17787,POSITIVE_LENGTH_MEASURE(0.1),#17271);
#17787 = DRAUGHTING_PRE_DEFINED_CURVE_FONT('continuous');
#17788 = OVER_RIDING_STYLED_ITEM('overriding color',(#17789),#11265,
  #17779);
#17789 = PRESENTATION_STYLE_ASSIGNMENT((#17790,#17795));
#17790 = SURFACE_STYLE_USAGE(.BOTH.,#17791);
#17791 = SURFACE_SIDE_STYLE('',(#17792));
#17792 = SURFACE_STYLE_FILL_AREA(#17793);
#17793 = FILL_AREA_STYLE('',(#17794));
#17794 = FILL_AREA_STYLE_COLOUR('',#17344);
#17795 = CURVE_STYLE('',#17796,POSITIVE_LENGTH_MEASURE(0.1),#17344);
#17796 = DRAUGHTING_PRE_DEFINED_CURVE_FONT('continuous');
#17797 = OVER_RIDING_STYLED_ITEM('overriding color',(#17798),#11281,
  #17779);
#17798 = PRESENTATION_STYLE_ASSIGNMENT((#17799,#17804));
#17799 = SURFACE_STYLE_USAGE(.BOTH.,#17800);
#17800 = SURFACE_SIDE_STYLE('',(#17801));
#17801 = SURFACE_STYLE_FILL_AREA(#17802);
#17802 = FILL_AREA_STYLE('',(#17803));
#17803 = FILL_AREA_STYLE_COLOUR('',#17344);
#17804 = CURVE_STYLE('',#17805,POSITIVE_LENGTH_MEASURE(0.1),#17344);
#17805 = DRAUGHTING_PRE_DEFINED_CURVE_FONT('continuous');
#17806 = STYLED_ITEM('color',(#17807),#11307);
#17807 = PRESENTATION_STYLE_ASSIGNMENT((#17808,#17813));
#17808 = SURFACE_STYLE_USAGE(.BOTH.,#17809);
#17809 = SURFACE_SIDE_STYLE('',(#17810));
#17810 = SURFACE_STYLE_FILL_AREA(#17811);
#17811 = FILL_AREA_STYLE('',(#17812));
#17812 = FILL_AREA_STYLE_COLOUR('',#17271);
#17813 = CURVE_STYLE('',#17814,POSITIVE_LENGTH_MEASURE(0.1),#17271);
#17814 = DRAUGHTING_PRE_DEFINED_CURVE_FONT('continuous');
#17815 = STYLED_ITEM('color',(#17816),#11331);
#17816 = PRESENTATION_STYLE_ASSIGNMENT((#17817,#17822));
#17817 = SURFACE_STYLE_USAGE(.BOTH.,#17818);
#17818 = SURFACE_SIDE_STYLE('',(#17819));
#17819 = SURFACE_STYLE_FILL_AREA(#17820);
#17820 = FILL_AREA_STYLE('',(#17821));
#17821 = FILL_AREA_STYLE_COLOUR('',#17271);
#17822 = CURVE_STYLE('',#17823,POSITIVE_LENGTH_MEASURE(0.1),#17271);
#17823 = DRAUGHTING_PRE_DEFINED_CURVE_FONT('continuous');
#17824 = OVER_RIDING_STYLED_ITEM('overriding color',(#17825),#11345,
  #17815);
#17825 = PRESENTATION_STYLE_ASSIGNMENT((#17826,#17831));
#17826 = SURFACE_STYLE_USAGE(.BOTH.,#17827);
#17827 = SURFACE_SIDE_STYLE('',(#17828));
#17828 = SURFACE_STYLE_FILL_AREA(#17829);
#17829 = FILL_AREA_STYLE('',(#17830));
#17830 = FILL_AREA_STYLE_COLOUR('',#17344);
#17831 = CURVE_STYLE('',#17832,POSITIVE_LENGTH_MEASURE(0.1),#17344);
#17832 = DRAUGHTING_PRE_DEFINED_CURVE_FONT('continuous');
#17833 = OVER_RIDING_STYLED_ITEM('overriding color',(#17834),#11361,
  #17815);
#17834 = PRESENTATION_STYLE_ASSIGNMENT((#17835,#17840));
#17835 = SURFACE_STYLE_USAGE(.BOTH.,#17836);
#17836 = SURFACE_SIDE_STYLE('',(#17837));
#17837 = SURFACE_STYLE_FILL_AREA(#17838);
#17838 = FILL_AREA_STYLE('',(#17839));
#17839 = FILL_AREA_STYLE_COLOUR('',#17344);
#17840 = CURVE_STYLE('',#17841,POSITIVE_LENGTH_MEASURE(0.1),#17344);
#17841 = DRAUGHTING_PRE_DEFINED_CURVE_FONT('continuous');
#17842 = STYLED_ITEM('color',(#17843),#11380);
#17843 = PRESENTATION_STYLE_ASSIGNMENT((#17844,#17849));
#17844 = SURFACE_STYLE_USAGE(.BOTH.,#17845);
#17845 = SURFACE_SIDE_STYLE('',(#17846));
#17846 = SURFACE_STYLE_FILL_AREA(#17847);
#17847 = FILL_AREA_STYLE('',(#17848));
#17848 = FILL_AREA_STYLE_COLOUR('',#17344);
#17849 = CURVE_STYLE('',#17850,POSITIVE_LENGTH_MEASURE(0.1),#17344);
#17850 = DRAUGHTING_PRE_DEFINED_CURVE_FONT('continuous');
#17851 = STYLED_ITEM('color',(#17852),#11397);
#17852 = PRESENTATION_STYLE_ASSIGNMENT((#17853,#17858));
#17853 = SURFACE_STYLE_USAGE(.BOTH.,#17854);
#17854 = SURFACE_SIDE_STYLE('',(#17855));
#17855 = SURFACE_STYLE_FILL_AREA(#17856);
#17856 = FILL_AREA_STYLE('',(#17857));
#17857 = FILL_AREA_STYLE_COLOUR('',#17344);
#17858 = CURVE_STYLE('',#17859,POSITIVE_LENGTH_MEASURE(0.1),#17344);
#17859 = DRAUGHTING_PRE_DEFINED_CURVE_FONT('continuous');
#17860 = STYLED_ITEM('color',(#17861),#11414);
#17861 = PRESENTATION_STYLE_ASSIGNMENT((#17862,#17867));
#17862 = SURFACE_STYLE_USAGE(.BOTH.,#17863);
#17863 = SURFACE_SIDE_STYLE('',(#17864));
#17864 = SURFACE_STYLE_FILL_AREA(#17865);
#17865 = FILL_AREA_STYLE('',(#17866));
#17866 = FILL_AREA_STYLE_COLOUR('',#17344);
#17867 = CURVE_STYLE('',#17868,POSITIVE_LENGTH_MEASURE(0.1),#17344);
#17868 = DRAUGHTING_PRE_DEFINED_CURVE_FONT('continuous');
#17869 = STYLED_ITEM('color',(#17870),#11431);
#17870 = PRESENTATION_STYLE_ASSIGNMENT((#17871,#17876));
#17871 = SURFACE_STYLE_USAGE(.BOTH.,#17872);
#17872 = SURFACE_SIDE_STYLE('',(#17873));
#17873 = SURFACE_STYLE_FILL_AREA(#17874);
#17874 = FILL_AREA_STYLE('',(#17875));
#17875 = FILL_AREA_STYLE_COLOUR('',#17344);
#17876 = CURVE_STYLE('',#17877,POSITIVE_LENGTH_MEASURE(0.1),#17344);
#17877 = DRAUGHTING_PRE_DEFINED_CURVE_FONT('continuous');
#17878 = STYLED_ITEM('color',(#17879),#11448);
#17879 = PRESENTATION_STYLE_ASSIGNMENT((#17880,#17885));
#17880 = SURFACE_STYLE_USAGE(.BOTH.,#17881);
#17881 = SURFACE_SIDE_STYLE('',(#17882));
#17882 = SURFACE_STYLE_FILL_AREA(#17883);
#17883 = FILL_AREA_STYLE('',(#17884));
#17884 = FILL_AREA_STYLE_COLOUR('',#17344);
#17885 = CURVE_STYLE('',#17886,POSITIVE_LENGTH_MEASURE(0.1),#17344);
#17886 = DRAUGHTING_PRE_DEFINED_CURVE_FONT('continuous');
#17887 = STYLED_ITEM('color',(#17888),#11460);
#17888 = PRESENTATION_STYLE_ASSIGNMENT((#17889,#17894));
#17889 = SURFACE_STYLE_USAGE(.BOTH.,#17890);
#17890 = SURFACE_SIDE_STYLE('',(#17891));
#17891 = SURFACE_STYLE_FILL_AREA(#17892);
#17892 = FILL_AREA_STYLE('',(#17893));
#17893 = FILL_AREA_STYLE_COLOUR('',#17344);
#17894 = CURVE_STYLE('',#17895,POSITIVE_LENGTH_MEASURE(0.1),#17344);
#17895 = DRAUGHTING_PRE_DEFINED_CURVE_FONT('continuous');
#17896 = STYLED_ITEM('color',(#17897),#11477);
#17897 = PRESENTATION_STYLE_ASSIGNMENT((#17898,#17903));
#17898 = SURFACE_STYLE_USAGE(.BOTH.,#17899);
#17899 = SURFACE_SIDE_STYLE('',(#17900));
#17900 = SURFACE_STYLE_FILL_AREA(#17901);
#17901 = FILL_AREA_STYLE('',(#17902));
#17902 = FILL_AREA_STYLE_COLOUR('',#17344);
#17903 = CURVE_STYLE('',#17904,POSITIVE_LENGTH_MEASURE(0.1),#17344);
#17904 = DRAUGHTING_PRE_DEFINED_CURVE_FONT('continuous');
#17905 = STYLED_ITEM('color',(#17906),#11494);
#17906 = PRESENTATION_STYLE_ASSIGNMENT((#17907,#17912));
#17907 = SURFACE_STYLE_USAGE(.BOTH.,#17908);
#17908 = SURFACE_SIDE_STYLE('',(#17909));
#17909 = SURFACE_STYLE_FILL_AREA(#17910);
#17910 = FILL_AREA_STYLE('',(#17911));
#17911 = FILL_AREA_STYLE_COLOUR('',#17344);
#17912 = CURVE_STYLE('',#17913,POSITIVE_LENGTH_MEASURE(0.1),#17344);
#17913 = DRAUGHTING_PRE_DEFINED_CURVE_FONT('continuous');
#17914 = STYLED_ITEM('color',(#17915),#11511);
#17915 = PRESENTATION_STYLE_ASSIGNMENT((#17916,#17921));
#17916 = SURFACE_STYLE_USAGE(.BOTH.,#17917);
#17917 = SURFACE_SIDE_STYLE('',(#17918));
#17918 = SURFACE_STYLE_FILL_AREA(#17919);
#17919 = FILL_AREA_STYLE('',(#17920));
#17920 = FILL_AREA_STYLE_COLOUR('',#17344);
#17921 = CURVE_STYLE('',#17922,POSITIVE_LENGTH_MEASURE(0.1),#17344);
#17922 = DRAUGHTING_PRE_DEFINED_CURVE_FONT('continuous');
#17923 = STYLED_ITEM('color',(#17924),#11528);
#17924 = PRESENTATION_STYLE_ASSIGNMENT((#17925,#17930));
#17925 = SURFACE_STYLE_USAGE(.BOTH.,#17926);
#17926 = SURFACE_SIDE_STYLE('',(#17927));
#17927 = SURFACE_STYLE_FILL_AREA(#17928);
#17928 = FILL_AREA_STYLE('',(#17929));
#17929 = FILL_AREA_STYLE_COLOUR('',#17344);
#17930 = CURVE_STYLE('',#17931,POSITIVE_LENGTH_MEASURE(0.1),#17344);
#17931 = DRAUGHTING_PRE_DEFINED_CURVE_FONT('continuous');
#17932 = STYLED_ITEM('color',(#17933),#11540);
#17933 = PRESENTATION_STYLE_ASSIGNMENT((#17934,#17939));
#17934 = SURFACE_STYLE_USAGE(.BOTH.,#17935);
#17935 = SURFACE_SIDE_STYLE('',(#17936));
#17936 = SURFACE_STYLE_FILL_AREA(#17937);
#17937 = FILL_AREA_STYLE('',(#17938));
#17938 = FILL_AREA_STYLE_COLOUR('',#17344);
#17939 = CURVE_STYLE('',#17940,POSITIVE_LENGTH_MEASURE(0.1),#17344);
#17940 = DRAUGHTING_PRE_DEFINED_CURVE_FONT('continuous');
#17941 = STYLED_ITEM('color',(#17942),#11557);
#17942 = PRESENTATION_STYLE_ASSIGNMENT((#17943,#17948));
#17943 = SURFACE_STYLE_USAGE(.BOTH.,#17944);
#17944 = SURFACE_SIDE_STYLE('',(#17945));
#17945 = SURFACE_STYLE_FILL_AREA(#17946);
#17946 = FILL_AREA_STYLE('',(#17947));
#17947 = FILL_AREA_STYLE_COLOUR('',#17344);
#17948 = CURVE_STYLE('',#17949,POSITIVE_LENGTH_MEASURE(0.1),#17344);
#17949 = DRAUGHTING_PRE_DEFINED_CURVE_FONT('continuous');
#17950 = STYLED_ITEM('color',(#17951),#11574);
#17951 = PRESENTATION_STYLE_ASSIGNMENT((#17952,#17957));
#17952 = SURFACE_STYLE_USAGE(.BOTH.,#17953);
#17953 = SURFACE_SIDE_STYLE('',(#17954));
#17954 = SURFACE_STYLE_FILL_AREA(#17955);
#17955 = FILL_AREA_STYLE('',(#17956));
#17956 = FILL_AREA_STYLE_COLOUR('',#17344);
#17957 = CURVE_STYLE('',#17958,POSITIVE_LENGTH_MEASURE(0.1),#17344);
#17958 = DRAUGHTING_PRE_DEFINED_CURVE_FONT('continuous');
#17959 = STYLED_ITEM('color',(#17960),#11591);
#17960 = PRESENTATION_STYLE_ASSIGNMENT((#17961,#17966));
#17961 = SURFACE_STYLE_USAGE(.BOTH.,#17962);
#17962 = SURFACE_SIDE_STYLE('',(#17963));
#17963 = SURFACE_STYLE_FILL_AREA(#17964);
#17964 = FILL_AREA_STYLE('',(#17965));
#17965 = FILL_AREA_STYLE_COLOUR('',#17344);
#17966 = CURVE_STYLE('',#17967,POSITIVE_LENGTH_MEASURE(0.1),#17344);
#17967 = DRAUGHTING_PRE_DEFINED_CURVE_FONT('continuous');
#17968 = STYLED_ITEM('color',(#17969),#11608);
#17969 = PRESENTATION_STYLE_ASSIGNMENT((#17970,#17975));
#17970 = SURFACE_STYLE_USAGE(.BOTH.,#17971);
#17971 = SURFACE_SIDE_STYLE('',(#17972));
#17972 = SURFACE_STYLE_FILL_AREA(#17973);
#17973 = FILL_AREA_STYLE('',(#17974));
#17974 = FILL_AREA_STYLE_COLOUR('',#17344);
#17975 = CURVE_STYLE('',#17976,POSITIVE_LENGTH_MEASURE(0.1),#17344);
#17976 = DRAUGHTING_PRE_DEFINED_CURVE_FONT('continuous');
#17977 = STYLED_ITEM('color',(#17978),#11620);
#17978 = PRESENTATION_STYLE_ASSIGNMENT((#17979,#17984));
#17979 = SURFACE_STYLE_USAGE(.BOTH.,#17980);
#17980 = SURFACE_SIDE_STYLE('',(#17981));
#17981 = SURFACE_STYLE_FILL_AREA(#17982);
#17982 = FILL_AREA_STYLE('',(#17983));
#17983 = FILL_AREA_STYLE_COLOUR('',#17271);
#17984 = CURVE_STYLE('',#17985,POSITIVE_LENGTH_MEASURE(0.1),#17271);
#17985 = DRAUGHTING_PRE_DEFINED_CURVE_FONT('continuous');
#17986 = OVER_RIDING_STYLED_ITEM('overriding color',(#17987),#11627,
  #17977);
#17987 = PRESENTATION_STYLE_ASSIGNMENT((#17988,#17993));
#17988 = SURFACE_STYLE_USAGE(.BOTH.,#17989);
#17989 = SURFACE_SIDE_STYLE('',(#17990));
#17990 = SURFACE_STYLE_FILL_AREA(#17991);
#17991 = FILL_AREA_STYLE('',(#17992));
#17992 = FILL_AREA_STYLE_COLOUR('',#17344);
#17993 = CURVE_STYLE('',#17994,POSITIVE_LENGTH_MEASURE(0.1),#17344);
#17994 = DRAUGHTING_PRE_DEFINED_CURVE_FONT('continuous');
#17995 = STYLED_ITEM('color',(#17996),#11637);
#17996 = PRESENTATION_STYLE_ASSIGNMENT((#17997,#18002));
#17997 = SURFACE_STYLE_USAGE(.BOTH.,#17998);
#17998 = SURFACE_SIDE_STYLE('',(#17999));
#17999 = SURFACE_STYLE_FILL_AREA(#18000);
#18000 = FILL_AREA_STYLE('',(#18001));
#18001 = FILL_AREA_STYLE_COLOUR('',#17271);
#18002 = CURVE_STYLE('',#18003,POSITIVE_LENGTH_MEASURE(0.1),#17271);
#18003 = DRAUGHTING_PRE_DEFINED_CURVE_FONT('continuous');
#18004 = OVER_RIDING_STYLED_ITEM('overriding color',(#18005),#11642,
  #17995);
#18005 = PRESENTATION_STYLE_ASSIGNMENT((#18006,#18011));
#18006 = SURFACE_STYLE_USAGE(.BOTH.,#18007);
#18007 = SURFACE_SIDE_STYLE('',(#18008));
#18008 = SURFACE_STYLE_FILL_AREA(#18009);
#18009 = FILL_AREA_STYLE('',(#18010));
#18010 = FILL_AREA_STYLE_COLOUR('',#17344);
#18011 = CURVE_STYLE('',#18012,POSITIVE_LENGTH_MEASURE(0.1),#17344);
#18012 = DRAUGHTING_PRE_DEFINED_CURVE_FONT('continuous');
#18013 = STYLED_ITEM('color',(#18014),#11654);
#18014 = PRESENTATION_STYLE_ASSIGNMENT((#18015,#18020));
#18015 = SURFACE_STYLE_USAGE(.BOTH.,#18016);
#18016 = SURFACE_SIDE_STYLE('',(#18017));
#18017 = SURFACE_STYLE_FILL_AREA(#18018);
#18018 = FILL_AREA_STYLE('',(#18019));
#18019 = FILL_AREA_STYLE_COLOUR('',#17344);
#18020 = CURVE_STYLE('',#18021,POSITIVE_LENGTH_MEASURE(0.1),#17344);
#18021 = DRAUGHTING_PRE_DEFINED_CURVE_FONT('continuous');
#18022 = STYLED_ITEM('color',(#18023),#11703);
#18023 = PRESENTATION_STYLE_ASSIGNMENT((#18024,#18029));
#18024 = SURFACE_STYLE_USAGE(.BOTH.,#18025);
#18025 = SURFACE_SIDE_STYLE('',(#18026));
#18026 = SURFACE_STYLE_FILL_AREA(#18027);
#18027 = FILL_AREA_STYLE('',(#18028));
#18028 = FILL_AREA_STYLE_COLOUR('',#17344);
#18029 = CURVE_STYLE('',#18030,POSITIVE_LENGTH_MEASURE(0.1),#17344);
#18030 = DRAUGHTING_PRE_DEFINED_CURVE_FONT('continuous');
#18031 = STYLED_ITEM('color',(#18032),#11727);
#18032 = PRESENTATION_STYLE_ASSIGNMENT((#18033,#18038));
#18033 = SURFACE_STYLE_USAGE(.BOTH.,#18034);
#18034 = SURFACE_SIDE_STYLE('',(#18035));
#18035 = SURFACE_STYLE_FILL_AREA(#18036);
#18036 = FILL_AREA_STYLE('',(#18037));
#18037 = FILL_AREA_STYLE_COLOUR('',#17344);
#18038 = CURVE_STYLE('',#18039,POSITIVE_LENGTH_MEASURE(0.1),#17344);
#18039 = DRAUGHTING_PRE_DEFINED_CURVE_FONT('continuous');
#18040 = STYLED_ITEM('color',(#18041),#11769);
#18041 = PRESENTATION_STYLE_ASSIGNMENT((#18042,#18047));
#18042 = SURFACE_STYLE_USAGE(.BOTH.,#18043);
#18043 = SURFACE_SIDE_STYLE('',(#18044));
#18044 = SURFACE_STYLE_FILL_AREA(#18045);
#18045 = FILL_AREA_STYLE('',(#18046));
#18046 = FILL_AREA_STYLE_COLOUR('',#17344);
#18047 = CURVE_STYLE('',#18048,POSITIVE_LENGTH_MEASURE(0.1),#17344);
#18048 = DRAUGHTING_PRE_DEFINED_CURVE_FONT('continuous');
#18049 = STYLED_ITEM('color',(#18050),#11786);
#18050 = PRESENTATION_STYLE_ASSIGNMENT((#18051,#18056));
#18051 = SURFACE_STYLE_USAGE(.BOTH.,#18052);
#18052 = SURFACE_SIDE_STYLE('',(#18053));
#18053 = SURFACE_STYLE_FILL_AREA(#18054);
#18054 = FILL_AREA_STYLE('',(#18055));
#18055 = FILL_AREA_STYLE_COLOUR('',#17271);
#18056 = CURVE_STYLE('',#18057,POSITIVE_LENGTH_MEASURE(0.1),#17271);
#18057 = DRAUGHTING_PRE_DEFINED_CURVE_FONT('continuous');
#18058 = OVER_RIDING_STYLED_ITEM('overriding color',(#18059),#11793,
  #18049);
#18059 = PRESENTATION_STYLE_ASSIGNMENT((#18060,#18065));
#18060 = SURFACE_STYLE_USAGE(.BOTH.,#18061);
#18061 = SURFACE_SIDE_STYLE('',(#18062));
#18062 = SURFACE_STYLE_FILL_AREA(#18063);
#18063 = FILL_AREA_STYLE('',(#18064));
#18064 = FILL_AREA_STYLE_COLOUR('',#17344);
#18065 = CURVE_STYLE('',#18066,POSITIVE_LENGTH_MEASURE(0.1),#17344);
#18066 = DRAUGHTING_PRE_DEFINED_CURVE_FONT('continuous');
#18067 = STYLED_ITEM('color',(#18068),#11803);
#18068 = PRESENTATION_STYLE_ASSIGNMENT((#18069,#18074));
#18069 = SURFACE_STYLE_USAGE(.BOTH.,#18070);
#18070 = SURFACE_SIDE_STYLE('',(#18071));
#18071 = SURFACE_STYLE_FILL_AREA(#18072);
#18072 = FILL_AREA_STYLE('',(#18073));
#18073 = FILL_AREA_STYLE_COLOUR('',#17271);
#18074 = CURVE_STYLE('',#18075,POSITIVE_LENGTH_MEASURE(0.1),#17271);
#18075 = DRAUGHTING_PRE_DEFINED_CURVE_FONT('continuous');
#18076 = OVER_RIDING_STYLED_ITEM('overriding color',(#18077),#11808,
  #18067);
#18077 = PRESENTATION_STYLE_ASSIGNMENT((#18078,#18083));
#18078 = SURFACE_STYLE_USAGE(.BOTH.,#18079);
#18079 = SURFACE_SIDE_STYLE('',(#18080));
#18080 = SURFACE_STYLE_FILL_AREA(#18081);
#18081 = FILL_AREA_STYLE('',(#18082));
#18082 = FILL_AREA_STYLE_COLOUR('',#17344);
#18083 = CURVE_STYLE('',#18084,POSITIVE_LENGTH_MEASURE(0.1),#17344);
#18084 = DRAUGHTING_PRE_DEFINED_CURVE_FONT('continuous');
#18085 = STYLED_ITEM('color',(#18086),#11820);
#18086 = PRESENTATION_STYLE_ASSIGNMENT((#18087,#18092));
#18087 = SURFACE_STYLE_USAGE(.BOTH.,#18088);
#18088 = SURFACE_SIDE_STYLE('',(#18089));
#18089 = SURFACE_STYLE_FILL_AREA(#18090);
#18090 = FILL_AREA_STYLE('',(#18091));
#18091 = FILL_AREA_STYLE_COLOUR('',#17344);
#18092 = CURVE_STYLE('',#18093,POSITIVE_LENGTH_MEASURE(0.1),#17344);
#18093 = DRAUGHTING_PRE_DEFINED_CURVE_FONT('continuous');
#18094 = STYLED_ITEM('color',(#18095),#11869);
#18095 = PRESENTATION_STYLE_ASSIGNMENT((#18096,#18101));
#18096 = SURFACE_STYLE_USAGE(.BOTH.,#18097);
#18097 = SURFACE_SIDE_STYLE('',(#18098));
#18098 = SURFACE_STYLE_FILL_AREA(#18099);
#18099 = FILL_AREA_STYLE('',(#18100));
#18100 = FILL_AREA_STYLE_COLOUR('',#17344);
#18101 = CURVE_STYLE('',#18102,POSITIVE_LENGTH_MEASURE(0.1),#17344);
#18102 = DRAUGHTING_PRE_DEFINED_CURVE_FONT('continuous');
#18103 = STYLED_ITEM('color',(#18104),#11893);
#18104 = PRESENTATION_STYLE_ASSIGNMENT((#18105,#18110));
#18105 = SURFACE_STYLE_USAGE(.BOTH.,#18106);
#18106 = SURFACE_SIDE_STYLE('',(#18107));
#18107 = SURFACE_STYLE_FILL_AREA(#18108);
#18108 = FILL_AREA_STYLE('',(#18109));
#18109 = FILL_AREA_STYLE_COLOUR('',#17344);
#18110 = CURVE_STYLE('',#18111,POSITIVE_LENGTH_MEASURE(0.1),#17344);
#18111 = DRAUGHTING_PRE_DEFINED_CURVE_FONT('continuous');
#18112 = STYLED_ITEM('color',(#18113),#11935);
#18113 = PRESENTATION_STYLE_ASSIGNMENT((#18114,#18119));
#18114 = SURFACE_STYLE_USAGE(.BOTH.,#18115);
#18115 = SURFACE_SIDE_STYLE('',(#18116));
#18116 = SURFACE_STYLE_FILL_AREA(#18117);
#18117 = FILL_AREA_STYLE('',(#18118));
#18118 = FILL_AREA_STYLE_COLOUR('',#17344);
#18119 = CURVE_STYLE('',#18120,POSITIVE_LENGTH_MEASURE(0.1),#17344);
#18120 = DRAUGHTING_PRE_DEFINED_CURVE_FONT('continuous');
#18121 = STYLED_ITEM('color',(#18122),#11952);
#18122 = PRESENTATION_STYLE_ASSIGNMENT((#18123,#18128));
#18123 = SURFACE_STYLE_USAGE(.BOTH.,#18124);
#18124 = SURFACE_SIDE_STYLE('',(#18125));
#18125 = SURFACE_STYLE_FILL_AREA(#18126);
#18126 = FILL_AREA_STYLE('',(#18127));
#18127 = FILL_AREA_STYLE_COLOUR('',#17271);
#18128 = CURVE_STYLE('',#18129,POSITIVE_LENGTH_MEASURE(0.1),#17271);
#18129 = DRAUGHTING_PRE_DEFINED_CURVE_FONT('continuous');
#18130 = OVER_RIDING_STYLED_ITEM('overriding color',(#18131),#11959,
  #18121);
#18131 = PRESENTATION_STYLE_ASSIGNMENT((#18132,#18137));
#18132 = SURFACE_STYLE_USAGE(.BOTH.,#18133);
#18133 = SURFACE_SIDE_STYLE('',(#18134));
#18134 = SURFACE_STYLE_FILL_AREA(#18135);
#18135 = FILL_AREA_STYLE('',(#18136));
#18136 = FILL_AREA_STYLE_COLOUR('',#17344);
#18137 = CURVE_STYLE('',#18138,POSITIVE_LENGTH_MEASURE(0.1),#17344);
#18138 = DRAUGHTING_PRE_DEFINED_CURVE_FONT('continuous');
#18139 = STYLED_ITEM('color',(#18140),#11969);
#18140 = PRESENTATION_STYLE_ASSIGNMENT((#18141,#18146));
#18141 = SURFACE_STYLE_USAGE(.BOTH.,#18142);
#18142 = SURFACE_SIDE_STYLE('',(#18143));
#18143 = SURFACE_STYLE_FILL_AREA(#18144);
#18144 = FILL_AREA_STYLE('',(#18145));
#18145 = FILL_AREA_STYLE_COLOUR('',#17271);
#18146 = CURVE_STYLE('',#18147,POSITIVE_LENGTH_MEASURE(0.1),#17271);
#18147 = DRAUGHTING_PRE_DEFINED_CURVE_FONT('continuous');
#18148 = OVER_RIDING_STYLED_ITEM('overriding color',(#18149),#11974,
  #18139);
#18149 = PRESENTATION_STYLE_ASSIGNMENT((#18150,#18155));
#18150 = SURFACE_STYLE_USAGE(.BOTH.,#18151);
#18151 = SURFACE_SIDE_STYLE('',(#18152));
#18152 = SURFACE_STYLE_FILL_AREA(#18153);
#18153 = FILL_AREA_STYLE('',(#18154));
#18154 = FILL_AREA_STYLE_COLOUR('',#17344);
#18155 = CURVE_STYLE('',#18156,POSITIVE_LENGTH_MEASURE(0.1),#17344);
#18156 = DRAUGHTING_PRE_DEFINED_CURVE_FONT('continuous');
#18157 = STYLED_ITEM('color',(#18158),#11986);
#18158 = PRESENTATION_STYLE_ASSIGNMENT((#18159,#18164));
#18159 = SURFACE_STYLE_USAGE(.BOTH.,#18160);
#18160 = SURFACE_SIDE_STYLE('',(#18161));
#18161 = SURFACE_STYLE_FILL_AREA(#18162);
#18162 = FILL_AREA_STYLE('',(#18163));
#18163 = FILL_AREA_STYLE_COLOUR('',#17344);
#18164 = CURVE_STYLE('',#18165,POSITIVE_LENGTH_MEASURE(0.1),#17344);
#18165 = DRAUGHTING_PRE_DEFINED_CURVE_FONT('continuous');
#18166 = STYLED_ITEM('color',(#18167),#12035);
#18167 = PRESENTATION_STYLE_ASSIGNMENT((#18168,#18173));
#18168 = SURFACE_STYLE_USAGE(.BOTH.,#18169);
#18169 = SURFACE_SIDE_STYLE('',(#18170));
#18170 = SURFACE_STYLE_FILL_AREA(#18171);
#18171 = FILL_AREA_STYLE('',(#18172));
#18172 = FILL_AREA_STYLE_COLOUR('',#17344);
#18173 = CURVE_STYLE('',#18174,POSITIVE_LENGTH_MEASURE(0.1),#17344);
#18174 = DRAUGHTING_PRE_DEFINED_CURVE_FONT('continuous');
#18175 = STYLED_ITEM('color',(#18176),#12059);
#18176 = PRESENTATION_STYLE_ASSIGNMENT((#18177,#18182));
#18177 = SURFACE_STYLE_USAGE(.BOTH.,#18178);
#18178 = SURFACE_SIDE_STYLE('',(#18179));
#18179 = SURFACE_STYLE_FILL_AREA(#18180);
#18180 = FILL_AREA_STYLE('',(#18181));
#18181 = FILL_AREA_STYLE_COLOUR('',#17344);
#18182 = CURVE_STYLE('',#18183,POSITIVE_LENGTH_MEASURE(0.1),#17344);
#18183 = DRAUGHTING_PRE_DEFINED_CURVE_FONT('continuous');
#18184 = STYLED_ITEM('color',(#18185),#12101);
#18185 = PRESENTATION_STYLE_ASSIGNMENT((#18186,#18191));
#18186 = SURFACE_STYLE_USAGE(.BOTH.,#18187);
#18187 = SURFACE_SIDE_STYLE('',(#18188));
#18188 = SURFACE_STYLE_FILL_AREA(#18189);
#18189 = FILL_AREA_STYLE('',(#18190));
#18190 = FILL_AREA_STYLE_COLOUR('',#17344);
#18191 = CURVE_STYLE('',#18192,POSITIVE_LENGTH_MEASURE(0.1),#17344);
#18192 = DRAUGHTING_PRE_DEFINED_CURVE_FONT('continuous');
#18193 = STYLED_ITEM('color',(#18194),#12118);
#18194 = PRESENTATION_STYLE_ASSIGNMENT((#18195,#18200));
#18195 = SURFACE_STYLE_USAGE(.BOTH.,#18196);
#18196 = SURFACE_SIDE_STYLE('',(#18197));
#18197 = SURFACE_STYLE_FILL_AREA(#18198);
#18198 = FILL_AREA_STYLE('',(#18199));
#18199 = FILL_AREA_STYLE_COLOUR('',#17344);
#18200 = CURVE_STYLE('',#18201,POSITIVE_LENGTH_MEASURE(0.1),#17344);
#18201 = DRAUGHTING_PRE_DEFINED_CURVE_FONT('continuous');
#18202 = STYLED_ITEM('color',(#18203),#12135);
#18203 = PRESENTATION_STYLE_ASSIGNMENT((#18204,#18209));
#18204 = SURFACE_STYLE_USAGE(.BOTH.,#18205);
#18205 = SURFACE_SIDE_STYLE('',(#18206));
#18206 = SURFACE_STYLE_FILL_AREA(#18207);
#18207 = FILL_AREA_STYLE('',(#18208));
#18208 = FILL_AREA_STYLE_COLOUR('',#17344);
#18209 = CURVE_STYLE('',#18210,POSITIVE_LENGTH_MEASURE(0.1),#17344);
#18210 = DRAUGHTING_PRE_DEFINED_CURVE_FONT('continuous');
#18211 = STYLED_ITEM('color',(#18212),#12152);
#18212 = PRESENTATION_STYLE_ASSIGNMENT((#18213,#18218));
#18213 = SURFACE_STYLE_USAGE(.BOTH.,#18214);
#18214 = SURFACE_SIDE_STYLE('',(#18215));
#18215 = SURFACE_STYLE_FILL_AREA(#18216);
#18216 = FILL_AREA_STYLE('',(#18217));
#18217 = FILL_AREA_STYLE_COLOUR('',#17344);
#18218 = CURVE_STYLE('',#18219,POSITIVE_LENGTH_MEASURE(0.1),#17344);
#18219 = DRAUGHTING_PRE_DEFINED_CURVE_FONT('continuous');
#18220 = STYLED_ITEM('color',(#18221),#12164);
#18221 = PRESENTATION_STYLE_ASSIGNMENT((#18222,#18227));
#18222 = SURFACE_STYLE_USAGE(.BOTH.,#18223);
#18223 = SURFACE_SIDE_STYLE('',(#18224));
#18224 = SURFACE_STYLE_FILL_AREA(#18225);
#18225 = FILL_AREA_STYLE('',(#18226));
#18226 = FILL_AREA_STYLE_COLOUR('',#17344);
#18227 = CURVE_STYLE('',#18228,POSITIVE_LENGTH_MEASURE(0.1),#17344);
#18228 = DRAUGHTING_PRE_DEFINED_CURVE_FONT('continuous');
#18229 = STYLED_ITEM('color',(#18230),#12181);
#18230 = PRESENTATION_STYLE_ASSIGNMENT((#18231,#18236));
#18231 = SURFACE_STYLE_USAGE(.BOTH.,#18232);
#18232 = SURFACE_SIDE_STYLE('',(#18233));
#18233 = SURFACE_STYLE_FILL_AREA(#18234);
#18234 = FILL_AREA_STYLE('',(#18235));
#18235 = FILL_AREA_STYLE_COLOUR('',#17344);
#18236 = CURVE_STYLE('',#18237,POSITIVE_LENGTH_MEASURE(0.1),#17344);
#18237 = DRAUGHTING_PRE_DEFINED_CURVE_FONT('continuous');
#18238 = STYLED_ITEM('color',(#18239),#12198);
#18239 = PRESENTATION_STYLE_ASSIGNMENT((#18240,#18245));
#18240 = SURFACE_STYLE_USAGE(.BOTH.,#18241);
#18241 = SURFACE_SIDE_STYLE('',(#18242));
#18242 = SURFACE_STYLE_FILL_AREA(#18243);
#18243 = FILL_AREA_STYLE('',(#18244));
#18244 = FILL_AREA_STYLE_COLOUR('',#17344);
#18245 = CURVE_STYLE('',#18246,POSITIVE_LENGTH_MEASURE(0.1),#17344);
#18246 = DRAUGHTING_PRE_DEFINED_CURVE_FONT('continuous');
#18247 = STYLED_ITEM('color',(#18248),#12210);
#18248 = PRESENTATION_STYLE_ASSIGNMENT((#18249,#18254));
#18249 = SURFACE_STYLE_USAGE(.BOTH.,#18250);
#18250 = SURFACE_SIDE_STYLE('',(#18251));
#18251 = SURFACE_STYLE_FILL_AREA(#18252);
#18252 = FILL_AREA_STYLE('',(#18253));
#18253 = FILL_AREA_STYLE_COLOUR('',#17344);
#18254 = CURVE_STYLE('',#18255,POSITIVE_LENGTH_MEASURE(0.1),#17344);
#18255 = DRAUGHTING_PRE_DEFINED_CURVE_FONT('continuous');
#18256 = STYLED_ITEM('color',(#18257),#12227);
#18257 = PRESENTATION_STYLE_ASSIGNMENT((#18258,#18263));
#18258 = SURFACE_STYLE_USAGE(.BOTH.,#18259);
#18259 = SURFACE_SIDE_STYLE('',(#18260));
#18260 = SURFACE_STYLE_FILL_AREA(#18261);
#18261 = FILL_AREA_STYLE('',(#18262));
#18262 = FILL_AREA_STYLE_COLOUR('',#17344);
#18263 = CURVE_STYLE('',#18264,POSITIVE_LENGTH_MEASURE(0.1),#17344);
#18264 = DRAUGHTING_PRE_DEFINED_CURVE_FONT('continuous');
#18265 = STYLED_ITEM('color',(#18266),#12244);
#18266 = PRESENTATION_STYLE_ASSIGNMENT((#18267,#18272));
#18267 = SURFACE_STYLE_USAGE(.BOTH.,#18268);
#18268 = SURFACE_SIDE_STYLE('',(#18269));
#18269 = SURFACE_STYLE_FILL_AREA(#18270);
#18270 = FILL_AREA_STYLE('',(#18271));
#18271 = FILL_AREA_STYLE_COLOUR('',#17344);
#18272 = CURVE_STYLE('',#18273,POSITIVE_LENGTH_MEASURE(0.1),#17344);
#18273 = DRAUGHTING_PRE_DEFINED_CURVE_FONT('continuous');
#18274 = MECHANICAL_DESIGN_GEOMETRIC_PRESENTATION_REPRESENTATION('',(
    #18275,#18282,#18289,#18296,#18303,#18310,#18317,#18324,#18331,
    #18338,#18345,#18352,#18359,#18366,#18373,#18380,#18387),#516);
#18275 = STYLED_ITEM('color',(#18276),#131);
#18276 = PRESENTATION_STYLE_ASSIGNMENT((#18277));
#18277 = SURFACE_STYLE_USAGE(.BOTH.,#18278);
#18278 = SURFACE_SIDE_STYLE('',(#18279));
#18279 = SURFACE_STYLE_FILL_AREA(#18280);
#18280 = FILL_AREA_STYLE('',(#18281));
#18281 = FILL_AREA_STYLE_COLOUR('',#16752);
#18282 = STYLED_ITEM('color',(#18283),#164);
#18283 = PRESENTATION_STYLE_ASSIGNMENT((#18284));
#18284 = SURFACE_STYLE_USAGE(.BOTH.,#18285);
#18285 = SURFACE_SIDE_STYLE('',(#18286));
#18286 = SURFACE_STYLE_FILL_AREA(#18287);
#18287 = FILL_AREA_STYLE('',(#18288));
#18288 = FILL_AREA_STYLE_COLOUR('',#16752);
#18289 = STYLED_ITEM('color',(#18290),#190);
#18290 = PRESENTATION_STYLE_ASSIGNMENT((#18291));
#18291 = SURFACE_STYLE_USAGE(.BOTH.,#18292);
#18292 = SURFACE_SIDE_STYLE('',(#18293));
#18293 = SURFACE_STYLE_FILL_AREA(#18294);
#18294 = FILL_AREA_STYLE('',(#18295));
#18295 = FILL_AREA_STYLE_COLOUR('',#16752);
#18296 = STYLED_ITEM('color',(#18297),#210);
#18297 = PRESENTATION_STYLE_ASSIGNMENT((#18298));
#18298 = SURFACE_STYLE_USAGE(.BOTH.,#18299);
#18299 = SURFACE_SIDE_STYLE('',(#18300));
#18300 = SURFACE_STYLE_FILL_AREA(#18301);
#18301 = FILL_AREA_STYLE('',(#18302));
#18302 = FILL_AREA_STYLE_COLOUR('',#16752);
#18303 = STYLED_ITEM('color',(#18304),#230);
#18304 = PRESENTATION_STYLE_ASSIGNMENT((#18305));
#18305 = SURFACE_STYLE_USAGE(.BOTH.,#18306);
#18306 = SURFACE_SIDE_STYLE('',(#18307));
#18307 = SURFACE_STYLE_FILL_AREA(#18308);
#18308 = FILL_AREA_STYLE('',(#18309));
#18309 = FILL_AREA_STYLE_COLOUR('',#16752);
#18310 = STYLED_ITEM('color',(#18311),#255);
#18311 = PRESENTATION_STYLE_ASSIGNMENT((#18312));
#18312 = SURFACE_STYLE_USAGE(.BOTH.,#18313);
#18313 = SURFACE_SIDE_STYLE('',(#18314));
#18314 = SURFACE_STYLE_FILL_AREA(#18315);
#18315 = FILL_AREA_STYLE('',(#18316));
#18316 = FILL_AREA_STYLE_COLOUR('',#16495);
#18317 = STYLED_ITEM('color',(#18318),#280);
#18318 = PRESENTATION_STYLE_ASSIGNMENT((#18319));
#18319 = SURFACE_STYLE_USAGE(.BOTH.,#18320);
#18320 = SURFACE_SIDE_STYLE('',(#18321));
#18321 = SURFACE_STYLE_FILL_AREA(#18322);
#18322 = FILL_AREA_STYLE('',(#18323));
#18323 = FILL_AREA_STYLE_COLOUR('',#16752);
#18324 = STYLED_ITEM('color',(#18325),#300);
#18325 = PRESENTATION_STYLE_ASSIGNMENT((#18326));
#18326 = SURFACE_STYLE_USAGE(.BOTH.,#18327);
#18327 = SURFACE_SIDE_STYLE('',(#18328));
#18328 = SURFACE_STYLE_FILL_AREA(#18329);
#18329 = FILL_AREA_STYLE('',(#18330));
#18330 = FILL_AREA_STYLE_COLOUR('',#16495);
#18331 = STYLED_ITEM('color',(#18332),#326);
#18332 = PRESENTATION_STYLE_ASSIGNMENT((#18333));
#18333 = SURFACE_STYLE_USAGE(.BOTH.,#18334);
#18334 = SURFACE_SIDE_STYLE('',(#18335));
#18335 = SURFACE_STYLE_FILL_AREA(#18336);
#18336 = FILL_AREA_STYLE('',(#18337));
#18337 = FILL_AREA_STYLE_COLOUR('',#16752);
#18338 = STYLED_ITEM('color',(#18339),#351);
#18339 = PRESENTATION_STYLE_ASSIGNMENT((#18340));
#18340 = SURFACE_STYLE_USAGE(.BOTH.,#18341);
#18341 = SURFACE_SIDE_STYLE('',(#18342));
#18342 = SURFACE_STYLE_FILL_AREA(#18343);
#18343 = FILL_AREA_STYLE('',(#18344));
#18344 = FILL_AREA_STYLE_COLOUR('',#16495);
#18345 = STYLED_ITEM('color',(#18346),#376);
#18346 = PRESENTATION_STYLE_ASSIGNMENT((#18347));
#18347 = SURFACE_STYLE_USAGE(.BOTH.,#18348);
#18348 = SURFACE_SIDE_STYLE('',(#18349));
#18349 = SURFACE_STYLE_FILL_AREA(#18350);
#18350 = FILL_AREA_STYLE('',(#18351));
#18351 = FILL_AREA_STYLE_COLOUR('',#16752);
#18352 = STYLED_ITEM('color',(#18353),#402);
#18353 = PRESENTATION_STYLE_ASSIGNMENT((#18354));
#18354 = SURFACE_STYLE_USAGE(.BOTH.,#18355);
#18355 = SURFACE_SIDE_STYLE('',(#18356));
#18356 = SURFACE_STYLE_FILL_AREA(#18357);
#18357 = FILL_AREA_STYLE('',(#18358));
#18358 = FILL_AREA_STYLE_COLOUR('',#16495);
#18359 = STYLED_ITEM('color',(#18360),#411);
#18360 = PRESENTATION_STYLE_ASSIGNMENT((#18361));
#18361 = SURFACE_STYLE_USAGE(.BOTH.,#18362);
#18362 = SURFACE_SIDE_STYLE('',(#18363));
#18363 = SURFACE_STYLE_FILL_AREA(#18364);
#18364 = FILL_AREA_STYLE('',(#18365));
#18365 = FILL_AREA_STYLE_COLOUR('',#16752);
#18366 = STYLED_ITEM('color',(#18367),#431);
#18367 = PRESENTATION_STYLE_ASSIGNMENT((#18368));
#18368 = SURFACE_STYLE_USAGE(.BOTH.,#18369);
#18369 = SURFACE_SIDE_STYLE('',(#18370));
#18370 = SURFACE_STYLE_FILL_AREA(#18371);
#18371 = FILL_AREA_STYLE('',(#18372));
#18372 = FILL_AREA_STYLE_COLOUR('',#16495);
#18373 = STYLED_ITEM('color',(#18374),#456);
#18374 = PRESENTATION_STYLE_ASSIGNMENT((#18375));
#18375 = SURFACE_STYLE_USAGE(.BOTH.,#18376);
#18376 = SURFACE_SIDE_STYLE('',(#18377));
#18377 = SURFACE_STYLE_FILL_AREA(#18378);
#18378 = FILL_AREA_STYLE('',(#18379));
#18379 = FILL_AREA_STYLE_COLOUR('',#16495);
#18380 = STYLED_ITEM('color',(#18381),#482);
#18381 = PRESENTATION_STYLE_ASSIGNMENT((#18382));
#18382 = SURFACE_STYLE_USAGE(.BOTH.,#18383);
#18383 = SURFACE_SIDE_STYLE('',(#18384));
#18384 = SURFACE_STYLE_FILL_AREA(#18385);
#18385 = FILL_AREA_STYLE('',(#18386));
#18386 = FILL_AREA_STYLE_COLOUR('',#16495);
#18387 = STYLED_ITEM('color',(#18388),#507);
#18388 = PRESENTATION_STYLE_ASSIGNMENT((#18389));
#18389 = SURFACE_STYLE_USAGE(.BOTH.,#18390);
#18390 = SURFACE_SIDE_STYLE('',(#18391));
#18391 = SURFACE_STYLE_FILL_AREA(#18392);
#18392 = FILL_AREA_STYLE('',(#18393));
#18393 = FILL_AREA_STYLE_COLOUR('',#16495);
#18394 = MECHANICAL_DESIGN_GEOMETRIC_PRESENTATION_REPRESENTATION('',(
    #18395,#18404,#18413,#18422,#18431,#18440,#18449,#18458,#18467,
    #18476,#18485,#18494,#18503,#18512,#18521,#18530,#18539,#18548,
    #18557,#18566,#18575,#18584,#18593,#18602,#18611,#18620,#18629,
    #18638,#18647,#18656,#18665,#18674,#18683,#18692,#18701,#18710,
    #18719,#18728,#18737,#18746,#18755,#18764,#18773,#18782,#18791,
    #18800,#18809,#18818,#18827,#18836,#18845,#18854,#18863,#18872,
    #18881,#18890,#18899,#18908,#18917,#18926,#18935,#18944,#18953,
    #18962,#18971,#18980,#18989,#18998,#19007,#19016,#19025,#19034,
    #19043,#19052,#19061,#19070,#19079,#19088,#19097,#19106,#19115,
    #19124,#19133,#19142,#19151,#19160,#19169,#19178,#19187,#19196,
    #19205,#19214,#19223,#19232,#19241,#19250,#19259,#19268,#19277,
    #19286,#19295,#19304,#19313,#19322,#19331,#19340,#19349,#19358,
    #19367,#19376,#19385,#19394,#19403,#19412,#19421,#19430,#19439,
    #19448,#19457,#19466,#19475,#19484,#19493,#19502,#19511,#19520,
    #19529,#19538,#19547,#19556,#19565,#19574,#19583,#19592,#19601,
    #19610,#19619,#19628,#19637,#19646,#19655,#19664,#19673,#19682,
    #19691,#19700,#19709,#19718,#19727,#19736,#19745,#19754,#19763,
    #19772,#19781,#19790,#19799,#19808,#19817,#19826,#19835,#19844,
    #19853,#19862,#19871,#19880,#19889,#19898,#19907,#19916,#19925,
    #19934,#19943,#19952,#19961,#19970,#19979,#19988,#19997,#20006,
    #20015,#20024,#20033,#20042,#20051,#20060,#20069,#20078,#20087,
    #20096,#20105,#20114,#20123,#20132,#20141,#20150,#20159,#20168,
    #20177,#20186,#20195,#20204,#20213,#20222,#20231,#20240,#20249,
    #20258,#20267,#20276,#20285,#20294,#20303,#20312,#20321,#20330,
    #20339,#20348,#20357,#20366,#20375,#20384,#20393,#20402,#20411,
    #20420,#20429,#20438,#20447,#20456,#20465,#20474,#20483,#20492,
    #20501,#20510,#20519,#20528,#20537,#20546,#20555,#20564,#20573,
    #20582,#20591,#20600,#20609,#20618),#7323);
#18395 = STYLED_ITEM('color',(#18396),#1611);
#18396 = PRESENTATION_STYLE_ASSIGNMENT((#18397,#18402));
#18397 = SURFACE_STYLE_USAGE(.BOTH.,#18398);
#18398 = SURFACE_SIDE_STYLE('',(#18399));
#18399 = SURFACE_STYLE_FILL_AREA(#18400);
#18400 = FILL_AREA_STYLE('',(#18401));
#18401 = FILL_AREA_STYLE_COLOUR('',#17271);
#18402 = CURVE_STYLE('',#18403,POSITIVE_LENGTH_MEASURE(0.1),#17271);
#18403 = DRAUGHTING_PRE_DEFINED_CURVE_FONT('continuous');
#18404 = STYLED_ITEM('color',(#18405),#1651);
#18405 = PRESENTATION_STYLE_ASSIGNMENT((#18406,#18411));
#18406 = SURFACE_STYLE_USAGE(.BOTH.,#18407);
#18407 = SURFACE_SIDE_STYLE('',(#18408));
#18408 = SURFACE_STYLE_FILL_AREA(#18409);
#18409 = FILL_AREA_STYLE('',(#18410));
#18410 = FILL_AREA_STYLE_COLOUR('',#17271);
#18411 = CURVE_STYLE('',#18412,POSITIVE_LENGTH_MEASURE(0.1),#17271);
#18412 = DRAUGHTING_PRE_DEFINED_CURVE_FONT('continuous');
#18413 = STYLED_ITEM('color',(#18414),#1714);
#18414 = PRESENTATION_STYLE_ASSIGNMENT((#18415,#18420));
#18415 = SURFACE_STYLE_USAGE(.BOTH.,#18416);
#18416 = SURFACE_SIDE_STYLE('',(#18417));
#18417 = SURFACE_STYLE_FILL_AREA(#18418);
#18418 = FILL_AREA_STYLE('',(#18419));
#18419 = FILL_AREA_STYLE_COLOUR('',#17271);
#18420 = CURVE_STYLE('',#18421,POSITIVE_LENGTH_MEASURE(0.1),#17271);
#18421 = DRAUGHTING_PRE_DEFINED_CURVE_FONT('continuous');
#18422 = STYLED_ITEM('color',(#18423),#1777);
#18423 = PRESENTATION_STYLE_ASSIGNMENT((#18424,#18429));
#18424 = SURFACE_STYLE_USAGE(.BOTH.,#18425);
#18425 = SURFACE_SIDE_STYLE('',(#18426));
#18426 = SURFACE_STYLE_FILL_AREA(#18427);
#18427 = FILL_AREA_STYLE('',(#18428));
#18428 = FILL_AREA_STYLE_COLOUR('',#17271);
#18429 = CURVE_STYLE('',#18430,POSITIVE_LENGTH_MEASURE(0.1),#17271);
#18430 = DRAUGHTING_PRE_DEFINED_CURVE_FONT('continuous');
#18431 = STYLED_ITEM('color',(#18432),#1794);
#18432 = PRESENTATION_STYLE_ASSIGNMENT((#18433,#18438));
#18433 = SURFACE_STYLE_USAGE(.BOTH.,#18434);
#18434 = SURFACE_SIDE_STYLE('',(#18435));
#18435 = SURFACE_STYLE_FILL_AREA(#18436);
#18436 = FILL_AREA_STYLE('',(#18437));
#18437 = FILL_AREA_STYLE_COLOUR('',#17271);
#18438 = CURVE_STYLE('',#18439,POSITIVE_LENGTH_MEASURE(0.1),#17271);
#18439 = DRAUGHTING_PRE_DEFINED_CURVE_FONT('continuous');
#18440 = STYLED_ITEM('color',(#18441),#2049);
#18441 = PRESENTATION_STYLE_ASSIGNMENT((#18442,#18447));
#18442 = SURFACE_STYLE_USAGE(.BOTH.,#18443);
#18443 = SURFACE_SIDE_STYLE('',(#18444));
#18444 = SURFACE_STYLE_FILL_AREA(#18445);
#18445 = FILL_AREA_STYLE('',(#18446));
#18446 = FILL_AREA_STYLE_COLOUR('',#17271);
#18447 = CURVE_STYLE('',#18448,POSITIVE_LENGTH_MEASURE(0.1),#17271);
#18448 = DRAUGHTING_PRE_DEFINED_CURVE_FONT('continuous');
#18449 = STYLED_ITEM('color',(#18450),#2071);
#18450 = PRESENTATION_STYLE_ASSIGNMENT((#18451,#18456));
#18451 = SURFACE_STYLE_USAGE(.BOTH.,#18452);
#18452 = SURFACE_SIDE_STYLE('',(#18453));
#18453 = SURFACE_STYLE_FILL_AREA(#18454);
#18454 = FILL_AREA_STYLE('',(#18455));
#18455 = FILL_AREA_STYLE_COLOUR('',#17271);
#18456 = CURVE_STYLE('',#18457,POSITIVE_LENGTH_MEASURE(0.1),#17271);
#18457 = DRAUGHTING_PRE_DEFINED_CURVE_FONT('continuous');
#18458 = STYLED_ITEM('color',(#18459),#2088);
#18459 = PRESENTATION_STYLE_ASSIGNMENT((#18460,#18465));
#18460 = SURFACE_STYLE_USAGE(.BOTH.,#18461);
#18461 = SURFACE_SIDE_STYLE('',(#18462));
#18462 = SURFACE_STYLE_FILL_AREA(#18463);
#18463 = FILL_AREA_STYLE('',(#18464));
#18464 = FILL_AREA_STYLE_COLOUR('',#17271);
#18465 = CURVE_STYLE('',#18466,POSITIVE_LENGTH_MEASURE(0.1),#17271);
#18466 = DRAUGHTING_PRE_DEFINED_CURVE_FONT('continuous');
#18467 = OVER_RIDING_STYLED_ITEM('overriding color',(#18468),#2121,
  #18458);
#18468 = PRESENTATION_STYLE_ASSIGNMENT((#18469,#18474));
#18469 = SURFACE_STYLE_USAGE(.BOTH.,#18470);
#18470 = SURFACE_SIDE_STYLE('',(#18471));
#18471 = SURFACE_STYLE_FILL_AREA(#18472);
#18472 = FILL_AREA_STYLE('',(#18473));
#18473 = FILL_AREA_STYLE_COLOUR('',#17344);
#18474 = CURVE_STYLE('',#18475,POSITIVE_LENGTH_MEASURE(0.1),#17344);
#18475 = DRAUGHTING_PRE_DEFINED_CURVE_FONT('continuous');
#18476 = OVER_RIDING_STYLED_ITEM('overriding color',(#18477),#2153,
  #18458);
#18477 = PRESENTATION_STYLE_ASSIGNMENT((#18478,#18483));
#18478 = SURFACE_STYLE_USAGE(.BOTH.,#18479);
#18479 = SURFACE_SIDE_STYLE('',(#18480));
#18480 = SURFACE_STYLE_FILL_AREA(#18481);
#18481 = FILL_AREA_STYLE('',(#18482));
#18482 = FILL_AREA_STYLE_COLOUR('',#17344);
#18483 = CURVE_STYLE('',#18484,POSITIVE_LENGTH_MEASURE(0.1),#17344);
#18484 = DRAUGHTING_PRE_DEFINED_CURVE_FONT('continuous');
#18485 = OVER_RIDING_STYLED_ITEM('overriding color',(#18486),#2187,
  #18458);
#18486 = PRESENTATION_STYLE_ASSIGNMENT((#18487,#18492));
#18487 = SURFACE_STYLE_USAGE(.BOTH.,#18488);
#18488 = SURFACE_SIDE_STYLE('',(#18489));
#18489 = SURFACE_STYLE_FILL_AREA(#18490);
#18490 = FILL_AREA_STYLE('',(#18491));
#18491 = FILL_AREA_STYLE_COLOUR('',#17344);
#18492 = CURVE_STYLE('',#18493,POSITIVE_LENGTH_MEASURE(0.1),#17344);
#18493 = DRAUGHTING_PRE_DEFINED_CURVE_FONT('continuous');
#18494 = OVER_RIDING_STYLED_ITEM('overriding color',(#18495),#2219,
  #18458);
#18495 = PRESENTATION_STYLE_ASSIGNMENT((#18496,#18501));
#18496 = SURFACE_STYLE_USAGE(.BOTH.,#18497);
#18497 = SURFACE_SIDE_STYLE('',(#18498));
#18498 = SURFACE_STYLE_FILL_AREA(#18499);
#18499 = FILL_AREA_STYLE('',(#18500));
#18500 = FILL_AREA_STYLE_COLOUR('',#17344);
#18501 = CURVE_STYLE('',#18502,POSITIVE_LENGTH_MEASURE(0.1),#17344);
#18502 = DRAUGHTING_PRE_DEFINED_CURVE_FONT('continuous');
#18503 = OVER_RIDING_STYLED_ITEM('overriding color',(#18504),#2253,
  #18458);
#18504 = PRESENTATION_STYLE_ASSIGNMENT((#18505,#18510));
#18505 = SURFACE_STYLE_USAGE(.BOTH.,#18506);
#18506 = SURFACE_SIDE_STYLE('',(#18507));
#18507 = SURFACE_STYLE_FILL_AREA(#18508);
#18508 = FILL_AREA_STYLE('',(#18509));
#18509 = FILL_AREA_STYLE_COLOUR('',#17344);
#18510 = CURVE_STYLE('',#18511,POSITIVE_LENGTH_MEASURE(0.1),#17344);
#18511 = DRAUGHTING_PRE_DEFINED_CURVE_FONT('continuous');
#18512 = OVER_RIDING_STYLED_ITEM('overriding color',(#18513),#2285,
  #18458);
#18513 = PRESENTATION_STYLE_ASSIGNMENT((#18514,#18519));
#18514 = SURFACE_STYLE_USAGE(.BOTH.,#18515);
#18515 = SURFACE_SIDE_STYLE('',(#18516));
#18516 = SURFACE_STYLE_FILL_AREA(#18517);
#18517 = FILL_AREA_STYLE('',(#18518));
#18518 = FILL_AREA_STYLE_COLOUR('',#17344);
#18519 = CURVE_STYLE('',#18520,POSITIVE_LENGTH_MEASURE(0.1),#17344);
#18520 = DRAUGHTING_PRE_DEFINED_CURVE_FONT('continuous');
#18521 = OVER_RIDING_STYLED_ITEM('overriding color',(#18522),#2319,
  #18458);
#18522 = PRESENTATION_STYLE_ASSIGNMENT((#18523,#18528));
#18523 = SURFACE_STYLE_USAGE(.BOTH.,#18524);
#18524 = SURFACE_SIDE_STYLE('',(#18525));
#18525 = SURFACE_STYLE_FILL_AREA(#18526);
#18526 = FILL_AREA_STYLE('',(#18527));
#18527 = FILL_AREA_STYLE_COLOUR('',#17344);
#18528 = CURVE_STYLE('',#18529,POSITIVE_LENGTH_MEASURE(0.1),#17344);
#18529 = DRAUGHTING_PRE_DEFINED_CURVE_FONT('continuous');
#18530 = OVER_RIDING_STYLED_ITEM('overriding color',(#18531),#2351,
  #18458);
#18531 = PRESENTATION_STYLE_ASSIGNMENT((#18532,#18537));
#18532 = SURFACE_STYLE_USAGE(.BOTH.,#18533);
#18533 = SURFACE_SIDE_STYLE('',(#18534));
#18534 = SURFACE_STYLE_FILL_AREA(#18535);
#18535 = FILL_AREA_STYLE('',(#18536));
#18536 = FILL_AREA_STYLE_COLOUR('',#17344);
#18537 = CURVE_STYLE('',#18538,POSITIVE_LENGTH_MEASURE(0.1),#17344);
#18538 = DRAUGHTING_PRE_DEFINED_CURVE_FONT('continuous');
#18539 = OVER_RIDING_STYLED_ITEM('overriding color',(#18540),#2385,
  #18458);
#18540 = PRESENTATION_STYLE_ASSIGNMENT((#18541,#18546));
#18541 = SURFACE_STYLE_USAGE(.BOTH.,#18542);
#18542 = SURFACE_SIDE_STYLE('',(#18543));
#18543 = SURFACE_STYLE_FILL_AREA(#18544);
#18544 = FILL_AREA_STYLE('',(#18545));
#18545 = FILL_AREA_STYLE_COLOUR('',#17344);
#18546 = CURVE_STYLE('',#18547,POSITIVE_LENGTH_MEASURE(0.1),#17344);
#18547 = DRAUGHTING_PRE_DEFINED_CURVE_FONT('continuous');
#18548 = OVER_RIDING_STYLED_ITEM('overriding color',(#18549),#2417,
  #18458);
#18549 = PRESENTATION_STYLE_ASSIGNMENT((#18550,#18555));
#18550 = SURFACE_STYLE_USAGE(.BOTH.,#18551);
#18551 = SURFACE_SIDE_STYLE('',(#18552));
#18552 = SURFACE_STYLE_FILL_AREA(#18553);
#18553 = FILL_AREA_STYLE('',(#18554));
#18554 = FILL_AREA_STYLE_COLOUR('',#17344);
#18555 = CURVE_STYLE('',#18556,POSITIVE_LENGTH_MEASURE(0.1),#17344);
#18556 = DRAUGHTING_PRE_DEFINED_CURVE_FONT('continuous');
#18557 = OVER_RIDING_STYLED_ITEM('overriding color',(#18558),#2451,
  #18458);
#18558 = PRESENTATION_STYLE_ASSIGNMENT((#18559,#18564));
#18559 = SURFACE_STYLE_USAGE(.BOTH.,#18560);
#18560 = SURFACE_SIDE_STYLE('',(#18561));
#18561 = SURFACE_STYLE_FILL_AREA(#18562);
#18562 = FILL_AREA_STYLE('',(#18563));
#18563 = FILL_AREA_STYLE_COLOUR('',#17344);
#18564 = CURVE_STYLE('',#18565,POSITIVE_LENGTH_MEASURE(0.1),#17344);
#18565 = DRAUGHTING_PRE_DEFINED_CURVE_FONT('continuous');
#18566 = OVER_RIDING_STYLED_ITEM('overriding color',(#18567),#2483,
  #18458);
#18567 = PRESENTATION_STYLE_ASSIGNMENT((#18568,#18573));
#18568 = SURFACE_STYLE_USAGE(.BOTH.,#18569);
#18569 = SURFACE_SIDE_STYLE('',(#18570));
#18570 = SURFACE_STYLE_FILL_AREA(#18571);
#18571 = FILL_AREA_STYLE('',(#18572));
#18572 = FILL_AREA_STYLE_COLOUR('',#17344);
#18573 = CURVE_STYLE('',#18574,POSITIVE_LENGTH_MEASURE(0.1),#17344);
#18574 = DRAUGHTING_PRE_DEFINED_CURVE_FONT('continuous');
#18575 = OVER_RIDING_STYLED_ITEM('overriding color',(#18576),#2517,
  #18458);
#18576 = PRESENTATION_STYLE_ASSIGNMENT((#18577,#18582));
#18577 = SURFACE_STYLE_USAGE(.BOTH.,#18578);
#18578 = SURFACE_SIDE_STYLE('',(#18579));
#18579 = SURFACE_STYLE_FILL_AREA(#18580);
#18580 = FILL_AREA_STYLE('',(#18581));
#18581 = FILL_AREA_STYLE_COLOUR('',#17344);
#18582 = CURVE_STYLE('',#18583,POSITIVE_LENGTH_MEASURE(0.1),#17344);
#18583 = DRAUGHTING_PRE_DEFINED_CURVE_FONT('continuous');
#18584 = OVER_RIDING_STYLED_ITEM('overriding color',(#18585),#2549,
  #18458);
#18585 = PRESENTATION_STYLE_ASSIGNMENT((#18586,#18591));
#18586 = SURFACE_STYLE_USAGE(.BOTH.,#18587);
#18587 = SURFACE_SIDE_STYLE('',(#18588));
#18588 = SURFACE_STYLE_FILL_AREA(#18589);
#18589 = FILL_AREA_STYLE('',(#18590));
#18590 = FILL_AREA_STYLE_COLOUR('',#17344);
#18591 = CURVE_STYLE('',#18592,POSITIVE_LENGTH_MEASURE(0.1),#17344);
#18592 = DRAUGHTING_PRE_DEFINED_CURVE_FONT('continuous');
#18593 = STYLED_ITEM('color',(#18594),#2567);
#18594 = PRESENTATION_STYLE_ASSIGNMENT((#18595,#18600));
#18595 = SURFACE_STYLE_USAGE(.BOTH.,#18596);
#18596 = SURFACE_SIDE_STYLE('',(#18597));
#18597 = SURFACE_STYLE_FILL_AREA(#18598);
#18598 = FILL_AREA_STYLE('',(#18599));
#18599 = FILL_AREA_STYLE_COLOUR('',#17271);
#18600 = CURVE_STYLE('',#18601,POSITIVE_LENGTH_MEASURE(0.1),#17271);
#18601 = DRAUGHTING_PRE_DEFINED_CURVE_FONT('continuous');
#18602 = STYLED_ITEM('color',(#18603),#2579);
#18603 = PRESENTATION_STYLE_ASSIGNMENT((#18604,#18609));
#18604 = SURFACE_STYLE_USAGE(.BOTH.,#18605);
#18605 = SURFACE_SIDE_STYLE('',(#18606));
#18606 = SURFACE_STYLE_FILL_AREA(#18607);
#18607 = FILL_AREA_STYLE('',(#18608));
#18608 = FILL_AREA_STYLE_COLOUR('',#17271);
#18609 = CURVE_STYLE('',#18610,POSITIVE_LENGTH_MEASURE(0.1),#17271);
#18610 = DRAUGHTING_PRE_DEFINED_CURVE_FONT('continuous');
#18611 = STYLED_ITEM('color',(#18612),#2591);
#18612 = PRESENTATION_STYLE_ASSIGNMENT((#18613,#18618));
#18613 = SURFACE_STYLE_USAGE(.BOTH.,#18614);
#18614 = SURFACE_SIDE_STYLE('',(#18615));
#18615 = SURFACE_STYLE_FILL_AREA(#18616);
#18616 = FILL_AREA_STYLE('',(#18617));
#18617 = FILL_AREA_STYLE_COLOUR('',#17271);
#18618 = CURVE_STYLE('',#18619,POSITIVE_LENGTH_MEASURE(0.1),#17271);
#18619 = DRAUGHTING_PRE_DEFINED_CURVE_FONT('continuous');
#18620 = STYLED_ITEM('color',(#18621),#2622);
#18621 = PRESENTATION_STYLE_ASSIGNMENT((#18622,#18627));
#18622 = SURFACE_STYLE_USAGE(.BOTH.,#18623);
#18623 = SURFACE_SIDE_STYLE('',(#18624));
#18624 = SURFACE_STYLE_FILL_AREA(#18625);
#18625 = FILL_AREA_STYLE('',(#18626));
#18626 = FILL_AREA_STYLE_COLOUR('',#17271);
#18627 = CURVE_STYLE('',#18628,POSITIVE_LENGTH_MEASURE(0.1),#17271);
#18628 = DRAUGHTING_PRE_DEFINED_CURVE_FONT('continuous');
#18629 = STYLED_ITEM('color',(#18630),#2646);
#18630 = PRESENTATION_STYLE_ASSIGNMENT((#18631,#18636));
#18631 = SURFACE_STYLE_USAGE(.BOTH.,#18632);
#18632 = SURFACE_SIDE_STYLE('',(#18633));
#18633 = SURFACE_STYLE_FILL_AREA(#18634);
#18634 = FILL_AREA_STYLE('',(#18635));
#18635 = FILL_AREA_STYLE_COLOUR('',#17271);
#18636 = CURVE_STYLE('',#18637,POSITIVE_LENGTH_MEASURE(0.1),#17271);
#18637 = DRAUGHTING_PRE_DEFINED_CURVE_FONT('continuous');
#18638 = STYLED_ITEM('color',(#18639),#2670);
#18639 = PRESENTATION_STYLE_ASSIGNMENT((#18640,#18645));
#18640 = SURFACE_STYLE_USAGE(.BOTH.,#18641);
#18641 = SURFACE_SIDE_STYLE('',(#18642));
#18642 = SURFACE_STYLE_FILL_AREA(#18643);
#18643 = FILL_AREA_STYLE('',(#18644));
#18644 = FILL_AREA_STYLE_COLOUR('',#17271);
#18645 = CURVE_STYLE('',#18646,POSITIVE_LENGTH_MEASURE(0.1),#17271);
#18646 = DRAUGHTING_PRE_DEFINED_CURVE_FONT('continuous');
#18647 = STYLED_ITEM('color',(#18648),#2687);
#18648 = PRESENTATION_STYLE_ASSIGNMENT((#18649,#18654));
#18649 = SURFACE_STYLE_USAGE(.BOTH.,#18650);
#18650 = SURFACE_SIDE_STYLE('',(#18651));
#18651 = SURFACE_STYLE_FILL_AREA(#18652);
#18652 = FILL_AREA_STYLE('',(#18653));
#18653 = FILL_AREA_STYLE_COLOUR('',#17271);
#18654 = CURVE_STYLE('',#18655,POSITIVE_LENGTH_MEASURE(0.1),#17271);
#18655 = DRAUGHTING_PRE_DEFINED_CURVE_FONT('continuous');
#18656 = STYLED_ITEM('color',(#18657),#2718);
#18657 = PRESENTATION_STYLE_ASSIGNMENT((#18658,#18663));
#18658 = SURFACE_STYLE_USAGE(.BOTH.,#18659);
#18659 = SURFACE_SIDE_STYLE('',(#18660));
#18660 = SURFACE_STYLE_FILL_AREA(#18661);
#18661 = FILL_AREA_STYLE('',(#18662));
#18662 = FILL_AREA_STYLE_COLOUR('',#17271);
#18663 = CURVE_STYLE('',#18664,POSITIVE_LENGTH_MEASURE(0.1),#17271);
#18664 = DRAUGHTING_PRE_DEFINED_CURVE_FONT('continuous');
#18665 = STYLED_ITEM('color',(#18666),#2742);
#18666 = PRESENTATION_STYLE_ASSIGNMENT((#18667,#18672));
#18667 = SURFACE_STYLE_USAGE(.BOTH.,#18668);
#18668 = SURFACE_SIDE_STYLE('',(#18669));
#18669 = SURFACE_STYLE_FILL_AREA(#18670);
#18670 = FILL_AREA_STYLE('',(#18671));
#18671 = FILL_AREA_STYLE_COLOUR('',#17271);
#18672 = CURVE_STYLE('',#18673,POSITIVE_LENGTH_MEASURE(0.1),#17271);
#18673 = DRAUGHTING_PRE_DEFINED_CURVE_FONT('continuous');
#18674 = STYLED_ITEM('color',(#18675),#2766);
#18675 = PRESENTATION_STYLE_ASSIGNMENT((#18676,#18681));
#18676 = SURFACE_STYLE_USAGE(.BOTH.,#18677);
#18677 = SURFACE_SIDE_STYLE('',(#18678));
#18678 = SURFACE_STYLE_FILL_AREA(#18679);
#18679 = FILL_AREA_STYLE('',(#18680));
#18680 = FILL_AREA_STYLE_COLOUR('',#17271);
#18681 = CURVE_STYLE('',#18682,POSITIVE_LENGTH_MEASURE(0.1),#17271);
#18682 = DRAUGHTING_PRE_DEFINED_CURVE_FONT('continuous');
#18683 = STYLED_ITEM('color',(#18684),#2783);
#18684 = PRESENTATION_STYLE_ASSIGNMENT((#18685,#18690));
#18685 = SURFACE_STYLE_USAGE(.BOTH.,#18686);
#18686 = SURFACE_SIDE_STYLE('',(#18687));
#18687 = SURFACE_STYLE_FILL_AREA(#18688);
#18688 = FILL_AREA_STYLE('',(#18689));
#18689 = FILL_AREA_STYLE_COLOUR('',#17271);
#18690 = CURVE_STYLE('',#18691,POSITIVE_LENGTH_MEASURE(0.1),#17271);
#18691 = DRAUGHTING_PRE_DEFINED_CURVE_FONT('continuous');
#18692 = STYLED_ITEM('color',(#18693),#2814);
#18693 = PRESENTATION_STYLE_ASSIGNMENT((#18694,#18699));
#18694 = SURFACE_STYLE_USAGE(.BOTH.,#18695);
#18695 = SURFACE_SIDE_STYLE('',(#18696));
#18696 = SURFACE_STYLE_FILL_AREA(#18697);
#18697 = FILL_AREA_STYLE('',(#18698));
#18698 = FILL_AREA_STYLE_COLOUR('',#17271);
#18699 = CURVE_STYLE('',#18700,POSITIVE_LENGTH_MEASURE(0.1),#17271);
#18700 = DRAUGHTING_PRE_DEFINED_CURVE_FONT('continuous');
#18701 = STYLED_ITEM('color',(#18702),#2838);
#18702 = PRESENTATION_STYLE_ASSIGNMENT((#18703,#18708));
#18703 = SURFACE_STYLE_USAGE(.BOTH.,#18704);
#18704 = SURFACE_SIDE_STYLE('',(#18705));
#18705 = SURFACE_STYLE_FILL_AREA(#18706);
#18706 = FILL_AREA_STYLE('',(#18707));
#18707 = FILL_AREA_STYLE_COLOUR('',#17271);
#18708 = CURVE_STYLE('',#18709,POSITIVE_LENGTH_MEASURE(0.1),#17271);
#18709 = DRAUGHTING_PRE_DEFINED_CURVE_FONT('continuous');
#18710 = STYLED_ITEM('color',(#18711),#2862);
#18711 = PRESENTATION_STYLE_ASSIGNMENT((#18712,#18717));
#18712 = SURFACE_STYLE_USAGE(.BOTH.,#18713);
#18713 = SURFACE_SIDE_STYLE('',(#18714));
#18714 = SURFACE_STYLE_FILL_AREA(#18715);
#18715 = FILL_AREA_STYLE('',(#18716));
#18716 = FILL_AREA_STYLE_COLOUR('',#17271);
#18717 = CURVE_STYLE('',#18718,POSITIVE_LENGTH_MEASURE(0.1),#17271);
#18718 = DRAUGHTING_PRE_DEFINED_CURVE_FONT('continuous');
#18719 = STYLED_ITEM('color',(#18720),#2879);
#18720 = PRESENTATION_STYLE_ASSIGNMENT((#18721,#18726));
#18721 = SURFACE_STYLE_USAGE(.BOTH.,#18722);
#18722 = SURFACE_SIDE_STYLE('',(#18723));
#18723 = SURFACE_STYLE_FILL_AREA(#18724);
#18724 = FILL_AREA_STYLE('',(#18725));
#18725 = FILL_AREA_STYLE_COLOUR('',#17271);
#18726 = CURVE_STYLE('',#18727,POSITIVE_LENGTH_MEASURE(0.1),#17271);
#18727 = DRAUGHTING_PRE_DEFINED_CURVE_FONT('continuous');
#18728 = STYLED_ITEM('color',(#18729),#2910);
#18729 = PRESENTATION_STYLE_ASSIGNMENT((#18730,#18735));
#18730 = SURFACE_STYLE_USAGE(.BOTH.,#18731);
#18731 = SURFACE_SIDE_STYLE('',(#18732));
#18732 = SURFACE_STYLE_FILL_AREA(#18733);
#18733 = FILL_AREA_STYLE('',(#18734));
#18734 = FILL_AREA_STYLE_COLOUR('',#17271);
#18735 = CURVE_STYLE('',#18736,POSITIVE_LENGTH_MEASURE(0.1),#17271);
#18736 = DRAUGHTING_PRE_DEFINED_CURVE_FONT('continuous');
#18737 = STYLED_ITEM('color',(#18738),#2934);
#18738 = PRESENTATION_STYLE_ASSIGNMENT((#18739,#18744));
#18739 = SURFACE_STYLE_USAGE(.BOTH.,#18740);
#18740 = SURFACE_SIDE_STYLE('',(#18741));
#18741 = SURFACE_STYLE_FILL_AREA(#18742);
#18742 = FILL_AREA_STYLE('',(#18743));
#18743 = FILL_AREA_STYLE_COLOUR('',#17271);
#18744 = CURVE_STYLE('',#18745,POSITIVE_LENGTH_MEASURE(0.1),#17271);
#18745 = DRAUGHTING_PRE_DEFINED_CURVE_FONT('continuous');
#18746 = STYLED_ITEM('color',(#18747),#2958);
#18747 = PRESENTATION_STYLE_ASSIGNMENT((#18748,#18753));
#18748 = SURFACE_STYLE_USAGE(.BOTH.,#18749);
#18749 = SURFACE_SIDE_STYLE('',(#18750));
#18750 = SURFACE_STYLE_FILL_AREA(#18751);
#18751 = FILL_AREA_STYLE('',(#18752));
#18752 = FILL_AREA_STYLE_COLOUR('',#17271);
#18753 = CURVE_STYLE('',#18754,POSITIVE_LENGTH_MEASURE(0.1),#17271);
#18754 = DRAUGHTING_PRE_DEFINED_CURVE_FONT('continuous');
#18755 = STYLED_ITEM('color',(#18756),#2975);
#18756 = PRESENTATION_STYLE_ASSIGNMENT((#18757,#18762));
#18757 = SURFACE_STYLE_USAGE(.BOTH.,#18758);
#18758 = SURFACE_SIDE_STYLE('',(#18759));
#18759 = SURFACE_STYLE_FILL_AREA(#18760);
#18760 = FILL_AREA_STYLE('',(#18761));
#18761 = FILL_AREA_STYLE_COLOUR('',#17271);
#18762 = CURVE_STYLE('',#18763,POSITIVE_LENGTH_MEASURE(0.1),#17271);
#18763 = DRAUGHTING_PRE_DEFINED_CURVE_FONT('continuous');
#18764 = STYLED_ITEM('color',(#18765),#3006);
#18765 = PRESENTATION_STYLE_ASSIGNMENT((#18766,#18771));
#18766 = SURFACE_STYLE_USAGE(.BOTH.,#18767);
#18767 = SURFACE_SIDE_STYLE('',(#18768));
#18768 = SURFACE_STYLE_FILL_AREA(#18769);
#18769 = FILL_AREA_STYLE('',(#18770));
#18770 = FILL_AREA_STYLE_COLOUR('',#17271);
#18771 = CURVE_STYLE('',#18772,POSITIVE_LENGTH_MEASURE(0.1),#17271);
#18772 = DRAUGHTING_PRE_DEFINED_CURVE_FONT('continuous');
#18773 = STYLED_ITEM('color',(#18774),#3030);
#18774 = PRESENTATION_STYLE_ASSIGNMENT((#18775,#18780));
#18775 = SURFACE_STYLE_USAGE(.BOTH.,#18776);
#18776 = SURFACE_SIDE_STYLE('',(#18777));
#18777 = SURFACE_STYLE_FILL_AREA(#18778);
#18778 = FILL_AREA_STYLE('',(#18779));
#18779 = FILL_AREA_STYLE_COLOUR('',#17271);
#18780 = CURVE_STYLE('',#18781,POSITIVE_LENGTH_MEASURE(0.1),#17271);
#18781 = DRAUGHTING_PRE_DEFINED_CURVE_FONT('continuous');
#18782 = STYLED_ITEM('color',(#18783),#3054);
#18783 = PRESENTATION_STYLE_ASSIGNMENT((#18784,#18789));
#18784 = SURFACE_STYLE_USAGE(.BOTH.,#18785);
#18785 = SURFACE_SIDE_STYLE('',(#18786));
#18786 = SURFACE_STYLE_FILL_AREA(#18787);
#18787 = FILL_AREA_STYLE('',(#18788));
#18788 = FILL_AREA_STYLE_COLOUR('',#17271);
#18789 = CURVE_STYLE('',#18790,POSITIVE_LENGTH_MEASURE(0.1),#17271);
#18790 = DRAUGHTING_PRE_DEFINED_CURVE_FONT('continuous');
#18791 = STYLED_ITEM('color',(#18792),#3071);
#18792 = PRESENTATION_STYLE_ASSIGNMENT((#18793,#18798));
#18793 = SURFACE_STYLE_USAGE(.BOTH.,#18794);
#18794 = SURFACE_SIDE_STYLE('',(#18795));
#18795 = SURFACE_STYLE_FILL_AREA(#18796);
#18796 = FILL_AREA_STYLE('',(#18797));
#18797 = FILL_AREA_STYLE_COLOUR('',#17271);
#18798 = CURVE_STYLE('',#18799,POSITIVE_LENGTH_MEASURE(0.1),#17271);
#18799 = DRAUGHTING_PRE_DEFINED_CURVE_FONT('continuous');
#18800 = STYLED_ITEM('color',(#18801),#3102);
#18801 = PRESENTATION_STYLE_ASSIGNMENT((#18802,#18807));
#18802 = SURFACE_STYLE_USAGE(.BOTH.,#18803);
#18803 = SURFACE_SIDE_STYLE('',(#18804));
#18804 = SURFACE_STYLE_FILL_AREA(#18805);
#18805 = FILL_AREA_STYLE('',(#18806));
#18806 = FILL_AREA_STYLE_COLOUR('',#17271);
#18807 = CURVE_STYLE('',#18808,POSITIVE_LENGTH_MEASURE(0.1),#17271);
#18808 = DRAUGHTING_PRE_DEFINED_CURVE_FONT('continuous');
#18809 = STYLED_ITEM('color',(#18810),#3126);
#18810 = PRESENTATION_STYLE_ASSIGNMENT((#18811,#18816));
#18811 = SURFACE_STYLE_USAGE(.BOTH.,#18812);
#18812 = SURFACE_SIDE_STYLE('',(#18813));
#18813 = SURFACE_STYLE_FILL_AREA(#18814);
#18814 = FILL_AREA_STYLE('',(#18815));
#18815 = FILL_AREA_STYLE_COLOUR('',#17271);
#18816 = CURVE_STYLE('',#18817,POSITIVE_LENGTH_MEASURE(0.1),#17271);
#18817 = DRAUGHTING_PRE_DEFINED_CURVE_FONT('continuous');
#18818 = STYLED_ITEM('color',(#18819),#3150);
#18819 = PRESENTATION_STYLE_ASSIGNMENT((#18820,#18825));
#18820 = SURFACE_STYLE_USAGE(.BOTH.,#18821);
#18821 = SURFACE_SIDE_STYLE('',(#18822));
#18822 = SURFACE_STYLE_FILL_AREA(#18823);
#18823 = FILL_AREA_STYLE('',(#18824));
#18824 = FILL_AREA_STYLE_COLOUR('',#17271);
#18825 = CURVE_STYLE('',#18826,POSITIVE_LENGTH_MEASURE(0.1),#17271);
#18826 = DRAUGHTING_PRE_DEFINED_CURVE_FONT('continuous');
#18827 = STYLED_ITEM('color',(#18828),#3167);
#18828 = PRESENTATION_STYLE_ASSIGNMENT((#18829,#18834));
#18829 = SURFACE_STYLE_USAGE(.BOTH.,#18830);
#18830 = SURFACE_SIDE_STYLE('',(#18831));
#18831 = SURFACE_STYLE_FILL_AREA(#18832);
#18832 = FILL_AREA_STYLE('',(#18833));
#18833 = FILL_AREA_STYLE_COLOUR('',#17271);
#18834 = CURVE_STYLE('',#18835,POSITIVE_LENGTH_MEASURE(0.1),#17271);
#18835 = DRAUGHTING_PRE_DEFINED_CURVE_FONT('continuous');
#18836 = STYLED_ITEM('color',(#18837),#3198);
#18837 = PRESENTATION_STYLE_ASSIGNMENT((#18838,#18843));
#18838 = SURFACE_STYLE_USAGE(.BOTH.,#18839);
#18839 = SURFACE_SIDE_STYLE('',(#18840));
#18840 = SURFACE_STYLE_FILL_AREA(#18841);
#18841 = FILL_AREA_STYLE('',(#18842));
#18842 = FILL_AREA_STYLE_COLOUR('',#17271);
#18843 = CURVE_STYLE('',#18844,POSITIVE_LENGTH_MEASURE(0.1),#17271);
#18844 = DRAUGHTING_PRE_DEFINED_CURVE_FONT('continuous');
#18845 = STYLED_ITEM('color',(#18846),#3222);
#18846 = PRESENTATION_STYLE_ASSIGNMENT((#18847,#18852));
#18847 = SURFACE_STYLE_USAGE(.BOTH.,#18848);
#18848 = SURFACE_SIDE_STYLE('',(#18849));
#18849 = SURFACE_STYLE_FILL_AREA(#18850);
#18850 = FILL_AREA_STYLE('',(#18851));
#18851 = FILL_AREA_STYLE_COLOUR('',#17271);
#18852 = CURVE_STYLE('',#18853,POSITIVE_LENGTH_MEASURE(0.1),#17271);
#18853 = DRAUGHTING_PRE_DEFINED_CURVE_FONT('continuous');
#18854 = STYLED_ITEM('color',(#18855),#3246);
#18855 = PRESENTATION_STYLE_ASSIGNMENT((#18856,#18861));
#18856 = SURFACE_STYLE_USAGE(.BOTH.,#18857);
#18857 = SURFACE_SIDE_STYLE('',(#18858));
#18858 = SURFACE_STYLE_FILL_AREA(#18859);
#18859 = FILL_AREA_STYLE('',(#18860));
#18860 = FILL_AREA_STYLE_COLOUR('',#17271);
#18861 = CURVE_STYLE('',#18862,POSITIVE_LENGTH_MEASURE(0.1),#17271);
#18862 = DRAUGHTING_PRE_DEFINED_CURVE_FONT('continuous');
#18863 = STYLED_ITEM('color',(#18864),#3263);
#18864 = PRESENTATION_STYLE_ASSIGNMENT((#18865,#18870));
#18865 = SURFACE_STYLE_USAGE(.BOTH.,#18866);
#18866 = SURFACE_SIDE_STYLE('',(#18867));
#18867 = SURFACE_STYLE_FILL_AREA(#18868);
#18868 = FILL_AREA_STYLE('',(#18869));
#18869 = FILL_AREA_STYLE_COLOUR('',#17344);
#18870 = CURVE_STYLE('',#18871,POSITIVE_LENGTH_MEASURE(0.1),#17344);
#18871 = DRAUGHTING_PRE_DEFINED_CURVE_FONT('continuous');
#18872 = STYLED_ITEM('color',(#18873),#3280);
#18873 = PRESENTATION_STYLE_ASSIGNMENT((#18874,#18879));
#18874 = SURFACE_STYLE_USAGE(.BOTH.,#18875);
#18875 = SURFACE_SIDE_STYLE('',(#18876));
#18876 = SURFACE_STYLE_FILL_AREA(#18877);
#18877 = FILL_AREA_STYLE('',(#18878));
#18878 = FILL_AREA_STYLE_COLOUR('',#17344);
#18879 = CURVE_STYLE('',#18880,POSITIVE_LENGTH_MEASURE(0.1),#17344);
#18880 = DRAUGHTING_PRE_DEFINED_CURVE_FONT('continuous');
#18881 = STYLED_ITEM('color',(#18882),#3327);
#18882 = PRESENTATION_STYLE_ASSIGNMENT((#18883,#18888));
#18883 = SURFACE_STYLE_USAGE(.BOTH.,#18884);
#18884 = SURFACE_SIDE_STYLE('',(#18885));
#18885 = SURFACE_STYLE_FILL_AREA(#18886);
#18886 = FILL_AREA_STYLE('',(#18887));
#18887 = FILL_AREA_STYLE_COLOUR('',#17344);
#18888 = CURVE_STYLE('',#18889,POSITIVE_LENGTH_MEASURE(0.1),#17344);
#18889 = DRAUGHTING_PRE_DEFINED_CURVE_FONT('continuous');
#18890 = STYLED_ITEM('color',(#18891),#3344);
#18891 = PRESENTATION_STYLE_ASSIGNMENT((#18892,#18897));
#18892 = SURFACE_STYLE_USAGE(.BOTH.,#18893);
#18893 = SURFACE_SIDE_STYLE('',(#18894));
#18894 = SURFACE_STYLE_FILL_AREA(#18895);
#18895 = FILL_AREA_STYLE('',(#18896));
#18896 = FILL_AREA_STYLE_COLOUR('',#17344);
#18897 = CURVE_STYLE('',#18898,POSITIVE_LENGTH_MEASURE(0.1),#17344);
#18898 = DRAUGHTING_PRE_DEFINED_CURVE_FONT('continuous');
#18899 = STYLED_ITEM('color',(#18900),#3391);
#18900 = PRESENTATION_STYLE_ASSIGNMENT((#18901,#18906));
#18901 = SURFACE_STYLE_USAGE(.BOTH.,#18902);
#18902 = SURFACE_SIDE_STYLE('',(#18903));
#18903 = SURFACE_STYLE_FILL_AREA(#18904);
#18904 = FILL_AREA_STYLE('',(#18905));
#18905 = FILL_AREA_STYLE_COLOUR('',#17344);
#18906 = CURVE_STYLE('',#18907,POSITIVE_LENGTH_MEASURE(0.1),#17344);
#18907 = DRAUGHTING_PRE_DEFINED_CURVE_FONT('continuous');
#18908 = STYLED_ITEM('color',(#18909),#3408);
#18909 = PRESENTATION_STYLE_ASSIGNMENT((#18910,#18915));
#18910 = SURFACE_STYLE_USAGE(.BOTH.,#18911);
#18911 = SURFACE_SIDE_STYLE('',(#18912));
#18912 = SURFACE_STYLE_FILL_AREA(#18913);
#18913 = FILL_AREA_STYLE('',(#18914));
#18914 = FILL_AREA_STYLE_COLOUR('',#17344);
#18915 = CURVE_STYLE('',#18916,POSITIVE_LENGTH_MEASURE(0.1),#17344);
#18916 = DRAUGHTING_PRE_DEFINED_CURVE_FONT('continuous');
#18917 = STYLED_ITEM('color',(#18918),#3455);
#18918 = PRESENTATION_STYLE_ASSIGNMENT((#18919,#18924));
#18919 = SURFACE_STYLE_USAGE(.BOTH.,#18920);
#18920 = SURFACE_SIDE_STYLE('',(#18921));
#18921 = SURFACE_STYLE_FILL_AREA(#18922);
#18922 = FILL_AREA_STYLE('',(#18923));
#18923 = FILL_AREA_STYLE_COLOUR('',#17344);
#18924 = CURVE_STYLE('',#18925,POSITIVE_LENGTH_MEASURE(0.1),#17344);
#18925 = DRAUGHTING_PRE_DEFINED_CURVE_FONT('continuous');
#18926 = STYLED_ITEM('color',(#18927),#3472);
#18927 = PRESENTATION_STYLE_ASSIGNMENT((#18928,#18933));
#18928 = SURFACE_STYLE_USAGE(.BOTH.,#18929);
#18929 = SURFACE_SIDE_STYLE('',(#18930));
#18930 = SURFACE_STYLE_FILL_AREA(#18931);
#18931 = FILL_AREA_STYLE('',(#18932));
#18932 = FILL_AREA_STYLE_COLOUR('',#17344);
#18933 = CURVE_STYLE('',#18934,POSITIVE_LENGTH_MEASURE(0.1),#17344);
#18934 = DRAUGHTING_PRE_DEFINED_CURVE_FONT('continuous');
#18935 = STYLED_ITEM('color',(#18936),#3519);
#18936 = PRESENTATION_STYLE_ASSIGNMENT((#18937,#18942));
#18937 = SURFACE_STYLE_USAGE(.BOTH.,#18938);
#18938 = SURFACE_SIDE_STYLE('',(#18939));
#18939 = SURFACE_STYLE_FILL_AREA(#18940);
#18940 = FILL_AREA_STYLE('',(#18941));
#18941 = FILL_AREA_STYLE_COLOUR('',#17344);
#18942 = CURVE_STYLE('',#18943,POSITIVE_LENGTH_MEASURE(0.1),#17344);
#18943 = DRAUGHTING_PRE_DEFINED_CURVE_FONT('continuous');
#18944 = STYLED_ITEM('color',(#18945),#3536);
#18945 = PRESENTATION_STYLE_ASSIGNMENT((#18946,#18951));
#18946 = SURFACE_STYLE_USAGE(.BOTH.,#18947);
#18947 = SURFACE_SIDE_STYLE('',(#18948));
#18948 = SURFACE_STYLE_FILL_AREA(#18949);
#18949 = FILL_AREA_STYLE('',(#18950));
#18950 = FILL_AREA_STYLE_COLOUR('',#17344);
#18951 = CURVE_STYLE('',#18952,POSITIVE_LENGTH_MEASURE(0.1),#17344);
#18952 = DRAUGHTING_PRE_DEFINED_CURVE_FONT('continuous');
#18953 = STYLED_ITEM('color',(#18954),#3583);
#18954 = PRESENTATION_STYLE_ASSIGNMENT((#18955,#18960));
#18955 = SURFACE_STYLE_USAGE(.BOTH.,#18956);
#18956 = SURFACE_SIDE_STYLE('',(#18957));
#18957 = SURFACE_STYLE_FILL_AREA(#18958);
#18958 = FILL_AREA_STYLE('',(#18959));
#18959 = FILL_AREA_STYLE_COLOUR('',#17344);
#18960 = CURVE_STYLE('',#18961,POSITIVE_LENGTH_MEASURE(0.1),#17344);
#18961 = DRAUGHTING_PRE_DEFINED_CURVE_FONT('continuous');
#18962 = STYLED_ITEM('color',(#18963),#3600);
#18963 = PRESENTATION_STYLE_ASSIGNMENT((#18964,#18969));
#18964 = SURFACE_STYLE_USAGE(.BOTH.,#18965);
#18965 = SURFACE_SIDE_STYLE('',(#18966));
#18966 = SURFACE_STYLE_FILL_AREA(#18967);
#18967 = FILL_AREA_STYLE('',(#18968));
#18968 = FILL_AREA_STYLE_COLOUR('',#17344);
#18969 = CURVE_STYLE('',#18970,POSITIVE_LENGTH_MEASURE(0.1),#17344);
#18970 = DRAUGHTING_PRE_DEFINED_CURVE_FONT('continuous');
#18971 = STYLED_ITEM('color',(#18972),#3647);
#18972 = PRESENTATION_STYLE_ASSIGNMENT((#18973,#18978));
#18973 = SURFACE_STYLE_USAGE(.BOTH.,#18974);
#18974 = SURFACE_SIDE_STYLE('',(#18975));
#18975 = SURFACE_STYLE_FILL_AREA(#18976);
#18976 = FILL_AREA_STYLE('',(#18977));
#18977 = FILL_AREA_STYLE_COLOUR('',#17344);
#18978 = CURVE_STYLE('',#18979,POSITIVE_LENGTH_MEASURE(0.1),#17344);
#18979 = DRAUGHTING_PRE_DEFINED_CURVE_FONT('continuous');
#18980 = STYLED_ITEM('color',(#18981),#3664);
#18981 = PRESENTATION_STYLE_ASSIGNMENT((#18982,#18987));
#18982 = SURFACE_STYLE_USAGE(.BOTH.,#18983);
#18983 = SURFACE_SIDE_STYLE('',(#18984));
#18984 = SURFACE_STYLE_FILL_AREA(#18985);
#18985 = FILL_AREA_STYLE('',(#18986));
#18986 = FILL_AREA_STYLE_COLOUR('',#17344);
#18987 = CURVE_STYLE('',#18988,POSITIVE_LENGTH_MEASURE(0.1),#17344);
#18988 = DRAUGHTING_PRE_DEFINED_CURVE_FONT('continuous');
#18989 = STYLED_ITEM('color',(#18990),#3711);
#18990 = PRESENTATION_STYLE_ASSIGNMENT((#18991,#18996));
#18991 = SURFACE_STYLE_USAGE(.BOTH.,#18992);
#18992 = SURFACE_SIDE_STYLE('',(#18993));
#18993 = SURFACE_STYLE_FILL_AREA(#18994);
#18994 = FILL_AREA_STYLE('',(#18995));
#18995 = FILL_AREA_STYLE_COLOUR('',#17344);
#18996 = CURVE_STYLE('',#18997,POSITIVE_LENGTH_MEASURE(0.1),#17344);
#18997 = DRAUGHTING_PRE_DEFINED_CURVE_FONT('continuous');
#18998 = STYLED_ITEM('color',(#18999),#3728);
#18999 = PRESENTATION_STYLE_ASSIGNMENT((#19000,#19005));
#19000 = SURFACE_STYLE_USAGE(.BOTH.,#19001);
#19001 = SURFACE_SIDE_STYLE('',(#19002));
#19002 = SURFACE_STYLE_FILL_AREA(#19003);
#19003 = FILL_AREA_STYLE('',(#19004));
#19004 = FILL_AREA_STYLE_COLOUR('',#17344);
#19005 = CURVE_STYLE('',#19006,POSITIVE_LENGTH_MEASURE(0.1),#17344);
#19006 = DRAUGHTING_PRE_DEFINED_CURVE_FONT('continuous');
#19007 = STYLED_ITEM('color',(#19008),#3775);
#19008 = PRESENTATION_STYLE_ASSIGNMENT((#19009,#19014));
#19009 = SURFACE_STYLE_USAGE(.BOTH.,#19010);
#19010 = SURFACE_SIDE_STYLE('',(#19011));
#19011 = SURFACE_STYLE_FILL_AREA(#19012);
#19012 = FILL_AREA_STYLE('',(#19013));
#19013 = FILL_AREA_STYLE_COLOUR('',#17344);
#19014 = CURVE_STYLE('',#19015,POSITIVE_LENGTH_MEASURE(0.1),#17344);
#19015 = DRAUGHTING_PRE_DEFINED_CURVE_FONT('continuous');
#19016 = STYLED_ITEM('color',(#19017),#3792);
#19017 = PRESENTATION_STYLE_ASSIGNMENT((#19018,#19023));
#19018 = SURFACE_STYLE_USAGE(.BOTH.,#19019);
#19019 = SURFACE_SIDE_STYLE('',(#19020));
#19020 = SURFACE_STYLE_FILL_AREA(#19021);
#19021 = FILL_AREA_STYLE('',(#19022));
#19022 = FILL_AREA_STYLE_COLOUR('',#17344);
#19023 = CURVE_STYLE('',#19024,POSITIVE_LENGTH_MEASURE(0.1),#17344);
#19024 = DRAUGHTING_PRE_DEFINED_CURVE_FONT('continuous');
#19025 = STYLED_ITEM('color',(#19026),#3839);
#19026 = PRESENTATION_STYLE_ASSIGNMENT((#19027,#19032));
#19027 = SURFACE_STYLE_USAGE(.BOTH.,#19028);
#19028 = SURFACE_SIDE_STYLE('',(#19029));
#19029 = SURFACE_STYLE_FILL_AREA(#19030);
#19030 = FILL_AREA_STYLE('',(#19031));
#19031 = FILL_AREA_STYLE_COLOUR('',#17344);
#19032 = CURVE_STYLE('',#19033,POSITIVE_LENGTH_MEASURE(0.1),#17344);
#19033 = DRAUGHTING_PRE_DEFINED_CURVE_FONT('continuous');
#19034 = STYLED_ITEM('color',(#19035),#3856);
#19035 = PRESENTATION_STYLE_ASSIGNMENT((#19036,#19041));
#19036 = SURFACE_STYLE_USAGE(.BOTH.,#19037);
#19037 = SURFACE_SIDE_STYLE('',(#19038));
#19038 = SURFACE_STYLE_FILL_AREA(#19039);
#19039 = FILL_AREA_STYLE('',(#19040));
#19040 = FILL_AREA_STYLE_COLOUR('',#17344);
#19041 = CURVE_STYLE('',#19042,POSITIVE_LENGTH_MEASURE(0.1),#17344);
#19042 = DRAUGHTING_PRE_DEFINED_CURVE_FONT('continuous');
#19043 = STYLED_ITEM('color',(#19044),#3903);
#19044 = PRESENTATION_STYLE_ASSIGNMENT((#19045,#19050));
#19045 = SURFACE_STYLE_USAGE(.BOTH.,#19046);
#19046 = SURFACE_SIDE_STYLE('',(#19047));
#19047 = SURFACE_STYLE_FILL_AREA(#19048);
#19048 = FILL_AREA_STYLE('',(#19049));
#19049 = FILL_AREA_STYLE_COLOUR('',#17344);
#19050 = CURVE_STYLE('',#19051,POSITIVE_LENGTH_MEASURE(0.1),#17344);
#19051 = DRAUGHTING_PRE_DEFINED_CURVE_FONT('continuous');
#19052 = STYLED_ITEM('color',(#19053),#3920);
#19053 = PRESENTATION_STYLE_ASSIGNMENT((#19054,#19059));
#19054 = SURFACE_STYLE_USAGE(.BOTH.,#19055);
#19055 = SURFACE_SIDE_STYLE('',(#19056));
#19056 = SURFACE_STYLE_FILL_AREA(#19057);
#19057 = FILL_AREA_STYLE('',(#19058));
#19058 = FILL_AREA_STYLE_COLOUR('',#17344);
#19059 = CURVE_STYLE('',#19060,POSITIVE_LENGTH_MEASURE(0.1),#17344);
#19060 = DRAUGHTING_PRE_DEFINED_CURVE_FONT('continuous');
#19061 = STYLED_ITEM('color',(#19062),#3967);
#19062 = PRESENTATION_STYLE_ASSIGNMENT((#19063,#19068));
#19063 = SURFACE_STYLE_USAGE(.BOTH.,#19064);
#19064 = SURFACE_SIDE_STYLE('',(#19065));
#19065 = SURFACE_STYLE_FILL_AREA(#19066);
#19066 = FILL_AREA_STYLE('',(#19067));
#19067 = FILL_AREA_STYLE_COLOUR('',#17344);
#19068 = CURVE_STYLE('',#19069,POSITIVE_LENGTH_MEASURE(0.1),#17344);
#19069 = DRAUGHTING_PRE_DEFINED_CURVE_FONT('continuous');
#19070 = STYLED_ITEM('color',(#19071),#3984);
#19071 = PRESENTATION_STYLE_ASSIGNMENT((#19072,#19077));
#19072 = SURFACE_STYLE_USAGE(.BOTH.,#19073);
#19073 = SURFACE_SIDE_STYLE('',(#19074));
#19074 = SURFACE_STYLE_FILL_AREA(#19075);
#19075 = FILL_AREA_STYLE('',(#19076));
#19076 = FILL_AREA_STYLE_COLOUR('',#17344);
#19077 = CURVE_STYLE('',#19078,POSITIVE_LENGTH_MEASURE(0.1),#17344);
#19078 = DRAUGHTING_PRE_DEFINED_CURVE_FONT('continuous');
#19079 = STYLED_ITEM('color',(#19080),#4031);
#19080 = PRESENTATION_STYLE_ASSIGNMENT((#19081,#19086));
#19081 = SURFACE_STYLE_USAGE(.BOTH.,#19082);
#19082 = SURFACE_SIDE_STYLE('',(#19083));
#19083 = SURFACE_STYLE_FILL_AREA(#19084);
#19084 = FILL_AREA_STYLE('',(#19085));
#19085 = FILL_AREA_STYLE_COLOUR('',#17344);
#19086 = CURVE_STYLE('',#19087,POSITIVE_LENGTH_MEASURE(0.1),#17344);
#19087 = DRAUGHTING_PRE_DEFINED_CURVE_FONT('continuous');
#19088 = STYLED_ITEM('color',(#19089),#4048);
#19089 = PRESENTATION_STYLE_ASSIGNMENT((#19090,#19095));
#19090 = SURFACE_STYLE_USAGE(.BOTH.,#19091);
#19091 = SURFACE_SIDE_STYLE('',(#19092));
#19092 = SURFACE_STYLE_FILL_AREA(#19093);
#19093 = FILL_AREA_STYLE('',(#19094));
#19094 = FILL_AREA_STYLE_COLOUR('',#17344);
#19095 = CURVE_STYLE('',#19096,POSITIVE_LENGTH_MEASURE(0.1),#17344);
#19096 = DRAUGHTING_PRE_DEFINED_CURVE_FONT('continuous');
#19097 = STYLED_ITEM('color',(#19098),#4095);
#19098 = PRESENTATION_STYLE_ASSIGNMENT((#19099,#19104));
#19099 = SURFACE_STYLE_USAGE(.BOTH.,#19100);
#19100 = SURFACE_SIDE_STYLE('',(#19101));
#19101 = SURFACE_STYLE_FILL_AREA(#19102);
#19102 = FILL_AREA_STYLE('',(#19103));
#19103 = FILL_AREA_STYLE_COLOUR('',#17344);
#19104 = CURVE_STYLE('',#19105,POSITIVE_LENGTH_MEASURE(0.1),#17344);
#19105 = DRAUGHTING_PRE_DEFINED_CURVE_FONT('continuous');
#19106 = STYLED_ITEM('color',(#19107),#4112);
#19107 = PRESENTATION_STYLE_ASSIGNMENT((#19108,#19113));
#19108 = SURFACE_STYLE_USAGE(.BOTH.,#19109);
#19109 = SURFACE_SIDE_STYLE('',(#19110));
#19110 = SURFACE_STYLE_FILL_AREA(#19111);
#19111 = FILL_AREA_STYLE('',(#19112));
#19112 = FILL_AREA_STYLE_COLOUR('',#17344);
#19113 = CURVE_STYLE('',#19114,POSITIVE_LENGTH_MEASURE(0.1),#17344);
#19114 = DRAUGHTING_PRE_DEFINED_CURVE_FONT('continuous');
#19115 = STYLED_ITEM('color',(#19116),#4159);
#19116 = PRESENTATION_STYLE_ASSIGNMENT((#19117,#19122));
#19117 = SURFACE_STYLE_USAGE(.BOTH.,#19118);
#19118 = SURFACE_SIDE_STYLE('',(#19119));
#19119 = SURFACE_STYLE_FILL_AREA(#19120);
#19120 = FILL_AREA_STYLE('',(#19121));
#19121 = FILL_AREA_STYLE_COLOUR('',#17271);
#19122 = CURVE_STYLE('',#19123,POSITIVE_LENGTH_MEASURE(0.1),#17271);
#19123 = DRAUGHTING_PRE_DEFINED_CURVE_FONT('continuous');
#19124 = STYLED_ITEM('color',(#19125),#4190);
#19125 = PRESENTATION_STYLE_ASSIGNMENT((#19126,#19131));
#19126 = SURFACE_STYLE_USAGE(.BOTH.,#19127);
#19127 = SURFACE_SIDE_STYLE('',(#19128));
#19128 = SURFACE_STYLE_FILL_AREA(#19129);
#19129 = FILL_AREA_STYLE('',(#19130));
#19130 = FILL_AREA_STYLE_COLOUR('',#17271);
#19131 = CURVE_STYLE('',#19132,POSITIVE_LENGTH_MEASURE(0.1),#17271);
#19132 = DRAUGHTING_PRE_DEFINED_CURVE_FONT('continuous');
#19133 = OVER_RIDING_STYLED_ITEM('overriding color',(#19134),#4204,
  #19124);
#19134 = PRESENTATION_STYLE_ASSIGNMENT((#19135,#19140));
#19135 = SURFACE_STYLE_USAGE(.BOTH.,#19136);
#19136 = SURFACE_SIDE_STYLE('',(#19137));
#19137 = SURFACE_STYLE_FILL_AREA(#19138);
#19138 = FILL_AREA_STYLE('',(#19139));
#19139 = FILL_AREA_STYLE_COLOUR('',#17344);
#19140 = CURVE_STYLE('',#19141,POSITIVE_LENGTH_MEASURE(0.1),#17344);
#19141 = DRAUGHTING_PRE_DEFINED_CURVE_FONT('continuous');
#19142 = OVER_RIDING_STYLED_ITEM('overriding color',(#19143),#4220,
  #19124);
#19143 = PRESENTATION_STYLE_ASSIGNMENT((#19144,#19149));
#19144 = SURFACE_STYLE_USAGE(.BOTH.,#19145);
#19145 = SURFACE_SIDE_STYLE('',(#19146));
#19146 = SURFACE_STYLE_FILL_AREA(#19147);
#19147 = FILL_AREA_STYLE('',(#19148));
#19148 = FILL_AREA_STYLE_COLOUR('',#17344);
#19149 = CURVE_STYLE('',#19150,POSITIVE_LENGTH_MEASURE(0.1),#17344);
#19150 = DRAUGHTING_PRE_DEFINED_CURVE_FONT('continuous');
#19151 = STYLED_ITEM('color',(#19152),#4246);
#19152 = PRESENTATION_STYLE_ASSIGNMENT((#19153,#19158));
#19153 = SURFACE_STYLE_USAGE(.BOTH.,#19154);
#19154 = SURFACE_SIDE_STYLE('',(#19155));
#19155 = SURFACE_STYLE_FILL_AREA(#19156);
#19156 = FILL_AREA_STYLE('',(#19157));
#19157 = FILL_AREA_STYLE_COLOUR('',#17271);
#19158 = CURVE_STYLE('',#19159,POSITIVE_LENGTH_MEASURE(0.1),#17271);
#19159 = DRAUGHTING_PRE_DEFINED_CURVE_FONT('continuous');
#19160 = STYLED_ITEM('color',(#19161),#4270);
#19161 = PRESENTATION_STYLE_ASSIGNMENT((#19162,#19167));
#19162 = SURFACE_STYLE_USAGE(.BOTH.,#19163);
#19163 = SURFACE_SIDE_STYLE('',(#19164));
#19164 = SURFACE_STYLE_FILL_AREA(#19165);
#19165 = FILL_AREA_STYLE('',(#19166));
#19166 = FILL_AREA_STYLE_COLOUR('',#17271);
#19167 = CURVE_STYLE('',#19168,POSITIVE_LENGTH_MEASURE(0.1),#17271);
#19168 = DRAUGHTING_PRE_DEFINED_CURVE_FONT('continuous');
#19169 = OVER_RIDING_STYLED_ITEM('overriding color',(#19170),#4284,
  #19160);
#19170 = PRESENTATION_STYLE_ASSIGNMENT((#19171,#19176));
#19171 = SURFACE_STYLE_USAGE(.BOTH.,#19172);
#19172 = SURFACE_SIDE_STYLE('',(#19173));
#19173 = SURFACE_STYLE_FILL_AREA(#19174);
#19174 = FILL_AREA_STYLE('',(#19175));
#19175 = FILL_AREA_STYLE_COLOUR('',#17344);
#19176 = CURVE_STYLE('',#19177,POSITIVE_LENGTH_MEASURE(0.1),#17344);
#19177 = DRAUGHTING_PRE_DEFINED_CURVE_FONT('continuous');
#19178 = OVER_RIDING_STYLED_ITEM('overriding color',(#19179),#4300,
  #19160);
#19179 = PRESENTATION_STYLE_ASSIGNMENT((#19180,#19185));
#19180 = SURFACE_STYLE_USAGE(.BOTH.,#19181);
#19181 = SURFACE_SIDE_STYLE('',(#19182));
#19182 = SURFACE_STYLE_FILL_AREA(#19183);
#19183 = FILL_AREA_STYLE('',(#19184));
#19184 = FILL_AREA_STYLE_COLOUR('',#17344);
#19185 = CURVE_STYLE('',#19186,POSITIVE_LENGTH_MEASURE(0.1),#17344);
#19186 = DRAUGHTING_PRE_DEFINED_CURVE_FONT('continuous');
#19187 = STYLED_ITEM('color',(#19188),#4319);
#19188 = PRESENTATION_STYLE_ASSIGNMENT((#19189,#19194));
#19189 = SURFACE_STYLE_USAGE(.BOTH.,#19190);
#19190 = SURFACE_SIDE_STYLE('',(#19191));
#19191 = SURFACE_STYLE_FILL_AREA(#19192);
#19192 = FILL_AREA_STYLE('',(#19193));
#19193 = FILL_AREA_STYLE_COLOUR('',#17271);
#19194 = CURVE_STYLE('',#19195,POSITIVE_LENGTH_MEASURE(0.1),#17271);
#19195 = DRAUGHTING_PRE_DEFINED_CURVE_FONT('continuous');
#19196 = STYLED_ITEM('color',(#19197),#4350);
#19197 = PRESENTATION_STYLE_ASSIGNMENT((#19198,#19203));
#19198 = SURFACE_STYLE_USAGE(.BOTH.,#19199);
#19199 = SURFACE_SIDE_STYLE('',(#19200));
#19200 = SURFACE_STYLE_FILL_AREA(#19201);
#19201 = FILL_AREA_STYLE('',(#19202));
#19202 = FILL_AREA_STYLE_COLOUR('',#17271);
#19203 = CURVE_STYLE('',#19204,POSITIVE_LENGTH_MEASURE(0.1),#17271);
#19204 = DRAUGHTING_PRE_DEFINED_CURVE_FONT('continuous');
#19205 = OVER_RIDING_STYLED_ITEM('overriding color',(#19206),#4364,
  #19196);
#19206 = PRESENTATION_STYLE_ASSIGNMENT((#19207,#19212));
#19207 = SURFACE_STYLE_USAGE(.BOTH.,#19208);
#19208 = SURFACE_SIDE_STYLE('',(#19209));
#19209 = SURFACE_STYLE_FILL_AREA(#19210);
#19210 = FILL_AREA_STYLE('',(#19211));
#19211 = FILL_AREA_STYLE_COLOUR('',#17344);
#19212 = CURVE_STYLE('',#19213,POSITIVE_LENGTH_MEASURE(0.1),#17344);
#19213 = DRAUGHTING_PRE_DEFINED_CURVE_FONT('continuous');
#19214 = OVER_RIDING_STYLED_ITEM('overriding color',(#19215),#4380,
  #19196);
#19215 = PRESENTATION_STYLE_ASSIGNMENT((#19216,#19221));
#19216 = SURFACE_STYLE_USAGE(.BOTH.,#19217);
#19217 = SURFACE_SIDE_STYLE('',(#19218));
#19218 = SURFACE_STYLE_FILL_AREA(#19219);
#19219 = FILL_AREA_STYLE('',(#19220));
#19220 = FILL_AREA_STYLE_COLOUR('',#17344);
#19221 = CURVE_STYLE('',#19222,POSITIVE_LENGTH_MEASURE(0.1),#17344);
#19222 = DRAUGHTING_PRE_DEFINED_CURVE_FONT('continuous');
#19223 = STYLED_ITEM('color',(#19224),#4406);
#19224 = PRESENTATION_STYLE_ASSIGNMENT((#19225,#19230));
#19225 = SURFACE_STYLE_USAGE(.BOTH.,#19226);
#19226 = SURFACE_SIDE_STYLE('',(#19227));
#19227 = SURFACE_STYLE_FILL_AREA(#19228);
#19228 = FILL_AREA_STYLE('',(#19229));
#19229 = FILL_AREA_STYLE_COLOUR('',#17271);
#19230 = CURVE_STYLE('',#19231,POSITIVE_LENGTH_MEASURE(0.1),#17271);
#19231 = DRAUGHTING_PRE_DEFINED_CURVE_FONT('continuous');
#19232 = STYLED_ITEM('color',(#19233),#4430);
#19233 = PRESENTATION_STYLE_ASSIGNMENT((#19234,#19239));
#19234 = SURFACE_STYLE_USAGE(.BOTH.,#19235);
#19235 = SURFACE_SIDE_STYLE('',(#19236));
#19236 = SURFACE_STYLE_FILL_AREA(#19237);
#19237 = FILL_AREA_STYLE('',(#19238));
#19238 = FILL_AREA_STYLE_COLOUR('',#17271);
#19239 = CURVE_STYLE('',#19240,POSITIVE_LENGTH_MEASURE(0.1),#17271);
#19240 = DRAUGHTING_PRE_DEFINED_CURVE_FONT('continuous');
#19241 = OVER_RIDING_STYLED_ITEM('overriding color',(#19242),#4444,
  #19232);
#19242 = PRESENTATION_STYLE_ASSIGNMENT((#19243,#19248));
#19243 = SURFACE_STYLE_USAGE(.BOTH.,#19244);
#19244 = SURFACE_SIDE_STYLE('',(#19245));
#19245 = SURFACE_STYLE_FILL_AREA(#19246);
#19246 = FILL_AREA_STYLE('',(#19247));
#19247 = FILL_AREA_STYLE_COLOUR('',#17344);
#19248 = CURVE_STYLE('',#19249,POSITIVE_LENGTH_MEASURE(0.1),#17344);
#19249 = DRAUGHTING_PRE_DEFINED_CURVE_FONT('continuous');
#19250 = OVER_RIDING_STYLED_ITEM('overriding color',(#19251),#4460,
  #19232);
#19251 = PRESENTATION_STYLE_ASSIGNMENT((#19252,#19257));
#19252 = SURFACE_STYLE_USAGE(.BOTH.,#19253);
#19253 = SURFACE_SIDE_STYLE('',(#19254));
#19254 = SURFACE_STYLE_FILL_AREA(#19255);
#19255 = FILL_AREA_STYLE('',(#19256));
#19256 = FILL_AREA_STYLE_COLOUR('',#17344);
#19257 = CURVE_STYLE('',#19258,POSITIVE_LENGTH_MEASURE(0.1),#17344);
#19258 = DRAUGHTING_PRE_DEFINED_CURVE_FONT('continuous');
#19259 = STYLED_ITEM('color',(#19260),#4479);
#19260 = PRESENTATION_STYLE_ASSIGNMENT((#19261,#19266));
#19261 = SURFACE_STYLE_USAGE(.BOTH.,#19262);
#19262 = SURFACE_SIDE_STYLE('',(#19263));
#19263 = SURFACE_STYLE_FILL_AREA(#19264);
#19264 = FILL_AREA_STYLE('',(#19265));
#19265 = FILL_AREA_STYLE_COLOUR('',#17271);
#19266 = CURVE_STYLE('',#19267,POSITIVE_LENGTH_MEASURE(0.1),#17271);
#19267 = DRAUGHTING_PRE_DEFINED_CURVE_FONT('continuous');
#19268 = STYLED_ITEM('color',(#19269),#4510);
#19269 = PRESENTATION_STYLE_ASSIGNMENT((#19270,#19275));
#19270 = SURFACE_STYLE_USAGE(.BOTH.,#19271);
#19271 = SURFACE_SIDE_STYLE('',(#19272));
#19272 = SURFACE_STYLE_FILL_AREA(#19273);
#19273 = FILL_AREA_STYLE('',(#19274));
#19274 = FILL_AREA_STYLE_COLOUR('',#17271);
#19275 = CURVE_STYLE('',#19276,POSITIVE_LENGTH_MEASURE(0.1),#17271);
#19276 = DRAUGHTING_PRE_DEFINED_CURVE_FONT('continuous');
#19277 = OVER_RIDING_STYLED_ITEM('overriding color',(#19278),#4524,
  #19268);
#19278 = PRESENTATION_STYLE_ASSIGNMENT((#19279,#19284));
#19279 = SURFACE_STYLE_USAGE(.BOTH.,#19280);
#19280 = SURFACE_SIDE_STYLE('',(#19281));
#19281 = SURFACE_STYLE_FILL_AREA(#19282);
#19282 = FILL_AREA_STYLE('',(#19283));
#19283 = FILL_AREA_STYLE_COLOUR('',#17344);
#19284 = CURVE_STYLE('',#19285,POSITIVE_LENGTH_MEASURE(0.1),#17344);
#19285 = DRAUGHTING_PRE_DEFINED_CURVE_FONT('continuous');
#19286 = OVER_RIDING_STYLED_ITEM('overriding color',(#19287),#4540,
  #19268);
#19287 = PRESENTATION_STYLE_ASSIGNMENT((#19288,#19293));
#19288 = SURFACE_STYLE_USAGE(.BOTH.,#19289);
#19289 = SURFACE_SIDE_STYLE('',(#19290));
#19290 = SURFACE_STYLE_FILL_AREA(#19291);
#19291 = FILL_AREA_STYLE('',(#19292));
#19292 = FILL_AREA_STYLE_COLOUR('',#17344);
#19293 = CURVE_STYLE('',#19294,POSITIVE_LENGTH_MEASURE(0.1),#17344);
#19294 = DRAUGHTING_PRE_DEFINED_CURVE_FONT('continuous');
#19295 = STYLED_ITEM('color',(#19296),#4566);
#19296 = PRESENTATION_STYLE_ASSIGNMENT((#19297,#19302));
#19297 = SURFACE_STYLE_USAGE(.BOTH.,#19298);
#19298 = SURFACE_SIDE_STYLE('',(#19299));
#19299 = SURFACE_STYLE_FILL_AREA(#19300);
#19300 = FILL_AREA_STYLE('',(#19301));
#19301 = FILL_AREA_STYLE_COLOUR('',#17271);
#19302 = CURVE_STYLE('',#19303,POSITIVE_LENGTH_MEASURE(0.1),#17271);
#19303 = DRAUGHTING_PRE_DEFINED_CURVE_FONT('continuous');
#19304 = STYLED_ITEM('color',(#19305),#4590);
#19305 = PRESENTATION_STYLE_ASSIGNMENT((#19306,#19311));
#19306 = SURFACE_STYLE_USAGE(.BOTH.,#19307);
#19307 = SURFACE_SIDE_STYLE('',(#19308));
#19308 = SURFACE_STYLE_FILL_AREA(#19309);
#19309 = FILL_AREA_STYLE('',(#19310));
#19310 = FILL_AREA_STYLE_COLOUR('',#17271);
#19311 = CURVE_STYLE('',#19312,POSITIVE_LENGTH_MEASURE(0.1),#17271);
#19312 = DRAUGHTING_PRE_DEFINED_CURVE_FONT('continuous');
#19313 = OVER_RIDING_STYLED_ITEM('overriding color',(#19314),#4604,
  #19304);
#19314 = PRESENTATION_STYLE_ASSIGNMENT((#19315,#19320));
#19315 = SURFACE_STYLE_USAGE(.BOTH.,#19316);
#19316 = SURFACE_SIDE_STYLE('',(#19317));
#19317 = SURFACE_STYLE_FILL_AREA(#19318);
#19318 = FILL_AREA_STYLE('',(#19319));
#19319 = FILL_AREA_STYLE_COLOUR('',#17344);
#19320 = CURVE_STYLE('',#19321,POSITIVE_LENGTH_MEASURE(0.1),#17344);
#19321 = DRAUGHTING_PRE_DEFINED_CURVE_FONT('continuous');
#19322 = OVER_RIDING_STYLED_ITEM('overriding color',(#19323),#4620,
  #19304);
#19323 = PRESENTATION_STYLE_ASSIGNMENT((#19324,#19329));
#19324 = SURFACE_STYLE_USAGE(.BOTH.,#19325);
#19325 = SURFACE_SIDE_STYLE('',(#19326));
#19326 = SURFACE_STYLE_FILL_AREA(#19327);
#19327 = FILL_AREA_STYLE('',(#19328));
#19328 = FILL_AREA_STYLE_COLOUR('',#17344);
#19329 = CURVE_STYLE('',#19330,POSITIVE_LENGTH_MEASURE(0.1),#17344);
#19330 = DRAUGHTING_PRE_DEFINED_CURVE_FONT('continuous');
#19331 = STYLED_ITEM('color',(#19332),#4639);
#19332 = PRESENTATION_STYLE_ASSIGNMENT((#19333,#19338));
#19333 = SURFACE_STYLE_USAGE(.BOTH.,#19334);
#19334 = SURFACE_SIDE_STYLE('',(#19335));
#19335 = SURFACE_STYLE_FILL_AREA(#19336);
#19336 = FILL_AREA_STYLE('',(#19337));
#19337 = FILL_AREA_STYLE_COLOUR('',#17271);
#19338 = CURVE_STYLE('',#19339,POSITIVE_LENGTH_MEASURE(0.1),#17271);
#19339 = DRAUGHTING_PRE_DEFINED_CURVE_FONT('continuous');
#19340 = STYLED_ITEM('color',(#19341),#4670);
#19341 = PRESENTATION_STYLE_ASSIGNMENT((#19342,#19347));
#19342 = SURFACE_STYLE_USAGE(.BOTH.,#19343);
#19343 = SURFACE_SIDE_STYLE('',(#19344));
#19344 = SURFACE_STYLE_FILL_AREA(#19345);
#19345 = FILL_AREA_STYLE('',(#19346));
#19346 = FILL_AREA_STYLE_COLOUR('',#17271);
#19347 = CURVE_STYLE('',#19348,POSITIVE_LENGTH_MEASURE(0.1),#17271);
#19348 = DRAUGHTING_PRE_DEFINED_CURVE_FONT('continuous');
#19349 = OVER_RIDING_STYLED_ITEM('overriding color',(#19350),#4684,
  #19340);
#19350 = PRESENTATION_STYLE_ASSIGNMENT((#19351,#19356));
#19351 = SURFACE_STYLE_USAGE(.BOTH.,#19352);
#19352 = SURFACE_SIDE_STYLE('',(#19353));
#19353 = SURFACE_STYLE_FILL_AREA(#19354);
#19354 = FILL_AREA_STYLE('',(#19355));
#19355 = FILL_AREA_STYLE_COLOUR('',#17344);
#19356 = CURVE_STYLE('',#19357,POSITIVE_LENGTH_MEASURE(0.1),#17344);
#19357 = DRAUGHTING_PRE_DEFINED_CURVE_FONT('continuous');
#19358 = OVER_RIDING_STYLED_ITEM('overriding color',(#19359),#4700,
  #19340);
#19359 = PRESENTATION_STYLE_ASSIGNMENT((#19360,#19365));
#19360 = SURFACE_STYLE_USAGE(.BOTH.,#19361);
#19361 = SURFACE_SIDE_STYLE('',(#19362));
#19362 = SURFACE_STYLE_FILL_AREA(#19363);
#19363 = FILL_AREA_STYLE('',(#19364));
#19364 = FILL_AREA_STYLE_COLOUR('',#17344);
#19365 = CURVE_STYLE('',#19366,POSITIVE_LENGTH_MEASURE(0.1),#17344);
#19366 = DRAUGHTING_PRE_DEFINED_CURVE_FONT('continuous');
#19367 = STYLED_ITEM('color',(#19368),#4726);
#19368 = PRESENTATION_STYLE_ASSIGNMENT((#19369,#19374));
#19369 = SURFACE_STYLE_USAGE(.BOTH.,#19370);
#19370 = SURFACE_SIDE_STYLE('',(#19371));
#19371 = SURFACE_STYLE_FILL_AREA(#19372);
#19372 = FILL_AREA_STYLE('',(#19373));
#19373 = FILL_AREA_STYLE_COLOUR('',#17271);
#19374 = CURVE_STYLE('',#19375,POSITIVE_LENGTH_MEASURE(0.1),#17271);
#19375 = DRAUGHTING_PRE_DEFINED_CURVE_FONT('continuous');
#19376 = STYLED_ITEM('color',(#19377),#4750);
#19377 = PRESENTATION_STYLE_ASSIGNMENT((#19378,#19383));
#19378 = SURFACE_STYLE_USAGE(.BOTH.,#19379);
#19379 = SURFACE_SIDE_STYLE('',(#19380));
#19380 = SURFACE_STYLE_FILL_AREA(#19381);
#19381 = FILL_AREA_STYLE('',(#19382));
#19382 = FILL_AREA_STYLE_COLOUR('',#17271);
#19383 = CURVE_STYLE('',#19384,POSITIVE_LENGTH_MEASURE(0.1),#17271);
#19384 = DRAUGHTING_PRE_DEFINED_CURVE_FONT('continuous');
#19385 = OVER_RIDING_STYLED_ITEM('overriding color',(#19386),#4764,
  #19376);
#19386 = PRESENTATION_STYLE_ASSIGNMENT((#19387,#19392));
#19387 = SURFACE_STYLE_USAGE(.BOTH.,#19388);
#19388 = SURFACE_SIDE_STYLE('',(#19389));
#19389 = SURFACE_STYLE_FILL_AREA(#19390);
#19390 = FILL_AREA_STYLE('',(#19391));
#19391 = FILL_AREA_STYLE_COLOUR('',#17344);
#19392 = CURVE_STYLE('',#19393,POSITIVE_LENGTH_MEASURE(0.1),#17344);
#19393 = DRAUGHTING_PRE_DEFINED_CURVE_FONT('continuous');
#19394 = OVER_RIDING_STYLED_ITEM('overriding color',(#19395),#4780,
  #19376);
#19395 = PRESENTATION_STYLE_ASSIGNMENT((#19396,#19401));
#19396 = SURFACE_STYLE_USAGE(.BOTH.,#19397);
#19397 = SURFACE_SIDE_STYLE('',(#19398));
#19398 = SURFACE_STYLE_FILL_AREA(#19399);
#19399 = FILL_AREA_STYLE('',(#19400));
#19400 = FILL_AREA_STYLE_COLOUR('',#17344);
#19401 = CURVE_STYLE('',#19402,POSITIVE_LENGTH_MEASURE(0.1),#17344);
#19402 = DRAUGHTING_PRE_DEFINED_CURVE_FONT('continuous');
#19403 = STYLED_ITEM('color',(#19404),#4799);
#19404 = PRESENTATION_STYLE_ASSIGNMENT((#19405,#19410));
#19405 = SURFACE_STYLE_USAGE(.BOTH.,#19406);
#19406 = SURFACE_SIDE_STYLE('',(#19407));
#19407 = SURFACE_STYLE_FILL_AREA(#19408);
#19408 = FILL_AREA_STYLE('',(#19409));
#19409 = FILL_AREA_STYLE_COLOUR('',#17271);
#19410 = CURVE_STYLE('',#19411,POSITIVE_LENGTH_MEASURE(0.1),#17271);
#19411 = DRAUGHTING_PRE_DEFINED_CURVE_FONT('continuous');
#19412 = STYLED_ITEM('color',(#19413),#4830);
#19413 = PRESENTATION_STYLE_ASSIGNMENT((#19414,#19419));
#19414 = SURFACE_STYLE_USAGE(.BOTH.,#19415);
#19415 = SURFACE_SIDE_STYLE('',(#19416));
#19416 = SURFACE_STYLE_FILL_AREA(#19417);
#19417 = FILL_AREA_STYLE('',(#19418));
#19418 = FILL_AREA_STYLE_COLOUR('',#17271);
#19419 = CURVE_STYLE('',#19420,POSITIVE_LENGTH_MEASURE(0.1),#17271);
#19420 = DRAUGHTING_PRE_DEFINED_CURVE_FONT('continuous');
#19421 = OVER_RIDING_STYLED_ITEM('overriding color',(#19422),#4844,
  #19412);
#19422 = PRESENTATION_STYLE_ASSIGNMENT((#19423,#19428));
#19423 = SURFACE_STYLE_USAGE(.BOTH.,#19424);
#19424 = SURFACE_SIDE_STYLE('',(#19425));
#19425 = SURFACE_STYLE_FILL_AREA(#19426);
#19426 = FILL_AREA_STYLE('',(#19427));
#19427 = FILL_AREA_STYLE_COLOUR('',#17344);
#19428 = CURVE_STYLE('',#19429,POSITIVE_LENGTH_MEASURE(0.1),#17344);
#19429 = DRAUGHTING_PRE_DEFINED_CURVE_FONT('continuous');
#19430 = OVER_RIDING_STYLED_ITEM('overriding color',(#19431),#4860,
  #19412);
#19431 = PRESENTATION_STYLE_ASSIGNMENT((#19432,#19437));
#19432 = SURFACE_STYLE_USAGE(.BOTH.,#19433);
#19433 = SURFACE_SIDE_STYLE('',(#19434));
#19434 = SURFACE_STYLE_FILL_AREA(#19435);
#19435 = FILL_AREA_STYLE('',(#19436));
#19436 = FILL_AREA_STYLE_COLOUR('',#17344);
#19437 = CURVE_STYLE('',#19438,POSITIVE_LENGTH_MEASURE(0.1),#17344);
#19438 = DRAUGHTING_PRE_DEFINED_CURVE_FONT('continuous');
#19439 = STYLED_ITEM('color',(#19440),#4886);
#19440 = PRESENTATION_STYLE_ASSIGNMENT((#19441,#19446));
#19441 = SURFACE_STYLE_USAGE(.BOTH.,#19442);
#19442 = SURFACE_SIDE_STYLE('',(#19443));
#19443 = SURFACE_STYLE_FILL_AREA(#19444);
#19444 = FILL_AREA_STYLE('',(#19445));
#19445 = FILL_AREA_STYLE_COLOUR('',#17271);
#19446 = CURVE_STYLE('',#19447,POSITIVE_LENGTH_MEASURE(0.1),#17271);
#19447 = DRAUGHTING_PRE_DEFINED_CURVE_FONT('continuous');
#19448 = STYLED_ITEM('color',(#19449),#4910);
#19449 = PRESENTATION_STYLE_ASSIGNMENT((#19450,#19455));
#19450 = SURFACE_STYLE_USAGE(.BOTH.,#19451);
#19451 = SURFACE_SIDE_STYLE('',(#19452));
#19452 = SURFACE_STYLE_FILL_AREA(#19453);
#19453 = FILL_AREA_STYLE('',(#19454));
#19454 = FILL_AREA_STYLE_COLOUR('',#17271);
#19455 = CURVE_STYLE('',#19456,POSITIVE_LENGTH_MEASURE(0.1),#17271);
#19456 = DRAUGHTING_PRE_DEFINED_CURVE_FONT('continuous');
#19457 = OVER_RIDING_STYLED_ITEM('overriding color',(#19458),#4924,
  #19448);
#19458 = PRESENTATION_STYLE_ASSIGNMENT((#19459,#19464));
#19459 = SURFACE_STYLE_USAGE(.BOTH.,#19460);
#19460 = SURFACE_SIDE_STYLE('',(#19461));
#19461 = SURFACE_STYLE_FILL_AREA(#19462);
#19462 = FILL_AREA_STYLE('',(#19463));
#19463 = FILL_AREA_STYLE_COLOUR('',#17344);
#19464 = CURVE_STYLE('',#19465,POSITIVE_LENGTH_MEASURE(0.1),#17344);
#19465 = DRAUGHTING_PRE_DEFINED_CURVE_FONT('continuous');
#19466 = OVER_RIDING_STYLED_ITEM('overriding color',(#19467),#4940,
  #19448);
#19467 = PRESENTATION_STYLE_ASSIGNMENT((#19468,#19473));
#19468 = SURFACE_STYLE_USAGE(.BOTH.,#19469);
#19469 = SURFACE_SIDE_STYLE('',(#19470));
#19470 = SURFACE_STYLE_FILL_AREA(#19471);
#19471 = FILL_AREA_STYLE('',(#19472));
#19472 = FILL_AREA_STYLE_COLOUR('',#17344);
#19473 = CURVE_STYLE('',#19474,POSITIVE_LENGTH_MEASURE(0.1),#17344);
#19474 = DRAUGHTING_PRE_DEFINED_CURVE_FONT('continuous');
#19475 = STYLED_ITEM('color',(#19476),#4959);
#19476 = PRESENTATION_STYLE_ASSIGNMENT((#19477,#19482));
#19477 = SURFACE_STYLE_USAGE(.BOTH.,#19478);
#19478 = SURFACE_SIDE_STYLE('',(#19479));
#19479 = SURFACE_STYLE_FILL_AREA(#19480);
#19480 = FILL_AREA_STYLE('',(#19481));
#19481 = FILL_AREA_STYLE_COLOUR('',#17271);
#19482 = CURVE_STYLE('',#19483,POSITIVE_LENGTH_MEASURE(0.1),#17271);
#19483 = DRAUGHTING_PRE_DEFINED_CURVE_FONT('continuous');
#19484 = STYLED_ITEM('color',(#19485),#4990);
#19485 = PRESENTATION_STYLE_ASSIGNMENT((#19486,#19491));
#19486 = SURFACE_STYLE_USAGE(.BOTH.,#19487);
#19487 = SURFACE_SIDE_STYLE('',(#19488));
#19488 = SURFACE_STYLE_FILL_AREA(#19489);
#19489 = FILL_AREA_STYLE('',(#19490));
#19490 = FILL_AREA_STYLE_COLOUR('',#17271);
#19491 = CURVE_STYLE('',#19492,POSITIVE_LENGTH_MEASURE(0.1),#17271);
#19492 = DRAUGHTING_PRE_DEFINED_CURVE_FONT('continuous');
#19493 = OVER_RIDING_STYLED_ITEM('overriding color',(#19494),#5004,
  #19484);
#19494 = PRESENTATION_STYLE_ASSIGNMENT((#19495,#19500));
#19495 = SURFACE_STYLE_USAGE(.BOTH.,#19496);
#19496 = SURFACE_SIDE_STYLE('',(#19497));
#19497 = SURFACE_STYLE_FILL_AREA(#19498);
#19498 = FILL_AREA_STYLE('',(#19499));
#19499 = FILL_AREA_STYLE_COLOUR('',#17344);
#19500 = CURVE_STYLE('',#19501,POSITIVE_LENGTH_MEASURE(0.1),#17344);
#19501 = DRAUGHTING_PRE_DEFINED_CURVE_FONT('continuous');
#19502 = OVER_RIDING_STYLED_ITEM('overriding color',(#19503),#5020,
  #19484);
#19503 = PRESENTATION_STYLE_ASSIGNMENT((#19504,#19509));
#19504 = SURFACE_STYLE_USAGE(.BOTH.,#19505);
#19505 = SURFACE_SIDE_STYLE('',(#19506));
#19506 = SURFACE_STYLE_FILL_AREA(#19507);
#19507 = FILL_AREA_STYLE('',(#19508));
#19508 = FILL_AREA_STYLE_COLOUR('',#17344);
#19509 = CURVE_STYLE('',#19510,POSITIVE_LENGTH_MEASURE(0.1),#17344);
#19510 = DRAUGHTING_PRE_DEFINED_CURVE_FONT('continuous');
#19511 = STYLED_ITEM('color',(#19512),#5046);
#19512 = PRESENTATION_STYLE_ASSIGNMENT((#19513,#19518));
#19513 = SURFACE_STYLE_USAGE(.BOTH.,#19514);
#19514 = SURFACE_SIDE_STYLE('',(#19515));
#19515 = SURFACE_STYLE_FILL_AREA(#19516);
#19516 = FILL_AREA_STYLE('',(#19517));
#19517 = FILL_AREA_STYLE_COLOUR('',#17271);
#19518 = CURVE_STYLE('',#19519,POSITIVE_LENGTH_MEASURE(0.1),#17271);
#19519 = DRAUGHTING_PRE_DEFINED_CURVE_FONT('continuous');
#19520 = STYLED_ITEM('color',(#19521),#5070);
#19521 = PRESENTATION_STYLE_ASSIGNMENT((#19522,#19527));
#19522 = SURFACE_STYLE_USAGE(.BOTH.,#19523);
#19523 = SURFACE_SIDE_STYLE('',(#19524));
#19524 = SURFACE_STYLE_FILL_AREA(#19525);
#19525 = FILL_AREA_STYLE('',(#19526));
#19526 = FILL_AREA_STYLE_COLOUR('',#17271);
#19527 = CURVE_STYLE('',#19528,POSITIVE_LENGTH_MEASURE(0.1),#17271);
#19528 = DRAUGHTING_PRE_DEFINED_CURVE_FONT('continuous');
#19529 = OVER_RIDING_STYLED_ITEM('overriding color',(#19530),#5084,
  #19520);
#19530 = PRESENTATION_STYLE_ASSIGNMENT((#19531,#19536));
#19531 = SURFACE_STYLE_USAGE(.BOTH.,#19532);
#19532 = SURFACE_SIDE_STYLE('',(#19533));
#19533 = SURFACE_STYLE_FILL_AREA(#19534);
#19534 = FILL_AREA_STYLE('',(#19535));
#19535 = FILL_AREA_STYLE_COLOUR('',#17344);
#19536 = CURVE_STYLE('',#19537,POSITIVE_LENGTH_MEASURE(0.1),#17344);
#19537 = DRAUGHTING_PRE_DEFINED_CURVE_FONT('continuous');
#19538 = OVER_RIDING_STYLED_ITEM('overriding color',(#19539),#5100,
  #19520);
#19539 = PRESENTATION_STYLE_ASSIGNMENT((#19540,#19545));
#19540 = SURFACE_STYLE_USAGE(.BOTH.,#19541);
#19541 = SURFACE_SIDE_STYLE('',(#19542));
#19542 = SURFACE_STYLE_FILL_AREA(#19543);
#19543 = FILL_AREA_STYLE('',(#19544));
#19544 = FILL_AREA_STYLE_COLOUR('',#17344);
#19545 = CURVE_STYLE('',#19546,POSITIVE_LENGTH_MEASURE(0.1),#17344);
#19546 = DRAUGHTING_PRE_DEFINED_CURVE_FONT('continuous');
#19547 = STYLED_ITEM('color',(#19548),#5119);
#19548 = PRESENTATION_STYLE_ASSIGNMENT((#19549,#19554));
#19549 = SURFACE_STYLE_USAGE(.BOTH.,#19550);
#19550 = SURFACE_SIDE_STYLE('',(#19551));
#19551 = SURFACE_STYLE_FILL_AREA(#19552);
#19552 = FILL_AREA_STYLE('',(#19553));
#19553 = FILL_AREA_STYLE_COLOUR('',#17271);
#19554 = CURVE_STYLE('',#19555,POSITIVE_LENGTH_MEASURE(0.1),#17271);
#19555 = DRAUGHTING_PRE_DEFINED_CURVE_FONT('continuous');
#19556 = STYLED_ITEM('color',(#19557),#5150);
#19557 = PRESENTATION_STYLE_ASSIGNMENT((#19558,#19563));
#19558 = SURFACE_STYLE_USAGE(.BOTH.,#19559);
#19559 = SURFACE_SIDE_STYLE('',(#19560));
#19560 = SURFACE_STYLE_FILL_AREA(#19561);
#19561 = FILL_AREA_STYLE('',(#19562));
#19562 = FILL_AREA_STYLE_COLOUR('',#17271);
#19563 = CURVE_STYLE('',#19564,POSITIVE_LENGTH_MEASURE(0.1),#17271);
#19564 = DRAUGHTING_PRE_DEFINED_CURVE_FONT('continuous');
#19565 = OVER_RIDING_STYLED_ITEM('overriding color',(#19566),#5164,
  #19556);
#19566 = PRESENTATION_STYLE_ASSIGNMENT((#19567,#19572));
#19567 = SURFACE_STYLE_USAGE(.BOTH.,#19568);
#19568 = SURFACE_SIDE_STYLE('',(#19569));
#19569 = SURFACE_STYLE_FILL_AREA(#19570);
#19570 = FILL_AREA_STYLE('',(#19571));
#19571 = FILL_AREA_STYLE_COLOUR('',#17344);
#19572 = CURVE_STYLE('',#19573,POSITIVE_LENGTH_MEASURE(0.1),#17344);
#19573 = DRAUGHTING_PRE_DEFINED_CURVE_FONT('continuous');
#19574 = OVER_RIDING_STYLED_ITEM('overriding color',(#19575),#5180,
  #19556);
#19575 = PRESENTATION_STYLE_ASSIGNMENT((#19576,#19581));
#19576 = SURFACE_STYLE_USAGE(.BOTH.,#19577);
#19577 = SURFACE_SIDE_STYLE('',(#19578));
#19578 = SURFACE_STYLE_FILL_AREA(#19579);
#19579 = FILL_AREA_STYLE('',(#19580));
#19580 = FILL_AREA_STYLE_COLOUR('',#17344);
#19581 = CURVE_STYLE('',#19582,POSITIVE_LENGTH_MEASURE(0.1),#17344);
#19582 = DRAUGHTING_PRE_DEFINED_CURVE_FONT('continuous');
#19583 = STYLED_ITEM('color',(#19584),#5206);
#19584 = PRESENTATION_STYLE_ASSIGNMENT((#19585,#19590));
#19585 = SURFACE_STYLE_USAGE(.BOTH.,#19586);
#19586 = SURFACE_SIDE_STYLE('',(#19587));
#19587 = SURFACE_STYLE_FILL_AREA(#19588);
#19588 = FILL_AREA_STYLE('',(#19589));
#19589 = FILL_AREA_STYLE_COLOUR('',#17271);
#19590 = CURVE_STYLE('',#19591,POSITIVE_LENGTH_MEASURE(0.1),#17271);
#19591 = DRAUGHTING_PRE_DEFINED_CURVE_FONT('continuous');
#19592 = STYLED_ITEM('color',(#19593),#5230);
#19593 = PRESENTATION_STYLE_ASSIGNMENT((#19594,#19599));
#19594 = SURFACE_STYLE_USAGE(.BOTH.,#19595);
#19595 = SURFACE_SIDE_STYLE('',(#19596));
#19596 = SURFACE_STYLE_FILL_AREA(#19597);
#19597 = FILL_AREA_STYLE('',(#19598));
#19598 = FILL_AREA_STYLE_COLOUR('',#17271);
#19599 = CURVE_STYLE('',#19600,POSITIVE_LENGTH_MEASURE(0.1),#17271);
#19600 = DRAUGHTING_PRE_DEFINED_CURVE_FONT('continuous');
#19601 = OVER_RIDING_STYLED_ITEM('overriding color',(#19602),#5244,
  #19592);
#19602 = PRESENTATION_STYLE_ASSIGNMENT((#19603,#19608));
#19603 = SURFACE_STYLE_USAGE(.BOTH.,#19604);
#19604 = SURFACE_SIDE_STYLE('',(#19605));
#19605 = SURFACE_STYLE_FILL_AREA(#19606);
#19606 = FILL_AREA_STYLE('',(#19607));
#19607 = FILL_AREA_STYLE_COLOUR('',#17344);
#19608 = CURVE_STYLE('',#19609,POSITIVE_LENGTH_MEASURE(0.1),#17344);
#19609 = DRAUGHTING_PRE_DEFINED_CURVE_FONT('continuous');
#19610 = OVER_RIDING_STYLED_ITEM('overriding color',(#19611),#5260,
  #19592);
#19611 = PRESENTATION_STYLE_ASSIGNMENT((#19612,#19617));
#19612 = SURFACE_STYLE_USAGE(.BOTH.,#19613);
#19613 = SURFACE_SIDE_STYLE('',(#19614));
#19614 = SURFACE_STYLE_FILL_AREA(#19615);
#19615 = FILL_AREA_STYLE('',(#19616));
#19616 = FILL_AREA_STYLE_COLOUR('',#17344);
#19617 = CURVE_STYLE('',#19618,POSITIVE_LENGTH_MEASURE(0.1),#17344);
#19618 = DRAUGHTING_PRE_DEFINED_CURVE_FONT('continuous');
#19619 = STYLED_ITEM('color',(#19620),#5279);
#19620 = PRESENTATION_STYLE_ASSIGNMENT((#19621,#19626));
#19621 = SURFACE_STYLE_USAGE(.BOTH.,#19622);
#19622 = SURFACE_SIDE_STYLE('',(#19623));
#19623 = SURFACE_STYLE_FILL_AREA(#19624);
#19624 = FILL_AREA_STYLE('',(#19625));
#19625 = FILL_AREA_STYLE_COLOUR('',#17344);
#19626 = CURVE_STYLE('',#19627,POSITIVE_LENGTH_MEASURE(0.1),#17344);
#19627 = DRAUGHTING_PRE_DEFINED_CURVE_FONT('continuous');
#19628 = STYLED_ITEM('color',(#19629),#5296);
#19629 = PRESENTATION_STYLE_ASSIGNMENT((#19630,#19635));
#19630 = SURFACE_STYLE_USAGE(.BOTH.,#19631);
#19631 = SURFACE_SIDE_STYLE('',(#19632));
#19632 = SURFACE_STYLE_FILL_AREA(#19633);
#19633 = FILL_AREA_STYLE('',(#19634));
#19634 = FILL_AREA_STYLE_COLOUR('',#17344);
#19635 = CURVE_STYLE('',#19636,POSITIVE_LENGTH_MEASURE(0.1),#17344);
#19636 = DRAUGHTING_PRE_DEFINED_CURVE_FONT('continuous');
#19637 = STYLED_ITEM('color',(#19638),#5313);
#19638 = PRESENTATION_STYLE_ASSIGNMENT((#19639,#19644));
#19639 = SURFACE_STYLE_USAGE(.BOTH.,#19640);
#19640 = SURFACE_SIDE_STYLE('',(#19641));
#19641 = SURFACE_STYLE_FILL_AREA(#19642);
#19642 = FILL_AREA_STYLE('',(#19643));
#19643 = FILL_AREA_STYLE_COLOUR('',#17344);
#19644 = CURVE_STYLE('',#19645,POSITIVE_LENGTH_MEASURE(0.1),#17344);
#19645 = DRAUGHTING_PRE_DEFINED_CURVE_FONT('continuous');
#19646 = STYLED_ITEM('color',(#19647),#5330);
#19647 = PRESENTATION_STYLE_ASSIGNMENT((#19648,#19653));
#19648 = SURFACE_STYLE_USAGE(.BOTH.,#19649);
#19649 = SURFACE_SIDE_STYLE('',(#19650));
#19650 = SURFACE_STYLE_FILL_AREA(#19651);
#19651 = FILL_AREA_STYLE('',(#19652));
#19652 = FILL_AREA_STYLE_COLOUR('',#17344);
#19653 = CURVE_STYLE('',#19654,POSITIVE_LENGTH_MEASURE(0.1),#17344);
#19654 = DRAUGHTING_PRE_DEFINED_CURVE_FONT('continuous');
#19655 = STYLED_ITEM('color',(#19656),#5347);
#19656 = PRESENTATION_STYLE_ASSIGNMENT((#19657,#19662));
#19657 = SURFACE_STYLE_USAGE(.BOTH.,#19658);
#19658 = SURFACE_SIDE_STYLE('',(#19659));
#19659 = SURFACE_STYLE_FILL_AREA(#19660);
#19660 = FILL_AREA_STYLE('',(#19661));
#19661 = FILL_AREA_STYLE_COLOUR('',#17344);
#19662 = CURVE_STYLE('',#19663,POSITIVE_LENGTH_MEASURE(0.1),#17344);
#19663 = DRAUGHTING_PRE_DEFINED_CURVE_FONT('continuous');
#19664 = STYLED_ITEM('color',(#19665),#5359);
#19665 = PRESENTATION_STYLE_ASSIGNMENT((#19666,#19671));
#19666 = SURFACE_STYLE_USAGE(.BOTH.,#19667);
#19667 = SURFACE_SIDE_STYLE('',(#19668));
#19668 = SURFACE_STYLE_FILL_AREA(#19669);
#19669 = FILL_AREA_STYLE('',(#19670));
#19670 = FILL_AREA_STYLE_COLOUR('',#17344);
#19671 = CURVE_STYLE('',#19672,POSITIVE_LENGTH_MEASURE(0.1),#17344);
#19672 = DRAUGHTING_PRE_DEFINED_CURVE_FONT('continuous');
#19673 = STYLED_ITEM('color',(#19674),#5376);
#19674 = PRESENTATION_STYLE_ASSIGNMENT((#19675,#19680));
#19675 = SURFACE_STYLE_USAGE(.BOTH.,#19676);
#19676 = SURFACE_SIDE_STYLE('',(#19677));
#19677 = SURFACE_STYLE_FILL_AREA(#19678);
#19678 = FILL_AREA_STYLE('',(#19679));
#19679 = FILL_AREA_STYLE_COLOUR('',#17344);
#19680 = CURVE_STYLE('',#19681,POSITIVE_LENGTH_MEASURE(0.1),#17344);
#19681 = DRAUGHTING_PRE_DEFINED_CURVE_FONT('continuous');
#19682 = STYLED_ITEM('color',(#19683),#5393);
#19683 = PRESENTATION_STYLE_ASSIGNMENT((#19684,#19689));
#19684 = SURFACE_STYLE_USAGE(.BOTH.,#19685);
#19685 = SURFACE_SIDE_STYLE('',(#19686));
#19686 = SURFACE_STYLE_FILL_AREA(#19687);
#19687 = FILL_AREA_STYLE('',(#19688));
#19688 = FILL_AREA_STYLE_COLOUR('',#17344);
#19689 = CURVE_STYLE('',#19690,POSITIVE_LENGTH_MEASURE(0.1),#17344);
#19690 = DRAUGHTING_PRE_DEFINED_CURVE_FONT('continuous');
#19691 = STYLED_ITEM('color',(#19692),#5410);
#19692 = PRESENTATION_STYLE_ASSIGNMENT((#19693,#19698));
#19693 = SURFACE_STYLE_USAGE(.BOTH.,#19694);
#19694 = SURFACE_SIDE_STYLE('',(#19695));
#19695 = SURFACE_STYLE_FILL_AREA(#19696);
#19696 = FILL_AREA_STYLE('',(#19697));
#19697 = FILL_AREA_STYLE_COLOUR('',#17344);
#19698 = CURVE_STYLE('',#19699,POSITIVE_LENGTH_MEASURE(0.1),#17344);
#19699 = DRAUGHTING_PRE_DEFINED_CURVE_FONT('continuous');
#19700 = STYLED_ITEM('color',(#19701),#5427);
#19701 = PRESENTATION_STYLE_ASSIGNMENT((#19702,#19707));
#19702 = SURFACE_STYLE_USAGE(.BOTH.,#19703);
#19703 = SURFACE_SIDE_STYLE('',(#19704));
#19704 = SURFACE_STYLE_FILL_AREA(#19705);
#19705 = FILL_AREA_STYLE('',(#19706));
#19706 = FILL_AREA_STYLE_COLOUR('',#17344);
#19707 = CURVE_STYLE('',#19708,POSITIVE_LENGTH_MEASURE(0.1),#17344);
#19708 = DRAUGHTING_PRE_DEFINED_CURVE_FONT('continuous');
#19709 = STYLED_ITEM('color',(#19710),#5439);
#19710 = PRESENTATION_STYLE_ASSIGNMENT((#19711,#19716));
#19711 = SURFACE_STYLE_USAGE(.BOTH.,#19712);
#19712 = SURFACE_SIDE_STYLE('',(#19713));
#19713 = SURFACE_STYLE_FILL_AREA(#19714);
#19714 = FILL_AREA_STYLE('',(#19715));
#19715 = FILL_AREA_STYLE_COLOUR('',#17344);
#19716 = CURVE_STYLE('',#19717,POSITIVE_LENGTH_MEASURE(0.1),#17344);
#19717 = DRAUGHTING_PRE_DEFINED_CURVE_FONT('continuous');
#19718 = STYLED_ITEM('color',(#19719),#5456);
#19719 = PRESENTATION_STYLE_ASSIGNMENT((#19720,#19725));
#19720 = SURFACE_STYLE_USAGE(.BOTH.,#19721);
#19721 = SURFACE_SIDE_STYLE('',(#19722));
#19722 = SURFACE_STYLE_FILL_AREA(#19723);
#19723 = FILL_AREA_STYLE('',(#19724));
#19724 = FILL_AREA_STYLE_COLOUR('',#17344);
#19725 = CURVE_STYLE('',#19726,POSITIVE_LENGTH_MEASURE(0.1),#17344);
#19726 = DRAUGHTING_PRE_DEFINED_CURVE_FONT('continuous');
#19727 = STYLED_ITEM('color',(#19728),#5473);
#19728 = PRESENTATION_STYLE_ASSIGNMENT((#19729,#19734));
#19729 = SURFACE_STYLE_USAGE(.BOTH.,#19730);
#19730 = SURFACE_SIDE_STYLE('',(#19731));
#19731 = SURFACE_STYLE_FILL_AREA(#19732);
#19732 = FILL_AREA_STYLE('',(#19733));
#19733 = FILL_AREA_STYLE_COLOUR('',#17344);
#19734 = CURVE_STYLE('',#19735,POSITIVE_LENGTH_MEASURE(0.1),#17344);
#19735 = DRAUGHTING_PRE_DEFINED_CURVE_FONT('continuous');
#19736 = STYLED_ITEM('color',(#19737),#5490);
#19737 = PRESENTATION_STYLE_ASSIGNMENT((#19738,#19743));
#19738 = SURFACE_STYLE_USAGE(.BOTH.,#19739);
#19739 = SURFACE_SIDE_STYLE('',(#19740));
#19740 = SURFACE_STYLE_FILL_AREA(#19741);
#19741 = FILL_AREA_STYLE('',(#19742));
#19742 = FILL_AREA_STYLE_COLOUR('',#17344);
#19743 = CURVE_STYLE('',#19744,POSITIVE_LENGTH_MEASURE(0.1),#17344);
#19744 = DRAUGHTING_PRE_DEFINED_CURVE_FONT('continuous');
#19745 = STYLED_ITEM('color',(#19746),#5507);
#19746 = PRESENTATION_STYLE_ASSIGNMENT((#19747,#19752));
#19747 = SURFACE_STYLE_USAGE(.BOTH.,#19748);
#19748 = SURFACE_SIDE_STYLE('',(#19749));
#19749 = SURFACE_STYLE_FILL_AREA(#19750);
#19750 = FILL_AREA_STYLE('',(#19751));
#19751 = FILL_AREA_STYLE_COLOUR('',#17344);
#19752 = CURVE_STYLE('',#19753,POSITIVE_LENGTH_MEASURE(0.1),#17344);
#19753 = DRAUGHTING_PRE_DEFINED_CURVE_FONT('continuous');
#19754 = STYLED_ITEM('color',(#19755),#5519);
#19755 = PRESENTATION_STYLE_ASSIGNMENT((#19756,#19761));
#19756 = SURFACE_STYLE_USAGE(.BOTH.,#19757);
#19757 = SURFACE_SIDE_STYLE('',(#19758));
#19758 = SURFACE_STYLE_FILL_AREA(#19759);
#19759 = FILL_AREA_STYLE('',(#19760));
#19760 = FILL_AREA_STYLE_COLOUR('',#17344);
#19761 = CURVE_STYLE('',#19762,POSITIVE_LENGTH_MEASURE(0.1),#17344);
#19762 = DRAUGHTING_PRE_DEFINED_CURVE_FONT('continuous');
#19763 = STYLED_ITEM('color',(#19764),#5536);
#19764 = PRESENTATION_STYLE_ASSIGNMENT((#19765,#19770));
#19765 = SURFACE_STYLE_USAGE(.BOTH.,#19766);
#19766 = SURFACE_SIDE_STYLE('',(#19767));
#19767 = SURFACE_STYLE_FILL_AREA(#19768);
#19768 = FILL_AREA_STYLE('',(#19769));
#19769 = FILL_AREA_STYLE_COLOUR('',#17344);
#19770 = CURVE_STYLE('',#19771,POSITIVE_LENGTH_MEASURE(0.1),#17344);
#19771 = DRAUGHTING_PRE_DEFINED_CURVE_FONT('continuous');
#19772 = STYLED_ITEM('color',(#19773),#5553);
#19773 = PRESENTATION_STYLE_ASSIGNMENT((#19774,#19779));
#19774 = SURFACE_STYLE_USAGE(.BOTH.,#19775);
#19775 = SURFACE_SIDE_STYLE('',(#19776));
#19776 = SURFACE_STYLE_FILL_AREA(#19777);
#19777 = FILL_AREA_STYLE('',(#19778));
#19778 = FILL_AREA_STYLE_COLOUR('',#17344);
#19779 = CURVE_STYLE('',#19780,POSITIVE_LENGTH_MEASURE(0.1),#17344);
#19780 = DRAUGHTING_PRE_DEFINED_CURVE_FONT('continuous');
#19781 = STYLED_ITEM('color',(#19782),#5570);
#19782 = PRESENTATION_STYLE_ASSIGNMENT((#19783,#19788));
#19783 = SURFACE_STYLE_USAGE(.BOTH.,#19784);
#19784 = SURFACE_SIDE_STYLE('',(#19785));
#19785 = SURFACE_STYLE_FILL_AREA(#19786);
#19786 = FILL_AREA_STYLE('',(#19787));
#19787 = FILL_AREA_STYLE_COLOUR('',#17344);
#19788 = CURVE_STYLE('',#19789,POSITIVE_LENGTH_MEASURE(0.1),#17344);
#19789 = DRAUGHTING_PRE_DEFINED_CURVE_FONT('continuous');
#19790 = STYLED_ITEM('color',(#19791),#5587);
#19791 = PRESENTATION_STYLE_ASSIGNMENT((#19792,#19797));
#19792 = SURFACE_STYLE_USAGE(.BOTH.,#19793);
#19793 = SURFACE_SIDE_STYLE('',(#19794));
#19794 = SURFACE_STYLE_FILL_AREA(#19795);
#19795 = FILL_AREA_STYLE('',(#19796));
#19796 = FILL_AREA_STYLE_COLOUR('',#17344);
#19797 = CURVE_STYLE('',#19798,POSITIVE_LENGTH_MEASURE(0.1),#17344);
#19798 = DRAUGHTING_PRE_DEFINED_CURVE_FONT('continuous');
#19799 = STYLED_ITEM('color',(#19800),#5599);
#19800 = PRESENTATION_STYLE_ASSIGNMENT((#19801,#19806));
#19801 = SURFACE_STYLE_USAGE(.BOTH.,#19802);
#19802 = SURFACE_SIDE_STYLE('',(#19803));
#19803 = SURFACE_STYLE_FILL_AREA(#19804);
#19804 = FILL_AREA_STYLE('',(#19805));
#19805 = FILL_AREA_STYLE_COLOUR('',#17344);
#19806 = CURVE_STYLE('',#19807,POSITIVE_LENGTH_MEASURE(0.1),#17344);
#19807 = DRAUGHTING_PRE_DEFINED_CURVE_FONT('continuous');
#19808 = STYLED_ITEM('color',(#19809),#5616);
#19809 = PRESENTATION_STYLE_ASSIGNMENT((#19810,#19815));
#19810 = SURFACE_STYLE_USAGE(.BOTH.,#19811);
#19811 = SURFACE_SIDE_STYLE('',(#19812));
#19812 = SURFACE_STYLE_FILL_AREA(#19813);
#19813 = FILL_AREA_STYLE('',(#19814));
#19814 = FILL_AREA_STYLE_COLOUR('',#17344);
#19815 = CURVE_STYLE('',#19816,POSITIVE_LENGTH_MEASURE(0.1),#17344);
#19816 = DRAUGHTING_PRE_DEFINED_CURVE_FONT('continuous');
#19817 = STYLED_ITEM('color',(#19818),#5633);
#19818 = PRESENTATION_STYLE_ASSIGNMENT((#19819,#19824));
#19819 = SURFACE_STYLE_USAGE(.BOTH.,#19820);
#19820 = SURFACE_SIDE_STYLE('',(#19821));
#19821 = SURFACE_STYLE_FILL_AREA(#19822);
#19822 = FILL_AREA_STYLE('',(#19823));
#19823 = FILL_AREA_STYLE_COLOUR('',#17344);
#19824 = CURVE_STYLE('',#19825,POSITIVE_LENGTH_MEASURE(0.1),#17344);
#19825 = DRAUGHTING_PRE_DEFINED_CURVE_FONT('continuous');
#19826 = STYLED_ITEM('color',(#19827),#5650);
#19827 = PRESENTATION_STYLE_ASSIGNMENT((#19828,#19833));
#19828 = SURFACE_STYLE_USAGE(.BOTH.,#19829);
#19829 = SURFACE_SIDE_STYLE('',(#19830));
#19830 = SURFACE_STYLE_FILL_AREA(#19831);
#19831 = FILL_AREA_STYLE('',(#19832));
#19832 = FILL_AREA_STYLE_COLOUR('',#17344);
#19833 = CURVE_STYLE('',#19834,POSITIVE_LENGTH_MEASURE(0.1),#17344);
#19834 = DRAUGHTING_PRE_DEFINED_CURVE_FONT('continuous');
#19835 = STYLED_ITEM('color',(#19836),#5667);
#19836 = PRESENTATION_STYLE_ASSIGNMENT((#19837,#19842));
#19837 = SURFACE_STYLE_USAGE(.BOTH.,#19838);
#19838 = SURFACE_SIDE_STYLE('',(#19839));
#19839 = SURFACE_STYLE_FILL_AREA(#19840);
#19840 = FILL_AREA_STYLE('',(#19841));
#19841 = FILL_AREA_STYLE_COLOUR('',#17344);
#19842 = CURVE_STYLE('',#19843,POSITIVE_LENGTH_MEASURE(0.1),#17344);
#19843 = DRAUGHTING_PRE_DEFINED_CURVE_FONT('continuous');
#19844 = STYLED_ITEM('color',(#19845),#5679);
#19845 = PRESENTATION_STYLE_ASSIGNMENT((#19846,#19851));
#19846 = SURFACE_STYLE_USAGE(.BOTH.,#19847);
#19847 = SURFACE_SIDE_STYLE('',(#19848));
#19848 = SURFACE_STYLE_FILL_AREA(#19849);
#19849 = FILL_AREA_STYLE('',(#19850));
#19850 = FILL_AREA_STYLE_COLOUR('',#17344);
#19851 = CURVE_STYLE('',#19852,POSITIVE_LENGTH_MEASURE(0.1),#17344);
#19852 = DRAUGHTING_PRE_DEFINED_CURVE_FONT('continuous');
#19853 = STYLED_ITEM('color',(#19854),#5696);
#19854 = PRESENTATION_STYLE_ASSIGNMENT((#19855,#19860));
#19855 = SURFACE_STYLE_USAGE(.BOTH.,#19856);
#19856 = SURFACE_SIDE_STYLE('',(#19857));
#19857 = SURFACE_STYLE_FILL_AREA(#19858);
#19858 = FILL_AREA_STYLE('',(#19859));
#19859 = FILL_AREA_STYLE_COLOUR('',#17344);
#19860 = CURVE_STYLE('',#19861,POSITIVE_LENGTH_MEASURE(0.1),#17344);
#19861 = DRAUGHTING_PRE_DEFINED_CURVE_FONT('continuous');
#19862 = STYLED_ITEM('color',(#19863),#5713);
#19863 = PRESENTATION_STYLE_ASSIGNMENT((#19864,#19869));
#19864 = SURFACE_STYLE_USAGE(.BOTH.,#19865);
#19865 = SURFACE_SIDE_STYLE('',(#19866));
#19866 = SURFACE_STYLE_FILL_AREA(#19867);
#19867 = FILL_AREA_STYLE('',(#19868));
#19868 = FILL_AREA_STYLE_COLOUR('',#17344);
#19869 = CURVE_STYLE('',#19870,POSITIVE_LENGTH_MEASURE(0.1),#17344);
#19870 = DRAUGHTING_PRE_DEFINED_CURVE_FONT('continuous');
#19871 = STYLED_ITEM('color',(#19872),#5730);
#19872 = PRESENTATION_STYLE_ASSIGNMENT((#19873,#19878));
#19873 = SURFACE_STYLE_USAGE(.BOTH.,#19874);
#19874 = SURFACE_SIDE_STYLE('',(#19875));
#19875 = SURFACE_STYLE_FILL_AREA(#19876);
#19876 = FILL_AREA_STYLE('',(#19877));
#19877 = FILL_AREA_STYLE_COLOUR('',#17344);
#19878 = CURVE_STYLE('',#19879,POSITIVE_LENGTH_MEASURE(0.1),#17344);
#19879 = DRAUGHTING_PRE_DEFINED_CURVE_FONT('continuous');
#19880 = STYLED_ITEM('color',(#19881),#5747);
#19881 = PRESENTATION_STYLE_ASSIGNMENT((#19882,#19887));
#19882 = SURFACE_STYLE_USAGE(.BOTH.,#19883);
#19883 = SURFACE_SIDE_STYLE('',(#19884));
#19884 = SURFACE_STYLE_FILL_AREA(#19885);
#19885 = FILL_AREA_STYLE('',(#19886));
#19886 = FILL_AREA_STYLE_COLOUR('',#17344);
#19887 = CURVE_STYLE('',#19888,POSITIVE_LENGTH_MEASURE(0.1),#17344);
#19888 = DRAUGHTING_PRE_DEFINED_CURVE_FONT('continuous');
#19889 = STYLED_ITEM('color',(#19890),#5759);
#19890 = PRESENTATION_STYLE_ASSIGNMENT((#19891,#19896));
#19891 = SURFACE_STYLE_USAGE(.BOTH.,#19892);
#19892 = SURFACE_SIDE_STYLE('',(#19893));
#19893 = SURFACE_STYLE_FILL_AREA(#19894);
#19894 = FILL_AREA_STYLE('',(#19895));
#19895 = FILL_AREA_STYLE_COLOUR('',#17344);
#19896 = CURVE_STYLE('',#19897,POSITIVE_LENGTH_MEASURE(0.1),#17344);
#19897 = DRAUGHTING_PRE_DEFINED_CURVE_FONT('continuous');
#19898 = STYLED_ITEM('color',(#19899),#5776);
#19899 = PRESENTATION_STYLE_ASSIGNMENT((#19900,#19905));
#19900 = SURFACE_STYLE_USAGE(.BOTH.,#19901);
#19901 = SURFACE_SIDE_STYLE('',(#19902));
#19902 = SURFACE_STYLE_FILL_AREA(#19903);
#19903 = FILL_AREA_STYLE('',(#19904));
#19904 = FILL_AREA_STYLE_COLOUR('',#17344);
#19905 = CURVE_STYLE('',#19906,POSITIVE_LENGTH_MEASURE(0.1),#17344);
#19906 = DRAUGHTING_PRE_DEFINED_CURVE_FONT('continuous');
#19907 = STYLED_ITEM('color',(#19908),#5793);
#19908 = PRESENTATION_STYLE_ASSIGNMENT((#19909,#19914));
#19909 = SURFACE_STYLE_USAGE(.BOTH.,#19910);
#19910 = SURFACE_SIDE_STYLE('',(#19911));
#19911 = SURFACE_STYLE_FILL_AREA(#19912);
#19912 = FILL_AREA_STYLE('',(#19913));
#19913 = FILL_AREA_STYLE_COLOUR('',#17344);
#19914 = CURVE_STYLE('',#19915,POSITIVE_LENGTH_MEASURE(0.1),#17344);
#19915 = DRAUGHTING_PRE_DEFINED_CURVE_FONT('continuous');
#19916 = STYLED_ITEM('color',(#19917),#5810);
#19917 = PRESENTATION_STYLE_ASSIGNMENT((#19918,#19923));
#19918 = SURFACE_STYLE_USAGE(.BOTH.,#19919);
#19919 = SURFACE_SIDE_STYLE('',(#19920));
#19920 = SURFACE_STYLE_FILL_AREA(#19921);
#19921 = FILL_AREA_STYLE('',(#19922));
#19922 = FILL_AREA_STYLE_COLOUR('',#17344);
#19923 = CURVE_STYLE('',#19924,POSITIVE_LENGTH_MEASURE(0.1),#17344);
#19924 = DRAUGHTING_PRE_DEFINED_CURVE_FONT('continuous');
#19925 = STYLED_ITEM('color',(#19926),#5827);
#19926 = PRESENTATION_STYLE_ASSIGNMENT((#19927,#19932));
#19927 = SURFACE_STYLE_USAGE(.BOTH.,#19928);
#19928 = SURFACE_SIDE_STYLE('',(#19929));
#19929 = SURFACE_STYLE_FILL_AREA(#19930);
#19930 = FILL_AREA_STYLE('',(#19931));
#19931 = FILL_AREA_STYLE_COLOUR('',#17344);
#19932 = CURVE_STYLE('',#19933,POSITIVE_LENGTH_MEASURE(0.1),#17344);
#19933 = DRAUGHTING_PRE_DEFINED_CURVE_FONT('continuous');
#19934 = STYLED_ITEM('color',(#19935),#5839);
#19935 = PRESENTATION_STYLE_ASSIGNMENT((#19936,#19941));
#19936 = SURFACE_STYLE_USAGE(.BOTH.,#19937);
#19937 = SURFACE_SIDE_STYLE('',(#19938));
#19938 = SURFACE_STYLE_FILL_AREA(#19939);
#19939 = FILL_AREA_STYLE('',(#19940));
#19940 = FILL_AREA_STYLE_COLOUR('',#17271);
#19941 = CURVE_STYLE('',#19942,POSITIVE_LENGTH_MEASURE(0.1),#17271);
#19942 = DRAUGHTING_PRE_DEFINED_CURVE_FONT('continuous');
#19943 = OVER_RIDING_STYLED_ITEM('overriding color',(#19944),#5846,
  #19934);
#19944 = PRESENTATION_STYLE_ASSIGNMENT((#19945,#19950));
#19945 = SURFACE_STYLE_USAGE(.BOTH.,#19946);
#19946 = SURFACE_SIDE_STYLE('',(#19947));
#19947 = SURFACE_STYLE_FILL_AREA(#19948);
#19948 = FILL_AREA_STYLE('',(#19949));
#19949 = FILL_AREA_STYLE_COLOUR('',#17344);
#19950 = CURVE_STYLE('',#19951,POSITIVE_LENGTH_MEASURE(0.1),#17344);
#19951 = DRAUGHTING_PRE_DEFINED_CURVE_FONT('continuous');
#19952 = STYLED_ITEM('color',(#19953),#5856);
#19953 = PRESENTATION_STYLE_ASSIGNMENT((#19954,#19959));
#19954 = SURFACE_STYLE_USAGE(.BOTH.,#19955);
#19955 = SURFACE_SIDE_STYLE('',(#19956));
#19956 = SURFACE_STYLE_FILL_AREA(#19957);
#19957 = FILL_AREA_STYLE('',(#19958));
#19958 = FILL_AREA_STYLE_COLOUR('',#17271);
#19959 = CURVE_STYLE('',#19960,POSITIVE_LENGTH_MEASURE(0.1),#17271);
#19960 = DRAUGHTING_PRE_DEFINED_CURVE_FONT('continuous');
#19961 = OVER_RIDING_STYLED_ITEM('overriding color',(#19962),#5861,
  #19952);
#19962 = PRESENTATION_STYLE_ASSIGNMENT((#19963,#19968));
#19963 = SURFACE_STYLE_USAGE(.BOTH.,#19964);
#19964 = SURFACE_SIDE_STYLE('',(#19965));
#19965 = SURFACE_STYLE_FILL_AREA(#19966);
#19966 = FILL_AREA_STYLE('',(#19967));
#19967 = FILL_AREA_STYLE_COLOUR('',#17344);
#19968 = CURVE_STYLE('',#19969,POSITIVE_LENGTH_MEASURE(0.1),#17344);
#19969 = DRAUGHTING_PRE_DEFINED_CURVE_FONT('continuous');
#19970 = STYLED_ITEM('color',(#19971),#5873);
#19971 = PRESENTATION_STYLE_ASSIGNMENT((#19972,#19977));
#19972 = SURFACE_STYLE_USAGE(.BOTH.,#19973);
#19973 = SURFACE_SIDE_STYLE('',(#19974));
#19974 = SURFACE_STYLE_FILL_AREA(#19975);
#19975 = FILL_AREA_STYLE('',(#19976));
#19976 = FILL_AREA_STYLE_COLOUR('',#17344);
#19977 = CURVE_STYLE('',#19978,POSITIVE_LENGTH_MEASURE(0.1),#17344);
#19978 = DRAUGHTING_PRE_DEFINED_CURVE_FONT('continuous');
#19979 = STYLED_ITEM('color',(#19980),#5922);
#19980 = PRESENTATION_STYLE_ASSIGNMENT((#19981,#19986));
#19981 = SURFACE_STYLE_USAGE(.BOTH.,#19982);
#19982 = SURFACE_SIDE_STYLE('',(#19983));
#19983 = SURFACE_STYLE_FILL_AREA(#19984);
#19984 = FILL_AREA_STYLE('',(#19985));
#19985 = FILL_AREA_STYLE_COLOUR('',#17344);
#19986 = CURVE_STYLE('',#19987,POSITIVE_LENGTH_MEASURE(0.1),#17344);
#19987 = DRAUGHTING_PRE_DEFINED_CURVE_FONT('continuous');
#19988 = STYLED_ITEM('color',(#19989),#5946);
#19989 = PRESENTATION_STYLE_ASSIGNMENT((#19990,#19995));
#19990 = SURFACE_STYLE_USAGE(.BOTH.,#19991);
#19991 = SURFACE_SIDE_STYLE('',(#19992));
#19992 = SURFACE_STYLE_FILL_AREA(#19993);
#19993 = FILL_AREA_STYLE('',(#19994));
#19994 = FILL_AREA_STYLE_COLOUR('',#17344);
#19995 = CURVE_STYLE('',#19996,POSITIVE_LENGTH_MEASURE(0.1),#17344);
#19996 = DRAUGHTING_PRE_DEFINED_CURVE_FONT('continuous');
#19997 = STYLED_ITEM('color',(#19998),#5988);
#19998 = PRESENTATION_STYLE_ASSIGNMENT((#19999,#20004));
#19999 = SURFACE_STYLE_USAGE(.BOTH.,#20000);
#20000 = SURFACE_SIDE_STYLE('',(#20001));
#20001 = SURFACE_STYLE_FILL_AREA(#20002);
#20002 = FILL_AREA_STYLE('',(#20003));
#20003 = FILL_AREA_STYLE_COLOUR('',#17344);
#20004 = CURVE_STYLE('',#20005,POSITIVE_LENGTH_MEASURE(0.1),#17344);
#20005 = DRAUGHTING_PRE_DEFINED_CURVE_FONT('continuous');
#20006 = STYLED_ITEM('color',(#20007),#6005);
#20007 = PRESENTATION_STYLE_ASSIGNMENT((#20008,#20013));
#20008 = SURFACE_STYLE_USAGE(.BOTH.,#20009);
#20009 = SURFACE_SIDE_STYLE('',(#20010));
#20010 = SURFACE_STYLE_FILL_AREA(#20011);
#20011 = FILL_AREA_STYLE('',(#20012));
#20012 = FILL_AREA_STYLE_COLOUR('',#17271);
#20013 = CURVE_STYLE('',#20014,POSITIVE_LENGTH_MEASURE(0.1),#17271);
#20014 = DRAUGHTING_PRE_DEFINED_CURVE_FONT('continuous');
#20015 = OVER_RIDING_STYLED_ITEM('overriding color',(#20016),#6012,
  #20006);
#20016 = PRESENTATION_STYLE_ASSIGNMENT((#20017,#20022));
#20017 = SURFACE_STYLE_USAGE(.BOTH.,#20018);
#20018 = SURFACE_SIDE_STYLE('',(#20019));
#20019 = SURFACE_STYLE_FILL_AREA(#20020);
#20020 = FILL_AREA_STYLE('',(#20021));
#20021 = FILL_AREA_STYLE_COLOUR('',#17344);
#20022 = CURVE_STYLE('',#20023,POSITIVE_LENGTH_MEASURE(0.1),#17344);
#20023 = DRAUGHTING_PRE_DEFINED_CURVE_FONT('continuous');
#20024 = STYLED_ITEM('color',(#20025),#6022);
#20025 = PRESENTATION_STYLE_ASSIGNMENT((#20026,#20031));
#20026 = SURFACE_STYLE_USAGE(.BOTH.,#20027);
#20027 = SURFACE_SIDE_STYLE('',(#20028));
#20028 = SURFACE_STYLE_FILL_AREA(#20029);
#20029 = FILL_AREA_STYLE('',(#20030));
#20030 = FILL_AREA_STYLE_COLOUR('',#17271);
#20031 = CURVE_STYLE('',#20032,POSITIVE_LENGTH_MEASURE(0.1),#17271);
#20032 = DRAUGHTING_PRE_DEFINED_CURVE_FONT('continuous');
#20033 = OVER_RIDING_STYLED_ITEM('overriding color',(#20034),#6027,
  #20024);
#20034 = PRESENTATION_STYLE_ASSIGNMENT((#20035,#20040));
#20035 = SURFACE_STYLE_USAGE(.BOTH.,#20036);
#20036 = SURFACE_SIDE_STYLE('',(#20037));
#20037 = SURFACE_STYLE_FILL_AREA(#20038);
#20038 = FILL_AREA_STYLE('',(#20039));
#20039 = FILL_AREA_STYLE_COLOUR('',#17344);
#20040 = CURVE_STYLE('',#20041,POSITIVE_LENGTH_MEASURE(0.1),#17344);
#20041 = DRAUGHTING_PRE_DEFINED_CURVE_FONT('continuous');
#20042 = STYLED_ITEM('color',(#20043),#6039);
#20043 = PRESENTATION_STYLE_ASSIGNMENT((#20044,#20049));
#20044 = SURFACE_STYLE_USAGE(.BOTH.,#20045);
#20045 = SURFACE_SIDE_STYLE('',(#20046));
#20046 = SURFACE_STYLE_FILL_AREA(#20047);
#20047 = FILL_AREA_STYLE('',(#20048));
#20048 = FILL_AREA_STYLE_COLOUR('',#17344);
#20049 = CURVE_STYLE('',#20050,POSITIVE_LENGTH_MEASURE(0.1),#17344);
#20050 = DRAUGHTING_PRE_DEFINED_CURVE_FONT('continuous');
#20051 = STYLED_ITEM('color',(#20052),#6088);
#20052 = PRESENTATION_STYLE_ASSIGNMENT((#20053,#20058));
#20053 = SURFACE_STYLE_USAGE(.BOTH.,#20054);
#20054 = SURFACE_SIDE_STYLE('',(#20055));
#20055 = SURFACE_STYLE_FILL_AREA(#20056);
#20056 = FILL_AREA_STYLE('',(#20057));
#20057 = FILL_AREA_STYLE_COLOUR('',#17344);
#20058 = CURVE_STYLE('',#20059,POSITIVE_LENGTH_MEASURE(0.1),#17344);
#20059 = DRAUGHTING_PRE_DEFINED_CURVE_FONT('continuous');
#20060 = STYLED_ITEM('color',(#20061),#6112);
#20061 = PRESENTATION_STYLE_ASSIGNMENT((#20062,#20067));
#20062 = SURFACE_STYLE_USAGE(.BOTH.,#20063);
#20063 = SURFACE_SIDE_STYLE('',(#20064));
#20064 = SURFACE_STYLE_FILL_AREA(#20065);
#20065 = FILL_AREA_STYLE('',(#20066));
#20066 = FILL_AREA_STYLE_COLOUR('',#17344);
#20067 = CURVE_STYLE('',#20068,POSITIVE_LENGTH_MEASURE(0.1),#17344);
#20068 = DRAUGHTING_PRE_DEFINED_CURVE_FONT('continuous');
#20069 = STYLED_ITEM('color',(#20070),#6154);
#20070 = PRESENTATION_STYLE_ASSIGNMENT((#20071,#20076));
#20071 = SURFACE_STYLE_USAGE(.BOTH.,#20072);
#20072 = SURFACE_SIDE_STYLE('',(#20073));
#20073 = SURFACE_STYLE_FILL_AREA(#20074);
#20074 = FILL_AREA_STYLE('',(#20075));
#20075 = FILL_AREA_STYLE_COLOUR('',#17344);
#20076 = CURVE_STYLE('',#20077,POSITIVE_LENGTH_MEASURE(0.1),#17344);
#20077 = DRAUGHTING_PRE_DEFINED_CURVE_FONT('continuous');
#20078 = STYLED_ITEM('color',(#20079),#6171);
#20079 = PRESENTATION_STYLE_ASSIGNMENT((#20080,#20085));
#20080 = SURFACE_STYLE_USAGE(.BOTH.,#20081);
#20081 = SURFACE_SIDE_STYLE('',(#20082));
#20082 = SURFACE_STYLE_FILL_AREA(#20083);
#20083 = FILL_AREA_STYLE('',(#20084));
#20084 = FILL_AREA_STYLE_COLOUR('',#17271);
#20085 = CURVE_STYLE('',#20086,POSITIVE_LENGTH_MEASURE(0.1),#17271);
#20086 = DRAUGHTING_PRE_DEFINED_CURVE_FONT('continuous');
#20087 = OVER_RIDING_STYLED_ITEM('overriding color',(#20088),#6178,
  #20078);
#20088 = PRESENTATION_STYLE_ASSIGNMENT((#20089,#20094));
#20089 = SURFACE_STYLE_USAGE(.BOTH.,#20090);
#20090 = SURFACE_SIDE_STYLE('',(#20091));
#20091 = SURFACE_STYLE_FILL_AREA(#20092);
#20092 = FILL_AREA_STYLE('',(#20093));
#20093 = FILL_AREA_STYLE_COLOUR('',#17344);
#20094 = CURVE_STYLE('',#20095,POSITIVE_LENGTH_MEASURE(0.1),#17344);
#20095 = DRAUGHTING_PRE_DEFINED_CURVE_FONT('continuous');
#20096 = STYLED_ITEM('color',(#20097),#6188);
#20097 = PRESENTATION_STYLE_ASSIGNMENT((#20098,#20103));
#20098 = SURFACE_STYLE_USAGE(.BOTH.,#20099);
#20099 = SURFACE_SIDE_STYLE('',(#20100));
#20100 = SURFACE_STYLE_FILL_AREA(#20101);
#20101 = FILL_AREA_STYLE('',(#20102));
#20102 = FILL_AREA_STYLE_COLOUR('',#17271);
#20103 = CURVE_STYLE('',#20104,POSITIVE_LENGTH_MEASURE(0.1),#17271);
#20104 = DRAUGHTING_PRE_DEFINED_CURVE_FONT('continuous');
#20105 = OVER_RIDING_STYLED_ITEM('overriding color',(#20106),#6193,
  #20096);
#20106 = PRESENTATION_STYLE_ASSIGNMENT((#20107,#20112));
#20107 = SURFACE_STYLE_USAGE(.BOTH.,#20108);
#20108 = SURFACE_SIDE_STYLE('',(#20109));
#20109 = SURFACE_STYLE_FILL_AREA(#20110);
#20110 = FILL_AREA_STYLE('',(#20111));
#20111 = FILL_AREA_STYLE_COLOUR('',#17344);
#20112 = CURVE_STYLE('',#20113,POSITIVE_LENGTH_MEASURE(0.1),#17344);
#20113 = DRAUGHTING_PRE_DEFINED_CURVE_FONT('continuous');
#20114 = STYLED_ITEM('color',(#20115),#6205);
#20115 = PRESENTATION_STYLE_ASSIGNMENT((#20116,#20121));
#20116 = SURFACE_STYLE_USAGE(.BOTH.,#20117);
#20117 = SURFACE_SIDE_STYLE('',(#20118));
#20118 = SURFACE_STYLE_FILL_AREA(#20119);
#20119 = FILL_AREA_STYLE('',(#20120));
#20120 = FILL_AREA_STYLE_COLOUR('',#17344);
#20121 = CURVE_STYLE('',#20122,POSITIVE_LENGTH_MEASURE(0.1),#17344);
#20122 = DRAUGHTING_PRE_DEFINED_CURVE_FONT('continuous');
#20123 = STYLED_ITEM('color',(#20124),#6254);
#20124 = PRESENTATION_STYLE_ASSIGNMENT((#20125,#20130));
#20125 = SURFACE_STYLE_USAGE(.BOTH.,#20126);
#20126 = SURFACE_SIDE_STYLE('',(#20127));
#20127 = SURFACE_STYLE_FILL_AREA(#20128);
#20128 = FILL_AREA_STYLE('',(#20129));
#20129 = FILL_AREA_STYLE_COLOUR('',#17344);
#20130 = CURVE_STYLE('',#20131,POSITIVE_LENGTH_MEASURE(0.1),#17344);
#20131 = DRAUGHTING_PRE_DEFINED_CURVE_FONT('continuous');
#20132 = STYLED_ITEM('color',(#20133),#6278);
#20133 = PRESENTATION_STYLE_ASSIGNMENT((#20134,#20139));
#20134 = SURFACE_STYLE_USAGE(.BOTH.,#20135);
#20135 = SURFACE_SIDE_STYLE('',(#20136));
#20136 = SURFACE_STYLE_FILL_AREA(#20137);
#20137 = FILL_AREA_STYLE('',(#20138));
#20138 = FILL_AREA_STYLE_COLOUR('',#17344);
#20139 = CURVE_STYLE('',#20140,POSITIVE_LENGTH_MEASURE(0.1),#17344);
#20140 = DRAUGHTING_PRE_DEFINED_CURVE_FONT('continuous');
#20141 = STYLED_ITEM('color',(#20142),#6320);
#20142 = PRESENTATION_STYLE_ASSIGNMENT((#20143,#20148));
#20143 = SURFACE_STYLE_USAGE(.BOTH.,#20144);
#20144 = SURFACE_SIDE_STYLE('',(#20145));
#20145 = SURFACE_STYLE_FILL_AREA(#20146);
#20146 = FILL_AREA_STYLE('',(#20147));
#20147 = FILL_AREA_STYLE_COLOUR('',#17344);
#20148 = CURVE_STYLE('',#20149,POSITIVE_LENGTH_MEASURE(0.1),#17344);
#20149 = DRAUGHTING_PRE_DEFINED_CURVE_FONT('continuous');
#20150 = STYLED_ITEM('color',(#20151),#6337);
#20151 = PRESENTATION_STYLE_ASSIGNMENT((#20152,#20157));
#20152 = SURFACE_STYLE_USAGE(.BOTH.,#20153);
#20153 = SURFACE_SIDE_STYLE('',(#20154));
#20154 = SURFACE_STYLE_FILL_AREA(#20155);
#20155 = FILL_AREA_STYLE('',(#20156));
#20156 = FILL_AREA_STYLE_COLOUR('',#17271);
#20157 = CURVE_STYLE('',#20158,POSITIVE_LENGTH_MEASURE(0.1),#17271);
#20158 = DRAUGHTING_PRE_DEFINED_CURVE_FONT('continuous');
#20159 = OVER_RIDING_STYLED_ITEM('overriding color',(#20160),#6344,
  #20150);
#20160 = PRESENTATION_STYLE_ASSIGNMENT((#20161,#20166));
#20161 = SURFACE_STYLE_USAGE(.BOTH.,#20162);
#20162 = SURFACE_SIDE_STYLE('',(#20163));
#20163 = SURFACE_STYLE_FILL_AREA(#20164);
#20164 = FILL_AREA_STYLE('',(#20165));
#20165 = FILL_AREA_STYLE_COLOUR('',#17344);
#20166 = CURVE_STYLE('',#20167,POSITIVE_LENGTH_MEASURE(0.1),#17344);
#20167 = DRAUGHTING_PRE_DEFINED_CURVE_FONT('continuous');
#20168 = STYLED_ITEM('color',(#20169),#6354);
#20169 = PRESENTATION_STYLE_ASSIGNMENT((#20170,#20175));
#20170 = SURFACE_STYLE_USAGE(.BOTH.,#20171);
#20171 = SURFACE_SIDE_STYLE('',(#20172));
#20172 = SURFACE_STYLE_FILL_AREA(#20173);
#20173 = FILL_AREA_STYLE('',(#20174));
#20174 = FILL_AREA_STYLE_COLOUR('',#17271);
#20175 = CURVE_STYLE('',#20176,POSITIVE_LENGTH_MEASURE(0.1),#17271);
#20176 = DRAUGHTING_PRE_DEFINED_CURVE_FONT('continuous');
#20177 = OVER_RIDING_STYLED_ITEM('overriding color',(#20178),#6359,
  #20168);
#20178 = PRESENTATION_STYLE_ASSIGNMENT((#20179,#20184));
#20179 = SURFACE_STYLE_USAGE(.BOTH.,#20180);
#20180 = SURFACE_SIDE_STYLE('',(#20181));
#20181 = SURFACE_STYLE_FILL_AREA(#20182);
#20182 = FILL_AREA_STYLE('',(#20183));
#20183 = FILL_AREA_STYLE_COLOUR('',#17344);
#20184 = CURVE_STYLE('',#20185,POSITIVE_LENGTH_MEASURE(0.1),#17344);
#20185 = DRAUGHTING_PRE_DEFINED_CURVE_FONT('continuous');
#20186 = STYLED_ITEM('color',(#20187),#6371);
#20187 = PRESENTATION_STYLE_ASSIGNMENT((#20188,#20193));
#20188 = SURFACE_STYLE_USAGE(.BOTH.,#20189);
#20189 = SURFACE_SIDE_STYLE('',(#20190));
#20190 = SURFACE_STYLE_FILL_AREA(#20191);
#20191 = FILL_AREA_STYLE('',(#20192));
#20192 = FILL_AREA_STYLE_COLOUR('',#17344);
#20193 = CURVE_STYLE('',#20194,POSITIVE_LENGTH_MEASURE(0.1),#17344);
#20194 = DRAUGHTING_PRE_DEFINED_CURVE_FONT('continuous');
#20195 = STYLED_ITEM('color',(#20196),#6420);
#20196 = PRESENTATION_STYLE_ASSIGNMENT((#20197,#20202));
#20197 = SURFACE_STYLE_USAGE(.BOTH.,#20198);
#20198 = SURFACE_SIDE_STYLE('',(#20199));
#20199 = SURFACE_STYLE_FILL_AREA(#20200);
#20200 = FILL_AREA_STYLE('',(#20201));
#20201 = FILL_AREA_STYLE_COLOUR('',#17344);
#20202 = CURVE_STYLE('',#20203,POSITIVE_LENGTH_MEASURE(0.1),#17344);
#20203 = DRAUGHTING_PRE_DEFINED_CURVE_FONT('continuous');
#20204 = STYLED_ITEM('color',(#20205),#6444);
#20205 = PRESENTATION_STYLE_ASSIGNMENT((#20206,#20211));
#20206 = SURFACE_STYLE_USAGE(.BOTH.,#20207);
#20207 = SURFACE_SIDE_STYLE('',(#20208));
#20208 = SURFACE_STYLE_FILL_AREA(#20209);
#20209 = FILL_AREA_STYLE('',(#20210));
#20210 = FILL_AREA_STYLE_COLOUR('',#17344);
#20211 = CURVE_STYLE('',#20212,POSITIVE_LENGTH_MEASURE(0.1),#17344);
#20212 = DRAUGHTING_PRE_DEFINED_CURVE_FONT('continuous');
#20213 = STYLED_ITEM('color',(#20214),#6486);
#20214 = PRESENTATION_STYLE_ASSIGNMENT((#20215,#20220));
#20215 = SURFACE_STYLE_USAGE(.BOTH.,#20216);
#20216 = SURFACE_SIDE_STYLE('',(#20217));
#20217 = SURFACE_STYLE_FILL_AREA(#20218);
#20218 = FILL_AREA_STYLE('',(#20219));
#20219 = FILL_AREA_STYLE_COLOUR('',#17344);
#20220 = CURVE_STYLE('',#20221,POSITIVE_LENGTH_MEASURE(0.1),#17344);
#20221 = DRAUGHTING_PRE_DEFINED_CURVE_FONT('continuous');
#20222 = STYLED_ITEM('color',(#20223),#6503);
#20223 = PRESENTATION_STYLE_ASSIGNMENT((#20224,#20229));
#20224 = SURFACE_STYLE_USAGE(.BOTH.,#20225);
#20225 = SURFACE_SIDE_STYLE('',(#20226));
#20226 = SURFACE_STYLE_FILL_AREA(#20227);
#20227 = FILL_AREA_STYLE('',(#20228));
#20228 = FILL_AREA_STYLE_COLOUR('',#17271);
#20229 = CURVE_STYLE('',#20230,POSITIVE_LENGTH_MEASURE(0.1),#17271);
#20230 = DRAUGHTING_PRE_DEFINED_CURVE_FONT('continuous');
#20231 = OVER_RIDING_STYLED_ITEM('overriding color',(#20232),#6510,
  #20222);
#20232 = PRESENTATION_STYLE_ASSIGNMENT((#20233,#20238));
#20233 = SURFACE_STYLE_USAGE(.BOTH.,#20234);
#20234 = SURFACE_SIDE_STYLE('',(#20235));
#20235 = SURFACE_STYLE_FILL_AREA(#20236);
#20236 = FILL_AREA_STYLE('',(#20237));
#20237 = FILL_AREA_STYLE_COLOUR('',#17344);
#20238 = CURVE_STYLE('',#20239,POSITIVE_LENGTH_MEASURE(0.1),#17344);
#20239 = DRAUGHTING_PRE_DEFINED_CURVE_FONT('continuous');
#20240 = STYLED_ITEM('color',(#20241),#6520);
#20241 = PRESENTATION_STYLE_ASSIGNMENT((#20242,#20247));
#20242 = SURFACE_STYLE_USAGE(.BOTH.,#20243);
#20243 = SURFACE_SIDE_STYLE('',(#20244));
#20244 = SURFACE_STYLE_FILL_AREA(#20245);
#20245 = FILL_AREA_STYLE('',(#20246));
#20246 = FILL_AREA_STYLE_COLOUR('',#17271);
#20247 = CURVE_STYLE('',#20248,POSITIVE_LENGTH_MEASURE(0.1),#17271);
#20248 = DRAUGHTING_PRE_DEFINED_CURVE_FONT('continuous');
#20249 = OVER_RIDING_STYLED_ITEM('overriding color',(#20250),#6525,
  #20240);
#20250 = PRESENTATION_STYLE_ASSIGNMENT((#20251,#20256));
#20251 = SURFACE_STYLE_USAGE(.BOTH.,#20252);
#20252 = SURFACE_SIDE_STYLE('',(#20253));
#20253 = SURFACE_STYLE_FILL_AREA(#20254);
#20254 = FILL_AREA_STYLE('',(#20255));
#20255 = FILL_AREA_STYLE_COLOUR('',#17344);
#20256 = CURVE_STYLE('',#20257,POSITIVE_LENGTH_MEASURE(0.1),#17344);
#20257 = DRAUGHTING_PRE_DEFINED_CURVE_FONT('continuous');
#20258 = STYLED_ITEM('color',(#20259),#6537);
#20259 = PRESENTATION_STYLE_ASSIGNMENT((#20260,#20265));
#20260 = SURFACE_STYLE_USAGE(.BOTH.,#20261);
#20261 = SURFACE_SIDE_STYLE('',(#20262));
#20262 = SURFACE_STYLE_FILL_AREA(#20263);
#20263 = FILL_AREA_STYLE('',(#20264));
#20264 = FILL_AREA_STYLE_COLOUR('',#17344);
#20265 = CURVE_STYLE('',#20266,POSITIVE_LENGTH_MEASURE(0.1),#17344);
#20266 = DRAUGHTING_PRE_DEFINED_CURVE_FONT('continuous');
#20267 = STYLED_ITEM('color',(#20268),#6586);
#20268 = PRESENTATION_STYLE_ASSIGNMENT((#20269,#20274));
#20269 = SURFACE_STYLE_USAGE(.BOTH.,#20270);
#20270 = SURFACE_SIDE_STYLE('',(#20271));
#20271 = SURFACE_STYLE_FILL_AREA(#20272);
#20272 = FILL_AREA_STYLE('',(#20273));
#20273 = FILL_AREA_STYLE_COLOUR('',#17344);
#20274 = CURVE_STYLE('',#20275,POSITIVE_LENGTH_MEASURE(0.1),#17344);
#20275 = DRAUGHTING_PRE_DEFINED_CURVE_FONT('continuous');
#20276 = STYLED_ITEM('color',(#20277),#6610);
#20277 = PRESENTATION_STYLE_ASSIGNMENT((#20278,#20283));
#20278 = SURFACE_STYLE_USAGE(.BOTH.,#20279);
#20279 = SURFACE_SIDE_STYLE('',(#20280));
#20280 = SURFACE_STYLE_FILL_AREA(#20281);
#20281 = FILL_AREA_STYLE('',(#20282));
#20282 = FILL_AREA_STYLE_COLOUR('',#17344);
#20283 = CURVE_STYLE('',#20284,POSITIVE_LENGTH_MEASURE(0.1),#17344);
#20284 = DRAUGHTING_PRE_DEFINED_CURVE_FONT('continuous');
#20285 = STYLED_ITEM('color',(#20286),#6652);
#20286 = PRESENTATION_STYLE_ASSIGNMENT((#20287,#20292));
#20287 = SURFACE_STYLE_USAGE(.BOTH.,#20288);
#20288 = SURFACE_SIDE_STYLE('',(#20289));
#20289 = SURFACE_STYLE_FILL_AREA(#20290);
#20290 = FILL_AREA_STYLE('',(#20291));
#20291 = FILL_AREA_STYLE_COLOUR('',#17344);
#20292 = CURVE_STYLE('',#20293,POSITIVE_LENGTH_MEASURE(0.1),#17344);
#20293 = DRAUGHTING_PRE_DEFINED_CURVE_FONT('continuous');
#20294 = STYLED_ITEM('color',(#20295),#6669);
#20295 = PRESENTATION_STYLE_ASSIGNMENT((#20296,#20301));
#20296 = SURFACE_STYLE_USAGE(.BOTH.,#20297);
#20297 = SURFACE_SIDE_STYLE('',(#20298));
#20298 = SURFACE_STYLE_FILL_AREA(#20299);
#20299 = FILL_AREA_STYLE('',(#20300));
#20300 = FILL_AREA_STYLE_COLOUR('',#17271);
#20301 = CURVE_STYLE('',#20302,POSITIVE_LENGTH_MEASURE(0.1),#17271);
#20302 = DRAUGHTING_PRE_DEFINED_CURVE_FONT('continuous');
#20303 = OVER_RIDING_STYLED_ITEM('overriding color',(#20304),#6676,
  #20294);
#20304 = PRESENTATION_STYLE_ASSIGNMENT((#20305,#20310));
#20305 = SURFACE_STYLE_USAGE(.BOTH.,#20306);
#20306 = SURFACE_SIDE_STYLE('',(#20307));
#20307 = SURFACE_STYLE_FILL_AREA(#20308);
#20308 = FILL_AREA_STYLE('',(#20309));
#20309 = FILL_AREA_STYLE_COLOUR('',#17344);
#20310 = CURVE_STYLE('',#20311,POSITIVE_LENGTH_MEASURE(0.1),#17344);
#20311 = DRAUGHTING_PRE_DEFINED_CURVE_FONT('continuous');
#20312 = STYLED_ITEM('color',(#20313),#6686);
#20313 = PRESENTATION_STYLE_ASSIGNMENT((#20314,#20319));
#20314 = SURFACE_STYLE_USAGE(.BOTH.,#20315);
#20315 = SURFACE_SIDE_STYLE('',(#20316));
#20316 = SURFACE_STYLE_FILL_AREA(#20317);
#20317 = FILL_AREA_STYLE('',(#20318));
#20318 = FILL_AREA_STYLE_COLOUR('',#17271);
#20319 = CURVE_STYLE('',#20320,POSITIVE_LENGTH_MEASURE(0.1),#17271);
#20320 = DRAUGHTING_PRE_DEFINED_CURVE_FONT('continuous');
#20321 = OVER_RIDING_STYLED_ITEM('overriding color',(#20322),#6691,
  #20312);
#20322 = PRESENTATION_STYLE_ASSIGNMENT((#20323,#20328));
#20323 = SURFACE_STYLE_USAGE(.BOTH.,#20324);
#20324 = SURFACE_SIDE_STYLE('',(#20325));
#20325 = SURFACE_STYLE_FILL_AREA(#20326);
#20326 = FILL_AREA_STYLE('',(#20327));
#20327 = FILL_AREA_STYLE_COLOUR('',#17344);
#20328 = CURVE_STYLE('',#20329,POSITIVE_LENGTH_MEASURE(0.1),#17344);
#20329 = DRAUGHTING_PRE_DEFINED_CURVE_FONT('continuous');
#20330 = STYLED_ITEM('color',(#20331),#6703);
#20331 = PRESENTATION_STYLE_ASSIGNMENT((#20332,#20337));
#20332 = SURFACE_STYLE_USAGE(.BOTH.,#20333);
#20333 = SURFACE_SIDE_STYLE('',(#20334));
#20334 = SURFACE_STYLE_FILL_AREA(#20335);
#20335 = FILL_AREA_STYLE('',(#20336));
#20336 = FILL_AREA_STYLE_COLOUR('',#17344);
#20337 = CURVE_STYLE('',#20338,POSITIVE_LENGTH_MEASURE(0.1),#17344);
#20338 = DRAUGHTING_PRE_DEFINED_CURVE_FONT('continuous');
#20339 = STYLED_ITEM('color',(#20340),#6752);
#20340 = PRESENTATION_STYLE_ASSIGNMENT((#20341,#20346));
#20341 = SURFACE_STYLE_USAGE(.BOTH.,#20342);
#20342 = SURFACE_SIDE_STYLE('',(#20343));
#20343 = SURFACE_STYLE_FILL_AREA(#20344);
#20344 = FILL_AREA_STYLE('',(#20345));
#20345 = FILL_AREA_STYLE_COLOUR('',#17344);
#20346 = CURVE_STYLE('',#20347,POSITIVE_LENGTH_MEASURE(0.1),#17344);
#20347 = DRAUGHTING_PRE_DEFINED_CURVE_FONT('continuous');
#20348 = STYLED_ITEM('color',(#20349),#6776);
#20349 = PRESENTATION_STYLE_ASSIGNMENT((#20350,#20355));
#20350 = SURFACE_STYLE_USAGE(.BOTH.,#20351);
#20351 = SURFACE_SIDE_STYLE('',(#20352));
#20352 = SURFACE_STYLE_FILL_AREA(#20353);
#20353 = FILL_AREA_STYLE('',(#20354));
#20354 = FILL_AREA_STYLE_COLOUR('',#17344);
#20355 = CURVE_STYLE('',#20356,POSITIVE_LENGTH_MEASURE(0.1),#17344);
#20356 = DRAUGHTING_PRE_DEFINED_CURVE_FONT('continuous');
#20357 = STYLED_ITEM('color',(#20358),#6818);
#20358 = PRESENTATION_STYLE_ASSIGNMENT((#20359,#20364));
#20359 = SURFACE_STYLE_USAGE(.BOTH.,#20360);
#20360 = SURFACE_SIDE_STYLE('',(#20361));
#20361 = SURFACE_STYLE_FILL_AREA(#20362);
#20362 = FILL_AREA_STYLE('',(#20363));
#20363 = FILL_AREA_STYLE_COLOUR('',#17344);
#20364 = CURVE_STYLE('',#20365,POSITIVE_LENGTH_MEASURE(0.1),#17344);
#20365 = DRAUGHTING_PRE_DEFINED_CURVE_FONT('continuous');
#20366 = STYLED_ITEM('color',(#20367),#6835);
#20367 = PRESENTATION_STYLE_ASSIGNMENT((#20368,#20373));
#20368 = SURFACE_STYLE_USAGE(.BOTH.,#20369);
#20369 = SURFACE_SIDE_STYLE('',(#20370));
#20370 = SURFACE_STYLE_FILL_AREA(#20371);
#20371 = FILL_AREA_STYLE('',(#20372));
#20372 = FILL_AREA_STYLE_COLOUR('',#17271);
#20373 = CURVE_STYLE('',#20374,POSITIVE_LENGTH_MEASURE(0.1),#17271);
#20374 = DRAUGHTING_PRE_DEFINED_CURVE_FONT('continuous');
#20375 = OVER_RIDING_STYLED_ITEM('overriding color',(#20376),#6842,
  #20366);
#20376 = PRESENTATION_STYLE_ASSIGNMENT((#20377,#20382));
#20377 = SURFACE_STYLE_USAGE(.BOTH.,#20378);
#20378 = SURFACE_SIDE_STYLE('',(#20379));
#20379 = SURFACE_STYLE_FILL_AREA(#20380);
#20380 = FILL_AREA_STYLE('',(#20381));
#20381 = FILL_AREA_STYLE_COLOUR('',#17344);
#20382 = CURVE_STYLE('',#20383,POSITIVE_LENGTH_MEASURE(0.1),#17344);
#20383 = DRAUGHTING_PRE_DEFINED_CURVE_FONT('continuous');
#20384 = STYLED_ITEM('color',(#20385),#6852);
#20385 = PRESENTATION_STYLE_ASSIGNMENT((#20386,#20391));
#20386 = SURFACE_STYLE_USAGE(.BOTH.,#20387);
#20387 = SURFACE_SIDE_STYLE('',(#20388));
#20388 = SURFACE_STYLE_FILL_AREA(#20389);
#20389 = FILL_AREA_STYLE('',(#20390));
#20390 = FILL_AREA_STYLE_COLOUR('',#17271);
#20391 = CURVE_STYLE('',#20392,POSITIVE_LENGTH_MEASURE(0.1),#17271);
#20392 = DRAUGHTING_PRE_DEFINED_CURVE_FONT('continuous');
#20393 = OVER_RIDING_STYLED_ITEM('overriding color',(#20394),#6857,
  #20384);
#20394 = PRESENTATION_STYLE_ASSIGNMENT((#20395,#20400));
#20395 = SURFACE_STYLE_USAGE(.BOTH.,#20396);
#20396 = SURFACE_SIDE_STYLE('',(#20397));
#20397 = SURFACE_STYLE_FILL_AREA(#20398);
#20398 = FILL_AREA_STYLE('',(#20399));
#20399 = FILL_AREA_STYLE_COLOUR('',#17344);
#20400 = CURVE_STYLE('',#20401,POSITIVE_LENGTH_MEASURE(0.1),#17344);
#20401 = DRAUGHTING_PRE_DEFINED_CURVE_FONT('continuous');
#20402 = STYLED_ITEM('color',(#20403),#6869);
#20403 = PRESENTATION_STYLE_ASSIGNMENT((#20404,#20409));
#20404 = SURFACE_STYLE_USAGE(.BOTH.,#20405);
#20405 = SURFACE_SIDE_STYLE('',(#20406));
#20406 = SURFACE_STYLE_FILL_AREA(#20407);
#20407 = FILL_AREA_STYLE('',(#20408));
#20408 = FILL_AREA_STYLE_COLOUR('',#17344);
#20409 = CURVE_STYLE('',#20410,POSITIVE_LENGTH_MEASURE(0.1),#17344);
#20410 = DRAUGHTING_PRE_DEFINED_CURVE_FONT('continuous');
#20411 = STYLED_ITEM('color',(#20412),#6918);
#20412 = PRESENTATION_STYLE_ASSIGNMENT((#20413,#20418));
#20413 = SURFACE_STYLE_USAGE(.BOTH.,#20414);
#20414 = SURFACE_SIDE_STYLE('',(#20415));
#20415 = SURFACE_STYLE_FILL_AREA(#20416);
#20416 = FILL_AREA_STYLE('',(#20417));
#20417 = FILL_AREA_STYLE_COLOUR('',#17344);
#20418 = CURVE_STYLE('',#20419,POSITIVE_LENGTH_MEASURE(0.1),#17344);
#20419 = DRAUGHTING_PRE_DEFINED_CURVE_FONT('continuous');
#20420 = STYLED_ITEM('color',(#20421),#6942);
#20421 = PRESENTATION_STYLE_ASSIGNMENT((#20422,#20427));
#20422 = SURFACE_STYLE_USAGE(.BOTH.,#20423);
#20423 = SURFACE_SIDE_STYLE('',(#20424));
#20424 = SURFACE_STYLE_FILL_AREA(#20425);
#20425 = FILL_AREA_STYLE('',(#20426));
#20426 = FILL_AREA_STYLE_COLOUR('',#17344);
#20427 = CURVE_STYLE('',#20428,POSITIVE_LENGTH_MEASURE(0.1),#17344);
#20428 = DRAUGHTING_PRE_DEFINED_CURVE_FONT('continuous');
#20429 = STYLED_ITEM('color',(#20430),#6984);
#20430 = PRESENTATION_STYLE_ASSIGNMENT((#20431,#20436));
#20431 = SURFACE_STYLE_USAGE(.BOTH.,#20432);
#20432 = SURFACE_SIDE_STYLE('',(#20433));
#20433 = SURFACE_STYLE_FILL_AREA(#20434);
#20434 = FILL_AREA_STYLE('',(#20435));
#20435 = FILL_AREA_STYLE_COLOUR('',#17344);
#20436 = CURVE_STYLE('',#20437,POSITIVE_LENGTH_MEASURE(0.1),#17344);
#20437 = DRAUGHTING_PRE_DEFINED_CURVE_FONT('continuous');
#20438 = STYLED_ITEM('color',(#20439),#7001);
#20439 = PRESENTATION_STYLE_ASSIGNMENT((#20440,#20445));
#20440 = SURFACE_STYLE_USAGE(.BOTH.,#20441);
#20441 = SURFACE_SIDE_STYLE('',(#20442));
#20442 = SURFACE_STYLE_FILL_AREA(#20443);
#20443 = FILL_AREA_STYLE('',(#20444));
#20444 = FILL_AREA_STYLE_COLOUR('',#17344);
#20445 = CURVE_STYLE('',#20446,POSITIVE_LENGTH_MEASURE(0.1),#17344);
#20446 = DRAUGHTING_PRE_DEFINED_CURVE_FONT('continuous');
#20447 = STYLED_ITEM('color',(#20448),#7018);
#20448 = PRESENTATION_STYLE_ASSIGNMENT((#20449,#20454));
#20449 = SURFACE_STYLE_USAGE(.BOTH.,#20450);
#20450 = SURFACE_SIDE_STYLE('',(#20451));
#20451 = SURFACE_STYLE_FILL_AREA(#20452);
#20452 = FILL_AREA_STYLE('',(#20453));
#20453 = FILL_AREA_STYLE_COLOUR('',#17344);
#20454 = CURVE_STYLE('',#20455,POSITIVE_LENGTH_MEASURE(0.1),#17344);
#20455 = DRAUGHTING_PRE_DEFINED_CURVE_FONT('continuous');
#20456 = STYLED_ITEM('color',(#20457),#7035);
#20457 = PRESENTATION_STYLE_ASSIGNMENT((#20458,#20463));
#20458 = SURFACE_STYLE_USAGE(.BOTH.,#20459);
#20459 = SURFACE_SIDE_STYLE('',(#20460));
#20460 = SURFACE_STYLE_FILL_AREA(#20461);
#20461 = FILL_AREA_STYLE('',(#20462));
#20462 = FILL_AREA_STYLE_COLOUR('',#17344);
#20463 = CURVE_STYLE('',#20464,POSITIVE_LENGTH_MEASURE(0.1),#17344);
#20464 = DRAUGHTING_PRE_DEFINED_CURVE_FONT('continuous');
#20465 = STYLED_ITEM('color',(#20466),#7047);
#20466 = PRESENTATION_STYLE_ASSIGNMENT((#20467,#20472));
#20467 = SURFACE_STYLE_USAGE(.BOTH.,#20468);
#20468 = SURFACE_SIDE_STYLE('',(#20469));
#20469 = SURFACE_STYLE_FILL_AREA(#20470);
#20470 = FILL_AREA_STYLE('',(#20471));
#20471 = FILL_AREA_STYLE_COLOUR('',#17344);
#20472 = CURVE_STYLE('',#20473,POSITIVE_LENGTH_MEASURE(0.1),#17344);
#20473 = DRAUGHTING_PRE_DEFINED_CURVE_FONT('continuous');
#20474 = STYLED_ITEM('color',(#20475),#7064);
#20475 = PRESENTATION_STYLE_ASSIGNMENT((#20476,#20481));
#20476 = SURFACE_STYLE_USAGE(.BOTH.,#20477);
#20477 = SURFACE_SIDE_STYLE('',(#20478));
#20478 = SURFACE_STYLE_FILL_AREA(#20479);
#20479 = FILL_AREA_STYLE('',(#20480));
#20480 = FILL_AREA_STYLE_COLOUR('',#17344);
#20481 = CURVE_STYLE('',#20482,POSITIVE_LENGTH_MEASURE(0.1),#17344);
#20482 = DRAUGHTING_PRE_DEFINED_CURVE_FONT('continuous');
#20483 = STYLED_ITEM('color',(#20484),#7081);
#20484 = PRESENTATION_STYLE_ASSIGNMENT((#20485,#20490));
#20485 = SURFACE_STYLE_USAGE(.BOTH.,#20486);
#20486 = SURFACE_SIDE_STYLE('',(#20487));
#20487 = SURFACE_STYLE_FILL_AREA(#20488);
#20488 = FILL_AREA_STYLE('',(#20489));
#20489 = FILL_AREA_STYLE_COLOUR('',#17344);
#20490 = CURVE_STYLE('',#20491,POSITIVE_LENGTH_MEASURE(0.1),#17344);
#20491 = DRAUGHTING_PRE_DEFINED_CURVE_FONT('continuous');
#20492 = STYLED_ITEM('color',(#20493),#7093);
#20493 = PRESENTATION_STYLE_ASSIGNMENT((#20494,#20499));
#20494 = SURFACE_STYLE_USAGE(.BOTH.,#20495);
#20495 = SURFACE_SIDE_STYLE('',(#20496));
#20496 = SURFACE_STYLE_FILL_AREA(#20497);
#20497 = FILL_AREA_STYLE('',(#20498));
#20498 = FILL_AREA_STYLE_COLOUR('',#17344);
#20499 = CURVE_STYLE('',#20500,POSITIVE_LENGTH_MEASURE(0.1),#17344);
#20500 = DRAUGHTING_PRE_DEFINED_CURVE_FONT('continuous');
#20501 = STYLED_ITEM('color',(#20502),#7110);
#20502 = PRESENTATION_STYLE_ASSIGNMENT((#20503,#20508));
#20503 = SURFACE_STYLE_USAGE(.BOTH.,#20504);
#20504 = SURFACE_SIDE_STYLE('',(#20505));
#20505 = SURFACE_STYLE_FILL_AREA(#20506);
#20506 = FILL_AREA_STYLE('',(#20507));
#20507 = FILL_AREA_STYLE_COLOUR('',#17344);
#20508 = CURVE_STYLE('',#20509,POSITIVE_LENGTH_MEASURE(0.1),#17344);
#20509 = DRAUGHTING_PRE_DEFINED_CURVE_FONT('continuous');
#20510 = STYLED_ITEM('color',(#20511),#7127);
#20511 = PRESENTATION_STYLE_ASSIGNMENT((#20512,#20517));
#20512 = SURFACE_STYLE_USAGE(.BOTH.,#20513);
#20513 = SURFACE_SIDE_STYLE('',(#20514));
#20514 = SURFACE_STYLE_FILL_AREA(#20515);
#20515 = FILL_AREA_STYLE('',(#20516));
#20516 = FILL_AREA_STYLE_COLOUR('',#17344);
#20517 = CURVE_STYLE('',#20518,POSITIVE_LENGTH_MEASURE(0.1),#17344);
#20518 = DRAUGHTING_PRE_DEFINED_CURVE_FONT('continuous');
#20519 = STYLED_ITEM('color',(#20520),#7139);
#20520 = PRESENTATION_STYLE_ASSIGNMENT((#20521,#20526));
#20521 = SURFACE_STYLE_USAGE(.BOTH.,#20522);
#20522 = SURFACE_SIDE_STYLE('',(#20523));
#20523 = SURFACE_STYLE_FILL_AREA(#20524);
#20524 = FILL_AREA_STYLE('',(#20525));
#20525 = FILL_AREA_STYLE_COLOUR('',#17344);
#20526 = CURVE_STYLE('',#20527,POSITIVE_LENGTH_MEASURE(0.1),#17344);
#20527 = DRAUGHTING_PRE_DEFINED_CURVE_FONT('continuous');
#20528 = STYLED_ITEM('color',(#20529),#7156);
#20529 = PRESENTATION_STYLE_ASSIGNMENT((#20530,#20535));
#20530 = SURFACE_STYLE_USAGE(.BOTH.,#20531);
#20531 = SURFACE_SIDE_STYLE('',(#20532));
#20532 = SURFACE_STYLE_FILL_AREA(#20533);
#20533 = FILL_AREA_STYLE('',(#20534));
#20534 = FILL_AREA_STYLE_COLOUR('',#17344);
#20535 = CURVE_STYLE('',#20536,POSITIVE_LENGTH_MEASURE(0.1),#17344);
#20536 = DRAUGHTING_PRE_DEFINED_CURVE_FONT('continuous');
#20537 = STYLED_ITEM('color',(#20538),#7173);
#20538 = PRESENTATION_STYLE_ASSIGNMENT((#20539,#20544));
#20539 = SURFACE_STYLE_USAGE(.BOTH.,#20540);
#20540 = SURFACE_SIDE_STYLE('',(#20541));
#20541 = SURFACE_STYLE_FILL_AREA(#20542);
#20542 = FILL_AREA_STYLE('',(#20543));
#20543 = FILL_AREA_STYLE_COLOUR('',#17344);
#20544 = CURVE_STYLE('',#20545,POSITIVE_LENGTH_MEASURE(0.1),#17344);
#20545 = DRAUGHTING_PRE_DEFINED_CURVE_FONT('continuous');
#20546 = STYLED_ITEM('color',(#20547),#7185);
#20547 = PRESENTATION_STYLE_ASSIGNMENT((#20548,#20553));
#20548 = SURFACE_STYLE_USAGE(.BOTH.,#20549);
#20549 = SURFACE_SIDE_STYLE('',(#20550));
#20550 = SURFACE_STYLE_FILL_AREA(#20551);
#20551 = FILL_AREA_STYLE('',(#20552));
#20552 = FILL_AREA_STYLE_COLOUR('',#17344);
#20553 = CURVE_STYLE('',#20554,POSITIVE_LENGTH_MEASURE(0.1),#17344);
#20554 = DRAUGHTING_PRE_DEFINED_CURVE_FONT('continuous');
#20555 = STYLED_ITEM('color',(#20556),#7202);
#20556 = PRESENTATION_STYLE_ASSIGNMENT((#20557,#20562));
#20557 = SURFACE_STYLE_USAGE(.BOTH.,#20558);
#20558 = SURFACE_SIDE_STYLE('',(#20559));
#20559 = SURFACE_STYLE_FILL_AREA(#20560);
#20560 = FILL_AREA_STYLE('',(#20561));
#20561 = FILL_AREA_STYLE_COLOUR('',#17344);
#20562 = CURVE_STYLE('',#20563,POSITIVE_LENGTH_MEASURE(0.1),#17344);
#20563 = DRAUGHTING_PRE_DEFINED_CURVE_FONT('continuous');
#20564 = STYLED_ITEM('color',(#20565),#7219);
#20565 = PRESENTATION_STYLE_ASSIGNMENT((#20566,#20571));
#20566 = SURFACE_STYLE_USAGE(.BOTH.,#20567);
#20567 = SURFACE_SIDE_STYLE('',(#20568));
#20568 = SURFACE_STYLE_FILL_AREA(#20569);
#20569 = FILL_AREA_STYLE('',(#20570));
#20570 = FILL_AREA_STYLE_COLOUR('',#17344);
#20571 = CURVE_STYLE('',#20572,POSITIVE_LENGTH_MEASURE(0.1),#17344);
#20572 = DRAUGHTING_PRE_DEFINED_CURVE_FONT('continuous');
#20573 = STYLED_ITEM('color',(#20574),#7231);
#20574 = PRESENTATION_STYLE_ASSIGNMENT((#20575,#20580));
#20575 = SURFACE_STYLE_USAGE(.BOTH.,#20576);
#20576 = SURFACE_SIDE_STYLE('',(#20577));
#20577 = SURFACE_STYLE_FILL_AREA(#20578);
#20578 = FILL_AREA_STYLE('',(#20579));
#20579 = FILL_AREA_STYLE_COLOUR('',#17344);
#20580 = CURVE_STYLE('',#20581,POSITIVE_LENGTH_MEASURE(0.1),#17344);
#20581 = DRAUGHTING_PRE_DEFINED_CURVE_FONT('continuous');
#20582 = STYLED_ITEM('color',(#20583),#7248);
#20583 = PRESENTATION_STYLE_ASSIGNMENT((#20584,#20589));
#20584 = SURFACE_STYLE_USAGE(.BOTH.,#20585);
#20585 = SURFACE_SIDE_STYLE('',(#20586));
#20586 = SURFACE_STYLE_FILL_AREA(#20587);
#20587 = FILL_AREA_STYLE('',(#20588));
#20588 = FILL_AREA_STYLE_COLOUR('',#17344);
#20589 = CURVE_STYLE('',#20590,POSITIVE_LENGTH_MEASURE(0.1),#17344);
#20590 = DRAUGHTING_PRE_DEFINED_CURVE_FONT('continuous');
#20591 = STYLED_ITEM('color',(#20592),#7265);
#20592 = PRESENTATION_STYLE_ASSIGNMENT((#20593,#20598));
#20593 = SURFACE_STYLE_USAGE(.BOTH.,#20594);
#20594 = SURFACE_SIDE_STYLE('',(#20595));
#20595 = SURFACE_STYLE_FILL_AREA(#20596);
#20596 = FILL_AREA_STYLE('',(#20597));
#20597 = FILL_AREA_STYLE_COLOUR('',#17344);
#20598 = CURVE_STYLE('',#20599,POSITIVE_LENGTH_MEASURE(0.1),#17344);
#20599 = DRAUGHTING_PRE_DEFINED_CURVE_FONT('continuous');
#20600 = STYLED_ITEM('color',(#20601),#7277);
#20601 = PRESENTATION_STYLE_ASSIGNMENT((#20602,#20607));
#20602 = SURFACE_STYLE_USAGE(.BOTH.,#20603);
#20603 = SURFACE_SIDE_STYLE('',(#20604));
#20604 = SURFACE_STYLE_FILL_AREA(#20605);
#20605 = FILL_AREA_STYLE('',(#20606));
#20606 = FILL_AREA_STYLE_COLOUR('',#17344);
#20607 = CURVE_STYLE('',#20608,POSITIVE_LENGTH_MEASURE(0.1),#17344);
#20608 = DRAUGHTING_PRE_DEFINED_CURVE_FONT('continuous');
#20609 = STYLED_ITEM('color',(#20610),#7294);
#20610 = PRESENTATION_STYLE_ASSIGNMENT((#20611,#20616));
#20611 = SURFACE_STYLE_USAGE(.BOTH.,#20612);
#20612 = SURFACE_SIDE_STYLE('',(#20613));
#20613 = SURFACE_STYLE_FILL_AREA(#20614);
#20614 = FILL_AREA_STYLE('',(#20615));
#20615 = FILL_AREA_STYLE_COLOUR('',#17344);
#20616 = CURVE_STYLE('',#20617,POSITIVE_LENGTH_MEASURE(0.1),#17344);
#20617 = DRAUGHTING_PRE_DEFINED_CURVE_FONT('continuous');
#20618 = STYLED_ITEM('color',(#20619),#7311);
#20619 = PRESENTATION_STYLE_ASSIGNMENT((#20620,#20625));
#20620 = SURFACE_STYLE_USAGE(.BOTH.,#20621);
#20621 = SURFACE_SIDE_STYLE('',(#20622));
#20622 = SURFACE_STYLE_FILL_AREA(#20623);
#20623 = FILL_AREA_STYLE('',(#20624));
#20624 = FILL_AREA_STYLE_COLOUR('',#17344);
#20625 = CURVE_STYLE('',#20626,POSITIVE_LENGTH_MEASURE(0.1),#17344);
#20626 = DRAUGHTING_PRE_DEFINED_CURVE_FONT('continuous');
ENDSEC;
END-ISO-10303-21;
